solid Default
  facet normal -9.659258e-01 -5.322041e-07 2.588190e-01
    outer loop
      vertex -6.244324e+00 -3.050000e+01 1.254304e+01
      vertex -6.159119e+00 3.050000e+01 1.319018e+01
      vertex -6.244324e+00 3.049999e+01 1.254308e+01
    endloop
  endfacet
  facet normal -1.000000e+00 5.271818e-22 -2.584222e-16
    outer loop
      vertex -6.159119e+00 3.050000e+01 1.319018e+01
      vertex -6.244324e+00 -3.050000e+01 1.254304e+01
      vertex -6.159119e+00 -3.050001e+01 1.319002e+01
    endloop
  endfacet
  facet normal 0.000000e+00 -2.048964e-06 1.000000e+00
    outer loop
      vertex -3.608826e+00 -2.999999e+01 1.000001e+01
      vertex -1.370953e+01 -1.999999e+01 1.000001e+01
      vertex -1.370953e+01 -2.999999e+01 1.000001e+01
    endloop
  endfacet
  facet normal 0.000000e+00 -2.048964e-06 1.000000e+00
    outer loop
      vertex -1.370953e+01 -1.999999e+01 1.000001e+01
      vertex -3.608826e+00 -2.999999e+01 1.000001e+01
      vertex -3.608826e+00 -1.999999e+01 1.000001e+01
    endloop
  endfacet
  facet normal 0.000000e+00 8.660244e-01 5.000017e-01
    outer loop
      vertex -2.670959e+00 -2.681864e+01 3.949949e+00
      vertex -1.467096e+01 -2.702843e+01 4.456455e+00
      vertex -2.670959e+00 -2.702843e+01 4.456455e+00
    endloop
  endfacet
  facet normal 0.000000e+00 9.659253e-01 2.588210e-01
    outer loop
      vertex -1.467096e+01 -2.702843e+01 4.456455e+00
      vertex -2.670959e+00 -2.681864e+01 3.949949e+00
      vertex -1.467096e+01 -2.681864e+01 3.949949e+00
    endloop
  endfacet
  facet normal -8.660254e-01 -1.024482e-06 5.000000e-01
    outer loop
      vertex -6.494080e+00 3.050000e+01 1.194022e+01
      vertex -6.244324e+00 -3.050000e+01 1.254304e+01
      vertex -6.244324e+00 3.049999e+01 1.254308e+01
    endloop
  endfacet
  facet normal -9.659258e-01 -5.322041e-07 2.588190e-01
    outer loop
      vertex -6.244324e+00 -3.050000e+01 1.254304e+01
      vertex -6.494080e+00 3.050000e+01 1.194022e+01
      vertex -6.494080e+00 -3.049999e+01 1.194006e+01
    endloop
  endfacet
  facet normal 2.002482e-20 1.000000e+00 2.048964e-06
    outer loop
      vertex -7.106262e+00 3.049999e+01 1.898569e+01
      vertex -1.021210e+01 3.049999e+01 1.898569e+01
      vertex -8.659119e+00 3.049999e+01 1.919021e+01
    endloop
  endfacet
  facet normal 2.002482e-20 1.000000e+00 2.048964e-06
    outer loop
      vertex -1.021210e+01 3.049999e+01 1.898569e+01
      vertex -7.106262e+00 3.049999e+01 1.898569e+01
      vertex -5.659119e+00 3.049998e+01 1.838628e+01
    endloop
  endfacet
  facet normal 2.002482e-20 1.000000e+00 2.048964e-06
    outer loop
      vertex -1.021210e+01 3.049999e+01 1.898569e+01
      vertex -5.659119e+00 3.049998e+01 1.838628e+01
      vertex -1.165912e+01 3.049998e+01 1.838628e+01
    endloop
  endfacet
  facet normal 2.002482e-20 1.000000e+00 2.048964e-06
    outer loop
      vertex -1.165912e+01 3.049998e+01 1.838628e+01
      vertex -5.659119e+00 3.049998e+01 1.838628e+01
      vertex -4.416565e+00 3.049998e+01 1.743277e+01
    endloop
  endfacet
  facet normal 2.002482e-20 1.000000e+00 2.048964e-06
    outer loop
      vertex -1.165912e+01 3.049998e+01 1.838628e+01
      vertex -4.416565e+00 3.049998e+01 1.743277e+01
      vertex -1.290179e+01 3.049998e+01 1.743277e+01
    endloop
  endfacet
  facet normal 2.002482e-20 1.000000e+00 2.048964e-06
    outer loop
      vertex -1.290179e+01 3.049998e+01 1.743277e+01
      vertex -4.416565e+00 3.049998e+01 1.743277e+01
      vertex -3.463074e+00 3.049999e+01 1.619019e+01
    endloop
  endfacet
  facet normal 2.002482e-20 1.000000e+00 2.048964e-06
    outer loop
      vertex -1.290179e+01 3.049998e+01 1.743277e+01
      vertex -3.463074e+00 3.049999e+01 1.619019e+01
      vertex -1.385529e+01 3.049999e+01 1.619019e+01
    endloop
  endfacet
  facet normal 2.002482e-20 1.000000e+00 2.048964e-06
    outer loop
      vertex -1.385529e+01 3.049999e+01 1.619019e+01
      vertex -3.463074e+00 3.049999e+01 1.619019e+01
      vertex -8.659119e+00 3.050000e+01 1.569021e+01
    endloop
  endfacet
  facet normal 2.002482e-20 1.000000e+00 2.048964e-06
    outer loop
      vertex -8.659119e+00 3.050000e+01 1.569021e+01
      vertex -3.463074e+00 3.049999e+01 1.619019e+01
      vertex -8.012146e+00 3.050000e+01 1.560504e+01
    endloop
  endfacet
  facet normal 2.002482e-20 1.000000e+00 2.048964e-06
    outer loop
      vertex -8.012146e+00 3.050000e+01 1.560504e+01
      vertex -3.463074e+00 3.049999e+01 1.619019e+01
      vertex -2.863586e+00 3.050000e+01 1.474310e+01
    endloop
  endfacet
  facet normal 2.002482e-20 1.000000e+00 2.048964e-06
    outer loop
      vertex -8.012146e+00 3.050000e+01 1.560504e+01
      vertex -2.863586e+00 3.050000e+01 1.474310e+01
      vertex -7.409119e+00 3.049999e+01 1.535529e+01
    endloop
  endfacet
  facet normal 2.002482e-20 1.000000e+00 2.048964e-06
    outer loop
      vertex -7.409119e+00 3.049999e+01 1.535529e+01
      vertex -2.863586e+00 3.050000e+01 1.474310e+01
      vertex -6.891418e+00 3.050000e+01 1.495794e+01
    endloop
  endfacet
  facet normal 2.002482e-20 1.000000e+00 2.048964e-06
    outer loop
      vertex -6.891418e+00 3.050000e+01 1.495794e+01
      vertex -2.863586e+00 3.050000e+01 1.474310e+01
      vertex -6.494080e+00 3.049999e+01 1.444013e+01
    endloop
  endfacet
  facet normal 2.002482e-20 1.000000e+00 2.048964e-06
    outer loop
      vertex -6.494080e+00 3.049999e+01 1.444013e+01
      vertex -2.863586e+00 3.050000e+01 1.474310e+01
      vertex -2.659119e+00 3.050000e+01 1.319018e+01
    endloop
  endfacet
  facet normal 2.002482e-20 1.000000e+00 2.048964e-06
    outer loop
      vertex -6.494080e+00 3.049999e+01 1.444013e+01
      vertex -2.659119e+00 3.050000e+01 1.319018e+01
      vertex -6.244324e+00 3.050000e+01 1.383728e+01
    endloop
  endfacet
  facet normal 2.002482e-20 1.000000e+00 2.048964e-06
    outer loop
      vertex -6.244324e+00 3.050000e+01 1.383728e+01
      vertex -2.659119e+00 3.050000e+01 1.319018e+01
      vertex -6.159119e+00 3.050000e+01 1.319018e+01
    endloop
  endfacet
  facet normal 2.002482e-20 1.000000e+00 2.048964e-06
    outer loop
      vertex -6.159119e+00 3.050000e+01 1.319018e+01
      vertex -2.659119e+00 3.050000e+01 1.319018e+01
      vertex -2.863586e+00 3.050001e+01 1.163726e+01
    endloop
  endfacet
  facet normal 2.002482e-20 1.000000e+00 2.048964e-06
    outer loop
      vertex -6.159119e+00 3.050000e+01 1.319018e+01
      vertex -2.863586e+00 3.050001e+01 1.163726e+01
      vertex -6.244324e+00 3.049999e+01 1.254308e+01
    endloop
  endfacet
  facet normal 2.002482e-20 1.000000e+00 2.048964e-06
    outer loop
      vertex -6.244324e+00 3.049999e+01 1.254308e+01
      vertex -2.863586e+00 3.050001e+01 1.163726e+01
      vertex -6.494080e+00 3.050000e+01 1.194022e+01
    endloop
  endfacet
  facet normal 2.002482e-20 1.000000e+00 2.048964e-06
    outer loop
      vertex -6.494080e+00 3.050000e+01 1.194022e+01
      vertex -2.863586e+00 3.050001e+01 1.163726e+01
      vertex -6.891418e+00 3.050001e+01 1.142242e+01
    endloop
  endfacet
  facet normal 2.002482e-20 1.000000e+00 2.048964e-06
    outer loop
      vertex -6.891418e+00 3.050001e+01 1.142242e+01
      vertex -2.863586e+00 3.050001e+01 1.163726e+01
      vertex -3.463074e+00 3.050000e+01 1.019016e+01
    endloop
  endfacet
  facet normal 2.002482e-20 1.000000e+00 2.048964e-06
    outer loop
      vertex -6.891418e+00 3.050001e+01 1.142242e+01
      vertex -3.463074e+00 3.050000e+01 1.019016e+01
      vertex -7.409119e+00 3.050000e+01 1.102507e+01
    endloop
  endfacet
  facet normal 2.002482e-20 1.000000e+00 2.048964e-06
    outer loop
      vertex -7.409119e+00 3.050000e+01 1.102507e+01
      vertex -3.463074e+00 3.050000e+01 1.019016e+01
      vertex -8.012146e+00 3.050000e+01 1.077532e+01
    endloop
  endfacet
  facet normal 2.002482e-20 1.000000e+00 2.048964e-06
    outer loop
      vertex -8.012146e+00 3.050000e+01 1.077532e+01
      vertex -3.463074e+00 3.050000e+01 1.019016e+01
      vertex -8.659119e+00 3.050001e+01 1.069015e+01
    endloop
  endfacet
  facet normal 2.002482e-20 1.000000e+00 2.048964e-06
    outer loop
      vertex -1.385529e+01 3.049999e+01 1.619019e+01
      vertex -9.306213e+00 3.050000e+01 1.560504e+01
      vertex -1.445477e+01 3.050000e+01 1.474310e+01
    endloop
  endfacet
  facet normal 2.002482e-20 1.000000e+00 2.048964e-06
    outer loop
      vertex -9.306213e+00 3.050000e+01 1.560504e+01
      vertex -1.385529e+01 3.049999e+01 1.619019e+01
      vertex -8.659119e+00 3.050000e+01 1.569021e+01
    endloop
  endfacet
  facet normal 2.002482e-20 1.000000e+00 2.048964e-06
    outer loop
      vertex -1.445477e+01 3.050000e+01 1.474310e+01
      vertex -9.306213e+00 3.050000e+01 1.560504e+01
      vertex -9.909119e+00 3.049999e+01 1.535529e+01
    endloop
  endfacet
  facet normal 2.002482e-20 1.000000e+00 2.048964e-06
    outer loop
      vertex -1.445477e+01 3.050000e+01 1.474310e+01
      vertex -9.909119e+00 3.049999e+01 1.535529e+01
      vertex -1.042694e+01 3.050000e+01 1.495794e+01
    endloop
  endfacet
  facet normal 2.002482e-20 1.000000e+00 2.048964e-06
    outer loop
      vertex -1.445477e+01 3.050000e+01 1.474310e+01
      vertex -1.042694e+01 3.050000e+01 1.495794e+01
      vertex -1.082428e+01 3.049999e+01 1.444013e+01
    endloop
  endfacet
  facet normal 2.002482e-20 1.000000e+00 2.048964e-06
    outer loop
      vertex -1.445477e+01 3.050000e+01 1.474310e+01
      vertex -1.082428e+01 3.049999e+01 1.444013e+01
      vertex -1.465912e+01 3.050000e+01 1.319018e+01
    endloop
  endfacet
  facet normal 2.002482e-20 1.000000e+00 2.048964e-06
    outer loop
      vertex -1.465912e+01 3.050000e+01 1.319018e+01
      vertex -1.082428e+01 3.049999e+01 1.444013e+01
      vertex -1.107404e+01 3.050000e+01 1.383728e+01
    endloop
  endfacet
  facet normal 2.002482e-20 1.000000e+00 2.048964e-06
    outer loop
      vertex -1.465912e+01 3.050000e+01 1.319018e+01
      vertex -1.107404e+01 3.050000e+01 1.383728e+01
      vertex -1.115912e+01 3.050000e+01 1.319018e+01
    endloop
  endfacet
  facet normal 2.002482e-20 1.000000e+00 2.048964e-06
    outer loop
      vertex -1.465912e+01 3.050000e+01 1.319018e+01
      vertex -1.115912e+01 3.050000e+01 1.319018e+01
      vertex -1.107404e+01 3.049999e+01 1.254308e+01
    endloop
  endfacet
  facet normal 2.002482e-20 1.000000e+00 2.048964e-06
    outer loop
      vertex -1.465912e+01 3.050000e+01 1.319018e+01
      vertex -1.107404e+01 3.049999e+01 1.254308e+01
      vertex -1.445477e+01 3.050001e+01 1.163726e+01
    endloop
  endfacet
  facet normal 2.002482e-20 1.000000e+00 2.048964e-06
    outer loop
      vertex -1.445477e+01 3.050001e+01 1.163726e+01
      vertex -1.107404e+01 3.049999e+01 1.254308e+01
      vertex -1.082428e+01 3.050000e+01 1.194022e+01
    endloop
  endfacet
  facet normal 2.002482e-20 1.000000e+00 2.048964e-06
    outer loop
      vertex -1.445477e+01 3.050001e+01 1.163726e+01
      vertex -1.082428e+01 3.050000e+01 1.194022e+01
      vertex -1.042694e+01 3.050001e+01 1.142242e+01
    endloop
  endfacet
  facet normal 2.002482e-20 1.000000e+00 2.048964e-06
    outer loop
      vertex -1.445477e+01 3.050001e+01 1.163726e+01
      vertex -1.042694e+01 3.050001e+01 1.142242e+01
      vertex -1.385529e+01 3.050000e+01 1.019016e+01
    endloop
  endfacet
  facet normal 2.002482e-20 1.000000e+00 2.048964e-06
    outer loop
      vertex -1.385529e+01 3.050000e+01 1.019016e+01
      vertex -1.042694e+01 3.050001e+01 1.142242e+01
      vertex -9.909119e+00 3.050000e+01 1.102507e+01
    endloop
  endfacet
  facet normal 2.002482e-20 1.000000e+00 2.048964e-06
    outer loop
      vertex -1.385529e+01 3.050000e+01 1.019016e+01
      vertex -9.909119e+00 3.050000e+01 1.102507e+01
      vertex -9.306213e+00 3.050000e+01 1.077532e+01
    endloop
  endfacet
  facet normal 2.002482e-20 1.000000e+00 2.048964e-06
    outer loop
      vertex -1.385529e+01 3.050000e+01 1.019016e+01
      vertex -9.306213e+00 3.050000e+01 1.077532e+01
      vertex -8.659119e+00 3.050001e+01 1.069015e+01
    endloop
  endfacet
  facet normal 2.002482e-20 1.000000e+00 2.048964e-06
    outer loop
      vertex -1.385529e+01 3.050000e+01 1.019016e+01
      vertex -8.659119e+00 3.050001e+01 1.069015e+01
      vertex -3.463074e+00 3.050000e+01 1.019016e+01
    endloop
  endfacet
  facet normal 2.002482e-20 1.000000e+00 2.048964e-06
    outer loop
      vertex -1.385529e+01 3.050000e+01 1.019016e+01
      vertex -3.463074e+00 3.050000e+01 1.019016e+01
      vertex -4.416565e+00 3.050001e+01 8.947583e+00
    endloop
  endfacet
  facet normal 2.002482e-20 1.000000e+00 2.048964e-06
    outer loop
      vertex -1.385529e+01 3.050000e+01 1.019016e+01
      vertex -4.416565e+00 3.050001e+01 8.947583e+00
      vertex -1.290179e+01 3.050001e+01 8.947583e+00
    endloop
  endfacet
  facet normal 2.002482e-20 1.000000e+00 2.048964e-06
    outer loop
      vertex -1.290179e+01 3.050001e+01 8.947583e+00
      vertex -4.416565e+00 3.050001e+01 8.947583e+00
      vertex -5.659119e+00 3.050001e+01 7.994078e+00
    endloop
  endfacet
  facet normal 2.002482e-20 1.000000e+00 2.048964e-06
    outer loop
      vertex -1.290179e+01 3.050001e+01 8.947583e+00
      vertex -5.659119e+00 3.050001e+01 7.994078e+00
      vertex -1.165912e+01 3.050001e+01 7.994078e+00
    endloop
  endfacet
  facet normal 2.002482e-20 1.000000e+00 2.048964e-06
    outer loop
      vertex -1.165912e+01 3.050001e+01 7.994078e+00
      vertex -5.659119e+00 3.050001e+01 7.994078e+00
      vertex -7.106262e+00 3.050002e+01 7.394664e+00
    endloop
  endfacet
  facet normal 2.002482e-20 1.000000e+00 2.048964e-06
    outer loop
      vertex -1.165912e+01 3.050001e+01 7.994078e+00
      vertex -7.106262e+00 3.050002e+01 7.394664e+00
      vertex -1.021210e+01 3.050002e+01 7.394664e+00
    endloop
  endfacet
  facet normal 2.002482e-20 1.000000e+00 2.048964e-06
    outer loop
      vertex -1.021210e+01 3.050002e+01 7.394664e+00
      vertex -7.106262e+00 3.050002e+01 7.394664e+00
      vertex -8.659119e+00 3.050001e+01 7.190149e+00
    endloop
  endfacet
  facet normal 0.000000e+00 -2.048964e-06 1.000000e+00
    outer loop
      vertex -2.670959e+00 -2.499997e+01 2.900029e+00
      vertex -1.467096e+01 -2.445646e+01 2.971518e+00
      vertex -1.467096e+01 -2.499997e+01 2.900029e+00
    endloop
  endfacet
  facet normal 0.000000e+00 -2.588210e-01 9.659253e-01
    outer loop
      vertex -1.467096e+01 -2.445646e+01 2.971518e+00
      vertex -2.670959e+00 -2.499997e+01 2.900029e+00
      vertex -2.670959e+00 -2.445646e+01 2.971518e+00
    endloop
  endfacet
  facet normal -7.071068e-01 -1.446558e-06 7.071068e-01
    outer loop
      vertex -6.891418e+00 -3.050000e+01 1.142226e+01
      vertex -6.494080e+00 3.050000e+01 1.194022e+01
      vertex -6.891418e+00 3.050001e+01 1.142242e+01
    endloop
  endfacet
  facet normal -8.660254e-01 -1.024482e-06 5.000000e-01
    outer loop
      vertex -6.494080e+00 3.050000e+01 1.194022e+01
      vertex -6.891418e+00 -3.050000e+01 1.142226e+01
      vertex -6.494080e+00 -3.049999e+01 1.194006e+01
    endloop
  endfacet
  facet normal 0.000000e+00 2.048964e-06 -1.000000e+00
    outer loop
      vertex -2.670959e+00 -1.999997e+01 0.000000e+00
      vertex -1.467096e+01 -2.999998e+01 0.000000e+00
      vertex -1.467096e+01 -1.999997e+01 0.000000e+00
    endloop
  endfacet
  facet normal 0.000000e+00 2.048964e-06 -1.000000e+00
    outer loop
      vertex -1.467096e+01 -2.999998e+01 0.000000e+00
      vertex -2.670959e+00 -1.999997e+01 0.000000e+00
      vertex -2.670959e+00 -2.999998e+01 0.000000e+00
    endloop
  endfacet
  facet normal -7.071068e-01 -1.446558e-06 7.071068e-01
    outer loop
      vertex -6.891418e+00 -3.050000e+01 1.142226e+01
      vertex -7.409119e+00 3.050000e+01 1.102507e+01
      vertex -7.409119e+00 -3.050000e+01 1.102502e+01
    endloop
  endfacet
  facet normal -5.000000e-01 -1.773525e-06 8.660254e-01
    outer loop
      vertex -7.409119e+00 3.050000e+01 1.102507e+01
      vertex -6.891418e+00 -3.050000e+01 1.142226e+01
      vertex -6.891418e+00 3.050001e+01 1.142242e+01
    endloop
  endfacet
  facet normal -1.000000e+00 0.000000e+00 0.000000e+00
    outer loop
      vertex -1.467096e+01 -1.999997e+01 0.000000e+00
      vertex -1.467096e+01 -2.318134e+01 3.949963e+00
      vertex -1.467096e+01 -1.999999e+01 1.000001e+01
    endloop
  endfacet
  facet normal -1.000000e+00 0.000000e+00 0.000000e+00
    outer loop
      vertex -1.467096e+01 -2.318134e+01 3.949963e+00
      vertex -1.467096e+01 -1.999997e+01 0.000000e+00
      vertex -1.467096e+01 -2.351507e+01 3.515032e+00
    endloop
  endfacet
  facet normal -1.000000e+00 0.000000e+00 0.000000e+00
    outer loop
      vertex -1.467096e+01 -2.351507e+01 3.515032e+00
      vertex -1.467096e+01 -1.999997e+01 0.000000e+00
      vertex -1.467096e+01 -2.394999e+01 3.181315e+00
    endloop
  endfacet
  facet normal -1.000000e+00 0.000000e+00 0.000000e+00
    outer loop
      vertex -1.467096e+01 -2.394999e+01 3.181315e+00
      vertex -1.467096e+01 -1.999997e+01 0.000000e+00
      vertex -1.467096e+01 -2.999998e+01 0.000000e+00
    endloop
  endfacet
  facet normal -1.000000e+00 0.000000e+00 0.000000e+00
    outer loop
      vertex -1.467096e+01 -1.999999e+01 1.000001e+01
      vertex -1.467096e+01 -2.318134e+01 3.949963e+00
      vertex -1.467096e+01 -2.297154e+01 4.456447e+00
    endloop
  endfacet
  facet normal -1.000000e+00 0.000000e+00 0.000000e+00
    outer loop
      vertex -1.467096e+01 -1.999999e+01 1.000001e+01
      vertex -1.467096e+01 -2.297154e+01 4.456447e+00
      vertex -1.467096e+01 -2.289998e+01 5.000032e+00
    endloop
  endfacet
  facet normal -1.000000e+00 0.000000e+00 0.000000e+00
    outer loop
      vertex -1.467096e+01 -2.394999e+01 3.181315e+00
      vertex -1.467096e+01 -2.999998e+01 0.000000e+00
      vertex -1.467096e+01 -2.445646e+01 2.971518e+00
    endloop
  endfacet
  facet normal -1.000000e+00 0.000000e+00 0.000000e+00
    outer loop
      vertex -1.467096e+01 -2.445646e+01 2.971518e+00
      vertex -1.467096e+01 -2.999998e+01 0.000000e+00
      vertex -1.467096e+01 -2.499997e+01 2.900029e+00
    endloop
  endfacet
  facet normal -1.000000e+00 0.000000e+00 0.000000e+00
    outer loop
      vertex -1.467096e+01 -2.499997e+01 2.900029e+00
      vertex -1.467096e+01 -2.999998e+01 0.000000e+00
      vertex -1.467096e+01 -2.554349e+01 2.971604e+00
    endloop
  endfacet
  facet normal -1.000000e+00 0.000000e+00 0.000000e+00
    outer loop
      vertex -1.467096e+01 -2.554349e+01 2.971604e+00
      vertex -1.467096e+01 -2.999998e+01 0.000000e+00
      vertex -1.467096e+01 -2.604999e+01 3.181288e+00
    endloop
  endfacet
  facet normal -1.000000e+00 0.000000e+00 0.000000e+00
    outer loop
      vertex -1.467096e+01 -2.604999e+01 3.181288e+00
      vertex -1.467096e+01 -2.999998e+01 0.000000e+00
      vertex -1.467096e+01 -2.648490e+01 3.515073e+00
    endloop
  endfacet
  facet normal -1.000000e+00 0.000000e+00 0.000000e+00
    outer loop
      vertex -1.467096e+01 -2.648490e+01 3.515073e+00
      vertex -1.467096e+01 -2.999998e+01 0.000000e+00
      vertex -1.467096e+01 -2.681864e+01 3.949949e+00
    endloop
  endfacet
  facet normal -1.000000e+00 0.000000e+00 0.000000e+00
    outer loop
      vertex -1.467096e+01 -2.681864e+01 3.949949e+00
      vertex -1.467096e+01 -2.999998e+01 0.000000e+00
      vertex -1.467096e+01 -2.702843e+01 4.456455e+00
    endloop
  endfacet
  facet normal -1.000000e+00 0.000000e+00 0.000000e+00
    outer loop
      vertex -1.467096e+01 -2.702843e+01 4.456455e+00
      vertex -1.467096e+01 -2.999998e+01 0.000000e+00
      vertex -1.467096e+01 -2.709998e+01 4.999975e+00
    endloop
  endfacet
  facet normal -1.000000e+00 0.000000e+00 0.000000e+00
    outer loop
      vertex -1.467096e+01 -1.999999e+01 1.000001e+01
      vertex -1.467096e+01 -2.395000e+01 6.818599e+00
      vertex -1.467096e+01 -2.999999e+01 1.000001e+01
    endloop
  endfacet
  facet normal -1.000000e+00 0.000000e+00 0.000000e+00
    outer loop
      vertex -1.467096e+01 -2.395000e+01 6.818599e+00
      vertex -1.467096e+01 -1.999999e+01 1.000001e+01
      vertex -1.467096e+01 -2.351506e+01 6.484933e+00
    endloop
  endfacet
  facet normal -1.000000e+00 0.000000e+00 0.000000e+00
    outer loop
      vertex -1.467096e+01 -2.351506e+01 6.484933e+00
      vertex -1.467096e+01 -1.999999e+01 1.000001e+01
      vertex -1.467096e+01 -2.318133e+01 6.050057e+00
    endloop
  endfacet
  facet normal -1.000000e+00 0.000000e+00 0.000000e+00
    outer loop
      vertex -1.467096e+01 -2.318133e+01 6.050057e+00
      vertex -1.467096e+01 -1.999999e+01 1.000001e+01
      vertex -1.467096e+01 -2.297153e+01 5.543551e+00
    endloop
  endfacet
  facet normal -1.000000e+00 0.000000e+00 0.000000e+00
    outer loop
      vertex -1.467096e+01 -2.297153e+01 5.543551e+00
      vertex -1.467096e+01 -1.999999e+01 1.000001e+01
      vertex -1.467096e+01 -2.289998e+01 5.000032e+00
    endloop
  endfacet
  facet normal -1.000000e+00 0.000000e+00 0.000000e+00
    outer loop
      vertex -1.467096e+01 -2.999999e+01 1.000001e+01
      vertex -1.467096e+01 -2.395000e+01 6.818599e+00
      vertex -1.467096e+01 -2.445647e+01 7.028402e+00
    endloop
  endfacet
  facet normal -1.000000e+00 0.000000e+00 0.000000e+00
    outer loop
      vertex -1.467096e+01 -2.999999e+01 1.000001e+01
      vertex -1.467096e+01 -2.445647e+01 7.028402e+00
      vertex -1.467096e+01 -2.499999e+01 7.099977e+00
    endloop
  endfacet
  facet normal -1.000000e+00 0.000000e+00 0.000000e+00
    outer loop
      vertex -1.467096e+01 -2.999999e+01 1.000001e+01
      vertex -1.467096e+01 -2.499999e+01 7.099977e+00
      vertex -1.467096e+01 -2.554350e+01 7.028488e+00
    endloop
  endfacet
  facet normal -1.000000e+00 0.000000e+00 0.000000e+00
    outer loop
      vertex -1.467096e+01 -2.999999e+01 1.000001e+01
      vertex -1.467096e+01 -2.554350e+01 7.028488e+00
      vertex -1.467096e+01 -2.604998e+01 6.818691e+00
    endloop
  endfacet
  facet normal -1.000000e+00 0.000000e+00 0.000000e+00
    outer loop
      vertex -1.467096e+01 -2.999999e+01 1.000001e+01
      vertex -1.467096e+01 -2.604998e+01 6.818691e+00
      vertex -1.467096e+01 -2.648490e+01 6.484974e+00
    endloop
  endfacet
  facet normal -1.000000e+00 0.000000e+00 0.000000e+00
    outer loop
      vertex -1.467096e+01 -2.999999e+01 1.000001e+01
      vertex -1.467096e+01 -2.648490e+01 6.484974e+00
      vertex -1.467096e+01 -2.681864e+01 6.050045e+00
    endloop
  endfacet
  facet normal -1.000000e+00 0.000000e+00 0.000000e+00
    outer loop
      vertex -1.467096e+01 -2.999999e+01 1.000001e+01
      vertex -1.467096e+01 -2.681864e+01 6.050045e+00
      vertex -1.467096e+01 -2.702843e+01 5.543559e+00
    endloop
  endfacet
  facet normal -1.000000e+00 0.000000e+00 0.000000e+00
    outer loop
      vertex -1.467096e+01 -2.999999e+01 1.000001e+01
      vertex -1.467096e+01 -2.702843e+01 5.543559e+00
      vertex -1.467096e+01 -2.709998e+01 4.999975e+00
    endloop
  endfacet
  facet normal -1.000000e+00 0.000000e+00 0.000000e+00
    outer loop
      vertex -1.467096e+01 -2.999999e+01 1.000001e+01
      vertex -1.467096e+01 -2.709998e+01 4.999975e+00
      vertex -1.467096e+01 -2.999998e+01 0.000000e+00
    endloop
  endfacet
  facet normal -5.000000e-01 -1.773525e-06 8.660254e-01
    outer loop
      vertex -7.409119e+00 -3.050000e+01 1.102502e+01
      vertex -8.012146e+00 3.050000e+01 1.077532e+01
      vertex -8.012146e+00 -3.049999e+01 1.077528e+01
    endloop
  endfacet
  facet normal -2.588190e-01 -1.978992e-06 9.659258e-01
    outer loop
      vertex -8.012146e+00 3.050000e+01 1.077532e+01
      vertex -7.409119e+00 -3.050000e+01 1.102502e+01
      vertex -7.409119e+00 3.050000e+01 1.102507e+01
    endloop
  endfacet
  facet normal 8.660254e-01 -1.024482e-06 5.000000e-01
    outer loop
      vertex -3.463074e+00 3.049999e+01 1.619019e+01
      vertex -2.863586e+00 -3.050001e+01 1.474293e+01
      vertex -2.863586e+00 3.050000e+01 1.474310e+01
    endloop
  endfacet
  facet normal 9.659258e-01 -5.322041e-07 2.588190e-01
    outer loop
      vertex -2.863586e+00 -3.050001e+01 1.474293e+01
      vertex -3.463074e+00 3.049999e+01 1.619019e+01
      vertex -3.463074e+00 -3.050001e+01 1.619003e+01
    endloop
  endfacet
  facet normal 7.071068e-01 -1.446558e-06 7.071068e-01
    outer loop
      vertex -4.416565e+00 -3.050001e+01 1.743273e+01
      vertex -3.463074e+00 3.049999e+01 1.619019e+01
      vertex -4.416565e+00 3.049998e+01 1.743277e+01
    endloop
  endfacet
  facet normal 8.660254e-01 -1.024482e-06 5.000000e-01
    outer loop
      vertex -3.463074e+00 3.049999e+01 1.619019e+01
      vertex -4.416565e+00 -3.050001e+01 1.743273e+01
      vertex -3.463074e+00 -3.050001e+01 1.619003e+01
    endloop
  endfacet
  facet normal 7.071068e-01 -1.446558e-06 7.071068e-01
    outer loop
      vertex -4.416565e+00 -3.050001e+01 1.743273e+01
      vertex -5.659119e+00 3.049998e+01 1.838628e+01
      vertex -5.659119e+00 -3.050001e+01 1.838624e+01
    endloop
  endfacet
  facet normal 5.000000e-01 -1.773525e-06 8.660254e-01
    outer loop
      vertex -5.659119e+00 3.049998e+01 1.838628e+01
      vertex -4.416565e+00 -3.050001e+01 1.743273e+01
      vertex -4.416565e+00 3.049998e+01 1.743277e+01
    endloop
  endfacet
  facet normal 5.000000e-01 -1.773525e-06 8.660254e-01
    outer loop
      vertex -5.659119e+00 -3.050001e+01 1.838624e+01
      vertex -7.106262e+00 3.049999e+01 1.898569e+01
      vertex -7.106262e+00 -3.050001e+01 1.898565e+01
    endloop
  endfacet
  facet normal 2.588190e-01 -1.978992e-06 9.659258e-01
    outer loop
      vertex -7.106262e+00 3.049999e+01 1.898569e+01
      vertex -5.659119e+00 -3.050001e+01 1.838624e+01
      vertex -5.659119e+00 3.049998e+01 1.838628e+01
    endloop
  endfacet
  facet normal 2.588190e-01 -1.978992e-06 9.659258e-01
    outer loop
      vertex -7.106262e+00 -3.050001e+01 1.898565e+01
      vertex -8.659119e+00 3.049999e+01 1.919021e+01
      vertex -8.659119e+00 -3.050002e+01 1.919004e+01
    endloop
  endfacet
  facet normal 0.000000e+00 -2.048964e-06 1.000000e+00
    outer loop
      vertex -8.659119e+00 3.049999e+01 1.919021e+01
      vertex -7.106262e+00 -3.050001e+01 1.898565e+01
      vertex -7.106262e+00 3.049999e+01 1.898569e+01
    endloop
  endfacet
  facet normal 0.000000e+00 -2.048964e-06 1.000000e+00
    outer loop
      vertex -8.659119e+00 -3.050002e+01 1.919004e+01
      vertex -1.021210e+01 3.049999e+01 1.898569e+01
      vertex -1.021210e+01 -3.050001e+01 1.898565e+01
    endloop
  endfacet
  facet normal -2.588190e-01 -1.978992e-06 9.659258e-01
    outer loop
      vertex -1.021210e+01 3.049999e+01 1.898569e+01
      vertex -8.659119e+00 -3.050002e+01 1.919004e+01
      vertex -8.659119e+00 3.049999e+01 1.919021e+01
    endloop
  endfacet
  facet normal -2.588190e-01 -1.978992e-06 9.659258e-01
    outer loop
      vertex -1.021210e+01 -3.050001e+01 1.898565e+01
      vertex -1.165912e+01 3.049998e+01 1.838628e+01
      vertex -1.165912e+01 -3.050001e+01 1.838624e+01
    endloop
  endfacet
  facet normal -5.000000e-01 -1.773525e-06 8.660254e-01
    outer loop
      vertex -1.165912e+01 3.049998e+01 1.838628e+01
      vertex -1.021210e+01 -3.050001e+01 1.898565e+01
      vertex -1.021210e+01 3.049999e+01 1.898569e+01
    endloop
  endfacet
  facet normal -5.000000e-01 -1.773525e-06 8.660254e-01
    outer loop
      vertex -1.165912e+01 -3.050001e+01 1.838624e+01
      vertex -1.290179e+01 3.049998e+01 1.743277e+01
      vertex -1.290179e+01 -3.050001e+01 1.743273e+01
    endloop
  endfacet
  facet normal -7.071068e-01 -1.446558e-06 7.071068e-01
    outer loop
      vertex -1.290179e+01 3.049998e+01 1.743277e+01
      vertex -1.165912e+01 -3.050001e+01 1.838624e+01
      vertex -1.165912e+01 3.049998e+01 1.838628e+01
    endloop
  endfacet
  facet normal -8.660254e-01 -1.024482e-06 5.000000e-01
    outer loop
      vertex -1.385529e+01 3.049999e+01 1.619019e+01
      vertex -1.290179e+01 -3.050001e+01 1.743273e+01
      vertex -1.290179e+01 3.049998e+01 1.743277e+01
    endloop
  endfacet
  facet normal -7.071068e-01 -1.446558e-06 7.071068e-01
    outer loop
      vertex -1.290179e+01 -3.050001e+01 1.743273e+01
      vertex -1.385529e+01 3.049999e+01 1.619019e+01
      vertex -1.385529e+01 -3.050001e+01 1.619003e+01
    endloop
  endfacet
  facet normal -9.659258e-01 -5.322041e-07 2.588190e-01
    outer loop
      vertex -1.445477e+01 -3.050001e+01 1.474293e+01
      vertex -1.385529e+01 3.049999e+01 1.619019e+01
      vertex -1.445477e+01 3.050000e+01 1.474310e+01
    endloop
  endfacet
  facet normal -8.660254e-01 -1.024482e-06 5.000000e-01
    outer loop
      vertex -1.385529e+01 3.049999e+01 1.619019e+01
      vertex -1.445477e+01 -3.050001e+01 1.474293e+01
      vertex -1.385529e+01 -3.050001e+01 1.619003e+01
    endloop
  endfacet
  facet normal -1.000000e+00 5.109295e-22 -2.495111e-16
    outer loop
      vertex -1.465912e+01 -3.050001e+01 1.319002e+01
      vertex -1.445477e+01 3.050000e+01 1.474310e+01
      vertex -1.465912e+01 3.050000e+01 1.319018e+01
    endloop
  endfacet
  facet normal -9.659258e-01 -5.322041e-07 2.588190e-01
    outer loop
      vertex -1.445477e+01 3.050000e+01 1.474310e+01
      vertex -1.465912e+01 -3.050001e+01 1.319002e+01
      vertex -1.445477e+01 -3.050001e+01 1.474293e+01
    endloop
  endfacet
  facet normal -9.659258e-01 5.322041e-07 -2.588190e-01
    outer loop
      vertex -1.445477e+01 -3.050000e+01 1.163710e+01
      vertex -1.465912e+01 3.050000e+01 1.319018e+01
      vertex -1.445477e+01 3.050001e+01 1.163726e+01
    endloop
  endfacet
  facet normal -1.000000e+00 2.000920e-21 -9.713109e-16
    outer loop
      vertex -1.465912e+01 3.050000e+01 1.319018e+01
      vertex -1.445477e+01 -3.050000e+01 1.163710e+01
      vertex -1.465912e+01 -3.050001e+01 1.319002e+01
    endloop
  endfacet
  facet normal -8.660254e-01 1.024482e-06 -5.000000e-01
    outer loop
      vertex -1.385529e+01 -3.050000e+01 1.019000e+01
      vertex -1.445477e+01 3.050001e+01 1.163726e+01
      vertex -1.385529e+01 3.050000e+01 1.019016e+01
    endloop
  endfacet
  facet normal -9.659258e-01 5.322041e-07 -2.588190e-01
    outer loop
      vertex -1.445477e+01 3.050001e+01 1.163726e+01
      vertex -1.385529e+01 -3.050000e+01 1.019000e+01
      vertex -1.445477e+01 -3.050000e+01 1.163710e+01
    endloop
  endfacet
  facet normal -7.071068e-01 1.446558e-06 -7.071068e-01
    outer loop
      vertex -1.290179e+01 2.000002e+01 8.947563e+00
      vertex -1.370953e+01 3.000000e+01 1.000013e+01
      vertex -1.290179e+01 3.000001e+01 8.947565e+00
    endloop
  endfacet
  facet normal -7.933533e-01 1.246789e-06 -6.087614e-01
    outer loop
      vertex -1.370953e+01 3.000000e+01 1.000013e+01
      vertex -1.290179e+01 2.000002e+01 8.947563e+00
      vertex -1.370953e+01 2.000001e+01 1.000013e+01
    endloop
  endfacet
  facet normal -5.000000e-01 1.773525e-06 -8.660254e-01
    outer loop
      vertex -1.165912e+01 -2.000000e+01 7.993935e+00
      vertex -1.290179e+01 -2.999999e+01 8.947438e+00
      vertex -1.290179e+01 -2.000000e+01 8.947440e+00
    endloop
  endfacet
  facet normal -7.071068e-01 1.446558e-06 -7.071068e-01
    outer loop
      vertex -1.290179e+01 -2.999999e+01 8.947438e+00
      vertex -1.165912e+01 -2.000000e+01 7.993935e+00
      vertex -1.165912e+01 -2.999999e+01 7.993933e+00
    endloop
  endfacet
  facet normal -2.588190e-01 1.978992e-06 -9.659258e-01
    outer loop
      vertex -1.021210e+01 -1.999999e+01 7.394521e+00
      vertex -1.165912e+01 -2.999999e+01 7.993933e+00
      vertex -1.165912e+01 -2.000000e+01 7.993935e+00
    endloop
  endfacet
  facet normal -5.000000e-01 1.773525e-06 -8.660254e-01
    outer loop
      vertex -1.165912e+01 -2.999999e+01 7.993933e+00
      vertex -1.021210e+01 -1.999999e+01 7.394521e+00
      vertex -1.021210e+01 -2.999999e+01 7.394521e+00
    endloop
  endfacet
  facet normal -1.220822e-15 2.048964e-06 -1.000000e+00
    outer loop
      vertex -8.659119e+00 -1.999998e+01 7.190127e+00
      vertex -1.021210e+01 -2.999999e+01 7.394521e+00
      vertex -1.021210e+01 -1.999999e+01 7.394521e+00
    endloop
  endfacet
  facet normal -2.588190e-01 1.978992e-06 -9.659258e-01
    outer loop
      vertex -1.021210e+01 -2.999999e+01 7.394521e+00
      vertex -8.659119e+00 -1.999998e+01 7.190127e+00
      vertex -8.659119e+00 -3.000000e+01 7.190006e+00
    endloop
  endfacet
  facet normal 2.588190e-01 1.978992e-06 -9.659258e-01
    outer loop
      vertex -7.106262e+00 -1.999999e+01 7.394521e+00
      vertex -8.659119e+00 -3.000000e+01 7.190006e+00
      vertex -8.659119e+00 -1.999998e+01 7.190127e+00
    endloop
  endfacet
  facet normal 2.397089e-15 2.048964e-06 -1.000000e+00
    outer loop
      vertex -8.659119e+00 -3.000000e+01 7.190006e+00
      vertex -7.106262e+00 -1.999999e+01 7.394521e+00
      vertex -7.106262e+00 -2.999999e+01 7.394521e+00
    endloop
  endfacet
  facet normal 5.000000e-01 1.773525e-06 -8.660254e-01
    outer loop
      vertex -5.659119e+00 -2.000000e+01 7.993935e+00
      vertex -7.106262e+00 -2.999999e+01 7.394521e+00
      vertex -7.106262e+00 -1.999999e+01 7.394521e+00
    endloop
  endfacet
  facet normal 2.588190e-01 1.978992e-06 -9.659258e-01
    outer loop
      vertex -7.106262e+00 -2.999999e+01 7.394521e+00
      vertex -5.659119e+00 -2.000000e+01 7.993935e+00
      vertex -5.659119e+00 -2.999999e+01 7.993933e+00
    endloop
  endfacet
  facet normal 7.071068e-01 1.446558e-06 -7.071068e-01
    outer loop
      vertex -4.416565e+00 -2.000000e+01 8.947440e+00
      vertex -5.659119e+00 -2.999999e+01 7.993933e+00
      vertex -5.659119e+00 -2.000000e+01 7.993935e+00
    endloop
  endfacet
  facet normal 5.000000e-01 1.773525e-06 -8.660254e-01
    outer loop
      vertex -5.659119e+00 -2.999999e+01 7.993933e+00
      vertex -4.416565e+00 -2.000000e+01 8.947440e+00
      vertex -4.416565e+00 -2.999999e+01 8.947438e+00
    endloop
  endfacet
  facet normal 7.933533e-01 1.246789e-06 -6.087614e-01
    outer loop
      vertex -3.608826e+00 2.000001e+01 1.000013e+01
      vertex -4.416565e+00 3.000001e+01 8.947565e+00
      vertex -3.608826e+00 3.000000e+01 1.000013e+01
    endloop
  endfacet
  facet normal 7.071068e-01 1.446558e-06 -7.071068e-01
    outer loop
      vertex -4.416565e+00 3.000001e+01 8.947565e+00
      vertex -3.608826e+00 2.000001e+01 1.000013e+01
      vertex -4.416565e+00 2.000002e+01 8.947563e+00
    endloop
  endfacet
  facet normal -2.002482e-20 -1.000000e+00 -2.048964e-06
    outer loop
      vertex -1.021210e+01 -3.050001e+01 1.898565e+01
      vertex -7.106262e+00 -3.050001e+01 1.898565e+01
      vertex -8.659119e+00 -3.050002e+01 1.919004e+01
    endloop
  endfacet
  facet normal -2.002482e-20 -1.000000e+00 -2.048964e-06
    outer loop
      vertex -7.106262e+00 -3.050001e+01 1.898565e+01
      vertex -1.021210e+01 -3.050001e+01 1.898565e+01
      vertex -1.165912e+01 -3.050001e+01 1.838624e+01
    endloop
  endfacet
  facet normal -2.002482e-20 -1.000000e+00 -2.048964e-06
    outer loop
      vertex -7.106262e+00 -3.050001e+01 1.898565e+01
      vertex -1.165912e+01 -3.050001e+01 1.838624e+01
      vertex -5.659119e+00 -3.050001e+01 1.838624e+01
    endloop
  endfacet
  facet normal -2.002482e-20 -1.000000e+00 -2.048964e-06
    outer loop
      vertex -5.659119e+00 -3.050001e+01 1.838624e+01
      vertex -1.165912e+01 -3.050001e+01 1.838624e+01
      vertex -1.290179e+01 -3.050001e+01 1.743273e+01
    endloop
  endfacet
  facet normal -2.002482e-20 -1.000000e+00 -2.048964e-06
    outer loop
      vertex -5.659119e+00 -3.050001e+01 1.838624e+01
      vertex -1.290179e+01 -3.050001e+01 1.743273e+01
      vertex -4.416565e+00 -3.050001e+01 1.743273e+01
    endloop
  endfacet
  facet normal -2.002482e-20 -1.000000e+00 -2.048964e-06
    outer loop
      vertex -4.416565e+00 -3.050001e+01 1.743273e+01
      vertex -1.290179e+01 -3.050001e+01 1.743273e+01
      vertex -1.385529e+01 -3.050001e+01 1.619003e+01
    endloop
  endfacet
  facet normal -2.002482e-20 -1.000000e+00 -2.048964e-06
    outer loop
      vertex -4.416565e+00 -3.050001e+01 1.743273e+01
      vertex -1.385529e+01 -3.050001e+01 1.619003e+01
      vertex -3.463074e+00 -3.050001e+01 1.619003e+01
    endloop
  endfacet
  facet normal -2.002482e-20 -1.000000e+00 -2.048964e-06
    outer loop
      vertex -3.463074e+00 -3.050001e+01 1.619003e+01
      vertex -1.385529e+01 -3.050001e+01 1.619003e+01
      vertex -8.659119e+00 -3.050001e+01 1.569005e+01
    endloop
  endfacet
  facet normal -2.002482e-20 -1.000000e+00 -2.048964e-06
    outer loop
      vertex -8.659119e+00 -3.050001e+01 1.569005e+01
      vertex -1.385529e+01 -3.050001e+01 1.619003e+01
      vertex -9.306213e+00 -3.050001e+01 1.560487e+01
    endloop
  endfacet
  facet normal -2.002482e-20 -1.000000e+00 -2.048964e-06
    outer loop
      vertex -9.306213e+00 -3.050001e+01 1.560487e+01
      vertex -1.385529e+01 -3.050001e+01 1.619003e+01
      vertex -1.445477e+01 -3.050001e+01 1.474293e+01
    endloop
  endfacet
  facet normal -2.002482e-20 -1.000000e+00 -2.048964e-06
    outer loop
      vertex -9.306213e+00 -3.050001e+01 1.560487e+01
      vertex -1.445477e+01 -3.050001e+01 1.474293e+01
      vertex -9.909119e+00 -3.050000e+01 1.535513e+01
    endloop
  endfacet
  facet normal -2.002482e-20 -1.000000e+00 -2.048964e-06
    outer loop
      vertex -9.909119e+00 -3.050000e+01 1.535513e+01
      vertex -1.445477e+01 -3.050001e+01 1.474293e+01
      vertex -1.042694e+01 -3.050001e+01 1.495777e+01
    endloop
  endfacet
  facet normal -2.002482e-20 -1.000000e+00 -2.048964e-06
    outer loop
      vertex -1.042694e+01 -3.050001e+01 1.495777e+01
      vertex -1.445477e+01 -3.050001e+01 1.474293e+01
      vertex -1.082428e+01 -3.050000e+01 1.444009e+01
    endloop
  endfacet
  facet normal -2.002482e-20 -1.000000e+00 -2.048964e-06
    outer loop
      vertex -1.082428e+01 -3.050000e+01 1.444009e+01
      vertex -1.445477e+01 -3.050001e+01 1.474293e+01
      vertex -1.465912e+01 -3.050001e+01 1.319002e+01
    endloop
  endfacet
  facet normal -2.002482e-20 -1.000000e+00 -2.048964e-06
    outer loop
      vertex -1.082428e+01 -3.050000e+01 1.444009e+01
      vertex -1.465912e+01 -3.050001e+01 1.319002e+01
      vertex -1.107404e+01 -3.050000e+01 1.383711e+01
    endloop
  endfacet
  facet normal -2.002482e-20 -1.000000e+00 -2.048964e-06
    outer loop
      vertex -1.107404e+01 -3.050000e+01 1.383711e+01
      vertex -1.465912e+01 -3.050001e+01 1.319002e+01
      vertex -1.115912e+01 -3.050001e+01 1.319002e+01
    endloop
  endfacet
  facet normal -2.002482e-20 -1.000000e+00 -2.048964e-06
    outer loop
      vertex -1.115912e+01 -3.050001e+01 1.319002e+01
      vertex -1.465912e+01 -3.050001e+01 1.319002e+01
      vertex -1.445477e+01 -3.050000e+01 1.163710e+01
    endloop
  endfacet
  facet normal -2.002482e-20 -1.000000e+00 -2.048964e-06
    outer loop
      vertex -1.115912e+01 -3.050001e+01 1.319002e+01
      vertex -1.445477e+01 -3.050000e+01 1.163710e+01
      vertex -1.107404e+01 -3.050000e+01 1.254304e+01
    endloop
  endfacet
  facet normal -2.002482e-20 -1.000000e+00 -2.048964e-06
    outer loop
      vertex -1.107404e+01 -3.050000e+01 1.254304e+01
      vertex -1.445477e+01 -3.050000e+01 1.163710e+01
      vertex -1.082428e+01 -3.049999e+01 1.194006e+01
    endloop
  endfacet
  facet normal -2.002482e-20 -1.000000e+00 -2.048964e-06
    outer loop
      vertex -1.082428e+01 -3.049999e+01 1.194006e+01
      vertex -1.445477e+01 -3.050000e+01 1.163710e+01
      vertex -1.042694e+01 -3.050000e+01 1.142226e+01
    endloop
  endfacet
  facet normal -2.002482e-20 -1.000000e+00 -2.048964e-06
    outer loop
      vertex -1.042694e+01 -3.050000e+01 1.142226e+01
      vertex -1.445477e+01 -3.050000e+01 1.163710e+01
      vertex -1.385529e+01 -3.050000e+01 1.019000e+01
    endloop
  endfacet
  facet normal -2.002482e-20 -1.000000e+00 -2.048964e-06
    outer loop
      vertex -1.042694e+01 -3.050000e+01 1.142226e+01
      vertex -1.385529e+01 -3.050000e+01 1.019000e+01
      vertex -9.909119e+00 -3.050000e+01 1.102502e+01
    endloop
  endfacet
  facet normal -2.002482e-20 -1.000000e+00 -2.048964e-06
    outer loop
      vertex -9.909119e+00 -3.050000e+01 1.102502e+01
      vertex -1.385529e+01 -3.050000e+01 1.019000e+01
      vertex -9.306213e+00 -3.049999e+01 1.077528e+01
    endloop
  endfacet
  facet normal -2.002482e-20 -1.000000e+00 -2.048964e-06
    outer loop
      vertex -9.306213e+00 -3.049999e+01 1.077528e+01
      vertex -1.385529e+01 -3.050000e+01 1.019000e+01
      vertex -8.659119e+00 -3.049999e+01 1.069010e+01
    endloop
  endfacet
  facet normal -2.002482e-20 -1.000000e+00 -2.048964e-06
    outer loop
      vertex -3.463074e+00 -3.050001e+01 1.619003e+01
      vertex -8.012146e+00 -3.050001e+01 1.560487e+01
      vertex -2.863586e+00 -3.050001e+01 1.474293e+01
    endloop
  endfacet
  facet normal -2.002482e-20 -1.000000e+00 -2.048964e-06
    outer loop
      vertex -8.012146e+00 -3.050001e+01 1.560487e+01
      vertex -3.463074e+00 -3.050001e+01 1.619003e+01
      vertex -8.659119e+00 -3.050001e+01 1.569005e+01
    endloop
  endfacet
  facet normal -2.002482e-20 -1.000000e+00 -2.048964e-06
    outer loop
      vertex -2.863586e+00 -3.050001e+01 1.474293e+01
      vertex -8.012146e+00 -3.050001e+01 1.560487e+01
      vertex -7.409119e+00 -3.050000e+01 1.535513e+01
    endloop
  endfacet
  facet normal -2.002482e-20 -1.000000e+00 -2.048964e-06
    outer loop
      vertex -2.863586e+00 -3.050001e+01 1.474293e+01
      vertex -7.409119e+00 -3.050000e+01 1.535513e+01
      vertex -6.891418e+00 -3.050001e+01 1.495777e+01
    endloop
  endfacet
  facet normal -2.002482e-20 -1.000000e+00 -2.048964e-06
    outer loop
      vertex -2.863586e+00 -3.050001e+01 1.474293e+01
      vertex -6.891418e+00 -3.050001e+01 1.495777e+01
      vertex -6.494080e+00 -3.050000e+01 1.444009e+01
    endloop
  endfacet
  facet normal -2.002482e-20 -1.000000e+00 -2.048964e-06
    outer loop
      vertex -2.863586e+00 -3.050001e+01 1.474293e+01
      vertex -6.494080e+00 -3.050000e+01 1.444009e+01
      vertex -2.659119e+00 -3.050001e+01 1.319002e+01
    endloop
  endfacet
  facet normal -2.002482e-20 -1.000000e+00 -2.048964e-06
    outer loop
      vertex -2.659119e+00 -3.050001e+01 1.319002e+01
      vertex -6.494080e+00 -3.050000e+01 1.444009e+01
      vertex -6.244324e+00 -3.050000e+01 1.383711e+01
    endloop
  endfacet
  facet normal -2.002482e-20 -1.000000e+00 -2.048964e-06
    outer loop
      vertex -2.659119e+00 -3.050001e+01 1.319002e+01
      vertex -6.244324e+00 -3.050000e+01 1.383711e+01
      vertex -6.159119e+00 -3.050001e+01 1.319002e+01
    endloop
  endfacet
  facet normal -2.002482e-20 -1.000000e+00 -2.048964e-06
    outer loop
      vertex -2.659119e+00 -3.050001e+01 1.319002e+01
      vertex -6.159119e+00 -3.050001e+01 1.319002e+01
      vertex -6.244324e+00 -3.050000e+01 1.254304e+01
    endloop
  endfacet
  facet normal -2.002482e-20 -1.000000e+00 -2.048964e-06
    outer loop
      vertex -2.659119e+00 -3.050001e+01 1.319002e+01
      vertex -6.244324e+00 -3.050000e+01 1.254304e+01
      vertex -2.863586e+00 -3.050000e+01 1.163710e+01
    endloop
  endfacet
  facet normal -2.002482e-20 -1.000000e+00 -2.048964e-06
    outer loop
      vertex -2.863586e+00 -3.050000e+01 1.163710e+01
      vertex -6.244324e+00 -3.050000e+01 1.254304e+01
      vertex -6.494080e+00 -3.049999e+01 1.194006e+01
    endloop
  endfacet
  facet normal -2.002482e-20 -1.000000e+00 -2.048964e-06
    outer loop
      vertex -2.863586e+00 -3.050000e+01 1.163710e+01
      vertex -6.494080e+00 -3.049999e+01 1.194006e+01
      vertex -6.891418e+00 -3.050000e+01 1.142226e+01
    endloop
  endfacet
  facet normal -2.002482e-20 -1.000000e+00 -2.048964e-06
    outer loop
      vertex -2.863586e+00 -3.050000e+01 1.163710e+01
      vertex -6.891418e+00 -3.050000e+01 1.142226e+01
      vertex -3.463074e+00 -3.050000e+01 1.019000e+01
    endloop
  endfacet
  facet normal -2.002482e-20 -1.000000e+00 -2.048964e-06
    outer loop
      vertex -3.463074e+00 -3.050000e+01 1.019000e+01
      vertex -6.891418e+00 -3.050000e+01 1.142226e+01
      vertex -7.409119e+00 -3.050000e+01 1.102502e+01
    endloop
  endfacet
  facet normal -2.002482e-20 -1.000000e+00 -2.048964e-06
    outer loop
      vertex -3.463074e+00 -3.050000e+01 1.019000e+01
      vertex -7.409119e+00 -3.050000e+01 1.102502e+01
      vertex -8.012146e+00 -3.049999e+01 1.077528e+01
    endloop
  endfacet
  facet normal -2.002482e-20 -1.000000e+00 -2.048964e-06
    outer loop
      vertex -3.463074e+00 -3.050000e+01 1.019000e+01
      vertex -8.012146e+00 -3.049999e+01 1.077528e+01
      vertex -8.659119e+00 -3.049999e+01 1.069010e+01
    endloop
  endfacet
  facet normal -2.002482e-20 -1.000000e+00 -2.048964e-06
    outer loop
      vertex -3.463074e+00 -3.050000e+01 1.019000e+01
      vertex -8.659119e+00 -3.049999e+01 1.069010e+01
      vertex -1.385529e+01 -3.050000e+01 1.019000e+01
    endloop
  endfacet
  facet normal -2.002482e-20 -1.000000e+00 -2.048964e-06
    outer loop
      vertex -3.463074e+00 -3.050000e+01 1.019000e+01
      vertex -1.385529e+01 -3.050000e+01 1.019000e+01
      vertex -1.290179e+01 -3.049999e+01 8.947420e+00
    endloop
  endfacet
  facet normal -2.002482e-20 -1.000000e+00 -2.048964e-06
    outer loop
      vertex -3.463074e+00 -3.050000e+01 1.019000e+01
      vertex -1.290179e+01 -3.049999e+01 8.947420e+00
      vertex -4.416565e+00 -3.049999e+01 8.947420e+00
    endloop
  endfacet
  facet normal -2.002482e-20 -1.000000e+00 -2.048964e-06
    outer loop
      vertex -4.416565e+00 -3.049999e+01 8.947420e+00
      vertex -1.290179e+01 -3.049999e+01 8.947420e+00
      vertex -1.165912e+01 -3.049998e+01 7.993914e+00
    endloop
  endfacet
  facet normal -2.002482e-20 -1.000000e+00 -2.048964e-06
    outer loop
      vertex -4.416565e+00 -3.049999e+01 8.947420e+00
      vertex -1.165912e+01 -3.049998e+01 7.993914e+00
      vertex -5.659119e+00 -3.049998e+01 7.993914e+00
    endloop
  endfacet
  facet normal -2.002482e-20 -1.000000e+00 -2.048964e-06
    outer loop
      vertex -5.659119e+00 -3.049998e+01 7.993914e+00
      vertex -1.165912e+01 -3.049998e+01 7.993914e+00
      vertex -1.021210e+01 -3.049999e+01 7.394502e+00
    endloop
  endfacet
  facet normal -2.002482e-20 -1.000000e+00 -2.048964e-06
    outer loop
      vertex -5.659119e+00 -3.049998e+01 7.993914e+00
      vertex -1.021210e+01 -3.049999e+01 7.394502e+00
      vertex -7.106262e+00 -3.049999e+01 7.394502e+00
    endloop
  endfacet
  facet normal -2.002482e-20 -1.000000e+00 -2.048964e-06
    outer loop
      vertex -7.106262e+00 -3.049999e+01 7.394502e+00
      vertex -1.021210e+01 -3.049999e+01 7.394502e+00
      vertex -8.659119e+00 -3.049998e+01 7.190108e+00
    endloop
  endfacet
  facet normal -2.588190e-01 -1.978992e-06 9.659258e-01
    outer loop
      vertex -8.012146e+00 -3.049999e+01 1.077528e+01
      vertex -8.659119e+00 3.050001e+01 1.069015e+01
      vertex -8.659119e+00 -3.049999e+01 1.069010e+01
    endloop
  endfacet
  facet normal 0.000000e+00 -2.048964e-06 1.000000e+00
    outer loop
      vertex -8.659119e+00 3.050001e+01 1.069015e+01
      vertex -8.012146e+00 -3.049999e+01 1.077528e+01
      vertex -8.012146e+00 3.050000e+01 1.077532e+01
    endloop
  endfacet
  facet normal 0.000000e+00 -2.048964e-06 1.000000e+00
    outer loop
      vertex -8.659119e+00 -3.049999e+01 1.069010e+01
      vertex -9.306213e+00 3.050000e+01 1.077532e+01
      vertex -9.306213e+00 -3.049999e+01 1.077528e+01
    endloop
  endfacet
  facet normal 2.588190e-01 -1.978992e-06 9.659258e-01
    outer loop
      vertex -9.306213e+00 3.050000e+01 1.077532e+01
      vertex -8.659119e+00 -3.049999e+01 1.069010e+01
      vertex -8.659119e+00 3.050001e+01 1.069015e+01
    endloop
  endfacet
  facet normal 2.588190e-01 -1.978992e-06 9.659258e-01
    outer loop
      vertex -9.306213e+00 -3.049999e+01 1.077528e+01
      vertex -9.909119e+00 3.050000e+01 1.102507e+01
      vertex -9.909119e+00 -3.050000e+01 1.102502e+01
    endloop
  endfacet
  facet normal 5.000000e-01 -1.773525e-06 8.660254e-01
    outer loop
      vertex -9.909119e+00 3.050000e+01 1.102507e+01
      vertex -9.306213e+00 -3.049999e+01 1.077528e+01
      vertex -9.306213e+00 3.050000e+01 1.077532e+01
    endloop
  endfacet
  facet normal 5.000000e-01 -1.773525e-06 8.660254e-01
    outer loop
      vertex -9.909119e+00 -3.050000e+01 1.102502e+01
      vertex -1.042694e+01 3.050001e+01 1.142242e+01
      vertex -1.042694e+01 -3.050000e+01 1.142226e+01
    endloop
  endfacet
  facet normal 7.071068e-01 -1.446558e-06 7.071068e-01
    outer loop
      vertex -1.042694e+01 3.050001e+01 1.142242e+01
      vertex -9.909119e+00 -3.050000e+01 1.102502e+01
      vertex -9.909119e+00 3.050000e+01 1.102507e+01
    endloop
  endfacet
  facet normal 8.660254e-01 -1.024482e-06 5.000000e-01
    outer loop
      vertex -1.082428e+01 -3.049999e+01 1.194006e+01
      vertex -1.042694e+01 3.050001e+01 1.142242e+01
      vertex -1.082428e+01 3.050000e+01 1.194022e+01
    endloop
  endfacet
  facet normal 7.071068e-01 -1.446558e-06 7.071068e-01
    outer loop
      vertex -1.042694e+01 3.050001e+01 1.142242e+01
      vertex -1.082428e+01 -3.049999e+01 1.194006e+01
      vertex -1.042694e+01 -3.050000e+01 1.142226e+01
    endloop
  endfacet
  facet normal 9.659258e-01 -5.322041e-07 2.588190e-01
    outer loop
      vertex -1.107404e+01 -3.050000e+01 1.254304e+01
      vertex -1.082428e+01 3.050000e+01 1.194022e+01
      vertex -1.107404e+01 3.049999e+01 1.254308e+01
    endloop
  endfacet
  facet normal 8.660254e-01 -1.024482e-06 5.000000e-01
    outer loop
      vertex -1.082428e+01 3.050000e+01 1.194022e+01
      vertex -1.107404e+01 -3.050000e+01 1.254304e+01
      vertex -1.082428e+01 -3.049999e+01 1.194006e+01
    endloop
  endfacet
  facet normal 1.000000e+00 5.271818e-22 -2.584222e-16
    outer loop
      vertex -1.115912e+01 3.050000e+01 1.319018e+01
      vertex -1.107404e+01 -3.050000e+01 1.254304e+01
      vertex -1.107404e+01 3.049999e+01 1.254308e+01
    endloop
  endfacet
  facet normal 9.659258e-01 -5.322041e-07 2.588190e-01
    outer loop
      vertex -1.107404e+01 -3.050000e+01 1.254304e+01
      vertex -1.115912e+01 3.050000e+01 1.319018e+01
      vertex -1.115912e+01 -3.050001e+01 1.319002e+01
    endloop
  endfacet
  facet normal 9.659258e-01 5.322041e-07 -2.588190e-01
    outer loop
      vertex -1.107404e+01 -3.050000e+01 1.383711e+01
      vertex -1.115912e+01 3.050000e+01 1.319018e+01
      vertex -1.107404e+01 3.050000e+01 1.383728e+01
    endloop
  endfacet
  facet normal 1.000000e+00 5.271818e-22 -2.584222e-16
    outer loop
      vertex -1.115912e+01 3.050000e+01 1.319018e+01
      vertex -1.107404e+01 -3.050000e+01 1.383711e+01
      vertex -1.115912e+01 -3.050001e+01 1.319002e+01
    endloop
  endfacet
  facet normal 8.660254e-01 1.024482e-06 -5.000000e-01
    outer loop
      vertex -1.082428e+01 -3.050000e+01 1.444009e+01
      vertex -1.107404e+01 3.050000e+01 1.383728e+01
      vertex -1.082428e+01 3.049999e+01 1.444013e+01
    endloop
  endfacet
  facet normal 9.659258e-01 5.322041e-07 -2.588190e-01
    outer loop
      vertex -1.107404e+01 3.050000e+01 1.383728e+01
      vertex -1.082428e+01 -3.050000e+01 1.444009e+01
      vertex -1.107404e+01 -3.050000e+01 1.383711e+01
    endloop
  endfacet
  facet normal 7.071068e-01 1.446558e-06 -7.071068e-01
    outer loop
      vertex -1.042694e+01 -3.050001e+01 1.495777e+01
      vertex -1.082428e+01 3.049999e+01 1.444013e+01
      vertex -1.042694e+01 3.050000e+01 1.495794e+01
    endloop
  endfacet
  facet normal 8.660254e-01 1.024482e-06 -5.000000e-01
    outer loop
      vertex -1.082428e+01 3.049999e+01 1.444013e+01
      vertex -1.042694e+01 -3.050001e+01 1.495777e+01
      vertex -1.082428e+01 -3.050000e+01 1.444009e+01
    endloop
  endfacet
  facet normal 5.000000e-01 1.773525e-06 -8.660254e-01
    outer loop
      vertex -9.909119e+00 3.049999e+01 1.535529e+01
      vertex -1.042694e+01 -3.050001e+01 1.495777e+01
      vertex -1.042694e+01 3.050000e+01 1.495794e+01
    endloop
  endfacet
  facet normal 7.071068e-01 1.446558e-06 -7.071068e-01
    outer loop
      vertex -1.042694e+01 -3.050001e+01 1.495777e+01
      vertex -9.909119e+00 3.049999e+01 1.535529e+01
      vertex -9.909119e+00 -3.050000e+01 1.535513e+01
    endloop
  endfacet
  facet normal 2.588190e-01 1.978992e-06 -9.659258e-01
    outer loop
      vertex -9.306213e+00 3.050000e+01 1.560504e+01
      vertex -9.909119e+00 -3.050000e+01 1.535513e+01
      vertex -9.909119e+00 3.049999e+01 1.535529e+01
    endloop
  endfacet
  facet normal 5.000000e-01 1.773525e-06 -8.660254e-01
    outer loop
      vertex -9.909119e+00 -3.050000e+01 1.535513e+01
      vertex -9.306213e+00 3.050000e+01 1.560504e+01
      vertex -9.306213e+00 -3.050001e+01 1.560487e+01
    endloop
  endfacet
  facet normal 0.000000e+00 2.048964e-06 -1.000000e+00
    outer loop
      vertex -8.659119e+00 3.050000e+01 1.569021e+01
      vertex -9.306213e+00 -3.050001e+01 1.560487e+01
      vertex -9.306213e+00 3.050000e+01 1.560504e+01
    endloop
  endfacet
  facet normal 2.588190e-01 1.978992e-06 -9.659258e-01
    outer loop
      vertex -9.306213e+00 -3.050001e+01 1.560487e+01
      vertex -8.659119e+00 3.050000e+01 1.569021e+01
      vertex -8.659119e+00 -3.050001e+01 1.569005e+01
    endloop
  endfacet
  facet normal -2.588190e-01 1.978992e-06 -9.659258e-01
    outer loop
      vertex -8.012146e+00 3.050000e+01 1.560504e+01
      vertex -8.659119e+00 -3.050001e+01 1.569005e+01
      vertex -8.659119e+00 3.050000e+01 1.569021e+01
    endloop
  endfacet
  facet normal 0.000000e+00 2.048964e-06 -1.000000e+00
    outer loop
      vertex -8.659119e+00 -3.050001e+01 1.569005e+01
      vertex -8.012146e+00 3.050000e+01 1.560504e+01
      vertex -8.012146e+00 -3.050001e+01 1.560487e+01
    endloop
  endfacet
  facet normal -5.000000e-01 1.773525e-06 -8.660254e-01
    outer loop
      vertex -7.409119e+00 3.049999e+01 1.535529e+01
      vertex -8.012146e+00 -3.050001e+01 1.560487e+01
      vertex -8.012146e+00 3.050000e+01 1.560504e+01
    endloop
  endfacet
  facet normal -2.588190e-01 1.978992e-06 -9.659258e-01
    outer loop
      vertex -8.012146e+00 -3.050001e+01 1.560487e+01
      vertex -7.409119e+00 3.049999e+01 1.535529e+01
      vertex -7.409119e+00 -3.050000e+01 1.535513e+01
    endloop
  endfacet
  facet normal -7.071068e-01 1.446558e-06 -7.071068e-01
    outer loop
      vertex -6.891418e+00 3.050000e+01 1.495794e+01
      vertex -7.409119e+00 -3.050000e+01 1.535513e+01
      vertex -7.409119e+00 3.049999e+01 1.535529e+01
    endloop
  endfacet
  facet normal -5.000000e-01 1.773525e-06 -8.660254e-01
    outer loop
      vertex -7.409119e+00 -3.050000e+01 1.535513e+01
      vertex -6.891418e+00 3.050000e+01 1.495794e+01
      vertex -6.891418e+00 -3.050001e+01 1.495777e+01
    endloop
  endfacet
  facet normal -8.660254e-01 1.024482e-06 -5.000000e-01
    outer loop
      vertex -6.494080e+00 -3.050000e+01 1.444009e+01
      vertex -6.891418e+00 3.050000e+01 1.495794e+01
      vertex -6.494080e+00 3.049999e+01 1.444013e+01
    endloop
  endfacet
  facet normal -7.071068e-01 1.446558e-06 -7.071068e-01
    outer loop
      vertex -6.891418e+00 3.050000e+01 1.495794e+01
      vertex -6.494080e+00 -3.050000e+01 1.444009e+01
      vertex -6.891418e+00 -3.050001e+01 1.495777e+01
    endloop
  endfacet
  facet normal -9.659258e-01 5.322041e-07 -2.588190e-01
    outer loop
      vertex -6.244324e+00 -3.050000e+01 1.383711e+01
      vertex -6.494080e+00 3.049999e+01 1.444013e+01
      vertex -6.244324e+00 3.050000e+01 1.383728e+01
    endloop
  endfacet
  facet normal -8.660254e-01 1.024482e-06 -5.000000e-01
    outer loop
      vertex -6.494080e+00 3.049999e+01 1.444013e+01
      vertex -6.244324e+00 -3.050000e+01 1.383711e+01
      vertex -6.494080e+00 -3.050000e+01 1.444009e+01
    endloop
  endfacet
  facet normal -1.000000e+00 5.271818e-22 -2.584222e-16
    outer loop
      vertex -6.159119e+00 3.050000e+01 1.319018e+01
      vertex -6.244324e+00 -3.050000e+01 1.383711e+01
      vertex -6.244324e+00 3.050000e+01 1.383728e+01
    endloop
  endfacet
  facet normal -9.659258e-01 5.322041e-07 -2.588190e-01
    outer loop
      vertex -6.244324e+00 -3.050000e+01 1.383711e+01
      vertex -6.159119e+00 3.050000e+01 1.319018e+01
      vertex -6.159119e+00 -3.050001e+01 1.319002e+01
    endloop
  endfacet
  facet normal 9.659258e-01 5.322041e-07 -2.588190e-01
    outer loop
      vertex -2.863586e+00 -3.050000e+01 1.163710e+01
      vertex -3.463074e+00 3.050000e+01 1.019016e+01
      vertex -2.863586e+00 3.050001e+01 1.163726e+01
    endloop
  endfacet
  facet normal 8.660254e-01 1.024482e-06 -5.000000e-01
    outer loop
      vertex -3.463074e+00 3.050000e+01 1.019016e+01
      vertex -2.863586e+00 -3.050000e+01 1.163710e+01
      vertex -3.463074e+00 -3.050000e+01 1.019000e+01
    endloop
  endfacet
  facet normal 1.000000e+00 2.000920e-21 -9.713109e-16
    outer loop
      vertex -2.659119e+00 3.050000e+01 1.319018e+01
      vertex -2.863586e+00 -3.050000e+01 1.163710e+01
      vertex -2.863586e+00 3.050001e+01 1.163726e+01
    endloop
  endfacet
  facet normal 9.659258e-01 5.322041e-07 -2.588190e-01
    outer loop
      vertex -2.863586e+00 -3.050000e+01 1.163710e+01
      vertex -2.659119e+00 3.050000e+01 1.319018e+01
      vertex -2.659119e+00 -3.050001e+01 1.319002e+01
    endloop
  endfacet
  facet normal 9.659258e-01 -5.322041e-07 2.588190e-01
    outer loop
      vertex -2.863586e+00 -3.050001e+01 1.474293e+01
      vertex -2.659119e+00 3.050000e+01 1.319018e+01
      vertex -2.863586e+00 3.050000e+01 1.474310e+01
    endloop
  endfacet
  facet normal 1.000000e+00 2.000920e-21 -9.713109e-16
    outer loop
      vertex -2.659119e+00 3.050000e+01 1.319018e+01
      vertex -2.863586e+00 -3.050001e+01 1.474293e+01
      vertex -2.659119e+00 -3.050001e+01 1.319002e+01
    endloop
  endfacet
  facet normal 8.369462e-16 1.000000e+00 2.048964e-06
    outer loop
      vertex -2.670959e+00 -1.999997e+01 0.000000e+00
      vertex -3.608826e+00 -1.999999e+01 1.000001e+01
      vertex -2.670959e+00 -1.999999e+01 1.000001e+01
    endloop
  endfacet
  facet normal 8.369462e-16 1.000000e+00 2.048964e-06
    outer loop
      vertex -3.608826e+00 -1.999999e+01 1.000001e+01
      vertex -2.670959e+00 -1.999997e+01 0.000000e+00
      vertex -4.416565e+00 -2.000000e+01 8.947440e+00
    endloop
  endfacet
  facet normal 8.369462e-16 1.000000e+00 2.048964e-06
    outer loop
      vertex -4.416565e+00 -2.000000e+01 8.947440e+00
      vertex -2.670959e+00 -1.999997e+01 0.000000e+00
      vertex -5.659119e+00 -2.000000e+01 7.993935e+00
    endloop
  endfacet
  facet normal 8.369462e-16 1.000000e+00 2.048964e-06
    outer loop
      vertex -5.659119e+00 -2.000000e+01 7.993935e+00
      vertex -2.670959e+00 -1.999997e+01 0.000000e+00
      vertex -7.106262e+00 -1.999999e+01 7.394521e+00
    endloop
  endfacet
  facet normal 8.369462e-16 1.000000e+00 2.048964e-06
    outer loop
      vertex -7.106262e+00 -1.999999e+01 7.394521e+00
      vertex -2.670959e+00 -1.999997e+01 0.000000e+00
      vertex -8.659119e+00 -1.999998e+01 7.190127e+00
    endloop
  endfacet
  facet normal 8.369462e-16 1.000000e+00 2.048964e-06
    outer loop
      vertex -1.290179e+01 -2.000000e+01 8.947440e+00
      vertex -1.467096e+01 -1.999999e+01 1.000001e+01
      vertex -1.370953e+01 -1.999999e+01 1.000001e+01
    endloop
  endfacet
  facet normal 8.369462e-16 1.000000e+00 2.048964e-06
    outer loop
      vertex -1.467096e+01 -1.999999e+01 1.000001e+01
      vertex -1.290179e+01 -2.000000e+01 8.947440e+00
      vertex -1.467096e+01 -1.999997e+01 0.000000e+00
    endloop
  endfacet
  facet normal 8.369462e-16 1.000000e+00 2.048964e-06
    outer loop
      vertex -1.467096e+01 -1.999997e+01 0.000000e+00
      vertex -1.290179e+01 -2.000000e+01 8.947440e+00
      vertex -1.165912e+01 -2.000000e+01 7.993935e+00
    endloop
  endfacet
  facet normal 8.369462e-16 1.000000e+00 2.048964e-06
    outer loop
      vertex -1.467096e+01 -1.999997e+01 0.000000e+00
      vertex -1.165912e+01 -2.000000e+01 7.993935e+00
      vertex -1.021210e+01 -1.999999e+01 7.394521e+00
    endloop
  endfacet
  facet normal 8.369462e-16 1.000000e+00 2.048964e-06
    outer loop
      vertex -1.467096e+01 -1.999997e+01 0.000000e+00
      vertex -1.021210e+01 -1.999999e+01 7.394521e+00
      vertex -8.659119e+00 -1.999998e+01 7.190127e+00
    endloop
  endfacet
  facet normal 8.369462e-16 1.000000e+00 2.048964e-06
    outer loop
      vertex -1.467096e+01 -1.999997e+01 0.000000e+00
      vertex -8.659119e+00 -1.999998e+01 7.190127e+00
      vertex -2.670959e+00 -1.999997e+01 0.000000e+00
    endloop
  endfacet
  facet normal 0.000000e+00 7.071053e-01 7.071083e-01
    outer loop
      vertex -2.670959e+00 -2.648490e+01 3.515073e+00
      vertex -1.467096e+01 -2.604999e+01 3.181288e+00
      vertex -1.467096e+01 -2.648490e+01 3.515073e+00
    endloop
  endfacet
  facet normal 0.000000e+00 4.999982e-01 8.660264e-01
    outer loop
      vertex -1.467096e+01 -2.604999e+01 3.181288e+00
      vertex -2.670959e+00 -2.648490e+01 3.515073e+00
      vertex -2.670959e+00 -2.604999e+01 3.181288e+00
    endloop
  endfacet
  facet normal 0.000000e+00 -2.588210e-01 9.659253e-01
    outer loop
      vertex -2.670959e+00 -2.445646e+01 2.971518e+00
      vertex -1.467096e+01 -2.394999e+01 3.181315e+00
      vertex -1.467096e+01 -2.445646e+01 2.971518e+00
    endloop
  endfacet
  facet normal 0.000000e+00 -5.000017e-01 8.660244e-01
    outer loop
      vertex -1.467096e+01 -2.394999e+01 3.181315e+00
      vertex -2.670959e+00 -2.445646e+01 2.971518e+00
      vertex -2.670959e+00 -2.394999e+01 3.181315e+00
    endloop
  endfacet
  facet normal 0.000000e+00 -5.000017e-01 8.660244e-01
    outer loop
      vertex -2.670959e+00 -2.394999e+01 3.181315e+00
      vertex -1.467096e+01 -2.351507e+01 3.515032e+00
      vertex -1.467096e+01 -2.394999e+01 3.181315e+00
    endloop
  endfacet
  facet normal 0.000000e+00 -7.071083e-01 7.071053e-01
    outer loop
      vertex -1.467096e+01 -2.351507e+01 3.515032e+00
      vertex -2.670959e+00 -2.394999e+01 3.181315e+00
      vertex -2.670959e+00 -2.351507e+01 3.515032e+00
    endloop
  endfacet
  facet normal 0.000000e+00 7.071053e-01 7.071083e-01
    outer loop
      vertex -2.670959e+00 -2.648490e+01 3.515073e+00
      vertex -1.467096e+01 -2.681864e+01 3.949949e+00
      vertex -2.670959e+00 -2.681864e+01 3.949949e+00
    endloop
  endfacet
  facet normal 0.000000e+00 8.660244e-01 5.000017e-01
    outer loop
      vertex -1.467096e+01 -2.681864e+01 3.949949e+00
      vertex -2.670959e+00 -2.648490e+01 3.515073e+00
      vertex -1.467096e+01 -2.648490e+01 3.515073e+00
    endloop
  endfacet
  facet normal 0.000000e+00 -7.071083e-01 7.071053e-01
    outer loop
      vertex -1.467096e+01 -2.351507e+01 3.515032e+00
      vertex -2.670959e+00 -2.318134e+01 3.949963e+00
      vertex -1.467096e+01 -2.318134e+01 3.949963e+00
    endloop
  endfacet
  facet normal 0.000000e+00 -8.660264e-01 4.999982e-01
    outer loop
      vertex -2.670959e+00 -2.318134e+01 3.949963e+00
      vertex -1.467096e+01 -2.351507e+01 3.515032e+00
      vertex -2.670959e+00 -2.351507e+01 3.515032e+00
    endloop
  endfacet
  facet normal 1.000000e+00 0.000000e+00 0.000000e+00
    outer loop
      vertex -2.670959e+00 -1.999999e+01 1.000001e+01
      vertex -2.670959e+00 -2.297153e+01 5.543551e+00
      vertex -2.670959e+00 -2.289998e+01 5.000032e+00
    endloop
  endfacet
  facet normal 1.000000e+00 0.000000e+00 0.000000e+00
    outer loop
      vertex -2.670959e+00 -2.297153e+01 5.543551e+00
      vertex -2.670959e+00 -1.999999e+01 1.000001e+01
      vertex -2.670959e+00 -2.318133e+01 6.050057e+00
    endloop
  endfacet
  facet normal 1.000000e+00 0.000000e+00 0.000000e+00
    outer loop
      vertex -2.670959e+00 -2.318133e+01 6.050057e+00
      vertex -2.670959e+00 -1.999999e+01 1.000001e+01
      vertex -2.670959e+00 -2.351506e+01 6.484933e+00
    endloop
  endfacet
  facet normal 1.000000e+00 0.000000e+00 0.000000e+00
    outer loop
      vertex -2.670959e+00 -2.351506e+01 6.484933e+00
      vertex -2.670959e+00 -1.999999e+01 1.000001e+01
      vertex -2.670959e+00 -2.395000e+01 6.818599e+00
    endloop
  endfacet
  facet normal 1.000000e+00 0.000000e+00 0.000000e+00
    outer loop
      vertex -2.670959e+00 -2.395000e+01 6.818599e+00
      vertex -2.670959e+00 -1.999999e+01 1.000001e+01
      vertex -2.670959e+00 -2.999999e+01 1.000001e+01
    endloop
  endfacet
  facet normal 1.000000e+00 0.000000e+00 0.000000e+00
    outer loop
      vertex -2.670959e+00 -2.395000e+01 6.818599e+00
      vertex -2.670959e+00 -2.999999e+01 1.000001e+01
      vertex -2.670959e+00 -2.445647e+01 7.028402e+00
    endloop
  endfacet
  facet normal 1.000000e+00 0.000000e+00 0.000000e+00
    outer loop
      vertex -2.670959e+00 -2.445647e+01 7.028402e+00
      vertex -2.670959e+00 -2.999999e+01 1.000001e+01
      vertex -2.670959e+00 -2.499999e+01 7.099977e+00
    endloop
  endfacet
  facet normal 1.000000e+00 0.000000e+00 0.000000e+00
    outer loop
      vertex -2.670959e+00 -2.499999e+01 7.099977e+00
      vertex -2.670959e+00 -2.999999e+01 1.000001e+01
      vertex -2.670959e+00 -2.554350e+01 7.028488e+00
    endloop
  endfacet
  facet normal 1.000000e+00 0.000000e+00 0.000000e+00
    outer loop
      vertex -2.670959e+00 -2.554350e+01 7.028488e+00
      vertex -2.670959e+00 -2.999999e+01 1.000001e+01
      vertex -2.670959e+00 -2.604998e+01 6.818691e+00
    endloop
  endfacet
  facet normal 1.000000e+00 0.000000e+00 0.000000e+00
    outer loop
      vertex -2.670959e+00 -2.604998e+01 6.818691e+00
      vertex -2.670959e+00 -2.999999e+01 1.000001e+01
      vertex -2.670959e+00 -2.648490e+01 6.484974e+00
    endloop
  endfacet
  facet normal 1.000000e+00 0.000000e+00 0.000000e+00
    outer loop
      vertex -2.670959e+00 -2.648490e+01 6.484974e+00
      vertex -2.670959e+00 -2.999999e+01 1.000001e+01
      vertex -2.670959e+00 -2.681864e+01 6.050045e+00
    endloop
  endfacet
  facet normal 1.000000e+00 0.000000e+00 0.000000e+00
    outer loop
      vertex -2.670959e+00 -2.681864e+01 6.050045e+00
      vertex -2.670959e+00 -2.999999e+01 1.000001e+01
      vertex -2.670959e+00 -2.702843e+01 5.543559e+00
    endloop
  endfacet
  facet normal 1.000000e+00 0.000000e+00 0.000000e+00
    outer loop
      vertex -2.670959e+00 -2.702843e+01 5.543559e+00
      vertex -2.670959e+00 -2.999999e+01 1.000001e+01
      vertex -2.670959e+00 -2.709998e+01 4.999975e+00
    endloop
  endfacet
  facet normal 1.000000e+00 0.000000e+00 0.000000e+00
    outer loop
      vertex -2.670959e+00 -2.709998e+01 4.999975e+00
      vertex -2.670959e+00 -2.999999e+01 1.000001e+01
      vertex -2.670959e+00 -2.999998e+01 0.000000e+00
    endloop
  endfacet
  facet normal 1.000000e+00 0.000000e+00 0.000000e+00
    outer loop
      vertex -2.670959e+00 -1.999997e+01 0.000000e+00
      vertex -2.670959e+00 -2.394999e+01 3.181315e+00
      vertex -2.670959e+00 -2.999998e+01 0.000000e+00
    endloop
  endfacet
  facet normal 1.000000e+00 0.000000e+00 0.000000e+00
    outer loop
      vertex -2.670959e+00 -2.394999e+01 3.181315e+00
      vertex -2.670959e+00 -1.999997e+01 0.000000e+00
      vertex -2.670959e+00 -2.351507e+01 3.515032e+00
    endloop
  endfacet
  facet normal 1.000000e+00 0.000000e+00 0.000000e+00
    outer loop
      vertex -2.670959e+00 -2.351507e+01 3.515032e+00
      vertex -2.670959e+00 -1.999997e+01 0.000000e+00
      vertex -2.670959e+00 -2.318134e+01 3.949963e+00
    endloop
  endfacet
  facet normal 1.000000e+00 0.000000e+00 0.000000e+00
    outer loop
      vertex -2.670959e+00 -2.318134e+01 3.949963e+00
      vertex -2.670959e+00 -1.999997e+01 0.000000e+00
      vertex -2.670959e+00 -1.999999e+01 1.000001e+01
    endloop
  endfacet
  facet normal 1.000000e+00 0.000000e+00 0.000000e+00
    outer loop
      vertex -2.670959e+00 -2.318134e+01 3.949963e+00
      vertex -2.670959e+00 -1.999999e+01 1.000001e+01
      vertex -2.670959e+00 -2.297154e+01 4.456447e+00
    endloop
  endfacet
  facet normal 1.000000e+00 0.000000e+00 0.000000e+00
    outer loop
      vertex -2.670959e+00 -2.297154e+01 4.456447e+00
      vertex -2.670959e+00 -1.999999e+01 1.000001e+01
      vertex -2.670959e+00 -2.289998e+01 5.000032e+00
    endloop
  endfacet
  facet normal 1.000000e+00 0.000000e+00 0.000000e+00
    outer loop
      vertex -2.670959e+00 -2.999998e+01 0.000000e+00
      vertex -2.670959e+00 -2.394999e+01 3.181315e+00
      vertex -2.670959e+00 -2.445646e+01 2.971518e+00
    endloop
  endfacet
  facet normal 1.000000e+00 0.000000e+00 0.000000e+00
    outer loop
      vertex -2.670959e+00 -2.999998e+01 0.000000e+00
      vertex -2.670959e+00 -2.445646e+01 2.971518e+00
      vertex -2.670959e+00 -2.499997e+01 2.900029e+00
    endloop
  endfacet
  facet normal 1.000000e+00 0.000000e+00 0.000000e+00
    outer loop
      vertex -2.670959e+00 -2.999998e+01 0.000000e+00
      vertex -2.670959e+00 -2.499997e+01 2.900029e+00
      vertex -2.670959e+00 -2.554349e+01 2.971604e+00
    endloop
  endfacet
  facet normal 1.000000e+00 0.000000e+00 0.000000e+00
    outer loop
      vertex -2.670959e+00 -2.999998e+01 0.000000e+00
      vertex -2.670959e+00 -2.554349e+01 2.971604e+00
      vertex -2.670959e+00 -2.604999e+01 3.181288e+00
    endloop
  endfacet
  facet normal 1.000000e+00 0.000000e+00 0.000000e+00
    outer loop
      vertex -2.670959e+00 -2.999998e+01 0.000000e+00
      vertex -2.670959e+00 -2.604999e+01 3.181288e+00
      vertex -2.670959e+00 -2.648490e+01 3.515073e+00
    endloop
  endfacet
  facet normal 1.000000e+00 0.000000e+00 0.000000e+00
    outer loop
      vertex -2.670959e+00 -2.999998e+01 0.000000e+00
      vertex -2.670959e+00 -2.648490e+01 3.515073e+00
      vertex -2.670959e+00 -2.681864e+01 3.949949e+00
    endloop
  endfacet
  facet normal 1.000000e+00 0.000000e+00 0.000000e+00
    outer loop
      vertex -2.670959e+00 -2.999998e+01 0.000000e+00
      vertex -2.670959e+00 -2.681864e+01 3.949949e+00
      vertex -2.670959e+00 -2.702843e+01 4.456455e+00
    endloop
  endfacet
  facet normal 1.000000e+00 0.000000e+00 0.000000e+00
    outer loop
      vertex -2.670959e+00 -2.999998e+01 0.000000e+00
      vertex -2.670959e+00 -2.702843e+01 4.456455e+00
      vertex -2.670959e+00 -2.709998e+01 4.999975e+00
    endloop
  endfacet
  facet normal -2.568031e-15 -1.000000e+00 -2.048964e-06
    outer loop
      vertex -1.467096e+01 -2.999998e+01 0.000000e+00
      vertex -1.370953e+01 -2.999999e+01 1.000001e+01
      vertex -1.467096e+01 -2.999999e+01 1.000001e+01
    endloop
  endfacet
  facet normal -2.568031e-15 -1.000000e+00 -2.048964e-06
    outer loop
      vertex -1.370953e+01 -2.999999e+01 1.000001e+01
      vertex -1.467096e+01 -2.999998e+01 0.000000e+00
      vertex -1.290179e+01 -2.999999e+01 8.947438e+00
    endloop
  endfacet
  facet normal -2.568031e-15 -1.000000e+00 -2.048964e-06
    outer loop
      vertex -1.290179e+01 -2.999999e+01 8.947438e+00
      vertex -1.467096e+01 -2.999998e+01 0.000000e+00
      vertex -1.165912e+01 -2.999999e+01 7.993933e+00
    endloop
  endfacet
  facet normal -2.568031e-15 -1.000000e+00 -2.048964e-06
    outer loop
      vertex -1.165912e+01 -2.999999e+01 7.993933e+00
      vertex -1.467096e+01 -2.999998e+01 0.000000e+00
      vertex -1.021210e+01 -2.999999e+01 7.394521e+00
    endloop
  endfacet
  facet normal -2.568031e-15 -1.000000e+00 -2.048964e-06
    outer loop
      vertex -1.021210e+01 -2.999999e+01 7.394521e+00
      vertex -1.467096e+01 -2.999998e+01 0.000000e+00
      vertex -8.659119e+00 -3.000000e+01 7.190006e+00
    endloop
  endfacet
  facet normal -2.568031e-15 -1.000000e+00 -2.048964e-06
    outer loop
      vertex -4.416565e+00 -2.999999e+01 8.947438e+00
      vertex -2.670959e+00 -2.999999e+01 1.000001e+01
      vertex -3.608826e+00 -2.999999e+01 1.000001e+01
    endloop
  endfacet
  facet normal -2.568031e-15 -1.000000e+00 -2.048964e-06
    outer loop
      vertex -2.670959e+00 -2.999999e+01 1.000001e+01
      vertex -4.416565e+00 -2.999999e+01 8.947438e+00
      vertex -2.670959e+00 -2.999998e+01 0.000000e+00
    endloop
  endfacet
  facet normal -2.568031e-15 -1.000000e+00 -2.048964e-06
    outer loop
      vertex -2.670959e+00 -2.999998e+01 0.000000e+00
      vertex -4.416565e+00 -2.999999e+01 8.947438e+00
      vertex -5.659119e+00 -2.999999e+01 7.993933e+00
    endloop
  endfacet
  facet normal -2.568031e-15 -1.000000e+00 -2.048964e-06
    outer loop
      vertex -2.670959e+00 -2.999998e+01 0.000000e+00
      vertex -5.659119e+00 -2.999999e+01 7.993933e+00
      vertex -7.106262e+00 -2.999999e+01 7.394521e+00
    endloop
  endfacet
  facet normal -2.568031e-15 -1.000000e+00 -2.048964e-06
    outer loop
      vertex -2.670959e+00 -2.999998e+01 0.000000e+00
      vertex -7.106262e+00 -2.999999e+01 7.394521e+00
      vertex -8.659119e+00 -3.000000e+01 7.190006e+00
    endloop
  endfacet
  facet normal -2.568031e-15 -1.000000e+00 -2.048964e-06
    outer loop
      vertex -2.670959e+00 -2.999998e+01 0.000000e+00
      vertex -8.659119e+00 -3.000000e+01 7.190006e+00
      vertex -1.467096e+01 -2.999998e+01 0.000000e+00
    endloop
  endfacet
  facet normal 0.000000e+00 -8.660264e-01 4.999982e-01
    outer loop
      vertex -1.467096e+01 -2.318134e+01 3.949963e+00
      vertex -2.670959e+00 -2.297154e+01 4.456447e+00
      vertex -1.467096e+01 -2.297154e+01 4.456447e+00
    endloop
  endfacet
  facet normal 0.000000e+00 -9.659263e-01 2.588170e-01
    outer loop
      vertex -2.670959e+00 -2.297154e+01 4.456447e+00
      vertex -1.467096e+01 -2.318134e+01 3.949963e+00
      vertex -2.670959e+00 -2.318134e+01 3.949963e+00
    endloop
  endfacet
  facet normal 0.000000e+00 -9.659263e-01 2.588170e-01
    outer loop
      vertex -1.467096e+01 -2.297154e+01 4.456447e+00
      vertex -2.670959e+00 -2.289998e+01 5.000032e+00
      vertex -1.467096e+01 -2.289998e+01 5.000032e+00
    endloop
  endfacet
  facet normal 0.000000e+00 -1.000000e+00 -2.048964e-06
    outer loop
      vertex -2.670959e+00 -2.289998e+01 5.000032e+00
      vertex -1.467096e+01 -2.297154e+01 4.456447e+00
      vertex -2.670959e+00 -2.297154e+01 4.456447e+00
    endloop
  endfacet
  facet normal 0.000000e+00 -1.000000e+00 -2.048964e-06
    outer loop
      vertex -1.467096e+01 -2.289998e+01 5.000032e+00
      vertex -2.670959e+00 -2.297153e+01 5.543551e+00
      vertex -1.467096e+01 -2.297153e+01 5.543551e+00
    endloop
  endfacet
  facet normal 0.000000e+00 -9.659253e-01 -2.588210e-01
    outer loop
      vertex -2.670959e+00 -2.297153e+01 5.543551e+00
      vertex -1.467096e+01 -2.289998e+01 5.000032e+00
      vertex -2.670959e+00 -2.289998e+01 5.000032e+00
    endloop
  endfacet
  facet normal 0.000000e+00 -9.659253e-01 -2.588210e-01
    outer loop
      vertex -1.467096e+01 -2.297153e+01 5.543551e+00
      vertex -2.670959e+00 -2.318133e+01 6.050057e+00
      vertex -1.467096e+01 -2.318133e+01 6.050057e+00
    endloop
  endfacet
  facet normal 0.000000e+00 -8.660244e-01 -5.000017e-01
    outer loop
      vertex -2.670959e+00 -2.318133e+01 6.050057e+00
      vertex -1.467096e+01 -2.297153e+01 5.543551e+00
      vertex -2.670959e+00 -2.297153e+01 5.543551e+00
    endloop
  endfacet
  facet normal 0.000000e+00 -8.660244e-01 -5.000017e-01
    outer loop
      vertex -1.467096e+01 -2.318133e+01 6.050057e+00
      vertex -2.670959e+00 -2.351506e+01 6.484933e+00
      vertex -1.467096e+01 -2.351506e+01 6.484933e+00
    endloop
  endfacet
  facet normal 0.000000e+00 -7.071053e-01 -7.071083e-01
    outer loop
      vertex -2.670959e+00 -2.351506e+01 6.484933e+00
      vertex -1.467096e+01 -2.318133e+01 6.050057e+00
      vertex -2.670959e+00 -2.318133e+01 6.050057e+00
    endloop
  endfacet
  facet normal 0.000000e+00 4.999982e-01 8.660264e-01
    outer loop
      vertex -2.670959e+00 -2.604999e+01 3.181288e+00
      vertex -1.467096e+01 -2.554349e+01 2.971604e+00
      vertex -1.467096e+01 -2.604999e+01 3.181288e+00
    endloop
  endfacet
  facet normal 0.000000e+00 2.588170e-01 9.659263e-01
    outer loop
      vertex -1.467096e+01 -2.554349e+01 2.971604e+00
      vertex -2.670959e+00 -2.604999e+01 3.181288e+00
      vertex -2.670959e+00 -2.554349e+01 2.971604e+00
    endloop
  endfacet
  facet normal 0.000000e+00 2.588170e-01 9.659263e-01
    outer loop
      vertex -2.670959e+00 -2.554349e+01 2.971604e+00
      vertex -1.467096e+01 -2.499997e+01 2.900029e+00
      vertex -1.467096e+01 -2.554349e+01 2.971604e+00
    endloop
  endfacet
  facet normal 0.000000e+00 -2.048964e-06 1.000000e+00
    outer loop
      vertex -1.467096e+01 -2.499997e+01 2.900029e+00
      vertex -2.670959e+00 -2.554349e+01 2.971604e+00
      vertex -2.670959e+00 -2.499997e+01 2.900029e+00
    endloop
  endfacet
  facet normal 0.000000e+00 -7.071053e-01 -7.071083e-01
    outer loop
      vertex -2.670959e+00 -2.351506e+01 6.484933e+00
      vertex -1.467096e+01 -2.395000e+01 6.818599e+00
      vertex -1.467096e+01 -2.351506e+01 6.484933e+00
    endloop
  endfacet
  facet normal 0.000000e+00 -4.999982e-01 -8.660264e-01
    outer loop
      vertex -1.467096e+01 -2.395000e+01 6.818599e+00
      vertex -2.670959e+00 -2.351506e+01 6.484933e+00
      vertex -2.670959e+00 -2.395000e+01 6.818599e+00
    endloop
  endfacet
  facet normal 0.000000e+00 -4.999982e-01 -8.660264e-01
    outer loop
      vertex -2.670959e+00 -2.395000e+01 6.818599e+00
      vertex -1.467096e+01 -2.445647e+01 7.028402e+00
      vertex -1.467096e+01 -2.395000e+01 6.818599e+00
    endloop
  endfacet
  facet normal 0.000000e+00 -2.588170e-01 -9.659263e-01
    outer loop
      vertex -1.467096e+01 -2.445647e+01 7.028402e+00
      vertex -2.670959e+00 -2.395000e+01 6.818599e+00
      vertex -2.670959e+00 -2.445647e+01 7.028402e+00
    endloop
  endfacet
  facet normal 0.000000e+00 -2.588170e-01 -9.659263e-01
    outer loop
      vertex -2.670959e+00 -2.445647e+01 7.028402e+00
      vertex -1.467096e+01 -2.499999e+01 7.099977e+00
      vertex -1.467096e+01 -2.445647e+01 7.028402e+00
    endloop
  endfacet
  facet normal 0.000000e+00 2.048964e-06 -1.000000e+00
    outer loop
      vertex -1.467096e+01 -2.499999e+01 7.099977e+00
      vertex -2.670959e+00 -2.445647e+01 7.028402e+00
      vertex -2.670959e+00 -2.499999e+01 7.099977e+00
    endloop
  endfacet
  facet normal 0.000000e+00 2.048964e-06 -1.000000e+00
    outer loop
      vertex -2.670959e+00 -2.499999e+01 7.099977e+00
      vertex -1.467096e+01 -2.554350e+01 7.028488e+00
      vertex -1.467096e+01 -2.499999e+01 7.099977e+00
    endloop
  endfacet
  facet normal 0.000000e+00 2.588210e-01 -9.659253e-01
    outer loop
      vertex -1.467096e+01 -2.554350e+01 7.028488e+00
      vertex -2.670959e+00 -2.499999e+01 7.099977e+00
      vertex -2.670959e+00 -2.554350e+01 7.028488e+00
    endloop
  endfacet
  facet normal 0.000000e+00 2.588210e-01 -9.659253e-01
    outer loop
      vertex -2.670959e+00 -2.554350e+01 7.028488e+00
      vertex -1.467096e+01 -2.604998e+01 6.818691e+00
      vertex -1.467096e+01 -2.554350e+01 7.028488e+00
    endloop
  endfacet
  facet normal 0.000000e+00 5.000017e-01 -8.660244e-01
    outer loop
      vertex -1.467096e+01 -2.604998e+01 6.818691e+00
      vertex -2.670959e+00 -2.554350e+01 7.028488e+00
      vertex -2.670959e+00 -2.604998e+01 6.818691e+00
    endloop
  endfacet
  facet normal 0.000000e+00 5.000017e-01 -8.660244e-01
    outer loop
      vertex -2.670959e+00 -2.604998e+01 6.818691e+00
      vertex -1.467096e+01 -2.648490e+01 6.484974e+00
      vertex -1.467096e+01 -2.604998e+01 6.818691e+00
    endloop
  endfacet
  facet normal 0.000000e+00 7.071083e-01 -7.071053e-01
    outer loop
      vertex -1.467096e+01 -2.648490e+01 6.484974e+00
      vertex -2.670959e+00 -2.604998e+01 6.818691e+00
      vertex -2.670959e+00 -2.648490e+01 6.484974e+00
    endloop
  endfacet
  facet normal 0.000000e+00 8.660264e-01 -4.999982e-01
    outer loop
      vertex -2.670959e+00 -2.681864e+01 6.050045e+00
      vertex -1.467096e+01 -2.648490e+01 6.484974e+00
      vertex -2.670959e+00 -2.648490e+01 6.484974e+00
    endloop
  endfacet
  facet normal 0.000000e+00 7.071083e-01 -7.071053e-01
    outer loop
      vertex -1.467096e+01 -2.648490e+01 6.484974e+00
      vertex -2.670959e+00 -2.681864e+01 6.050045e+00
      vertex -1.467096e+01 -2.681864e+01 6.050045e+00
    endloop
  endfacet
  facet normal 0.000000e+00 9.659263e-01 -2.588170e-01
    outer loop
      vertex -2.670959e+00 -2.702843e+01 5.543559e+00
      vertex -1.467096e+01 -2.681864e+01 6.050045e+00
      vertex -2.670959e+00 -2.681864e+01 6.050045e+00
    endloop
  endfacet
  facet normal 0.000000e+00 8.660264e-01 -4.999982e-01
    outer loop
      vertex -1.467096e+01 -2.681864e+01 6.050045e+00
      vertex -2.670959e+00 -2.702843e+01 5.543559e+00
      vertex -1.467096e+01 -2.702843e+01 5.543559e+00
    endloop
  endfacet
  facet normal 0.000000e+00 1.000000e+00 2.048964e-06
    outer loop
      vertex -2.670959e+00 -2.709998e+01 4.999975e+00
      vertex -1.467096e+01 -2.702843e+01 5.543559e+00
      vertex -2.670959e+00 -2.702843e+01 5.543559e+00
    endloop
  endfacet
  facet normal 0.000000e+00 9.659263e-01 -2.588170e-01
    outer loop
      vertex -1.467096e+01 -2.702843e+01 5.543559e+00
      vertex -2.670959e+00 -2.709998e+01 4.999975e+00
      vertex -1.467096e+01 -2.709998e+01 4.999975e+00
    endloop
  endfacet
  facet normal 0.000000e+00 9.659253e-01 2.588210e-01
    outer loop
      vertex -2.670959e+00 -2.702843e+01 4.456455e+00
      vertex -1.467096e+01 -2.709998e+01 4.999975e+00
      vertex -2.670959e+00 -2.709998e+01 4.999975e+00
    endloop
  endfacet
  facet normal 0.000000e+00 1.000000e+00 2.048964e-06
    outer loop
      vertex -1.467096e+01 -2.709998e+01 4.999975e+00
      vertex -2.670959e+00 -2.702843e+01 4.456455e+00
      vertex -1.467096e+01 -2.702843e+01 4.456455e+00
    endloop
  endfacet
  facet normal 0.000000e+00 9.659253e-01 2.588210e-01
    outer loop
      vertex -2.670959e+00 2.297157e+01 4.456580e+00
      vertex -1.467096e+01 2.290002e+01 5.000099e+00
      vertex -2.670959e+00 2.290002e+01 5.000099e+00
    endloop
  endfacet
  facet normal 0.000000e+00 1.000000e+00 2.048964e-06
    outer loop
      vertex -1.467096e+01 2.290002e+01 5.000099e+00
      vertex -2.670959e+00 2.297157e+01 4.456580e+00
      vertex -1.467096e+01 2.297157e+01 4.456580e+00
    endloop
  endfacet
  facet normal 0.000000e+00 1.000000e+00 2.048964e-06
    outer loop
      vertex -2.670959e+00 2.290002e+01 5.000099e+00
      vertex -1.467096e+01 2.297156e+01 5.543562e+00
      vertex -2.670959e+00 2.297156e+01 5.543562e+00
    endloop
  endfacet
  facet normal 0.000000e+00 9.659263e-01 -2.588170e-01
    outer loop
      vertex -1.467096e+01 2.297156e+01 5.543562e+00
      vertex -2.670959e+00 2.290002e+01 5.000099e+00
      vertex -1.467096e+01 2.290002e+01 5.000099e+00
    endloop
  endfacet
  facet normal 0.000000e+00 9.659263e-01 -2.588170e-01
    outer loop
      vertex -2.670959e+00 2.297156e+01 5.543562e+00
      vertex -1.467096e+01 2.318135e+01 6.050049e+00
      vertex -2.670959e+00 2.318135e+01 6.050049e+00
    endloop
  endfacet
  facet normal 0.000000e+00 8.660264e-01 -4.999982e-01
    outer loop
      vertex -1.467096e+01 2.318135e+01 6.050049e+00
      vertex -2.670959e+00 2.297156e+01 5.543562e+00
      vertex -1.467096e+01 2.297156e+01 5.543562e+00
    endloop
  endfacet
  facet normal 0.000000e+00 8.660264e-01 -4.999982e-01
    outer loop
      vertex -2.670959e+00 2.318135e+01 6.050049e+00
      vertex -1.467096e+01 2.351508e+01 6.484979e+00
      vertex -2.670959e+00 2.351508e+01 6.484979e+00
    endloop
  endfacet
  facet normal 0.000000e+00 7.071083e-01 -7.071053e-01
    outer loop
      vertex -1.467096e+01 2.351508e+01 6.484979e+00
      vertex -2.670959e+00 2.318135e+01 6.050049e+00
      vertex -1.467096e+01 2.318135e+01 6.050049e+00
    endloop
  endfacet
  facet normal 0.000000e+00 5.000017e-01 -8.660244e-01
    outer loop
      vertex -2.670959e+00 2.395001e+01 6.818694e+00
      vertex -1.467096e+01 2.351508e+01 6.484979e+00
      vertex -1.467096e+01 2.395001e+01 6.818694e+00
    endloop
  endfacet
  facet normal 0.000000e+00 7.071083e-01 -7.071053e-01
    outer loop
      vertex -1.467096e+01 2.351508e+01 6.484979e+00
      vertex -2.670959e+00 2.395001e+01 6.818694e+00
      vertex -2.670959e+00 2.351508e+01 6.484979e+00
    endloop
  endfacet
  facet normal 0.000000e+00 2.588210e-01 -9.659253e-01
    outer loop
      vertex -2.670959e+00 2.445649e+01 7.028492e+00
      vertex -1.467096e+01 2.395001e+01 6.818694e+00
      vertex -1.467096e+01 2.445649e+01 7.028492e+00
    endloop
  endfacet
  facet normal 0.000000e+00 5.000017e-01 -8.660244e-01
    outer loop
      vertex -1.467096e+01 2.395001e+01 6.818694e+00
      vertex -2.670959e+00 2.445649e+01 7.028492e+00
      vertex -2.670959e+00 2.395001e+01 6.818694e+00
    endloop
  endfacet
  facet normal 0.000000e+00 2.048964e-06 -1.000000e+00
    outer loop
      vertex -2.670959e+00 2.500001e+01 7.100101e+00
      vertex -1.467096e+01 2.445649e+01 7.028492e+00
      vertex -1.467096e+01 2.500001e+01 7.100101e+00
    endloop
  endfacet
  facet normal 0.000000e+00 2.588210e-01 -9.659253e-01
    outer loop
      vertex -1.467096e+01 2.445649e+01 7.028492e+00
      vertex -2.670959e+00 2.500001e+01 7.100101e+00
      vertex -2.670959e+00 2.445649e+01 7.028492e+00
    endloop
  endfacet
  facet normal 0.000000e+00 -2.588170e-01 -9.659263e-01
    outer loop
      vertex -2.670959e+00 2.554353e+01 7.028527e+00
      vertex -1.467096e+01 2.500001e+01 7.100101e+00
      vertex -1.467096e+01 2.554353e+01 7.028527e+00
    endloop
  endfacet
  facet normal 0.000000e+00 2.048964e-06 -1.000000e+00
    outer loop
      vertex -1.467096e+01 2.500001e+01 7.100101e+00
      vertex -2.670959e+00 2.554353e+01 7.028527e+00
      vertex -2.670959e+00 2.500001e+01 7.100101e+00
    endloop
  endfacet
  facet normal 0.000000e+00 -4.999982e-01 -8.660264e-01
    outer loop
      vertex -2.670959e+00 2.605000e+01 6.818723e+00
      vertex -1.467096e+01 2.554353e+01 7.028527e+00
      vertex -1.467096e+01 2.605000e+01 6.818723e+00
    endloop
  endfacet
  facet normal 0.000000e+00 -2.588170e-01 -9.659263e-01
    outer loop
      vertex -1.467096e+01 2.554353e+01 7.028527e+00
      vertex -2.670959e+00 2.605000e+01 6.818723e+00
      vertex -2.670959e+00 2.554353e+01 7.028527e+00
    endloop
  endfacet
  facet normal 0.000000e+00 -7.071053e-01 -7.071083e-01
    outer loop
      vertex -2.670959e+00 2.648494e+01 6.485058e+00
      vertex -1.467096e+01 2.605000e+01 6.818723e+00
      vertex -1.467096e+01 2.648494e+01 6.485058e+00
    endloop
  endfacet
  facet normal 0.000000e+00 -4.999982e-01 -8.660264e-01
    outer loop
      vertex -1.467096e+01 2.605000e+01 6.818723e+00
      vertex -2.670959e+00 2.648494e+01 6.485058e+00
      vertex -2.670959e+00 2.605000e+01 6.818723e+00
    endloop
  endfacet
  facet normal 0.000000e+00 2.048964e-06 -1.000000e+00
    outer loop
      vertex 1.465887e+01 2.000002e+01 7.128062e+00
      vertex 2.658875e+00 1.945650e+01 7.056573e+00
      vertex 2.658875e+00 2.000002e+01 7.128062e+00
    endloop
  endfacet
  facet normal 0.000000e+00 2.588210e-01 -9.659253e-01
    outer loop
      vertex 2.658875e+00 1.945650e+01 7.056573e+00
      vertex 1.465887e+01 2.000002e+01 7.128062e+00
      vertex 1.465887e+01 1.945650e+01 7.056573e+00
    endloop
  endfacet
  facet normal 0.000000e+00 -4.999982e-01 -8.660264e-01
    outer loop
      vertex 1.465887e+01 2.105001e+01 6.846684e+00
      vertex 2.658875e+00 2.054352e+01 7.056489e+00
      vertex 2.658875e+00 2.105001e+01 6.846684e+00
    endloop
  endfacet
  facet normal 0.000000e+00 -2.588170e-01 -9.659263e-01
    outer loop
      vertex 2.658875e+00 2.054352e+01 7.056489e+00
      vertex 1.465887e+01 2.105001e+01 6.846684e+00
      vertex 1.465887e+01 2.054352e+01 7.056489e+00
    endloop
  endfacet
  facet normal 0.000000e+00 5.000017e-01 -8.660244e-01
    outer loop
      vertex 1.465887e+01 1.895001e+01 6.846778e+00
      vertex 2.658875e+00 1.851508e+01 6.512940e+00
      vertex 2.658875e+00 1.895001e+01 6.846778e+00
    endloop
  endfacet
  facet normal 0.000000e+00 7.071083e-01 -7.071053e-01
    outer loop
      vertex 2.658875e+00 1.851508e+01 6.512940e+00
      vertex 1.465887e+01 1.895001e+01 6.846778e+00
      vertex 1.465887e+01 1.851508e+01 6.512940e+00
    endloop
  endfacet
  facet normal 0.000000e+00 4.999982e-01 8.660264e-01
    outer loop
      vertex 1.465887e+01 1.895001e+01 3.209373e+00
      vertex 2.658875e+00 1.945651e+01 2.999690e+00
      vertex 2.658875e+00 1.895001e+01 3.209373e+00
    endloop
  endfacet
  facet normal 0.000000e+00 2.588170e-01 9.659263e-01
    outer loop
      vertex 2.658875e+00 1.945651e+01 2.999690e+00
      vertex 1.465887e+01 1.895001e+01 3.209373e+00
      vertex 1.465887e+01 1.945651e+01 2.999690e+00
    endloop
  endfacet
  facet normal 0.000000e+00 -7.071053e-01 -7.071083e-01
    outer loop
      vertex 1.465887e+01 2.148494e+01 6.513019e+00
      vertex 2.658875e+00 2.105001e+01 6.846684e+00
      vertex 2.658875e+00 2.148494e+01 6.513019e+00
    endloop
  endfacet
  facet normal 0.000000e+00 -4.999982e-01 -8.660264e-01
    outer loop
      vertex 2.658875e+00 2.105001e+01 6.846684e+00
      vertex 1.465887e+01 2.148494e+01 6.513019e+00
      vertex 1.465887e+01 2.105001e+01 6.846684e+00
    endloop
  endfacet
  facet normal 0.000000e+00 7.071053e-01 7.071083e-01
    outer loop
      vertex 1.465887e+01 1.851509e+01 3.543160e+00
      vertex 2.658875e+00 1.818135e+01 3.978036e+00
      vertex 1.465887e+01 1.818135e+01 3.978036e+00
    endloop
  endfacet
  facet normal 0.000000e+00 8.660244e-01 5.000017e-01
    outer loop
      vertex 2.658875e+00 1.818135e+01 3.978036e+00
      vertex 1.465887e+01 1.851509e+01 3.543160e+00
      vertex 2.658875e+00 1.851509e+01 3.543160e+00
    endloop
  endfacet
  facet normal 0.000000e+00 -2.588210e-01 9.659253e-01
    outer loop
      vertex 1.465887e+01 2.054353e+01 2.999605e+00
      vertex 2.658875e+00 2.105002e+01 3.209401e+00
      vertex 2.658875e+00 2.054353e+01 2.999605e+00
    endloop
  endfacet
  facet normal 0.000000e+00 -5.000017e-01 8.660244e-01
    outer loop
      vertex 2.658875e+00 2.105002e+01 3.209401e+00
      vertex 1.465887e+01 2.054353e+01 2.999605e+00
      vertex 1.465887e+01 2.105002e+01 3.209401e+00
    endloop
  endfacet
  facet normal 0.000000e+00 -5.000017e-01 8.660244e-01
    outer loop
      vertex 1.465887e+01 2.105002e+01 3.209401e+00
      vertex 2.658875e+00 2.148494e+01 3.543117e+00
      vertex 2.658875e+00 2.105002e+01 3.209401e+00
    endloop
  endfacet
  facet normal 0.000000e+00 -7.071083e-01 7.071053e-01
    outer loop
      vertex 2.658875e+00 2.148494e+01 3.543117e+00
      vertex 1.465887e+01 2.105002e+01 3.209401e+00
      vertex 1.465887e+01 2.148494e+01 3.543117e+00
    endloop
  endfacet
  facet normal 0.000000e+00 -7.071083e-01 7.071053e-01
    outer loop
      vertex 2.658875e+00 2.148494e+01 3.543117e+00
      vertex 1.465887e+01 2.181867e+01 3.978048e+00
      vertex 2.658875e+00 2.181867e+01 3.978048e+00
    endloop
  endfacet
  facet normal 0.000000e+00 -8.660264e-01 4.999982e-01
    outer loop
      vertex 1.465887e+01 2.181867e+01 3.978048e+00
      vertex 2.658875e+00 2.148494e+01 3.543117e+00
      vertex 1.465887e+01 2.148494e+01 3.543117e+00
    endloop
  endfacet
  facet normal 1.000000e+00 0.000000e+00 0.000000e+00
    outer loop
      vertex 1.465887e+01 2.500000e+01 1.002809e+01
      vertex 1.465887e+01 2.181867e+01 6.078021e+00
      vertex 1.465887e+01 2.500002e+01 2.808710e-02
    endloop
  endfacet
  facet normal 1.000000e+00 0.000000e+00 0.000000e+00
    outer loop
      vertex 1.465887e+01 2.181867e+01 6.078021e+00
      vertex 1.465887e+01 2.500000e+01 1.002809e+01
      vertex 1.465887e+01 2.148494e+01 6.513019e+00
    endloop
  endfacet
  facet normal 1.000000e+00 0.000000e+00 0.000000e+00
    outer loop
      vertex 1.465887e+01 2.148494e+01 6.513019e+00
      vertex 1.465887e+01 2.500000e+01 1.002809e+01
      vertex 1.465887e+01 2.105001e+01 6.846684e+00
    endloop
  endfacet
  facet normal 1.000000e+00 0.000000e+00 0.000000e+00
    outer loop
      vertex 1.465887e+01 2.105001e+01 6.846684e+00
      vertex 1.465887e+01 2.500000e+01 1.002809e+01
      vertex 1.465887e+01 1.500002e+01 1.002809e+01
    endloop
  endfacet
  facet normal 1.000000e+00 0.000000e+00 0.000000e+00
    outer loop
      vertex 1.465887e+01 2.500002e+01 2.808710e-02
      vertex 1.465887e+01 2.181867e+01 6.078021e+00
      vertex 1.465887e+01 2.202846e+01 5.571638e+00
    endloop
  endfacet
  facet normal 1.000000e+00 0.000000e+00 0.000000e+00
    outer loop
      vertex 1.465887e+01 2.500002e+01 2.808710e-02
      vertex 1.465887e+01 2.202846e+01 5.571638e+00
      vertex 1.465887e+01 2.210002e+01 5.028117e+00
    endloop
  endfacet
  facet normal 1.000000e+00 0.000000e+00 0.000000e+00
    outer loop
      vertex 1.465887e+01 2.105001e+01 6.846684e+00
      vertex 1.465887e+01 1.500002e+01 1.002809e+01
      vertex 1.465887e+01 2.054352e+01 7.056489e+00
    endloop
  endfacet
  facet normal 1.000000e+00 0.000000e+00 0.000000e+00
    outer loop
      vertex 1.465887e+01 2.054352e+01 7.056489e+00
      vertex 1.465887e+01 1.500002e+01 1.002809e+01
      vertex 1.465887e+01 2.000002e+01 7.128062e+00
    endloop
  endfacet
  facet normal 1.000000e+00 0.000000e+00 0.000000e+00
    outer loop
      vertex 1.465887e+01 2.000002e+01 7.128062e+00
      vertex 1.465887e+01 1.500002e+01 1.002809e+01
      vertex 1.465887e+01 1.945650e+01 7.056573e+00
    endloop
  endfacet
  facet normal 1.000000e+00 0.000000e+00 0.000000e+00
    outer loop
      vertex 1.465887e+01 1.945650e+01 7.056573e+00
      vertex 1.465887e+01 1.500002e+01 1.002809e+01
      vertex 1.465887e+01 1.895001e+01 6.846778e+00
    endloop
  endfacet
  facet normal 1.000000e+00 0.000000e+00 0.000000e+00
    outer loop
      vertex 1.465887e+01 1.895001e+01 6.846778e+00
      vertex 1.465887e+01 1.500002e+01 1.002809e+01
      vertex 1.465887e+01 1.851508e+01 6.512940e+00
    endloop
  endfacet
  facet normal 1.000000e+00 0.000000e+00 0.000000e+00
    outer loop
      vertex 1.465887e+01 1.851508e+01 6.512940e+00
      vertex 1.465887e+01 1.500002e+01 1.002809e+01
      vertex 1.465887e+01 1.818137e+01 6.078130e+00
    endloop
  endfacet
  facet normal 1.000000e+00 0.000000e+00 0.000000e+00
    outer loop
      vertex 1.465887e+01 1.818137e+01 6.078130e+00
      vertex 1.465887e+01 1.500002e+01 1.002809e+01
      vertex 1.465887e+01 1.797158e+01 5.571644e+00
    endloop
  endfacet
  facet normal 1.000000e+00 0.000000e+00 0.000000e+00
    outer loop
      vertex 1.465887e+01 1.797158e+01 5.571644e+00
      vertex 1.465887e+01 1.500002e+01 1.002809e+01
      vertex 1.465887e+01 1.790001e+01 5.028062e+00
    endloop
  endfacet
  facet normal 1.000000e+00 0.000000e+00 0.000000e+00
    outer loop
      vertex 1.465887e+01 2.500002e+01 2.808710e-02
      vertex 1.465887e+01 2.105002e+01 3.209401e+00
      vertex 1.465887e+01 1.500003e+01 2.808533e-02
    endloop
  endfacet
  facet normal 1.000000e+00 0.000000e+00 0.000000e+00
    outer loop
      vertex 1.465887e+01 2.105002e+01 3.209401e+00
      vertex 1.465887e+01 2.500002e+01 2.808710e-02
      vertex 1.465887e+01 2.148494e+01 3.543117e+00
    endloop
  endfacet
  facet normal 1.000000e+00 0.000000e+00 0.000000e+00
    outer loop
      vertex 1.465887e+01 2.148494e+01 3.543117e+00
      vertex 1.465887e+01 2.500002e+01 2.808710e-02
      vertex 1.465887e+01 2.181867e+01 3.978048e+00
    endloop
  endfacet
  facet normal 1.000000e+00 0.000000e+00 0.000000e+00
    outer loop
      vertex 1.465887e+01 2.181867e+01 3.978048e+00
      vertex 1.465887e+01 2.500002e+01 2.808710e-02
      vertex 1.465887e+01 2.202846e+01 4.484535e+00
    endloop
  endfacet
  facet normal 1.000000e+00 0.000000e+00 0.000000e+00
    outer loop
      vertex 1.465887e+01 2.202846e+01 4.484535e+00
      vertex 1.465887e+01 2.500002e+01 2.808710e-02
      vertex 1.465887e+01 2.210002e+01 5.028117e+00
    endloop
  endfacet
  facet normal 1.000000e+00 0.000000e+00 0.000000e+00
    outer loop
      vertex 1.465887e+01 1.500003e+01 2.808533e-02
      vertex 1.465887e+01 2.105002e+01 3.209401e+00
      vertex 1.465887e+01 2.054353e+01 2.999605e+00
    endloop
  endfacet
  facet normal 1.000000e+00 0.000000e+00 0.000000e+00
    outer loop
      vertex 1.465887e+01 1.500003e+01 2.808533e-02
      vertex 1.465887e+01 2.054353e+01 2.999605e+00
      vertex 1.465887e+01 2.000002e+01 2.928117e+00
    endloop
  endfacet
  facet normal 1.000000e+00 0.000000e+00 0.000000e+00
    outer loop
      vertex 1.465887e+01 1.500003e+01 2.808533e-02
      vertex 1.465887e+01 2.000002e+01 2.928117e+00
      vertex 1.465887e+01 1.945651e+01 2.999690e+00
    endloop
  endfacet
  facet normal 1.000000e+00 0.000000e+00 0.000000e+00
    outer loop
      vertex 1.465887e+01 1.500003e+01 2.808533e-02
      vertex 1.465887e+01 1.945651e+01 2.999690e+00
      vertex 1.465887e+01 1.895001e+01 3.209373e+00
    endloop
  endfacet
  facet normal 1.000000e+00 0.000000e+00 0.000000e+00
    outer loop
      vertex 1.465887e+01 1.500003e+01 2.808533e-02
      vertex 1.465887e+01 1.895001e+01 3.209373e+00
      vertex 1.465887e+01 1.851509e+01 3.543160e+00
    endloop
  endfacet
  facet normal 1.000000e+00 0.000000e+00 0.000000e+00
    outer loop
      vertex 1.465887e+01 1.500003e+01 2.808533e-02
      vertex 1.465887e+01 1.851509e+01 3.543160e+00
      vertex 1.465887e+01 1.818135e+01 3.978036e+00
    endloop
  endfacet
  facet normal 1.000000e+00 0.000000e+00 0.000000e+00
    outer loop
      vertex 1.465887e+01 1.500003e+01 2.808533e-02
      vertex 1.465887e+01 1.818135e+01 3.978036e+00
      vertex 1.465887e+01 1.797158e+01 4.484540e+00
    endloop
  endfacet
  facet normal 1.000000e+00 0.000000e+00 0.000000e+00
    outer loop
      vertex 1.465887e+01 1.500003e+01 2.808533e-02
      vertex 1.465887e+01 1.797158e+01 4.484540e+00
      vertex 1.465887e+01 1.790001e+01 5.028062e+00
    endloop
  endfacet
  facet normal 1.000000e+00 0.000000e+00 0.000000e+00
    outer loop
      vertex 1.465887e+01 1.500003e+01 2.808533e-02
      vertex 1.465887e+01 1.790001e+01 5.028062e+00
      vertex 1.465887e+01 1.500002e+01 1.002809e+01
    endloop
  endfacet
  facet normal 0.000000e+00 7.071053e-01 7.071083e-01
    outer loop
      vertex 1.465887e+01 1.851509e+01 3.543160e+00
      vertex 2.658875e+00 1.895001e+01 3.209373e+00
      vertex 2.658875e+00 1.851509e+01 3.543160e+00
    endloop
  endfacet
  facet normal 0.000000e+00 4.999982e-01 8.660264e-01
    outer loop
      vertex 2.658875e+00 1.895001e+01 3.209373e+00
      vertex 1.465887e+01 1.851509e+01 3.543160e+00
      vertex 1.465887e+01 1.895001e+01 3.209373e+00
    endloop
  endfacet
  facet normal -2.862833e-15 -1.000000e+00 -2.048964e-06
    outer loop
      vertex 2.658875e+00 1.500003e+01 2.808533e-02
      vertex 3.618591e+00 1.500002e+01 1.002809e+01
      vertex 2.658875e+00 1.500002e+01 1.002809e+01
    endloop
  endfacet
  facet normal -2.862833e-15 -1.000000e+00 -2.048964e-06
    outer loop
      vertex 3.618591e+00 1.500002e+01 1.002809e+01
      vertex 2.658875e+00 1.500003e+01 2.808533e-02
      vertex 1.372296e+01 1.500002e+01 1.002809e+01
    endloop
  endfacet
  facet normal -2.862833e-15 -1.000000e+00 -2.048964e-06
    outer loop
      vertex 1.372296e+01 1.500002e+01 1.002809e+01
      vertex 1.465887e+01 1.500003e+01 2.808533e-02
      vertex 1.465887e+01 1.500002e+01 1.002809e+01
    endloop
  endfacet
  facet normal -2.862833e-15 -1.000000e+00 -2.048964e-06
    outer loop
      vertex 1.465887e+01 1.500003e+01 2.808533e-02
      vertex 1.372296e+01 1.500002e+01 1.002809e+01
      vertex 2.658875e+00 1.500003e+01 2.808533e-02
    endloop
  endfacet
  facet normal 0.000000e+00 -9.659263e-01 2.588170e-01
    outer loop
      vertex 2.658875e+00 2.202846e+01 4.484535e+00
      vertex 1.465887e+01 2.210002e+01 5.028117e+00
      vertex 2.658875e+00 2.210002e+01 5.028117e+00
    endloop
  endfacet
  facet normal 0.000000e+00 -1.000000e+00 -2.048964e-06
    outer loop
      vertex 1.465887e+01 2.210002e+01 5.028117e+00
      vertex 2.658875e+00 2.202846e+01 4.484535e+00
      vertex 1.465887e+01 2.202846e+01 4.484535e+00
    endloop
  endfacet
  facet normal 0.000000e+00 -1.000000e+00 -2.048964e-06
    outer loop
      vertex 2.658875e+00 2.210002e+01 5.028117e+00
      vertex 1.465887e+01 2.202846e+01 5.571638e+00
      vertex 2.658875e+00 2.202846e+01 5.571638e+00
    endloop
  endfacet
  facet normal 0.000000e+00 -9.659253e-01 -2.588210e-01
    outer loop
      vertex 1.465887e+01 2.202846e+01 5.571638e+00
      vertex 2.658875e+00 2.210002e+01 5.028117e+00
      vertex 1.465887e+01 2.210002e+01 5.028117e+00
    endloop
  endfacet
  facet normal 0.000000e+00 -8.660264e-01 4.999982e-01
    outer loop
      vertex 2.658875e+00 2.181867e+01 3.978048e+00
      vertex 1.465887e+01 2.202846e+01 4.484535e+00
      vertex 2.658875e+00 2.202846e+01 4.484535e+00
    endloop
  endfacet
  facet normal 0.000000e+00 -9.659263e-01 2.588170e-01
    outer loop
      vertex 1.465887e+01 2.202846e+01 4.484535e+00
      vertex 2.658875e+00 2.181867e+01 3.978048e+00
      vertex 1.465887e+01 2.181867e+01 3.978048e+00
    endloop
  endfacet
  facet normal 0.000000e+00 -9.659253e-01 -2.588210e-01
    outer loop
      vertex 2.658875e+00 2.202846e+01 5.571638e+00
      vertex 1.465887e+01 2.181867e+01 6.078021e+00
      vertex 2.658875e+00 2.181867e+01 6.078021e+00
    endloop
  endfacet
  facet normal 0.000000e+00 -8.660244e-01 -5.000017e-01
    outer loop
      vertex 1.465887e+01 2.181867e+01 6.078021e+00
      vertex 2.658875e+00 2.202846e+01 5.571638e+00
      vertex 1.465887e+01 2.202846e+01 5.571638e+00
    endloop
  endfacet
  facet normal 5.000000e-01 1.773525e-06 -8.660254e-01
    outer loop
      vertex 1.167096e+01 -1.508142e+01 8.021976e+00
      vertex 1.022382e+01 -2.508141e+01 7.422562e+00
      vertex 1.022382e+01 -1.508142e+01 7.422564e+00
    endloop
  endfacet
  facet normal 2.576969e-01 -5.796441e-06 -9.662258e-01
    outer loop
      vertex 1.022382e+01 -2.508141e+01 7.422562e+00
      vertex 1.167096e+01 -1.508142e+01 8.021976e+00
      vertex 1.167096e+01 -2.508142e+01 8.021976e+00
    endloop
  endfacet
  facet normal 0.000000e+00 -9.659263e-01 2.588170e-01
    outer loop
      vertex 1.929260e+00 -1.805297e+01 4.659632e+00
      vertex 1.392926e+01 -1.798142e+01 5.203216e+00
      vertex 1.929260e+00 -1.798142e+01 5.203216e+00
    endloop
  endfacet
  facet normal 0.000000e+00 -1.000000e+00 -2.048964e-06
    outer loop
      vertex 1.392926e+01 -1.798142e+01 5.203216e+00
      vertex 1.929260e+00 -1.805297e+01 4.659632e+00
      vertex 1.392926e+01 -1.805297e+01 4.659632e+00
    endloop
  endfacet
  facet normal 0.000000e+00 7.071053e-01 7.071083e-01
    outer loop
      vertex -2.670959e+00 2.351510e+01 3.515197e+00
      vertex -1.467096e+01 2.395001e+01 3.181413e+00
      vertex -1.467096e+01 2.351510e+01 3.515197e+00
    endloop
  endfacet
  facet normal 0.000000e+00 4.999982e-01 8.660264e-01
    outer loop
      vertex -1.467096e+01 2.395001e+01 3.181413e+00
      vertex -2.670959e+00 2.351510e+01 3.515197e+00
      vertex -2.670959e+00 2.395001e+01 3.181413e+00
    endloop
  endfacet
  facet normal -3.939529e-04 -1.721191e-05 9.999999e-01
    outer loop
      vertex 1.386456e+01 -2.508142e+01 1.021069e+01
      vertex 3.477844e+00 -1.508142e+01 1.020675e+01
      vertex 3.477722e+00 -2.508142e+01 1.020675e+01
    endloop
  endfacet
  facet normal -3.939529e-04 -1.721191e-05 9.999999e-01
    outer loop
      vertex 3.477844e+00 -1.508142e+01 1.020675e+01
      vertex 1.386456e+01 -2.508142e+01 1.021069e+01
      vertex 1.386456e+01 -1.508144e+01 1.021093e+01
    endloop
  endfacet
  facet normal 0.000000e+00 8.660244e-01 5.000017e-01
    outer loop
      vertex 1.465887e+01 1.818135e+01 3.978036e+00
      vertex 2.658875e+00 1.797158e+01 4.484540e+00
      vertex 1.465887e+01 1.797158e+01 4.484540e+00
    endloop
  endfacet
  facet normal 0.000000e+00 9.659253e-01 2.588210e-01
    outer loop
      vertex 2.658875e+00 1.797158e+01 4.484540e+00
      vertex 1.465887e+01 1.818135e+01 3.978036e+00
      vertex 2.658875e+00 1.818135e+01 3.978036e+00
    endloop
  endfacet
  facet normal 0.000000e+00 9.659263e-01 -2.588170e-01
    outer loop
      vertex 1.465887e+01 1.797158e+01 5.571644e+00
      vertex 2.658875e+00 1.818137e+01 6.078130e+00
      vertex 1.465887e+01 1.818137e+01 6.078130e+00
    endloop
  endfacet
  facet normal 0.000000e+00 8.660264e-01 -4.999982e-01
    outer loop
      vertex 2.658875e+00 1.818137e+01 6.078130e+00
      vertex 1.465887e+01 1.797158e+01 5.571644e+00
      vertex 2.658875e+00 1.797158e+01 5.571644e+00
    endloop
  endfacet
  facet normal 0.000000e+00 9.659253e-01 2.588210e-01
    outer loop
      vertex 1.465887e+01 1.797158e+01 4.484540e+00
      vertex 2.658875e+00 1.790001e+01 5.028062e+00
      vertex 1.465887e+01 1.790001e+01 5.028062e+00
    endloop
  endfacet
  facet normal 0.000000e+00 1.000000e+00 2.048964e-06
    outer loop
      vertex 2.658875e+00 1.790001e+01 5.028062e+00
      vertex 1.465887e+01 1.797158e+01 4.484540e+00
      vertex 2.658875e+00 1.797158e+01 4.484540e+00
    endloop
  endfacet
  facet normal 0.000000e+00 1.000000e+00 2.048964e-06
    outer loop
      vertex 1.465887e+01 1.790001e+01 5.028062e+00
      vertex 2.658875e+00 1.797158e+01 5.571644e+00
      vertex 1.465887e+01 1.797158e+01 5.571644e+00
    endloop
  endfacet
  facet normal 0.000000e+00 9.659263e-01 -2.588170e-01
    outer loop
      vertex 2.658875e+00 1.797158e+01 5.571644e+00
      vertex 1.465887e+01 1.790001e+01 5.028062e+00
      vertex 2.658875e+00 1.790001e+01 5.028062e+00
    endloop
  endfacet
  facet normal 0.000000e+00 2.588210e-01 -9.659253e-01
    outer loop
      vertex 1.465887e+01 1.945650e+01 7.056573e+00
      vertex 2.658875e+00 1.895001e+01 6.846778e+00
      vertex 2.658875e+00 1.945650e+01 7.056573e+00
    endloop
  endfacet
  facet normal 0.000000e+00 5.000017e-01 -8.660244e-01
    outer loop
      vertex 2.658875e+00 1.895001e+01 6.846778e+00
      vertex 1.465887e+01 1.945650e+01 7.056573e+00
      vertex 1.465887e+01 1.895001e+01 6.846778e+00
    endloop
  endfacet
  facet normal 0.000000e+00 8.660264e-01 -4.999982e-01
    outer loop
      vertex 1.465887e+01 1.818137e+01 6.078130e+00
      vertex 2.658875e+00 1.851508e+01 6.512940e+00
      vertex 1.465887e+01 1.851508e+01 6.512940e+00
    endloop
  endfacet
  facet normal 0.000000e+00 7.071083e-01 -7.071053e-01
    outer loop
      vertex 2.658875e+00 1.851508e+01 6.512940e+00
      vertex 1.465887e+01 1.818137e+01 6.078130e+00
      vertex 2.658875e+00 1.818137e+01 6.078130e+00
    endloop
  endfacet
  facet normal 0.000000e+00 -8.660244e-01 -5.000017e-01
    outer loop
      vertex 2.658875e+00 2.181867e+01 6.078021e+00
      vertex 1.465887e+01 2.148494e+01 6.513019e+00
      vertex 2.658875e+00 2.148494e+01 6.513019e+00
    endloop
  endfacet
  facet normal 0.000000e+00 -7.071053e-01 -7.071083e-01
    outer loop
      vertex 1.465887e+01 2.148494e+01 6.513019e+00
      vertex 2.658875e+00 2.181867e+01 6.078021e+00
      vertex 1.465887e+01 2.181867e+01 6.078021e+00
    endloop
  endfacet
  facet normal 0.000000e+00 2.588170e-01 9.659263e-01
    outer loop
      vertex 1.465887e+01 1.945651e+01 2.999690e+00
      vertex 2.658875e+00 2.000002e+01 2.928117e+00
      vertex 2.658875e+00 1.945651e+01 2.999690e+00
    endloop
  endfacet
  facet normal 0.000000e+00 -2.048964e-06 1.000000e+00
    outer loop
      vertex 2.658875e+00 2.000002e+01 2.928117e+00
      vertex 1.465887e+01 1.945651e+01 2.999690e+00
      vertex 1.465887e+01 2.000002e+01 2.928117e+00
    endloop
  endfacet
  facet normal 0.000000e+00 -2.588170e-01 -9.659263e-01
    outer loop
      vertex 1.465887e+01 2.054352e+01 7.056489e+00
      vertex 2.658875e+00 2.000002e+01 7.128062e+00
      vertex 2.658875e+00 2.054352e+01 7.056489e+00
    endloop
  endfacet
  facet normal 0.000000e+00 2.048964e-06 -1.000000e+00
    outer loop
      vertex 2.658875e+00 2.000002e+01 7.128062e+00
      vertex 1.465887e+01 2.054352e+01 7.056489e+00
      vertex 1.465887e+01 2.000002e+01 7.128062e+00
    endloop
  endfacet
  facet normal 1.683297e-14 -2.048964e-06 1.000000e+00
    outer loop
      vertex 1.372296e+01 1.500002e+01 1.002809e+01
      vertex 3.618835e+00 2.500000e+01 1.002809e+01
      vertex 3.618591e+00 1.500002e+01 1.002809e+01
    endloop
  endfacet
  facet normal 1.683297e-14 -2.048964e-06 1.000000e+00
    outer loop
      vertex 3.618835e+00 2.500000e+01 1.002809e+01
      vertex 1.372296e+01 1.500002e+01 1.002809e+01
      vertex 1.372260e+01 2.500000e+01 1.002809e+01
    endloop
  endfacet
  facet normal 0.000000e+00 -2.048964e-06 1.000000e+00
    outer loop
      vertex 1.465887e+01 2.000002e+01 2.928117e+00
      vertex 2.658875e+00 2.054353e+01 2.999605e+00
      vertex 2.658875e+00 2.000002e+01 2.928117e+00
    endloop
  endfacet
  facet normal 0.000000e+00 -2.588210e-01 9.659253e-01
    outer loop
      vertex 2.658875e+00 2.054353e+01 2.999605e+00
      vertex 1.465887e+01 2.000002e+01 2.928117e+00
      vertex 1.465887e+01 2.054353e+01 2.999605e+00
    endloop
  endfacet
  facet normal 7.071068e-01 1.446558e-06 -7.071068e-01
    outer loop
      vertex 6.903137e+00 -3.050000e+01 1.498592e+01
      vertex 6.505798e+00 3.050000e+01 1.446828e+01
      vertex 6.903137e+00 3.050000e+01 1.498596e+01
    endloop
  endfacet
  facet normal 8.660254e-01 1.024482e-06 -5.000000e-01
    outer loop
      vertex 6.505798e+00 3.050000e+01 1.446828e+01
      vertex 6.903137e+00 -3.050000e+01 1.498592e+01
      vertex 6.505798e+00 -3.050001e+01 1.446812e+01
    endloop
  endfacet
  facet normal -8.660254e-01 -1.024482e-06 5.000000e-01
    outer loop
      vertex 3.474792e+00 -3.050000e+01 1.621817e+01
      vertex 4.428284e+00 3.050000e+01 1.746092e+01
      vertex 3.474792e+00 3.049999e+01 1.621821e+01
    endloop
  endfacet
  facet normal -7.071068e-01 -1.446558e-06 7.071068e-01
    outer loop
      vertex 4.428284e+00 3.050000e+01 1.746092e+01
      vertex 3.474792e+00 -3.050000e+01 1.621817e+01
      vertex 4.428284e+00 -3.050001e+01 1.746076e+01
    endloop
  endfacet
  facet normal 0.000000e+00 2.588170e-01 9.659263e-01
    outer loop
      vertex -2.670959e+00 2.445650e+01 2.971608e+00
      vertex -1.467096e+01 2.500003e+01 2.900154e+00
      vertex -1.467096e+01 2.445650e+01 2.971608e+00
    endloop
  endfacet
  facet normal 0.000000e+00 -2.048964e-06 1.000000e+00
    outer loop
      vertex -1.467096e+01 2.500003e+01 2.900154e+00
      vertex -2.670959e+00 2.445650e+01 2.971608e+00
      vertex -2.670959e+00 2.500003e+01 2.900154e+00
    endloop
  endfacet
  facet normal 0.000000e+00 4.999982e-01 8.660264e-01
    outer loop
      vertex -2.670959e+00 2.395001e+01 3.181413e+00
      vertex -1.467096e+01 2.445650e+01 2.971608e+00
      vertex -1.467096e+01 2.395001e+01 3.181413e+00
    endloop
  endfacet
  facet normal 0.000000e+00 2.588170e-01 9.659263e-01
    outer loop
      vertex -1.467096e+01 2.445650e+01 2.971608e+00
      vertex -2.670959e+00 2.395001e+01 3.181413e+00
      vertex -2.670959e+00 2.445650e+01 2.971608e+00
    endloop
  endfacet
  facet normal 0.000000e+00 -8.660244e-01 -5.000017e-01
    outer loop
      vertex -1.467096e+01 2.681866e+01 6.050060e+00
      vertex -2.670959e+00 2.648494e+01 6.485058e+00
      vertex -1.467096e+01 2.648494e+01 6.485058e+00
    endloop
  endfacet
  facet normal 0.000000e+00 -7.071053e-01 -7.071083e-01
    outer loop
      vertex -2.670959e+00 2.648494e+01 6.485058e+00
      vertex -1.467096e+01 2.681866e+01 6.050060e+00
      vertex -2.670959e+00 2.681866e+01 6.050060e+00
    endloop
  endfacet
  facet normal 2.576969e-01 -5.796441e-06 -9.662258e-01
    outer loop
      vertex 1.022382e+01 -1.508142e+01 7.422564e+00
      vertex 8.671326e+00 -1.951945e+01 7.221802e+00
      vertex 8.671204e+00 -1.508141e+01 7.221734e+00
    endloop
  endfacet
  facet normal -4.337851e-04 -1.429057e-05 -9.999999e-01
    outer loop
      vertex 8.671326e+00 -2.064329e+01 7.221901e+00
      vertex 1.022382e+01 -2.508141e+01 7.422562e+00
      vertex 8.670959e+00 -2.508142e+01 7.221980e+00
    endloop
  endfacet
  facet normal 2.576969e-01 -5.796441e-06 -9.662258e-01
    outer loop
      vertex 1.022382e+01 -2.508141e+01 7.422562e+00
      vertex 8.671326e+00 -2.064329e+01 7.221901e+00
      vertex 8.671326e+00 -1.951945e+01 7.221802e+00
    endloop
  endfacet
  facet normal 2.576969e-01 -5.796441e-06 -9.662258e-01
    outer loop
      vertex 1.022382e+01 -2.508141e+01 7.422562e+00
      vertex 8.671326e+00 -1.951945e+01 7.221802e+00
      vertex 1.022382e+01 -1.508142e+01 7.422564e+00
    endloop
  endfacet
  facet normal -1.000000e+00 0.000000e+00 0.000000e+00
    outer loop
      vertex 2.658875e+00 2.500002e+01 2.808710e-02
      vertex 2.658875e+00 2.181867e+01 3.978048e+00
      vertex 2.658875e+00 2.500000e+01 1.002809e+01
    endloop
  endfacet
  facet normal -1.000000e+00 0.000000e+00 0.000000e+00
    outer loop
      vertex 2.658875e+00 2.181867e+01 3.978048e+00
      vertex 2.658875e+00 2.500002e+01 2.808710e-02
      vertex 2.658875e+00 2.148494e+01 3.543117e+00
    endloop
  endfacet
  facet normal -1.000000e+00 0.000000e+00 0.000000e+00
    outer loop
      vertex 2.658875e+00 2.148494e+01 3.543117e+00
      vertex 2.658875e+00 2.500002e+01 2.808710e-02
      vertex 2.658875e+00 2.105002e+01 3.209401e+00
    endloop
  endfacet
  facet normal -1.000000e+00 0.000000e+00 0.000000e+00
    outer loop
      vertex 2.658875e+00 2.105002e+01 3.209401e+00
      vertex 2.658875e+00 2.500002e+01 2.808710e-02
      vertex 2.658875e+00 1.500003e+01 2.808533e-02
    endloop
  endfacet
  facet normal -1.000000e+00 0.000000e+00 0.000000e+00
    outer loop
      vertex 2.658875e+00 2.500000e+01 1.002809e+01
      vertex 2.658875e+00 2.181867e+01 3.978048e+00
      vertex 2.658875e+00 2.202846e+01 4.484535e+00
    endloop
  endfacet
  facet normal -1.000000e+00 0.000000e+00 0.000000e+00
    outer loop
      vertex 2.658875e+00 2.500000e+01 1.002809e+01
      vertex 2.658875e+00 2.202846e+01 4.484535e+00
      vertex 2.658875e+00 2.210002e+01 5.028117e+00
    endloop
  endfacet
  facet normal -1.000000e+00 0.000000e+00 0.000000e+00
    outer loop
      vertex 2.658875e+00 2.105002e+01 3.209401e+00
      vertex 2.658875e+00 1.500003e+01 2.808533e-02
      vertex 2.658875e+00 2.054353e+01 2.999605e+00
    endloop
  endfacet
  facet normal -1.000000e+00 0.000000e+00 0.000000e+00
    outer loop
      vertex 2.658875e+00 2.054353e+01 2.999605e+00
      vertex 2.658875e+00 1.500003e+01 2.808533e-02
      vertex 2.658875e+00 2.000002e+01 2.928117e+00
    endloop
  endfacet
  facet normal -1.000000e+00 0.000000e+00 0.000000e+00
    outer loop
      vertex 2.658875e+00 2.000002e+01 2.928117e+00
      vertex 2.658875e+00 1.500003e+01 2.808533e-02
      vertex 2.658875e+00 1.945651e+01 2.999690e+00
    endloop
  endfacet
  facet normal -1.000000e+00 0.000000e+00 0.000000e+00
    outer loop
      vertex 2.658875e+00 1.945651e+01 2.999690e+00
      vertex 2.658875e+00 1.500003e+01 2.808533e-02
      vertex 2.658875e+00 1.895001e+01 3.209373e+00
    endloop
  endfacet
  facet normal -1.000000e+00 0.000000e+00 0.000000e+00
    outer loop
      vertex 2.658875e+00 1.895001e+01 3.209373e+00
      vertex 2.658875e+00 1.500003e+01 2.808533e-02
      vertex 2.658875e+00 1.851509e+01 3.543160e+00
    endloop
  endfacet
  facet normal -1.000000e+00 0.000000e+00 0.000000e+00
    outer loop
      vertex 2.658875e+00 1.851509e+01 3.543160e+00
      vertex 2.658875e+00 1.500003e+01 2.808533e-02
      vertex 2.658875e+00 1.818135e+01 3.978036e+00
    endloop
  endfacet
  facet normal -1.000000e+00 0.000000e+00 0.000000e+00
    outer loop
      vertex 2.658875e+00 1.818135e+01 3.978036e+00
      vertex 2.658875e+00 1.500003e+01 2.808533e-02
      vertex 2.658875e+00 1.797158e+01 4.484540e+00
    endloop
  endfacet
  facet normal -1.000000e+00 0.000000e+00 0.000000e+00
    outer loop
      vertex 2.658875e+00 1.797158e+01 4.484540e+00
      vertex 2.658875e+00 1.500003e+01 2.808533e-02
      vertex 2.658875e+00 1.790001e+01 5.028062e+00
    endloop
  endfacet
  facet normal -1.000000e+00 0.000000e+00 0.000000e+00
    outer loop
      vertex 2.658875e+00 1.790001e+01 5.028062e+00
      vertex 2.658875e+00 1.500003e+01 2.808533e-02
      vertex 2.658875e+00 1.500002e+01 1.002809e+01
    endloop
  endfacet
  facet normal -1.000000e+00 0.000000e+00 0.000000e+00
    outer loop
      vertex 2.658875e+00 2.500000e+01 1.002809e+01
      vertex 2.658875e+00 2.105001e+01 6.846684e+00
      vertex 2.658875e+00 1.500002e+01 1.002809e+01
    endloop
  endfacet
  facet normal -1.000000e+00 0.000000e+00 0.000000e+00
    outer loop
      vertex 2.658875e+00 2.105001e+01 6.846684e+00
      vertex 2.658875e+00 2.500000e+01 1.002809e+01
      vertex 2.658875e+00 2.148494e+01 6.513019e+00
    endloop
  endfacet
  facet normal -1.000000e+00 0.000000e+00 0.000000e+00
    outer loop
      vertex 2.658875e+00 2.148494e+01 6.513019e+00
      vertex 2.658875e+00 2.500000e+01 1.002809e+01
      vertex 2.658875e+00 2.181867e+01 6.078021e+00
    endloop
  endfacet
  facet normal -1.000000e+00 0.000000e+00 0.000000e+00
    outer loop
      vertex 2.658875e+00 2.181867e+01 6.078021e+00
      vertex 2.658875e+00 2.500000e+01 1.002809e+01
      vertex 2.658875e+00 2.202846e+01 5.571638e+00
    endloop
  endfacet
  facet normal -1.000000e+00 0.000000e+00 0.000000e+00
    outer loop
      vertex 2.658875e+00 2.202846e+01 5.571638e+00
      vertex 2.658875e+00 2.500000e+01 1.002809e+01
      vertex 2.658875e+00 2.210002e+01 5.028117e+00
    endloop
  endfacet
  facet normal -1.000000e+00 0.000000e+00 0.000000e+00
    outer loop
      vertex 2.658875e+00 1.500002e+01 1.002809e+01
      vertex 2.658875e+00 2.105001e+01 6.846684e+00
      vertex 2.658875e+00 2.054352e+01 7.056489e+00
    endloop
  endfacet
  facet normal -1.000000e+00 0.000000e+00 0.000000e+00
    outer loop
      vertex 2.658875e+00 1.500002e+01 1.002809e+01
      vertex 2.658875e+00 2.054352e+01 7.056489e+00
      vertex 2.658875e+00 2.000002e+01 7.128062e+00
    endloop
  endfacet
  facet normal -1.000000e+00 0.000000e+00 0.000000e+00
    outer loop
      vertex 2.658875e+00 1.500002e+01 1.002809e+01
      vertex 2.658875e+00 2.000002e+01 7.128062e+00
      vertex 2.658875e+00 1.945650e+01 7.056573e+00
    endloop
  endfacet
  facet normal -1.000000e+00 0.000000e+00 0.000000e+00
    outer loop
      vertex 2.658875e+00 1.500002e+01 1.002809e+01
      vertex 2.658875e+00 1.945650e+01 7.056573e+00
      vertex 2.658875e+00 1.895001e+01 6.846778e+00
    endloop
  endfacet
  facet normal -1.000000e+00 0.000000e+00 0.000000e+00
    outer loop
      vertex 2.658875e+00 1.500002e+01 1.002809e+01
      vertex 2.658875e+00 1.895001e+01 6.846778e+00
      vertex 2.658875e+00 1.851508e+01 6.512940e+00
    endloop
  endfacet
  facet normal -1.000000e+00 0.000000e+00 0.000000e+00
    outer loop
      vertex 2.658875e+00 1.500002e+01 1.002809e+01
      vertex 2.658875e+00 1.851508e+01 6.512940e+00
      vertex 2.658875e+00 1.818137e+01 6.078130e+00
    endloop
  endfacet
  facet normal -1.000000e+00 0.000000e+00 0.000000e+00
    outer loop
      vertex 2.658875e+00 1.500002e+01 1.002809e+01
      vertex 2.658875e+00 1.818137e+01 6.078130e+00
      vertex 2.658875e+00 1.797158e+01 5.571644e+00
    endloop
  endfacet
  facet normal -1.000000e+00 0.000000e+00 0.000000e+00
    outer loop
      vertex 2.658875e+00 1.500002e+01 1.002809e+01
      vertex 2.658875e+00 1.797158e+01 5.571644e+00
      vertex 2.658875e+00 1.790001e+01 5.028062e+00
    endloop
  endfacet
  facet normal 2.288361e-15 1.000000e+00 2.048964e-06
    outer loop
      vertex 1.465887e+01 2.500002e+01 2.808710e-02
      vertex 1.372260e+01 2.500000e+01 1.002809e+01
      vertex 1.465887e+01 2.500000e+01 1.002809e+01
    endloop
  endfacet
  facet normal 2.288361e-15 1.000000e+00 2.048964e-06
    outer loop
      vertex 1.372260e+01 2.500000e+01 1.002809e+01
      vertex 1.465887e+01 2.500002e+01 2.808710e-02
      vertex 2.658875e+00 2.500000e+01 1.002809e+01
    endloop
  endfacet
  facet normal 2.288361e-15 1.000000e+00 2.048964e-06
    outer loop
      vertex 2.658875e+00 2.500000e+01 1.002809e+01
      vertex 1.465887e+01 2.500002e+01 2.808710e-02
      vertex 2.658875e+00 2.500002e+01 2.808710e-02
    endloop
  endfacet
  facet normal 2.288361e-15 1.000000e+00 2.048964e-06
    outer loop
      vertex 2.658875e+00 2.500000e+01 1.002809e+01
      vertex 3.618835e+00 2.500000e+01 1.002809e+01
      vertex 1.372260e+01 2.500000e+01 1.002809e+01
    endloop
  endfacet
  facet normal 0.000000e+00 2.048964e-06 -1.000000e+00
    outer loop
      vertex 1.465887e+01 2.500002e+01 2.808710e-02
      vertex 2.658875e+00 1.500003e+01 2.808533e-02
      vertex 2.658875e+00 2.500002e+01 2.808710e-02
    endloop
  endfacet
  facet normal 0.000000e+00 2.048964e-06 -1.000000e+00
    outer loop
      vertex 2.658875e+00 1.500003e+01 2.808533e-02
      vertex 1.465887e+01 2.500002e+01 2.808710e-02
      vertex 1.465887e+01 1.500003e+01 2.808533e-02
    endloop
  endfacet
  facet normal 8.660254e-01 1.024482e-06 -5.000000e-01
    outer loop
      vertex 6.505798e+00 -3.050001e+01 1.446812e+01
      vertex 6.256165e+00 3.049999e+01 1.386530e+01
      vertex 6.505798e+00 3.050000e+01 1.446828e+01
    endloop
  endfacet
  facet normal 9.659258e-01 5.322041e-07 -2.588190e-01
    outer loop
      vertex 6.256165e+00 3.049999e+01 1.386530e+01
      vertex 6.505798e+00 -3.050001e+01 1.446812e+01
      vertex 6.256165e+00 -3.050000e+01 1.386514e+01
    endloop
  endfacet
  facet normal 1.000000e+00 2.701821e-18 -3.781875e-14
    outer loop
      vertex 6.170959e+00 -3.050000e+01 1.321816e+01
      vertex 6.256165e+00 3.050000e+01 1.257122e+01
      vertex 6.170959e+00 3.049999e+01 1.321820e+01
    endloop
  endfacet
  facet normal 9.659258e-01 -5.322041e-07 2.588190e-01
    outer loop
      vertex 6.256165e+00 3.050000e+01 1.257122e+01
      vertex 6.170959e+00 -3.050000e+01 1.321816e+01
      vertex 6.256165e+00 -3.050000e+01 1.257106e+01
    endloop
  endfacet
  facet normal 0.000000e+00 -8.660264e-01 4.999982e-01
    outer loop
      vertex 1.929260e+00 -1.826276e+01 4.153145e+00
      vertex 1.392926e+01 -1.805297e+01 4.659632e+00
      vertex 1.929260e+00 -1.805297e+01 4.659632e+00
    endloop
  endfacet
  facet normal 0.000000e+00 -9.659263e-01 2.588170e-01
    outer loop
      vertex 1.392926e+01 -1.805297e+01 4.659632e+00
      vertex 1.929260e+00 -1.826276e+01 4.153145e+00
      vertex 1.392926e+01 -1.826276e+01 4.153145e+00
    endloop
  endfacet
  facet normal 5.007948e-12 -1.000000e+00 -2.048964e-06
    outer loop
      vertex 1.929260e+00 -2.508143e+01 1.020319e+01
      vertex 4.427917e+00 -2.508142e+01 8.975113e+00
      vertex 3.477722e+00 -2.508142e+01 1.020675e+01
    endloop
  endfacet
  facet normal 5.007948e-12 -1.000000e+00 -2.048964e-06
    outer loop
      vertex 4.427917e+00 -2.508142e+01 8.975113e+00
      vertex 1.929260e+00 -2.508143e+01 1.020319e+01
      vertex 1.929260e+00 -2.508141e+01 2.031842e-01
    endloop
  endfacet
  facet normal 5.007948e-12 -1.000000e+00 -2.048964e-06
    outer loop
      vertex 4.427917e+00 -2.508142e+01 8.975113e+00
      vertex 1.929260e+00 -2.508141e+01 2.031842e-01
      vertex 5.670959e+00 -2.508142e+01 8.021976e+00
    endloop
  endfacet
  facet normal 5.007948e-12 -1.000000e+00 -2.048964e-06
    outer loop
      vertex 5.670959e+00 -2.508142e+01 8.021976e+00
      vertex 1.929260e+00 -2.508141e+01 2.031842e-01
      vertex 7.117981e+00 -2.508141e+01 7.422562e+00
    endloop
  endfacet
  facet normal 5.007948e-12 -1.000000e+00 -2.048964e-06
    outer loop
      vertex 7.117981e+00 -2.508141e+01 7.422562e+00
      vertex 1.929260e+00 -2.508141e+01 2.031842e-01
      vertex 8.670959e+00 -2.508142e+01 7.221980e+00
    endloop
  endfacet
  facet normal 5.007948e-12 -1.000000e+00 -2.048964e-06
    outer loop
      vertex 1.291351e+01 -2.508143e+01 8.975482e+00
      vertex 1.392926e+01 -2.508143e+01 1.020319e+01
      vertex 1.386456e+01 -2.508142e+01 1.021069e+01
    endloop
  endfacet
  facet normal 5.007948e-12 -1.000000e+00 -2.048964e-06
    outer loop
      vertex 1.392926e+01 -2.508143e+01 1.020319e+01
      vertex 1.291351e+01 -2.508143e+01 8.975482e+00
      vertex 1.392926e+01 -2.508141e+01 2.031842e-01
    endloop
  endfacet
  facet normal 5.007948e-12 -1.000000e+00 -2.048964e-06
    outer loop
      vertex 1.392926e+01 -2.508141e+01 2.031842e-01
      vertex 1.291351e+01 -2.508143e+01 8.975482e+00
      vertex 1.167096e+01 -2.508142e+01 8.021976e+00
    endloop
  endfacet
  facet normal 5.007948e-12 -1.000000e+00 -2.048964e-06
    outer loop
      vertex 1.392926e+01 -2.508141e+01 2.031842e-01
      vertex 1.167096e+01 -2.508142e+01 8.021976e+00
      vertex 1.022382e+01 -2.508141e+01 7.422562e+00
    endloop
  endfacet
  facet normal 5.007948e-12 -1.000000e+00 -2.048964e-06
    outer loop
      vertex 1.392926e+01 -2.508141e+01 2.031842e-01
      vertex 1.022382e+01 -2.508141e+01 7.422562e+00
      vertex 8.670959e+00 -2.508142e+01 7.221980e+00
    endloop
  endfacet
  facet normal 5.007948e-12 -1.000000e+00 -2.048964e-06
    outer loop
      vertex 1.392926e+01 -2.508141e+01 2.031842e-01
      vertex 8.670959e+00 -2.508142e+01 7.221980e+00
      vertex 1.929260e+00 -2.508141e+01 2.031842e-01
    endloop
  endfacet
  facet normal 9.659258e-01 5.322041e-07 -2.588190e-01
    outer loop
      vertex 6.256165e+00 -3.050000e+01 1.386514e+01
      vertex 6.170959e+00 3.049999e+01 1.321820e+01
      vertex 6.256165e+00 3.049999e+01 1.386530e+01
    endloop
  endfacet
  facet normal 1.000000e+00 2.702938e-18 -3.829995e-14
    outer loop
      vertex 6.170959e+00 3.049999e+01 1.321820e+01
      vertex 6.256165e+00 -3.050000e+01 1.386514e+01
      vertex 6.170959e+00 -3.050000e+01 1.321816e+01
    endloop
  endfacet
  facet normal -9.659258e-01 -5.322041e-07 2.588190e-01
    outer loop
      vertex 2.875305e+00 3.049999e+01 1.477112e+01
      vertex 3.474792e+00 -3.050000e+01 1.621817e+01
      vertex 3.474792e+00 3.049999e+01 1.621821e+01
    endloop
  endfacet
  facet normal -8.660254e-01 -1.024482e-06 5.000000e-01
    outer loop
      vertex 3.474792e+00 -3.050000e+01 1.621817e+01
      vertex 2.875305e+00 3.049999e+01 1.477112e+01
      vertex 2.875305e+00 -3.050000e+01 1.477108e+01
    endloop
  endfacet
  facet normal 0.000000e+00 -2.588210e-01 9.659253e-01
    outer loop
      vertex -2.670959e+00 2.554354e+01 2.971643e+00
      vertex -1.467096e+01 2.605002e+01 3.181440e+00
      vertex -1.467096e+01 2.554354e+01 2.971643e+00
    endloop
  endfacet
  facet normal 0.000000e+00 -5.000017e-01 8.660244e-01
    outer loop
      vertex -1.467096e+01 2.605002e+01 3.181440e+00
      vertex -2.670959e+00 2.554354e+01 2.971643e+00
      vertex -2.670959e+00 2.605002e+01 3.181440e+00
    endloop
  endfacet
  facet normal 1.000000e+00 0.000000e+00 0.000000e+00
    outer loop
      vertex 1.392926e+01 -1.508142e+01 1.020319e+01
      vertex 1.392926e+01 -1.826276e+01 6.253241e+00
      vertex 1.392926e+01 -1.508141e+01 2.031842e-01
    endloop
  endfacet
  facet normal 1.000000e+00 0.000000e+00 0.000000e+00
    outer loop
      vertex 1.392926e+01 -1.826276e+01 6.253241e+00
      vertex 1.392926e+01 -1.508142e+01 1.020319e+01
      vertex 1.392926e+01 -1.859650e+01 6.688118e+00
    endloop
  endfacet
  facet normal 1.000000e+00 0.000000e+00 0.000000e+00
    outer loop
      vertex 1.392926e+01 -1.859650e+01 6.688118e+00
      vertex 1.392926e+01 -1.508142e+01 1.020319e+01
      vertex 1.392926e+01 -1.903141e+01 7.021902e+00
    endloop
  endfacet
  facet normal 1.000000e+00 0.000000e+00 0.000000e+00
    outer loop
      vertex 1.392926e+01 -1.903141e+01 7.021902e+00
      vertex 1.392926e+01 -1.508142e+01 1.020319e+01
      vertex 1.392926e+01 -2.508143e+01 1.020319e+01
    endloop
  endfacet
  facet normal 1.000000e+00 0.000000e+00 0.000000e+00
    outer loop
      vertex 1.392926e+01 -1.508141e+01 2.031842e-01
      vertex 1.392926e+01 -1.826276e+01 6.253241e+00
      vertex 1.392926e+01 -1.805297e+01 5.746735e+00
    endloop
  endfacet
  facet normal 1.000000e+00 0.000000e+00 0.000000e+00
    outer loop
      vertex 1.392926e+01 -1.508141e+01 2.031842e-01
      vertex 1.392926e+01 -1.805297e+01 5.746735e+00
      vertex 1.392926e+01 -1.798142e+01 5.203216e+00
    endloop
  endfacet
  facet normal 1.000000e+00 0.000000e+00 0.000000e+00
    outer loop
      vertex 1.392926e+01 -1.903141e+01 7.021902e+00
      vertex 1.392926e+01 -2.508143e+01 1.020319e+01
      vertex 1.392926e+01 -1.953791e+01 7.231586e+00
    endloop
  endfacet
  facet normal 1.000000e+00 0.000000e+00 0.000000e+00
    outer loop
      vertex 1.392926e+01 -1.953791e+01 7.231586e+00
      vertex 1.392926e+01 -2.508143e+01 1.020319e+01
      vertex 1.392926e+01 -2.008143e+01 7.303161e+00
    endloop
  endfacet
  facet normal 1.000000e+00 0.000000e+00 0.000000e+00
    outer loop
      vertex 1.392926e+01 -2.008143e+01 7.303161e+00
      vertex 1.392926e+01 -2.508143e+01 1.020319e+01
      vertex 1.392926e+01 -2.062494e+01 7.231672e+00
    endloop
  endfacet
  facet normal 1.000000e+00 0.000000e+00 0.000000e+00
    outer loop
      vertex 1.392926e+01 -2.062494e+01 7.231672e+00
      vertex 1.392926e+01 -2.508143e+01 1.020319e+01
      vertex 1.392926e+01 -2.113141e+01 7.021875e+00
    endloop
  endfacet
  facet normal 1.000000e+00 0.000000e+00 0.000000e+00
    outer loop
      vertex 1.392926e+01 -2.113141e+01 7.021875e+00
      vertex 1.392926e+01 -2.508143e+01 1.020319e+01
      vertex 1.392926e+01 -2.156633e+01 6.688158e+00
    endloop
  endfacet
  facet normal 1.000000e+00 0.000000e+00 0.000000e+00
    outer loop
      vertex 1.392926e+01 -2.156633e+01 6.688158e+00
      vertex 1.392926e+01 -2.508143e+01 1.020319e+01
      vertex 1.392926e+01 -2.190006e+01 6.253227e+00
    endloop
  endfacet
  facet normal 1.000000e+00 0.000000e+00 0.000000e+00
    outer loop
      vertex 1.392926e+01 -2.190006e+01 6.253227e+00
      vertex 1.392926e+01 -2.508143e+01 1.020319e+01
      vertex 1.392926e+01 -2.210987e+01 5.746743e+00
    endloop
  endfacet
  facet normal 1.000000e+00 0.000000e+00 0.000000e+00
    outer loop
      vertex 1.392926e+01 -2.210987e+01 5.746743e+00
      vertex 1.392926e+01 -2.508143e+01 1.020319e+01
      vertex 1.392926e+01 -2.218142e+01 5.203159e+00
    endloop
  endfacet
  facet normal 1.000000e+00 0.000000e+00 0.000000e+00
    outer loop
      vertex 1.392926e+01 -1.508141e+01 2.031842e-01
      vertex 1.392926e+01 -1.903142e+01 3.384500e+00
      vertex 1.392926e+01 -2.508141e+01 2.031842e-01
    endloop
  endfacet
  facet normal 1.000000e+00 0.000000e+00 0.000000e+00
    outer loop
      vertex 1.392926e+01 -1.903142e+01 3.384500e+00
      vertex 1.392926e+01 -1.508141e+01 2.031842e-01
      vertex 1.392926e+01 -1.859650e+01 3.718216e+00
    endloop
  endfacet
  facet normal 1.000000e+00 0.000000e+00 0.000000e+00
    outer loop
      vertex 1.392926e+01 -1.859650e+01 3.718216e+00
      vertex 1.392926e+01 -1.508141e+01 2.031842e-01
      vertex 1.392926e+01 -1.826276e+01 4.153145e+00
    endloop
  endfacet
  facet normal 1.000000e+00 0.000000e+00 0.000000e+00
    outer loop
      vertex 1.392926e+01 -1.826276e+01 4.153145e+00
      vertex 1.392926e+01 -1.508141e+01 2.031842e-01
      vertex 1.392926e+01 -1.805297e+01 4.659632e+00
    endloop
  endfacet
  facet normal 1.000000e+00 0.000000e+00 0.000000e+00
    outer loop
      vertex 1.392926e+01 -1.805297e+01 4.659632e+00
      vertex 1.392926e+01 -1.508141e+01 2.031842e-01
      vertex 1.392926e+01 -1.798142e+01 5.203216e+00
    endloop
  endfacet
  facet normal 1.000000e+00 0.000000e+00 0.000000e+00
    outer loop
      vertex 1.392926e+01 -2.508141e+01 2.031842e-01
      vertex 1.392926e+01 -1.903142e+01 3.384500e+00
      vertex 1.392926e+01 -1.953790e+01 3.174702e+00
    endloop
  endfacet
  facet normal 1.000000e+00 0.000000e+00 0.000000e+00
    outer loop
      vertex 1.392926e+01 -2.508141e+01 2.031842e-01
      vertex 1.392926e+01 -1.953790e+01 3.174702e+00
      vertex 1.392926e+01 -2.008141e+01 3.103214e+00
    endloop
  endfacet
  facet normal 1.000000e+00 0.000000e+00 0.000000e+00
    outer loop
      vertex 1.392926e+01 -2.508141e+01 2.031842e-01
      vertex 1.392926e+01 -2.008141e+01 3.103214e+00
      vertex 1.392926e+01 -2.062493e+01 3.174789e+00
    endloop
  endfacet
  facet normal 1.000000e+00 0.000000e+00 0.000000e+00
    outer loop
      vertex 1.392926e+01 -2.508141e+01 2.031842e-01
      vertex 1.392926e+01 -2.062493e+01 3.174789e+00
      vertex 1.392926e+01 -2.113141e+01 3.384593e+00
    endloop
  endfacet
  facet normal 1.000000e+00 0.000000e+00 0.000000e+00
    outer loop
      vertex 1.392926e+01 -2.508141e+01 2.031842e-01
      vertex 1.392926e+01 -2.113141e+01 3.384593e+00
      vertex 1.392926e+01 -2.156634e+01 3.718257e+00
    endloop
  endfacet
  facet normal 1.000000e+00 0.000000e+00 0.000000e+00
    outer loop
      vertex 1.392926e+01 -2.508141e+01 2.031842e-01
      vertex 1.392926e+01 -2.156634e+01 3.718257e+00
      vertex 1.392926e+01 -2.190007e+01 4.153133e+00
    endloop
  endfacet
  facet normal 1.000000e+00 0.000000e+00 0.000000e+00
    outer loop
      vertex 1.392926e+01 -2.508141e+01 2.031842e-01
      vertex 1.392926e+01 -2.190007e+01 4.153133e+00
      vertex 1.392926e+01 -2.210987e+01 4.659639e+00
    endloop
  endfacet
  facet normal 1.000000e+00 0.000000e+00 0.000000e+00
    outer loop
      vertex 1.392926e+01 -2.508141e+01 2.031842e-01
      vertex 1.392926e+01 -2.210987e+01 4.659639e+00
      vertex 1.392926e+01 -2.218142e+01 5.203159e+00
    endloop
  endfacet
  facet normal 1.000000e+00 0.000000e+00 0.000000e+00
    outer loop
      vertex 1.392926e+01 -2.508141e+01 2.031842e-01
      vertex 1.392926e+01 -2.218142e+01 5.203159e+00
      vertex 1.392926e+01 -2.508143e+01 1.020319e+01
    endloop
  endfacet
  facet normal 0.000000e+00 -7.071083e-01 7.071053e-01
    outer loop
      vertex 1.929260e+00 -1.859650e+01 3.718216e+00
      vertex 1.392926e+01 -1.826276e+01 4.153145e+00
      vertex 1.929260e+00 -1.826276e+01 4.153145e+00
    endloop
  endfacet
  facet normal 0.000000e+00 -8.660264e-01 4.999982e-01
    outer loop
      vertex 1.392926e+01 -1.826276e+01 4.153145e+00
      vertex 1.929260e+00 -1.859650e+01 3.718216e+00
      vertex 1.392926e+01 -1.859650e+01 3.718216e+00
    endloop
  endfacet
  facet normal -1.000000e+00 -1.015220e-16 1.942622e-14
    outer loop
      vertex 2.670959e+00 -3.050000e+01 1.321816e+01
      vertex 2.875305e+00 3.049999e+01 1.477112e+01
      vertex 2.670959e+00 3.049999e+01 1.321820e+01
    endloop
  endfacet
  facet normal -9.659258e-01 -5.322041e-07 2.588190e-01
    outer loop
      vertex 2.875305e+00 3.049999e+01 1.477112e+01
      vertex 2.670959e+00 -3.050000e+01 1.321816e+01
      vertex 2.875305e+00 -3.050000e+01 1.477108e+01
    endloop
  endfacet
  facet normal 0.000000e+00 -5.000017e-01 8.660244e-01
    outer loop
      vertex -2.670959e+00 2.605002e+01 3.181440e+00
      vertex -1.467096e+01 2.648494e+01 3.515157e+00
      vertex -1.467096e+01 2.605002e+01 3.181440e+00
    endloop
  endfacet
  facet normal 0.000000e+00 -7.071083e-01 7.071053e-01
    outer loop
      vertex -1.467096e+01 2.648494e+01 3.515157e+00
      vertex -2.670959e+00 2.605002e+01 3.181440e+00
      vertex -2.670959e+00 2.648494e+01 3.515157e+00
    endloop
  endfacet
  facet normal 0.000000e+00 7.071053e-01 7.071083e-01
    outer loop
      vertex 1.392926e+01 -2.156634e+01 3.718257e+00
      vertex 1.929260e+00 -2.190007e+01 4.153133e+00
      vertex 1.392926e+01 -2.190007e+01 4.153133e+00
    endloop
  endfacet
  facet normal 0.000000e+00 8.660244e-01 5.000017e-01
    outer loop
      vertex 1.929260e+00 -2.190007e+01 4.153133e+00
      vertex 1.392926e+01 -2.156634e+01 3.718257e+00
      vertex 1.929260e+00 -2.156634e+01 3.718257e+00
    endloop
  endfacet
  facet normal 0.000000e+00 -5.000017e-01 8.660244e-01
    outer loop
      vertex 1.392926e+01 -1.903142e+01 3.384500e+00
      vertex 1.929260e+00 -1.859650e+01 3.718216e+00
      vertex 1.929260e+00 -1.903142e+01 3.384500e+00
    endloop
  endfacet
  facet normal 0.000000e+00 -7.071083e-01 7.071053e-01
    outer loop
      vertex 1.929260e+00 -1.859650e+01 3.718216e+00
      vertex 1.392926e+01 -1.903142e+01 3.384500e+00
      vertex 1.392926e+01 -1.859650e+01 3.718216e+00
    endloop
  endfacet
  facet normal -9.659851e-01 4.413565e-06 -2.585976e-01
    outer loop
      vertex 2.875305e+00 -3.049999e+01 1.166524e+01
      vertex 2.670959e+00 3.049999e+01 1.321820e+01
      vertex 2.875305e+00 3.049999e+01 1.166528e+01
    endloop
  endfacet
  facet normal -1.000000e+00 -1.015206e-16 1.871333e-14
    outer loop
      vertex 2.670959e+00 3.049999e+01 1.321820e+01
      vertex 2.875305e+00 -3.049999e+01 1.166524e+01
      vertex 2.670959e+00 -3.050000e+01 1.321816e+01
    endloop
  endfacet
  facet normal 0.000000e+00 7.071053e-01 7.071083e-01
    outer loop
      vertex -2.670959e+00 2.351510e+01 3.515197e+00
      vertex -1.467096e+01 2.318137e+01 3.950074e+00
      vertex -2.670959e+00 2.318137e+01 3.950074e+00
    endloop
  endfacet
  facet normal 0.000000e+00 8.660244e-01 5.000017e-01
    outer loop
      vertex -1.467096e+01 2.318137e+01 3.950074e+00
      vertex -2.670959e+00 2.351510e+01 3.515197e+00
      vertex -1.467096e+01 2.351510e+01 3.515197e+00
    endloop
  endfacet
  facet normal 0.000000e+00 -2.588210e-01 9.659253e-01
    outer loop
      vertex 1.392926e+01 -1.953790e+01 3.174702e+00
      vertex 1.929260e+00 -1.903142e+01 3.384500e+00
      vertex 1.929260e+00 -1.953790e+01 3.174702e+00
    endloop
  endfacet
  facet normal 0.000000e+00 -5.000017e-01 8.660244e-01
    outer loop
      vertex 1.929260e+00 -1.903142e+01 3.384500e+00
      vertex 1.392926e+01 -1.953790e+01 3.174702e+00
      vertex 1.392926e+01 -1.903142e+01 3.384500e+00
    endloop
  endfacet
  facet normal 0.000000e+00 7.071053e-01 7.071083e-01
    outer loop
      vertex 1.392926e+01 -2.156634e+01 3.718257e+00
      vertex 1.929260e+00 -2.113141e+01 3.384593e+00
      vertex 1.929260e+00 -2.156634e+01 3.718257e+00
    endloop
  endfacet
  facet normal 0.000000e+00 4.999982e-01 8.660264e-01
    outer loop
      vertex 1.929260e+00 -2.113141e+01 3.384593e+00
      vertex 1.392926e+01 -2.156634e+01 3.718257e+00
      vertex 1.392926e+01 -2.113141e+01 3.384593e+00
    endloop
  endfacet
  facet normal -8.658331e-01 1.374783e-05 -5.003329e-01
    outer loop
      vertex 3.477844e+00 -1.508142e+01 1.020675e+01
      vertex 2.875305e+00 3.049999e+01 1.166528e+01
      vertex 3.474792e+00 3.049999e+01 1.021819e+01
    endloop
  endfacet
  facet normal -9.659851e-01 4.413565e-06 -2.585976e-01
    outer loop
      vertex 2.875305e+00 3.049999e+01 1.166528e+01
      vertex 3.477844e+00 -1.508142e+01 1.020675e+01
      vertex 2.875305e+00 -3.049999e+01 1.166524e+01
    endloop
  endfacet
  facet normal -9.659851e-01 4.413565e-06 -2.585976e-01
    outer loop
      vertex 2.875305e+00 -3.049999e+01 1.166524e+01
      vertex 3.477844e+00 -1.508142e+01 1.020675e+01
      vertex 3.477722e+00 -2.508142e+01 1.020675e+01
    endloop
  endfacet
  facet normal -9.659851e-01 4.413565e-06 -2.585976e-01
    outer loop
      vertex 2.875305e+00 -3.049999e+01 1.166524e+01
      vertex 3.477722e+00 -2.508142e+01 1.020675e+01
      vertex 3.474792e+00 -3.049999e+01 1.021814e+01
    endloop
  endfacet
  facet normal 0.000000e+00 -7.071083e-01 7.071053e-01
    outer loop
      vertex -1.467096e+01 2.648494e+01 3.515157e+00
      vertex -2.670959e+00 2.681866e+01 3.950088e+00
      vertex -1.467096e+01 2.681866e+01 3.950088e+00
    endloop
  endfacet
  facet normal 0.000000e+00 -8.660264e-01 4.999982e-01
    outer loop
      vertex -2.670959e+00 2.681866e+01 3.950088e+00
      vertex -1.467096e+01 2.648494e+01 3.515157e+00
      vertex -2.670959e+00 2.648494e+01 3.515157e+00
    endloop
  endfacet
  facet normal -8.580427e-10 1.000000e+00 2.048964e-06
    outer loop
      vertex 1.392926e+01 -1.508142e+01 1.020319e+01
      vertex 1.291351e+01 -1.508142e+01 8.975482e+00
      vertex 1.386456e+01 -1.508144e+01 1.021093e+01
    endloop
  endfacet
  facet normal -8.580427e-10 1.000000e+00 2.048964e-06
    outer loop
      vertex 1.291351e+01 -1.508142e+01 8.975482e+00
      vertex 1.392926e+01 -1.508142e+01 1.020319e+01
      vertex 1.392926e+01 -1.508141e+01 2.031842e-01
    endloop
  endfacet
  facet normal -8.580427e-10 1.000000e+00 2.048964e-06
    outer loop
      vertex 1.291351e+01 -1.508142e+01 8.975482e+00
      vertex 1.392926e+01 -1.508141e+01 2.031842e-01
      vertex 1.167096e+01 -1.508142e+01 8.021976e+00
    endloop
  endfacet
  facet normal -8.580427e-10 1.000000e+00 2.048964e-06
    outer loop
      vertex 1.167096e+01 -1.508142e+01 8.021976e+00
      vertex 1.392926e+01 -1.508141e+01 2.031842e-01
      vertex 1.022382e+01 -1.508142e+01 7.422564e+00
    endloop
  endfacet
  facet normal -8.580427e-10 1.000000e+00 2.048964e-06
    outer loop
      vertex 1.022382e+01 -1.508142e+01 7.422564e+00
      vertex 1.392926e+01 -1.508141e+01 2.031842e-01
      vertex 8.671204e+00 -1.508141e+01 7.221734e+00
    endloop
  endfacet
  facet normal -8.580427e-10 1.000000e+00 2.048964e-06
    outer loop
      vertex 4.428040e+00 -1.508142e+01 8.975359e+00
      vertex 1.929260e+00 -1.508142e+01 1.020319e+01
      vertex 3.477844e+00 -1.508142e+01 1.020675e+01
    endloop
  endfacet
  facet normal -8.580427e-10 1.000000e+00 2.048964e-06
    outer loop
      vertex 1.929260e+00 -1.508142e+01 1.020319e+01
      vertex 4.428040e+00 -1.508142e+01 8.975359e+00
      vertex 1.929260e+00 -1.508141e+01 2.031842e-01
    endloop
  endfacet
  facet normal -8.580427e-10 1.000000e+00 2.048964e-06
    outer loop
      vertex 1.929260e+00 -1.508141e+01 2.031842e-01
      vertex 4.428040e+00 -1.508142e+01 8.975359e+00
      vertex 5.670959e+00 -1.508142e+01 8.021976e+00
    endloop
  endfacet
  facet normal -8.580427e-10 1.000000e+00 2.048964e-06
    outer loop
      vertex 1.929260e+00 -1.508141e+01 2.031842e-01
      vertex 5.670959e+00 -1.508142e+01 8.021976e+00
      vertex 7.117981e+00 -1.508142e+01 7.422564e+00
    endloop
  endfacet
  facet normal -8.580427e-10 1.000000e+00 2.048964e-06
    outer loop
      vertex 1.929260e+00 -1.508141e+01 2.031842e-01
      vertex 7.117981e+00 -1.508142e+01 7.422564e+00
      vertex 8.404846e+00 -1.508142e+01 7.256149e+00
    endloop
  endfacet
  facet normal -8.580427e-10 1.000000e+00 2.048964e-06
    outer loop
      vertex 1.929260e+00 -1.508141e+01 2.031842e-01
      vertex 8.404846e+00 -1.508142e+01 7.256149e+00
      vertex 8.671204e+00 -1.508141e+01 7.221734e+00
    endloop
  endfacet
  facet normal -8.580427e-10 1.000000e+00 2.048964e-06
    outer loop
      vertex 1.929260e+00 -1.508141e+01 2.031842e-01
      vertex 8.671204e+00 -1.508141e+01 7.221734e+00
      vertex 1.392926e+01 -1.508141e+01 2.031842e-01
    endloop
  endfacet
  facet normal -1.000000e+00 0.000000e+00 0.000000e+00
    outer loop
      vertex 1.929260e+00 -1.508141e+01 2.031842e-01
      vertex 1.929260e+00 -1.805297e+01 4.659632e+00
      vertex 1.929260e+00 -1.798142e+01 5.203216e+00
    endloop
  endfacet
  facet normal -1.000000e+00 0.000000e+00 0.000000e+00
    outer loop
      vertex 1.929260e+00 -1.805297e+01 4.659632e+00
      vertex 1.929260e+00 -1.508141e+01 2.031842e-01
      vertex 1.929260e+00 -1.826276e+01 4.153145e+00
    endloop
  endfacet
  facet normal -1.000000e+00 0.000000e+00 0.000000e+00
    outer loop
      vertex 1.929260e+00 -1.826276e+01 4.153145e+00
      vertex 1.929260e+00 -1.508141e+01 2.031842e-01
      vertex 1.929260e+00 -1.859650e+01 3.718216e+00
    endloop
  endfacet
  facet normal -1.000000e+00 0.000000e+00 0.000000e+00
    outer loop
      vertex 1.929260e+00 -1.859650e+01 3.718216e+00
      vertex 1.929260e+00 -1.508141e+01 2.031842e-01
      vertex 1.929260e+00 -1.903142e+01 3.384500e+00
    endloop
  endfacet
  facet normal -1.000000e+00 0.000000e+00 0.000000e+00
    outer loop
      vertex 1.929260e+00 -1.903142e+01 3.384500e+00
      vertex 1.929260e+00 -1.508141e+01 2.031842e-01
      vertex 1.929260e+00 -2.508141e+01 2.031842e-01
    endloop
  endfacet
  facet normal -1.000000e+00 0.000000e+00 0.000000e+00
    outer loop
      vertex 1.929260e+00 -1.903142e+01 3.384500e+00
      vertex 1.929260e+00 -2.508141e+01 2.031842e-01
      vertex 1.929260e+00 -1.953790e+01 3.174702e+00
    endloop
  endfacet
  facet normal -1.000000e+00 0.000000e+00 0.000000e+00
    outer loop
      vertex 1.929260e+00 -1.953790e+01 3.174702e+00
      vertex 1.929260e+00 -2.508141e+01 2.031842e-01
      vertex 1.929260e+00 -2.008141e+01 3.103214e+00
    endloop
  endfacet
  facet normal -1.000000e+00 0.000000e+00 0.000000e+00
    outer loop
      vertex 1.929260e+00 -2.008141e+01 3.103214e+00
      vertex 1.929260e+00 -2.508141e+01 2.031842e-01
      vertex 1.929260e+00 -2.062493e+01 3.174789e+00
    endloop
  endfacet
  facet normal -1.000000e+00 0.000000e+00 0.000000e+00
    outer loop
      vertex 1.929260e+00 -2.062493e+01 3.174789e+00
      vertex 1.929260e+00 -2.508141e+01 2.031842e-01
      vertex 1.929260e+00 -2.113141e+01 3.384593e+00
    endloop
  endfacet
  facet normal -1.000000e+00 0.000000e+00 0.000000e+00
    outer loop
      vertex 1.929260e+00 -2.113141e+01 3.384593e+00
      vertex 1.929260e+00 -2.508141e+01 2.031842e-01
      vertex 1.929260e+00 -2.156634e+01 3.718257e+00
    endloop
  endfacet
  facet normal -1.000000e+00 0.000000e+00 0.000000e+00
    outer loop
      vertex 1.929260e+00 -2.156634e+01 3.718257e+00
      vertex 1.929260e+00 -2.508141e+01 2.031842e-01
      vertex 1.929260e+00 -2.190007e+01 4.153133e+00
    endloop
  endfacet
  facet normal -1.000000e+00 0.000000e+00 0.000000e+00
    outer loop
      vertex 1.929260e+00 -2.190007e+01 4.153133e+00
      vertex 1.929260e+00 -2.508141e+01 2.031842e-01
      vertex 1.929260e+00 -2.210987e+01 4.659639e+00
    endloop
  endfacet
  facet normal -1.000000e+00 0.000000e+00 0.000000e+00
    outer loop
      vertex 1.929260e+00 -2.210987e+01 4.659639e+00
      vertex 1.929260e+00 -2.508141e+01 2.031842e-01
      vertex 1.929260e+00 -2.218142e+01 5.203159e+00
    endloop
  endfacet
  facet normal -1.000000e+00 0.000000e+00 0.000000e+00
    outer loop
      vertex 1.929260e+00 -2.218142e+01 5.203159e+00
      vertex 1.929260e+00 -2.508141e+01 2.031842e-01
      vertex 1.929260e+00 -2.508143e+01 1.020319e+01
    endloop
  endfacet
  facet normal -1.000000e+00 0.000000e+00 0.000000e+00
    outer loop
      vertex 1.929260e+00 -1.508142e+01 1.020319e+01
      vertex 1.929260e+00 -1.903141e+01 7.021902e+00
      vertex 1.929260e+00 -2.508143e+01 1.020319e+01
    endloop
  endfacet
  facet normal -1.000000e+00 0.000000e+00 0.000000e+00
    outer loop
      vertex 1.929260e+00 -1.903141e+01 7.021902e+00
      vertex 1.929260e+00 -1.508142e+01 1.020319e+01
      vertex 1.929260e+00 -1.859650e+01 6.688118e+00
    endloop
  endfacet
  facet normal -1.000000e+00 0.000000e+00 0.000000e+00
    outer loop
      vertex 1.929260e+00 -1.859650e+01 6.688118e+00
      vertex 1.929260e+00 -1.508142e+01 1.020319e+01
      vertex 1.929260e+00 -1.826276e+01 6.253241e+00
    endloop
  endfacet
  facet normal -1.000000e+00 0.000000e+00 0.000000e+00
    outer loop
      vertex 1.929260e+00 -1.826276e+01 6.253241e+00
      vertex 1.929260e+00 -1.508142e+01 1.020319e+01
      vertex 1.929260e+00 -1.508141e+01 2.031842e-01
    endloop
  endfacet
  facet normal -1.000000e+00 0.000000e+00 0.000000e+00
    outer loop
      vertex 1.929260e+00 -1.826276e+01 6.253241e+00
      vertex 1.929260e+00 -1.508141e+01 2.031842e-01
      vertex 1.929260e+00 -1.805297e+01 5.746735e+00
    endloop
  endfacet
  facet normal -1.000000e+00 0.000000e+00 0.000000e+00
    outer loop
      vertex 1.929260e+00 -1.805297e+01 5.746735e+00
      vertex 1.929260e+00 -1.508141e+01 2.031842e-01
      vertex 1.929260e+00 -1.798142e+01 5.203216e+00
    endloop
  endfacet
  facet normal -1.000000e+00 0.000000e+00 0.000000e+00
    outer loop
      vertex 1.929260e+00 -2.508143e+01 1.020319e+01
      vertex 1.929260e+00 -1.903141e+01 7.021902e+00
      vertex 1.929260e+00 -1.953791e+01 7.231586e+00
    endloop
  endfacet
  facet normal -1.000000e+00 0.000000e+00 0.000000e+00
    outer loop
      vertex 1.929260e+00 -2.508143e+01 1.020319e+01
      vertex 1.929260e+00 -1.953791e+01 7.231586e+00
      vertex 1.929260e+00 -2.008143e+01 7.303161e+00
    endloop
  endfacet
  facet normal -1.000000e+00 0.000000e+00 0.000000e+00
    outer loop
      vertex 1.929260e+00 -2.508143e+01 1.020319e+01
      vertex 1.929260e+00 -2.008143e+01 7.303161e+00
      vertex 1.929260e+00 -2.062494e+01 7.231672e+00
    endloop
  endfacet
  facet normal -1.000000e+00 0.000000e+00 0.000000e+00
    outer loop
      vertex 1.929260e+00 -2.508143e+01 1.020319e+01
      vertex 1.929260e+00 -2.062494e+01 7.231672e+00
      vertex 1.929260e+00 -2.113141e+01 7.021875e+00
    endloop
  endfacet
  facet normal -1.000000e+00 0.000000e+00 0.000000e+00
    outer loop
      vertex 1.929260e+00 -2.508143e+01 1.020319e+01
      vertex 1.929260e+00 -2.113141e+01 7.021875e+00
      vertex 1.929260e+00 -2.156633e+01 6.688158e+00
    endloop
  endfacet
  facet normal -1.000000e+00 0.000000e+00 0.000000e+00
    outer loop
      vertex 1.929260e+00 -2.508143e+01 1.020319e+01
      vertex 1.929260e+00 -2.156633e+01 6.688158e+00
      vertex 1.929260e+00 -2.190006e+01 6.253227e+00
    endloop
  endfacet
  facet normal -1.000000e+00 0.000000e+00 0.000000e+00
    outer loop
      vertex 1.929260e+00 -2.508143e+01 1.020319e+01
      vertex 1.929260e+00 -2.190006e+01 6.253227e+00
      vertex 1.929260e+00 -2.210987e+01 5.746743e+00
    endloop
  endfacet
  facet normal -1.000000e+00 0.000000e+00 0.000000e+00
    outer loop
      vertex 1.929260e+00 -2.508143e+01 1.020319e+01
      vertex 1.929260e+00 -2.210987e+01 5.746743e+00
      vertex 1.929260e+00 -2.218142e+01 5.203159e+00
    endloop
  endfacet
  facet normal 0.000000e+00 2.048964e-06 -1.000000e+00
    outer loop
      vertex 1.392926e+01 -1.508141e+01 2.031842e-01
      vertex 1.929260e+00 -2.508141e+01 2.031842e-01
      vertex 1.929260e+00 -1.508141e+01 2.031842e-01
    endloop
  endfacet
  facet normal 0.000000e+00 2.048964e-06 -1.000000e+00
    outer loop
      vertex 1.929260e+00 -2.508141e+01 2.031842e-01
      vertex 1.392926e+01 -1.508141e+01 2.031842e-01
      vertex 1.392926e+01 -2.508141e+01 2.031842e-01
    endloop
  endfacet
  facet normal -7.066796e-01 2.617742e-05 -7.075337e-01
    outer loop
      vertex 4.428284e+00 3.050000e+01 8.975606e+00
      vertex 3.477844e+00 -1.508142e+01 1.020675e+01
      vertex 3.474792e+00 3.049999e+01 1.021819e+01
    endloop
  endfacet
  facet normal -8.658331e-01 1.374783e-05 -5.003329e-01
    outer loop
      vertex 3.477844e+00 -1.508142e+01 1.020675e+01
      vertex 4.428284e+00 3.050000e+01 8.975606e+00
      vertex 4.428040e+00 2.500001e+01 8.975525e+00
    endloop
  endfacet
  facet normal -8.658331e-01 1.374783e-05 -5.003329e-01
    outer loop
      vertex 3.477844e+00 -1.508142e+01 1.020675e+01
      vertex 4.428040e+00 2.500001e+01 8.975525e+00
      vertex 4.428040e+00 1.500001e+01 8.975525e+00
    endloop
  endfacet
  facet normal -8.658331e-01 1.374783e-05 -5.003329e-01
    outer loop
      vertex 3.477844e+00 -1.508142e+01 1.020675e+01
      vertex 4.428040e+00 1.500001e+01 8.975525e+00
      vertex 4.428040e+00 -1.508142e+01 8.975359e+00
    endloop
  endfacet
  facet normal -8.658331e-01 1.374783e-05 -5.003329e-01
    outer loop
      vertex 3.477844e+00 -1.508142e+01 1.020675e+01
      vertex 4.428040e+00 -1.508142e+01 8.975359e+00
      vertex 4.427917e+00 -2.508142e+01 8.975113e+00
    endloop
  endfacet
  facet normal -8.658331e-01 1.374783e-05 -5.003329e-01
    outer loop
      vertex 3.477844e+00 -1.508142e+01 1.020675e+01
      vertex 4.427917e+00 -2.508142e+01 8.975113e+00
      vertex 3.477722e+00 -2.508142e+01 1.020675e+01
    endloop
  endfacet
  facet normal -8.657948e-01 1.375109e-05 -5.003994e-01
    outer loop
      vertex 3.477722e+00 -2.508142e+01 1.020675e+01
      vertex 4.427917e+00 -2.508142e+01 8.975113e+00
      vertex 4.428284e+00 -3.049999e+01 8.975443e+00
    endloop
  endfacet
  facet normal -8.657948e-01 1.375109e-05 -5.003994e-01
    outer loop
      vertex 3.477722e+00 -2.508142e+01 1.020675e+01
      vertex 4.428284e+00 -3.049999e+01 8.975443e+00
      vertex 3.474792e+00 -3.049999e+01 1.021814e+01
    endloop
  endfacet
  facet normal 1.000000e+00 0.000000e+00 0.000000e+00
    outer loop
      vertex -2.670959e+00 3.000000e+01 1.000013e+01
      vertex -2.670959e+00 2.702847e+01 5.543676e+00
      vertex -2.670959e+00 2.710002e+01 5.000156e+00
    endloop
  endfacet
  facet normal 1.000000e+00 0.000000e+00 0.000000e+00
    outer loop
      vertex -2.670959e+00 2.702847e+01 5.543676e+00
      vertex -2.670959e+00 3.000000e+01 1.000013e+01
      vertex -2.670959e+00 2.681866e+01 6.050060e+00
    endloop
  endfacet
  facet normal 1.000000e+00 0.000000e+00 0.000000e+00
    outer loop
      vertex -2.670959e+00 2.681866e+01 6.050060e+00
      vertex -2.670959e+00 3.000000e+01 1.000013e+01
      vertex -2.670959e+00 2.648494e+01 6.485058e+00
    endloop
  endfacet
  facet normal 1.000000e+00 0.000000e+00 0.000000e+00
    outer loop
      vertex -2.670959e+00 2.648494e+01 6.485058e+00
      vertex -2.670959e+00 3.000000e+01 1.000013e+01
      vertex -2.670959e+00 2.605000e+01 6.818723e+00
    endloop
  endfacet
  facet normal 1.000000e+00 0.000000e+00 0.000000e+00
    outer loop
      vertex -2.670959e+00 2.605000e+01 6.818723e+00
      vertex -2.670959e+00 3.000000e+01 1.000013e+01
      vertex -2.670959e+00 2.000001e+01 1.000013e+01
    endloop
  endfacet
  facet normal 1.000000e+00 0.000000e+00 0.000000e+00
    outer loop
      vertex -2.670959e+00 2.605000e+01 6.818723e+00
      vertex -2.670959e+00 2.000001e+01 1.000013e+01
      vertex -2.670959e+00 2.554353e+01 7.028527e+00
    endloop
  endfacet
  facet normal 1.000000e+00 0.000000e+00 0.000000e+00
    outer loop
      vertex -2.670959e+00 2.554353e+01 7.028527e+00
      vertex -2.670959e+00 2.000001e+01 1.000013e+01
      vertex -2.670959e+00 2.500001e+01 7.100101e+00
    endloop
  endfacet
  facet normal 1.000000e+00 0.000000e+00 0.000000e+00
    outer loop
      vertex -2.670959e+00 2.500001e+01 7.100101e+00
      vertex -2.670959e+00 2.000001e+01 1.000013e+01
      vertex -2.670959e+00 2.445649e+01 7.028492e+00
    endloop
  endfacet
  facet normal 1.000000e+00 0.000000e+00 0.000000e+00
    outer loop
      vertex -2.670959e+00 2.445649e+01 7.028492e+00
      vertex -2.670959e+00 2.000001e+01 1.000013e+01
      vertex -2.670959e+00 2.395001e+01 6.818694e+00
    endloop
  endfacet
  facet normal 1.000000e+00 0.000000e+00 0.000000e+00
    outer loop
      vertex -2.670959e+00 2.395001e+01 6.818694e+00
      vertex -2.670959e+00 2.000001e+01 1.000013e+01
      vertex -2.670959e+00 2.351508e+01 6.484979e+00
    endloop
  endfacet
  facet normal 1.000000e+00 0.000000e+00 0.000000e+00
    outer loop
      vertex -2.670959e+00 2.351508e+01 6.484979e+00
      vertex -2.670959e+00 2.000001e+01 1.000013e+01
      vertex -2.670959e+00 2.318135e+01 6.050049e+00
    endloop
  endfacet
  facet normal 1.000000e+00 0.000000e+00 0.000000e+00
    outer loop
      vertex -2.670959e+00 2.318135e+01 6.050049e+00
      vertex -2.670959e+00 2.000001e+01 1.000013e+01
      vertex -2.670959e+00 2.297156e+01 5.543562e+00
    endloop
  endfacet
  facet normal 1.000000e+00 0.000000e+00 0.000000e+00
    outer loop
      vertex -2.670959e+00 2.297156e+01 5.543562e+00
      vertex -2.670959e+00 2.000001e+01 1.000013e+01
      vertex -2.670959e+00 2.290002e+01 5.000099e+00
    endloop
  endfacet
  facet normal 1.000000e+00 0.000000e+00 0.000000e+00
    outer loop
      vertex -2.670959e+00 2.290002e+01 5.000099e+00
      vertex -2.670959e+00 2.000001e+01 1.000013e+01
      vertex -2.670959e+00 2.000003e+01 1.247931e-04
    endloop
  endfacet
  facet normal 1.000000e+00 0.000000e+00 0.000000e+00
    outer loop
      vertex -2.670959e+00 3.000003e+01 1.247931e-04
      vertex -2.670959e+00 2.605002e+01 3.181440e+00
      vertex -2.670959e+00 2.000003e+01 1.247931e-04
    endloop
  endfacet
  facet normal 1.000000e+00 0.000000e+00 0.000000e+00
    outer loop
      vertex -2.670959e+00 2.605002e+01 3.181440e+00
      vertex -2.670959e+00 3.000003e+01 1.247931e-04
      vertex -2.670959e+00 2.648494e+01 3.515157e+00
    endloop
  endfacet
  facet normal 1.000000e+00 0.000000e+00 0.000000e+00
    outer loop
      vertex -2.670959e+00 2.648494e+01 3.515157e+00
      vertex -2.670959e+00 3.000003e+01 1.247931e-04
      vertex -2.670959e+00 2.681866e+01 3.950088e+00
    endloop
  endfacet
  facet normal 1.000000e+00 0.000000e+00 0.000000e+00
    outer loop
      vertex -2.670959e+00 2.681866e+01 3.950088e+00
      vertex -2.670959e+00 3.000003e+01 1.247931e-04
      vertex -2.670959e+00 3.000000e+01 1.000013e+01
    endloop
  endfacet
  facet normal 1.000000e+00 0.000000e+00 0.000000e+00
    outer loop
      vertex -2.670959e+00 2.681866e+01 3.950088e+00
      vertex -2.670959e+00 3.000000e+01 1.000013e+01
      vertex -2.670959e+00 2.702845e+01 4.456574e+00
    endloop
  endfacet
  facet normal 1.000000e+00 0.000000e+00 0.000000e+00
    outer loop
      vertex -2.670959e+00 2.702845e+01 4.456574e+00
      vertex -2.670959e+00 3.000000e+01 1.000013e+01
      vertex -2.670959e+00 2.710002e+01 5.000156e+00
    endloop
  endfacet
  facet normal 1.000000e+00 0.000000e+00 0.000000e+00
    outer loop
      vertex -2.670959e+00 2.000003e+01 1.247931e-04
      vertex -2.670959e+00 2.605002e+01 3.181440e+00
      vertex -2.670959e+00 2.554354e+01 2.971643e+00
    endloop
  endfacet
  facet normal 1.000000e+00 0.000000e+00 0.000000e+00
    outer loop
      vertex -2.670959e+00 2.000003e+01 1.247931e-04
      vertex -2.670959e+00 2.554354e+01 2.971643e+00
      vertex -2.670959e+00 2.500003e+01 2.900154e+00
    endloop
  endfacet
  facet normal 1.000000e+00 0.000000e+00 0.000000e+00
    outer loop
      vertex -2.670959e+00 2.000003e+01 1.247931e-04
      vertex -2.670959e+00 2.500003e+01 2.900154e+00
      vertex -2.670959e+00 2.445650e+01 2.971608e+00
    endloop
  endfacet
  facet normal 1.000000e+00 0.000000e+00 0.000000e+00
    outer loop
      vertex -2.670959e+00 2.000003e+01 1.247931e-04
      vertex -2.670959e+00 2.445650e+01 2.971608e+00
      vertex -2.670959e+00 2.395001e+01 3.181413e+00
    endloop
  endfacet
  facet normal 1.000000e+00 0.000000e+00 0.000000e+00
    outer loop
      vertex -2.670959e+00 2.000003e+01 1.247931e-04
      vertex -2.670959e+00 2.395001e+01 3.181413e+00
      vertex -2.670959e+00 2.351510e+01 3.515197e+00
    endloop
  endfacet
  facet normal 1.000000e+00 0.000000e+00 0.000000e+00
    outer loop
      vertex -2.670959e+00 2.000003e+01 1.247931e-04
      vertex -2.670959e+00 2.351510e+01 3.515197e+00
      vertex -2.670959e+00 2.318137e+01 3.950074e+00
    endloop
  endfacet
  facet normal 1.000000e+00 0.000000e+00 0.000000e+00
    outer loop
      vertex -2.670959e+00 2.000003e+01 1.247931e-04
      vertex -2.670959e+00 2.318137e+01 3.950074e+00
      vertex -2.670959e+00 2.297157e+01 4.456580e+00
    endloop
  endfacet
  facet normal 1.000000e+00 0.000000e+00 0.000000e+00
    outer loop
      vertex -2.670959e+00 2.000003e+01 1.247931e-04
      vertex -2.670959e+00 2.297157e+01 4.456580e+00
      vertex -2.670959e+00 2.290002e+01 5.000099e+00
    endloop
  endfacet
  facet normal 0.000000e+00 -2.048964e-06 1.000000e+00
    outer loop
      vertex 1.392926e+01 -2.008141e+01 3.103214e+00
      vertex 1.929260e+00 -1.953790e+01 3.174702e+00
      vertex 1.929260e+00 -2.008141e+01 3.103214e+00
    endloop
  endfacet
  facet normal 0.000000e+00 -2.588210e-01 9.659253e-01
    outer loop
      vertex 1.929260e+00 -1.953790e+01 3.174702e+00
      vertex 1.392926e+01 -2.008141e+01 3.103214e+00
      vertex 1.392926e+01 -1.953790e+01 3.174702e+00
    endloop
  endfacet
  facet normal 0.000000e+00 8.660244e-01 5.000017e-01
    outer loop
      vertex 1.392926e+01 -2.190007e+01 4.153133e+00
      vertex 1.929260e+00 -2.210987e+01 4.659639e+00
      vertex 1.392926e+01 -2.210987e+01 4.659639e+00
    endloop
  endfacet
  facet normal 0.000000e+00 9.659253e-01 2.588210e-01
    outer loop
      vertex 1.929260e+00 -2.210987e+01 4.659639e+00
      vertex 1.392926e+01 -2.190007e+01 4.153133e+00
      vertex 1.929260e+00 -2.190007e+01 4.153133e+00
    endloop
  endfacet
  facet normal -7.066796e-01 2.617742e-05 -7.075337e-01
    outer loop
      vertex 4.428284e+00 3.050000e+01 8.975606e+00
      vertex 5.670715e+00 2.500001e+01 8.022020e+00
      vertex 4.428040e+00 2.500001e+01 8.975525e+00
    endloop
  endfacet
  facet normal -5.000016e-01 3.063703e-05 -8.660245e-01
    outer loop
      vertex 5.670715e+00 2.500001e+01 8.022020e+00
      vertex 4.428284e+00 3.050000e+01 8.975606e+00
      vertex 5.670959e+00 3.050001e+01 8.022101e+00
    endloop
  endfacet
  facet normal -6.852511e-16 -1.000000e+00 -2.048964e-06
    outer loop
      vertex -1.467096e+01 2.000001e+01 1.000013e+01
      vertex -1.290179e+01 2.000002e+01 8.947563e+00
      vertex -1.370953e+01 2.000001e+01 1.000013e+01
    endloop
  endfacet
  facet normal -6.852511e-16 -1.000000e+00 -2.048964e-06
    outer loop
      vertex -1.290179e+01 2.000002e+01 8.947563e+00
      vertex -1.467096e+01 2.000001e+01 1.000013e+01
      vertex -1.467096e+01 2.000003e+01 1.247931e-04
    endloop
  endfacet
  facet normal -6.852511e-16 -1.000000e+00 -2.048964e-06
    outer loop
      vertex -1.290179e+01 2.000002e+01 8.947563e+00
      vertex -1.467096e+01 2.000003e+01 1.247931e-04
      vertex -1.165912e+01 2.000002e+01 7.994058e+00
    endloop
  endfacet
  facet normal -6.852511e-16 -1.000000e+00 -2.048964e-06
    outer loop
      vertex -1.165912e+01 2.000002e+01 7.994058e+00
      vertex -1.467096e+01 2.000003e+01 1.247931e-04
      vertex -1.021210e+01 2.000002e+01 7.394645e+00
    endloop
  endfacet
  facet normal -6.852511e-16 -1.000000e+00 -2.048964e-06
    outer loop
      vertex -1.021210e+01 2.000002e+01 7.394645e+00
      vertex -1.467096e+01 2.000003e+01 1.247931e-04
      vertex -8.659119e+00 2.000001e+01 7.190130e+00
    endloop
  endfacet
  facet normal -6.852511e-16 -1.000000e+00 -2.048964e-06
    outer loop
      vertex -4.416565e+00 2.000002e+01 8.947563e+00
      vertex -2.670959e+00 2.000001e+01 1.000013e+01
      vertex -3.608826e+00 2.000001e+01 1.000013e+01
    endloop
  endfacet
  facet normal -6.852511e-16 -1.000000e+00 -2.048964e-06
    outer loop
      vertex -2.670959e+00 2.000001e+01 1.000013e+01
      vertex -4.416565e+00 2.000002e+01 8.947563e+00
      vertex -2.670959e+00 2.000003e+01 1.247931e-04
    endloop
  endfacet
  facet normal -6.852511e-16 -1.000000e+00 -2.048964e-06
    outer loop
      vertex -2.670959e+00 2.000003e+01 1.247931e-04
      vertex -4.416565e+00 2.000002e+01 8.947563e+00
      vertex -5.659119e+00 2.000002e+01 7.994058e+00
    endloop
  endfacet
  facet normal -6.852511e-16 -1.000000e+00 -2.048964e-06
    outer loop
      vertex -2.670959e+00 2.000003e+01 1.247931e-04
      vertex -5.659119e+00 2.000002e+01 7.994058e+00
      vertex -7.106262e+00 2.000002e+01 7.394645e+00
    endloop
  endfacet
  facet normal -6.852511e-16 -1.000000e+00 -2.048964e-06
    outer loop
      vertex -2.670959e+00 2.000003e+01 1.247931e-04
      vertex -7.106262e+00 2.000002e+01 7.394645e+00
      vertex -8.659119e+00 2.000001e+01 7.190130e+00
    endloop
  endfacet
  facet normal -6.852511e-16 -1.000000e+00 -2.048964e-06
    outer loop
      vertex -2.670959e+00 2.000003e+01 1.247931e-04
      vertex -8.659119e+00 2.000001e+01 7.190130e+00
      vertex -1.467096e+01 2.000003e+01 1.247931e-04
    endloop
  endfacet
  facet normal -4.999984e-01 3.063651e-05 -8.660263e-01
    outer loop
      vertex 5.670959e+00 3.050001e+01 8.022101e+00
      vertex 7.117859e+00 2.500001e+01 7.422608e+00
      vertex 5.670715e+00 2.500001e+01 8.022020e+00
    endloop
  endfacet
  facet normal -2.581201e-01 -1.055456e-07 -9.661129e-01
    outer loop
      vertex 7.117859e+00 2.500001e+01 7.422608e+00
      vertex 5.670959e+00 3.050001e+01 8.022101e+00
      vertex 7.117981e+00 3.050002e+01 7.422687e+00
    endloop
  endfacet
  facet normal 0.000000e+00 -8.660264e-01 4.999982e-01
    outer loop
      vertex -1.467096e+01 2.681866e+01 3.950088e+00
      vertex -2.670959e+00 2.702845e+01 4.456574e+00
      vertex -1.467096e+01 2.702845e+01 4.456574e+00
    endloop
  endfacet
  facet normal 0.000000e+00 -9.659263e-01 2.588170e-01
    outer loop
      vertex -2.670959e+00 2.702845e+01 4.456574e+00
      vertex -1.467096e+01 2.681866e+01 3.950088e+00
      vertex -2.670959e+00 2.681866e+01 3.950088e+00
    endloop
  endfacet
  facet normal 0.000000e+00 -1.000000e+00 -2.048964e-06
    outer loop
      vertex -1.467096e+01 2.710002e+01 5.000156e+00
      vertex -2.670959e+00 2.702847e+01 5.543676e+00
      vertex -1.467096e+01 2.702847e+01 5.543676e+00
    endloop
  endfacet
  facet normal 0.000000e+00 -9.659253e-01 -2.588210e-01
    outer loop
      vertex -2.670959e+00 2.702847e+01 5.543676e+00
      vertex -1.467096e+01 2.710002e+01 5.000156e+00
      vertex -2.670959e+00 2.710002e+01 5.000156e+00
    endloop
  endfacet
  facet normal -2.581167e-01 6.378165e-06 -9.661137e-01
    outer loop
      vertex 7.117981e+00 3.050002e+01 7.422687e+00
      vertex 7.117859e+00 1.500002e+01 7.422606e+00
      vertex 7.117859e+00 2.500001e+01 7.422608e+00
    endloop
  endfacet
  facet normal -2.581192e-01 -7.474969e-06 -9.661130e-01
    outer loop
      vertex 7.117859e+00 1.500002e+01 7.422606e+00
      vertex 7.117981e+00 3.050002e+01 7.422687e+00
      vertex 7.117981e+00 -1.508142e+01 7.422564e+00
    endloop
  endfacet
  facet normal -2.581188e-01 -7.474048e-06 -9.661132e-01
    outer loop
      vertex 7.117981e+00 -1.508142e+01 7.422564e+00
      vertex 7.117981e+00 3.050002e+01 7.422687e+00
      vertex 7.117981e+00 -2.508141e+01 7.422562e+00
    endloop
  endfacet
  facet normal -2.581190e-01 -8.250578e-06 -9.661131e-01
    outer loop
      vertex 7.117981e+00 -2.508141e+01 7.422562e+00
      vertex 7.117981e+00 3.050002e+01 7.422687e+00
      vertex 7.117981e+00 -3.049999e+01 7.422525e+00
    endloop
  endfacet
  facet normal -2.581190e-01 -9.906777e-06 -9.661132e-01
    outer loop
      vertex 7.117981e+00 -3.049999e+01 7.422525e+00
      vertex 7.117981e+00 3.050002e+01 7.422687e+00
      vertex 8.670959e+00 3.050001e+01 7.218295e+00
    endloop
  endfacet
  facet normal -2.581190e-01 -9.906777e-06 -9.661132e-01
    outer loop
      vertex 7.117981e+00 -3.049999e+01 7.422525e+00
      vertex 8.670959e+00 3.050001e+01 7.218295e+00
      vertex 8.670959e+00 -3.049998e+01 7.218131e+00
    endloop
  endfacet
  facet normal 1.191036e-04 1.668448e-04 -1.000000e+00
    outer loop
      vertex 8.670959e+00 -3.049998e+01 7.218131e+00
      vertex 8.670959e+00 3.050001e+01 7.218295e+00
      vertex 8.670959e+00 -2.508142e+01 7.221980e+00
    endloop
  endfacet
  facet normal -1.617782e-04 7.627733e-05 -1.000000e+00
    outer loop
      vertex 8.670959e+00 -2.508142e+01 7.221980e+00
      vertex 8.670959e+00 3.050001e+01 7.218295e+00
      vertex 8.671204e+00 -1.508141e+01 7.221734e+00
    endloop
  endfacet
  facet normal -1.617782e-04 7.627733e-05 -1.000000e+00
    outer loop
      vertex 8.670959e+00 -2.508142e+01 7.221980e+00
      vertex 8.671204e+00 -1.508141e+01 7.221734e+00
      vertex 8.671326e+00 -2.064329e+01 7.221901e+00
    endloop
  endfacet
  facet normal -4.337851e-04 -1.429057e-05 -9.999999e-01
    outer loop
      vertex 8.671326e+00 -2.064329e+01 7.221901e+00
      vertex 8.671204e+00 -1.508141e+01 7.221734e+00
      vertex 8.671326e+00 -1.951945e+01 7.221802e+00
    endloop
  endfacet
  facet normal 0.000000e+00 -9.659263e-01 2.588170e-01
    outer loop
      vertex -1.467096e+01 2.702845e+01 4.456574e+00
      vertex -2.670959e+00 2.710002e+01 5.000156e+00
      vertex -1.467096e+01 2.710002e+01 5.000156e+00
    endloop
  endfacet
  facet normal 0.000000e+00 -1.000000e+00 -2.048964e-06
    outer loop
      vertex -2.670959e+00 2.710002e+01 5.000156e+00
      vertex -1.467096e+01 2.702845e+01 4.456574e+00
      vertex -2.670959e+00 2.702845e+01 4.456574e+00
    endloop
  endfacet
  facet normal 0.000000e+00 -9.659253e-01 -2.588210e-01
    outer loop
      vertex -1.467096e+01 2.702847e+01 5.543676e+00
      vertex -2.670959e+00 2.681866e+01 6.050060e+00
      vertex -1.467096e+01 2.681866e+01 6.050060e+00
    endloop
  endfacet
  facet normal 0.000000e+00 -8.660244e-01 -5.000017e-01
    outer loop
      vertex -2.670959e+00 2.681866e+01 6.050060e+00
      vertex -1.467096e+01 2.702847e+01 5.543676e+00
      vertex -2.670959e+00 2.702847e+01 5.543676e+00
    endloop
  endfacet
  facet normal 0.000000e+00 2.048964e-06 -1.000000e+00
    outer loop
      vertex -2.670959e+00 3.000003e+01 1.247931e-04
      vertex -1.467096e+01 2.000003e+01 1.247931e-04
      vertex -1.467096e+01 3.000003e+01 1.247931e-04
    endloop
  endfacet
  facet normal 0.000000e+00 2.048964e-06 -1.000000e+00
    outer loop
      vertex -1.467096e+01 2.000003e+01 1.247931e-04
      vertex -2.670959e+00 3.000003e+01 1.247931e-04
      vertex -2.670959e+00 2.000003e+01 1.247931e-04
    endloop
  endfacet
  facet normal -9.659258e-01 -5.322041e-07 2.588190e-01
    outer loop
      vertex 1.108575e+01 -3.050000e+01 1.257106e+01
      vertex 1.117096e+01 3.049999e+01 1.321820e+01
      vertex 1.108575e+01 3.050000e+01 1.257122e+01
    endloop
  endfacet
  facet normal -1.000000e+00 9.497702e-19 -3.645535e-14
    outer loop
      vertex 1.117096e+01 3.049999e+01 1.321820e+01
      vertex 1.108575e+01 -3.050000e+01 1.257106e+01
      vertex 1.117096e+01 -3.050000e+01 1.321816e+01
    endloop
  endfacet
  facet normal -8.660254e-01 -1.024482e-06 5.000000e-01
    outer loop
      vertex 1.083600e+01 -3.050000e+01 1.196808e+01
      vertex 1.108575e+01 3.050000e+01 1.257122e+01
      vertex 1.083600e+01 3.050000e+01 1.196825e+01
    endloop
  endfacet
  facet normal -9.659258e-01 -5.322041e-07 2.588190e-01
    outer loop
      vertex 1.108575e+01 3.050000e+01 1.257122e+01
      vertex 1.083600e+01 -3.050000e+01 1.196808e+01
      vertex 1.108575e+01 -3.050000e+01 1.257106e+01
    endloop
  endfacet
  facet normal 1.568116e-18 1.000000e+00 2.048964e-06
    outer loop
      vertex 1.022382e+01 3.050000e+01 1.901383e+01
      vertex 7.117981e+00 3.050000e+01 1.901383e+01
      vertex 8.670959e+00 3.049999e+01 1.921823e+01
    endloop
  endfacet
  facet normal 1.568116e-18 1.000000e+00 2.048964e-06
    outer loop
      vertex 7.117981e+00 3.050000e+01 1.901383e+01
      vertex 1.022382e+01 3.050000e+01 1.901383e+01
      vertex 1.167096e+01 3.049999e+01 1.841442e+01
    endloop
  endfacet
  facet normal 1.568116e-18 1.000000e+00 2.048964e-06
    outer loop
      vertex 7.117981e+00 3.050000e+01 1.901383e+01
      vertex 1.167096e+01 3.049999e+01 1.841442e+01
      vertex 5.670959e+00 3.049999e+01 1.841442e+01
    endloop
  endfacet
  facet normal 1.568116e-18 1.000000e+00 2.048964e-06
    outer loop
      vertex 5.670959e+00 3.049999e+01 1.841442e+01
      vertex 1.167096e+01 3.049999e+01 1.841442e+01
      vertex 1.291351e+01 3.050000e+01 1.746092e+01
    endloop
  endfacet
  facet normal 1.568116e-18 1.000000e+00 2.048964e-06
    outer loop
      vertex 5.670959e+00 3.049999e+01 1.841442e+01
      vertex 1.291351e+01 3.050000e+01 1.746092e+01
      vertex 4.428284e+00 3.050000e+01 1.746092e+01
    endloop
  endfacet
  facet normal 1.568116e-18 1.000000e+00 2.048964e-06
    outer loop
      vertex 4.428284e+00 3.050000e+01 1.746092e+01
      vertex 1.291351e+01 3.050000e+01 1.746092e+01
      vertex 1.386713e+01 3.049999e+01 1.621821e+01
    endloop
  endfacet
  facet normal 1.568116e-18 1.000000e+00 2.048964e-06
    outer loop
      vertex 4.428284e+00 3.050000e+01 1.746092e+01
      vertex 1.386713e+01 3.049999e+01 1.621821e+01
      vertex 3.474792e+00 3.049999e+01 1.621821e+01
    endloop
  endfacet
  facet normal 1.568116e-18 1.000000e+00 2.048964e-06
    outer loop
      vertex 3.474792e+00 3.049999e+01 1.621821e+01
      vertex 1.386713e+01 3.049999e+01 1.621821e+01
      vertex 8.670959e+00 3.050000e+01 1.571823e+01
    endloop
  endfacet
  facet normal 1.568116e-18 1.000000e+00 2.048964e-06
    outer loop
      vertex 8.670959e+00 3.050000e+01 1.571823e+01
      vertex 1.386713e+01 3.049999e+01 1.621821e+01
      vertex 9.317932e+00 3.050000e+01 1.563306e+01
    endloop
  endfacet
  facet normal 1.568116e-18 1.000000e+00 2.048964e-06
    outer loop
      vertex 9.317932e+00 3.050000e+01 1.563306e+01
      vertex 1.386713e+01 3.049999e+01 1.621821e+01
      vertex 1.446649e+01 3.049999e+01 1.477112e+01
    endloop
  endfacet
  facet normal 1.568116e-18 1.000000e+00 2.048964e-06
    outer loop
      vertex 9.317932e+00 3.050000e+01 1.563306e+01
      vertex 1.446649e+01 3.049999e+01 1.477112e+01
      vertex 9.920959e+00 3.049999e+01 1.538331e+01
    endloop
  endfacet
  facet normal 1.568116e-18 1.000000e+00 2.048964e-06
    outer loop
      vertex 9.920959e+00 3.049999e+01 1.538331e+01
      vertex 1.446649e+01 3.049999e+01 1.477112e+01
      vertex 1.043866e+01 3.050000e+01 1.498596e+01
    endloop
  endfacet
  facet normal 1.568116e-18 1.000000e+00 2.048964e-06
    outer loop
      vertex 1.043866e+01 3.050000e+01 1.498596e+01
      vertex 1.446649e+01 3.049999e+01 1.477112e+01
      vertex 1.083600e+01 3.050000e+01 1.446828e+01
    endloop
  endfacet
  facet normal 1.568116e-18 1.000000e+00 2.048964e-06
    outer loop
      vertex 1.083600e+01 3.050000e+01 1.446828e+01
      vertex 1.446649e+01 3.049999e+01 1.477112e+01
      vertex 1.467096e+01 3.049999e+01 1.321820e+01
    endloop
  endfacet
  facet normal 1.568116e-18 1.000000e+00 2.048964e-06
    outer loop
      vertex 1.083600e+01 3.050000e+01 1.446828e+01
      vertex 1.467096e+01 3.049999e+01 1.321820e+01
      vertex 1.108575e+01 3.049999e+01 1.386530e+01
    endloop
  endfacet
  facet normal 1.568116e-18 1.000000e+00 2.048964e-06
    outer loop
      vertex 1.108575e+01 3.049999e+01 1.386530e+01
      vertex 1.467096e+01 3.049999e+01 1.321820e+01
      vertex 1.117096e+01 3.049999e+01 1.321820e+01
    endloop
  endfacet
  facet normal 1.568116e-18 1.000000e+00 2.048964e-06
    outer loop
      vertex 1.117096e+01 3.049999e+01 1.321820e+01
      vertex 1.467096e+01 3.049999e+01 1.321820e+01
      vertex 1.446649e+01 3.049999e+01 1.166528e+01
    endloop
  endfacet
  facet normal 1.568116e-18 1.000000e+00 2.048964e-06
    outer loop
      vertex 1.117096e+01 3.049999e+01 1.321820e+01
      vertex 1.446649e+01 3.049999e+01 1.166528e+01
      vertex 1.108575e+01 3.050000e+01 1.257122e+01
    endloop
  endfacet
  facet normal 1.568116e-18 1.000000e+00 2.048964e-06
    outer loop
      vertex 1.108575e+01 3.050000e+01 1.257122e+01
      vertex 1.446649e+01 3.049999e+01 1.166528e+01
      vertex 1.083600e+01 3.050000e+01 1.196825e+01
    endloop
  endfacet
  facet normal 1.568116e-18 1.000000e+00 2.048964e-06
    outer loop
      vertex 1.083600e+01 3.050000e+01 1.196825e+01
      vertex 1.446649e+01 3.049999e+01 1.166528e+01
      vertex 1.043866e+01 3.050000e+01 1.145044e+01
    endloop
  endfacet
  facet normal 1.568116e-18 1.000000e+00 2.048964e-06
    outer loop
      vertex 1.043866e+01 3.050000e+01 1.145044e+01
      vertex 1.446649e+01 3.049999e+01 1.166528e+01
      vertex 1.386713e+01 3.049999e+01 1.021819e+01
    endloop
  endfacet
  facet normal 1.568116e-18 1.000000e+00 2.048964e-06
    outer loop
      vertex 1.043866e+01 3.050000e+01 1.145044e+01
      vertex 1.386713e+01 3.049999e+01 1.021819e+01
      vertex 9.920959e+00 3.050001e+01 1.105321e+01
    endloop
  endfacet
  facet normal 1.568116e-18 1.000000e+00 2.048964e-06
    outer loop
      vertex 9.920959e+00 3.050001e+01 1.105321e+01
      vertex 1.386713e+01 3.049999e+01 1.021819e+01
      vertex 9.317932e+00 3.050000e+01 1.080347e+01
    endloop
  endfacet
  facet normal 1.568116e-18 1.000000e+00 2.048964e-06
    outer loop
      vertex 9.317932e+00 3.050000e+01 1.080347e+01
      vertex 1.386713e+01 3.049999e+01 1.021819e+01
      vertex 8.670959e+00 3.050000e+01 1.071829e+01
    endloop
  endfacet
  facet normal 1.568116e-18 1.000000e+00 2.048964e-06
    outer loop
      vertex 3.474792e+00 3.049999e+01 1.621821e+01
      vertex 8.023865e+00 3.050000e+01 1.563306e+01
      vertex 2.875305e+00 3.049999e+01 1.477112e+01
    endloop
  endfacet
  facet normal 1.568116e-18 1.000000e+00 2.048964e-06
    outer loop
      vertex 8.023865e+00 3.050000e+01 1.563306e+01
      vertex 3.474792e+00 3.049999e+01 1.621821e+01
      vertex 8.670959e+00 3.050000e+01 1.571823e+01
    endloop
  endfacet
  facet normal 1.568116e-18 1.000000e+00 2.048964e-06
    outer loop
      vertex 2.875305e+00 3.049999e+01 1.477112e+01
      vertex 8.023865e+00 3.050000e+01 1.563306e+01
      vertex 7.420959e+00 3.049999e+01 1.538331e+01
    endloop
  endfacet
  facet normal 1.568116e-18 1.000000e+00 2.048964e-06
    outer loop
      vertex 2.875305e+00 3.049999e+01 1.477112e+01
      vertex 7.420959e+00 3.049999e+01 1.538331e+01
      vertex 6.903137e+00 3.050000e+01 1.498596e+01
    endloop
  endfacet
  facet normal 1.568116e-18 1.000000e+00 2.048964e-06
    outer loop
      vertex 2.875305e+00 3.049999e+01 1.477112e+01
      vertex 6.903137e+00 3.050000e+01 1.498596e+01
      vertex 6.505798e+00 3.050000e+01 1.446828e+01
    endloop
  endfacet
  facet normal 1.568116e-18 1.000000e+00 2.048964e-06
    outer loop
      vertex 2.875305e+00 3.049999e+01 1.477112e+01
      vertex 6.505798e+00 3.050000e+01 1.446828e+01
      vertex 2.670959e+00 3.049999e+01 1.321820e+01
    endloop
  endfacet
  facet normal 1.568116e-18 1.000000e+00 2.048964e-06
    outer loop
      vertex 2.670959e+00 3.049999e+01 1.321820e+01
      vertex 6.505798e+00 3.050000e+01 1.446828e+01
      vertex 6.256165e+00 3.049999e+01 1.386530e+01
    endloop
  endfacet
  facet normal 1.568116e-18 1.000000e+00 2.048964e-06
    outer loop
      vertex 2.670959e+00 3.049999e+01 1.321820e+01
      vertex 6.256165e+00 3.049999e+01 1.386530e+01
      vertex 6.170959e+00 3.049999e+01 1.321820e+01
    endloop
  endfacet
  facet normal 1.568116e-18 1.000000e+00 2.048964e-06
    outer loop
      vertex 2.670959e+00 3.049999e+01 1.321820e+01
      vertex 6.170959e+00 3.049999e+01 1.321820e+01
      vertex 6.256165e+00 3.050000e+01 1.257122e+01
    endloop
  endfacet
  facet normal 1.568116e-18 1.000000e+00 2.048964e-06
    outer loop
      vertex 2.670959e+00 3.049999e+01 1.321820e+01
      vertex 6.256165e+00 3.050000e+01 1.257122e+01
      vertex 2.875305e+00 3.049999e+01 1.166528e+01
    endloop
  endfacet
  facet normal 1.568116e-18 1.000000e+00 2.048964e-06
    outer loop
      vertex 2.875305e+00 3.049999e+01 1.166528e+01
      vertex 6.256165e+00 3.050000e+01 1.257122e+01
      vertex 6.505798e+00 3.050000e+01 1.196825e+01
    endloop
  endfacet
  facet normal 1.568116e-18 1.000000e+00 2.048964e-06
    outer loop
      vertex 2.875305e+00 3.049999e+01 1.166528e+01
      vertex 6.505798e+00 3.050000e+01 1.196825e+01
      vertex 6.903137e+00 3.050000e+01 1.145044e+01
    endloop
  endfacet
  facet normal 1.568116e-18 1.000000e+00 2.048964e-06
    outer loop
      vertex 2.875305e+00 3.049999e+01 1.166528e+01
      vertex 6.903137e+00 3.050000e+01 1.145044e+01
      vertex 3.474792e+00 3.049999e+01 1.021819e+01
    endloop
  endfacet
  facet normal 1.568116e-18 1.000000e+00 2.048964e-06
    outer loop
      vertex 3.474792e+00 3.049999e+01 1.021819e+01
      vertex 6.903137e+00 3.050000e+01 1.145044e+01
      vertex 7.420959e+00 3.050001e+01 1.105321e+01
    endloop
  endfacet
  facet normal 1.568116e-18 1.000000e+00 2.048964e-06
    outer loop
      vertex 3.474792e+00 3.049999e+01 1.021819e+01
      vertex 7.420959e+00 3.050001e+01 1.105321e+01
      vertex 8.023865e+00 3.050000e+01 1.080347e+01
    endloop
  endfacet
  facet normal 1.568116e-18 1.000000e+00 2.048964e-06
    outer loop
      vertex 3.474792e+00 3.049999e+01 1.021819e+01
      vertex 8.023865e+00 3.050000e+01 1.080347e+01
      vertex 8.670959e+00 3.050000e+01 1.071829e+01
    endloop
  endfacet
  facet normal 1.568116e-18 1.000000e+00 2.048964e-06
    outer loop
      vertex 3.474792e+00 3.049999e+01 1.021819e+01
      vertex 8.670959e+00 3.050000e+01 1.071829e+01
      vertex 1.386713e+01 3.049999e+01 1.021819e+01
    endloop
  endfacet
  facet normal 1.568116e-18 1.000000e+00 2.048964e-06
    outer loop
      vertex 3.474792e+00 3.049999e+01 1.021819e+01
      vertex 1.386713e+01 3.049999e+01 1.021819e+01
      vertex 1.291351e+01 3.050000e+01 8.975606e+00
    endloop
  endfacet
  facet normal 1.568116e-18 1.000000e+00 2.048964e-06
    outer loop
      vertex 3.474792e+00 3.049999e+01 1.021819e+01
      vertex 1.291351e+01 3.050000e+01 8.975606e+00
      vertex 4.428284e+00 3.050000e+01 8.975606e+00
    endloop
  endfacet
  facet normal 1.568116e-18 1.000000e+00 2.048964e-06
    outer loop
      vertex 4.428284e+00 3.050000e+01 8.975606e+00
      vertex 1.291351e+01 3.050000e+01 8.975606e+00
      vertex 1.167096e+01 3.050001e+01 8.022101e+00
    endloop
  endfacet
  facet normal 1.568116e-18 1.000000e+00 2.048964e-06
    outer loop
      vertex 4.428284e+00 3.050000e+01 8.975606e+00
      vertex 1.167096e+01 3.050001e+01 8.022101e+00
      vertex 5.670959e+00 3.050001e+01 8.022101e+00
    endloop
  endfacet
  facet normal 1.568116e-18 1.000000e+00 2.048964e-06
    outer loop
      vertex 5.670959e+00 3.050001e+01 8.022101e+00
      vertex 1.167096e+01 3.050001e+01 8.022101e+00
      vertex 1.022382e+01 3.050002e+01 7.422687e+00
    endloop
  endfacet
  facet normal 1.568116e-18 1.000000e+00 2.048964e-06
    outer loop
      vertex 5.670959e+00 3.050001e+01 8.022101e+00
      vertex 1.022382e+01 3.050002e+01 7.422687e+00
      vertex 7.117981e+00 3.050002e+01 7.422687e+00
    endloop
  endfacet
  facet normal 1.568116e-18 1.000000e+00 2.048964e-06
    outer loop
      vertex 7.117981e+00 3.050002e+01 7.422687e+00
      vertex 1.022382e+01 3.050002e+01 7.422687e+00
      vertex 8.670959e+00 3.050001e+01 7.218295e+00
    endloop
  endfacet
  facet normal -7.071068e-01 -1.446558e-06 7.071068e-01
    outer loop
      vertex 1.043866e+01 -3.049999e+01 1.145040e+01
      vertex 1.083600e+01 3.050000e+01 1.196825e+01
      vertex 1.043866e+01 3.050000e+01 1.145044e+01
    endloop
  endfacet
  facet normal -8.660254e-01 -1.024482e-06 5.000000e-01
    outer loop
      vertex 1.083600e+01 3.050000e+01 1.196825e+01
      vertex 1.043866e+01 -3.049999e+01 1.145040e+01
      vertex 1.083600e+01 -3.050000e+01 1.196808e+01
    endloop
  endfacet
  facet normal -1.000000e+00 0.000000e+00 0.000000e+00
    outer loop
      vertex -1.467096e+01 3.000003e+01 1.247931e-04
      vertex -1.467096e+01 2.681866e+01 3.950088e+00
      vertex -1.467096e+01 3.000000e+01 1.000013e+01
    endloop
  endfacet
  facet normal -1.000000e+00 0.000000e+00 0.000000e+00
    outer loop
      vertex -1.467096e+01 2.681866e+01 3.950088e+00
      vertex -1.467096e+01 3.000003e+01 1.247931e-04
      vertex -1.467096e+01 2.648494e+01 3.515157e+00
    endloop
  endfacet
  facet normal -1.000000e+00 0.000000e+00 0.000000e+00
    outer loop
      vertex -1.467096e+01 2.648494e+01 3.515157e+00
      vertex -1.467096e+01 3.000003e+01 1.247931e-04
      vertex -1.467096e+01 2.605002e+01 3.181440e+00
    endloop
  endfacet
  facet normal -1.000000e+00 0.000000e+00 0.000000e+00
    outer loop
      vertex -1.467096e+01 2.605002e+01 3.181440e+00
      vertex -1.467096e+01 3.000003e+01 1.247931e-04
      vertex -1.467096e+01 2.000003e+01 1.247931e-04
    endloop
  endfacet
  facet normal -1.000000e+00 0.000000e+00 0.000000e+00
    outer loop
      vertex -1.467096e+01 3.000000e+01 1.000013e+01
      vertex -1.467096e+01 2.681866e+01 3.950088e+00
      vertex -1.467096e+01 2.702845e+01 4.456574e+00
    endloop
  endfacet
  facet normal -1.000000e+00 0.000000e+00 0.000000e+00
    outer loop
      vertex -1.467096e+01 3.000000e+01 1.000013e+01
      vertex -1.467096e+01 2.702845e+01 4.456574e+00
      vertex -1.467096e+01 2.710002e+01 5.000156e+00
    endloop
  endfacet
  facet normal -1.000000e+00 0.000000e+00 0.000000e+00
    outer loop
      vertex -1.467096e+01 2.605002e+01 3.181440e+00
      vertex -1.467096e+01 2.000003e+01 1.247931e-04
      vertex -1.467096e+01 2.554354e+01 2.971643e+00
    endloop
  endfacet
  facet normal -1.000000e+00 0.000000e+00 0.000000e+00
    outer loop
      vertex -1.467096e+01 2.554354e+01 2.971643e+00
      vertex -1.467096e+01 2.000003e+01 1.247931e-04
      vertex -1.467096e+01 2.500003e+01 2.900154e+00
    endloop
  endfacet
  facet normal -1.000000e+00 0.000000e+00 0.000000e+00
    outer loop
      vertex -1.467096e+01 2.500003e+01 2.900154e+00
      vertex -1.467096e+01 2.000003e+01 1.247931e-04
      vertex -1.467096e+01 2.445650e+01 2.971608e+00
    endloop
  endfacet
  facet normal -1.000000e+00 0.000000e+00 0.000000e+00
    outer loop
      vertex -1.467096e+01 2.445650e+01 2.971608e+00
      vertex -1.467096e+01 2.000003e+01 1.247931e-04
      vertex -1.467096e+01 2.395001e+01 3.181413e+00
    endloop
  endfacet
  facet normal -1.000000e+00 0.000000e+00 0.000000e+00
    outer loop
      vertex -1.467096e+01 2.395001e+01 3.181413e+00
      vertex -1.467096e+01 2.000003e+01 1.247931e-04
      vertex -1.467096e+01 2.351510e+01 3.515197e+00
    endloop
  endfacet
  facet normal -1.000000e+00 0.000000e+00 0.000000e+00
    outer loop
      vertex -1.467096e+01 2.351510e+01 3.515197e+00
      vertex -1.467096e+01 2.000003e+01 1.247931e-04
      vertex -1.467096e+01 2.318137e+01 3.950074e+00
    endloop
  endfacet
  facet normal -1.000000e+00 0.000000e+00 0.000000e+00
    outer loop
      vertex -1.467096e+01 2.318137e+01 3.950074e+00
      vertex -1.467096e+01 2.000003e+01 1.247931e-04
      vertex -1.467096e+01 2.297157e+01 4.456580e+00
    endloop
  endfacet
  facet normal -1.000000e+00 0.000000e+00 0.000000e+00
    outer loop
      vertex -1.467096e+01 2.297157e+01 4.456580e+00
      vertex -1.467096e+01 2.000003e+01 1.247931e-04
      vertex -1.467096e+01 2.290002e+01 5.000099e+00
    endloop
  endfacet
  facet normal -1.000000e+00 0.000000e+00 0.000000e+00
    outer loop
      vertex -1.467096e+01 3.000000e+01 1.000013e+01
      vertex -1.467096e+01 2.605000e+01 6.818723e+00
      vertex -1.467096e+01 2.000001e+01 1.000013e+01
    endloop
  endfacet
  facet normal -1.000000e+00 0.000000e+00 0.000000e+00
    outer loop
      vertex -1.467096e+01 2.605000e+01 6.818723e+00
      vertex -1.467096e+01 3.000000e+01 1.000013e+01
      vertex -1.467096e+01 2.648494e+01 6.485058e+00
    endloop
  endfacet
  facet normal -1.000000e+00 0.000000e+00 0.000000e+00
    outer loop
      vertex -1.467096e+01 2.648494e+01 6.485058e+00
      vertex -1.467096e+01 3.000000e+01 1.000013e+01
      vertex -1.467096e+01 2.681866e+01 6.050060e+00
    endloop
  endfacet
  facet normal -1.000000e+00 0.000000e+00 0.000000e+00
    outer loop
      vertex -1.467096e+01 2.681866e+01 6.050060e+00
      vertex -1.467096e+01 3.000000e+01 1.000013e+01
      vertex -1.467096e+01 2.702847e+01 5.543676e+00
    endloop
  endfacet
  facet normal -1.000000e+00 0.000000e+00 0.000000e+00
    outer loop
      vertex -1.467096e+01 2.702847e+01 5.543676e+00
      vertex -1.467096e+01 3.000000e+01 1.000013e+01
      vertex -1.467096e+01 2.710002e+01 5.000156e+00
    endloop
  endfacet
  facet normal -1.000000e+00 0.000000e+00 0.000000e+00
    outer loop
      vertex -1.467096e+01 2.000001e+01 1.000013e+01
      vertex -1.467096e+01 2.605000e+01 6.818723e+00
      vertex -1.467096e+01 2.554353e+01 7.028527e+00
    endloop
  endfacet
  facet normal -1.000000e+00 0.000000e+00 0.000000e+00
    outer loop
      vertex -1.467096e+01 2.000001e+01 1.000013e+01
      vertex -1.467096e+01 2.554353e+01 7.028527e+00
      vertex -1.467096e+01 2.500001e+01 7.100101e+00
    endloop
  endfacet
  facet normal -1.000000e+00 0.000000e+00 0.000000e+00
    outer loop
      vertex -1.467096e+01 2.000001e+01 1.000013e+01
      vertex -1.467096e+01 2.500001e+01 7.100101e+00
      vertex -1.467096e+01 2.445649e+01 7.028492e+00
    endloop
  endfacet
  facet normal -1.000000e+00 0.000000e+00 0.000000e+00
    outer loop
      vertex -1.467096e+01 2.000001e+01 1.000013e+01
      vertex -1.467096e+01 2.445649e+01 7.028492e+00
      vertex -1.467096e+01 2.395001e+01 6.818694e+00
    endloop
  endfacet
  facet normal -1.000000e+00 0.000000e+00 0.000000e+00
    outer loop
      vertex -1.467096e+01 2.000001e+01 1.000013e+01
      vertex -1.467096e+01 2.395001e+01 6.818694e+00
      vertex -1.467096e+01 2.351508e+01 6.484979e+00
    endloop
  endfacet
  facet normal -1.000000e+00 0.000000e+00 0.000000e+00
    outer loop
      vertex -1.467096e+01 2.000001e+01 1.000013e+01
      vertex -1.467096e+01 2.351508e+01 6.484979e+00
      vertex -1.467096e+01 2.318135e+01 6.050049e+00
    endloop
  endfacet
  facet normal -1.000000e+00 0.000000e+00 0.000000e+00
    outer loop
      vertex -1.467096e+01 2.000001e+01 1.000013e+01
      vertex -1.467096e+01 2.318135e+01 6.050049e+00
      vertex -1.467096e+01 2.297156e+01 5.543562e+00
    endloop
  endfacet
  facet normal -1.000000e+00 0.000000e+00 0.000000e+00
    outer loop
      vertex -1.467096e+01 2.000001e+01 1.000013e+01
      vertex -1.467096e+01 2.297156e+01 5.543562e+00
      vertex -1.467096e+01 2.290002e+01 5.000099e+00
    endloop
  endfacet
  facet normal -1.000000e+00 0.000000e+00 0.000000e+00
    outer loop
      vertex -1.467096e+01 2.000001e+01 1.000013e+01
      vertex -1.467096e+01 2.290002e+01 5.000099e+00
      vertex -1.467096e+01 2.000003e+01 1.247931e-04
    endloop
  endfacet
  facet normal -7.071068e-01 -1.446558e-06 7.071068e-01
    outer loop
      vertex 1.043866e+01 -3.049999e+01 1.145040e+01
      vertex 9.920959e+00 3.050001e+01 1.105321e+01
      vertex 9.920959e+00 -3.050000e+01 1.105305e+01
    endloop
  endfacet
  facet normal -5.000000e-01 -1.773525e-06 8.660254e-01
    outer loop
      vertex 9.920959e+00 3.050001e+01 1.105321e+01
      vertex 1.043866e+01 -3.049999e+01 1.145040e+01
      vertex 1.043866e+01 3.050000e+01 1.145044e+01
    endloop
  endfacet
  facet normal 0.000000e+00 -2.048964e-06 1.000000e+00
    outer loop
      vertex -2.670959e+00 2.500003e+01 2.900154e+00
      vertex -1.467096e+01 2.554354e+01 2.971643e+00
      vertex -1.467096e+01 2.500003e+01 2.900154e+00
    endloop
  endfacet
  facet normal 0.000000e+00 -2.588210e-01 9.659253e-01
    outer loop
      vertex -1.467096e+01 2.554354e+01 2.971643e+00
      vertex -2.670959e+00 2.500003e+01 2.900154e+00
      vertex -2.670959e+00 2.554354e+01 2.971643e+00
    endloop
  endfacet
  facet normal -5.000000e-01 -1.773525e-06 8.660254e-01
    outer loop
      vertex 9.920959e+00 -3.050000e+01 1.105305e+01
      vertex 9.317932e+00 3.050000e+01 1.080347e+01
      vertex 9.317932e+00 -3.049999e+01 1.080330e+01
    endloop
  endfacet
  facet normal -2.588190e-01 -1.978992e-06 9.659258e-01
    outer loop
      vertex 9.317932e+00 3.050000e+01 1.080347e+01
      vertex 9.920959e+00 -3.050000e+01 1.105305e+01
      vertex 9.920959e+00 3.050001e+01 1.105321e+01
    endloop
  endfacet
  facet normal 9.659258e-01 -5.322041e-07 2.588190e-01
    outer loop
      vertex 1.446649e+01 3.049999e+01 1.477112e+01
      vertex 1.467096e+01 -3.050000e+01 1.321816e+01
      vertex 1.467096e+01 3.049999e+01 1.321820e+01
    endloop
  endfacet
  facet normal 1.000000e+00 -1.023957e-16 1.890938e-14
    outer loop
      vertex 1.467096e+01 -3.050000e+01 1.321816e+01
      vertex 1.446649e+01 3.049999e+01 1.477112e+01
      vertex 1.446649e+01 -3.050000e+01 1.477108e+01
    endloop
  endfacet
  facet normal 1.000000e+00 -1.023957e-16 1.890938e-14
    outer loop
      vertex 1.467096e+01 -3.050000e+01 1.321816e+01
      vertex 1.446649e+01 3.049999e+01 1.166528e+01
      vertex 1.467096e+01 3.049999e+01 1.321820e+01
    endloop
  endfacet
  facet normal 9.659434e-01 1.755234e-06 -2.587534e-01
    outer loop
      vertex 1.446649e+01 3.049999e+01 1.166528e+01
      vertex 1.467096e+01 -3.050000e+01 1.321816e+01
      vertex 1.446649e+01 -3.049999e+01 1.166524e+01
    endloop
  endfacet
  facet normal 0.000000e+00 8.660244e-01 5.000017e-01
    outer loop
      vertex -2.670959e+00 2.318137e+01 3.950074e+00
      vertex -1.467096e+01 2.297157e+01 4.456580e+00
      vertex -2.670959e+00 2.297157e+01 4.456580e+00
    endloop
  endfacet
  facet normal 0.000000e+00 9.659253e-01 2.588210e-01
    outer loop
      vertex -1.467096e+01 2.297157e+01 4.456580e+00
      vertex -2.670959e+00 2.318137e+01 3.950074e+00
      vertex -1.467096e+01 2.318137e+01 3.950074e+00
    endloop
  endfacet
  facet normal 8.660254e-01 -1.024482e-06 5.000000e-01
    outer loop
      vertex 1.386713e+01 -3.050000e+01 1.621817e+01
      vertex 1.446649e+01 3.049999e+01 1.477112e+01
      vertex 1.386713e+01 3.049999e+01 1.621821e+01
    endloop
  endfacet
  facet normal 9.659258e-01 -5.322041e-07 2.588190e-01
    outer loop
      vertex 1.446649e+01 3.049999e+01 1.477112e+01
      vertex 1.386713e+01 -3.050000e+01 1.621817e+01
      vertex 1.446649e+01 -3.050000e+01 1.477108e+01
    endloop
  endfacet
  facet normal 9.415226e-14 -2.048964e-06 1.000000e+00
    outer loop
      vertex -3.608826e+00 2.000001e+01 1.000013e+01
      vertex -2.670959e+00 3.000000e+01 1.000013e+01
      vertex -3.608826e+00 3.000000e+01 1.000013e+01
    endloop
  endfacet
  facet normal 9.415226e-14 -2.048964e-06 1.000000e+00
    outer loop
      vertex -2.670959e+00 3.000000e+01 1.000013e+01
      vertex -3.608826e+00 2.000001e+01 1.000013e+01
      vertex -2.670959e+00 2.000001e+01 1.000013e+01
    endloop
  endfacet
  facet normal 7.071068e-01 -1.446558e-06 7.071068e-01
    outer loop
      vertex 1.291351e+01 -3.050001e+01 1.746076e+01
      vertex 1.386713e+01 3.049999e+01 1.621821e+01
      vertex 1.291351e+01 3.050000e+01 1.746092e+01
    endloop
  endfacet
  facet normal 8.660254e-01 -1.024482e-06 5.000000e-01
    outer loop
      vertex 1.386713e+01 3.049999e+01 1.621821e+01
      vertex 1.291351e+01 -3.050001e+01 1.746076e+01
      vertex 1.386713e+01 -3.050000e+01 1.621817e+01
    endloop
  endfacet
  facet normal 9.659434e-01 1.755234e-06 -2.587534e-01
    outer loop
      vertex 1.446649e+01 3.049999e+01 1.166528e+01
      vertex 1.386456e+01 -1.508144e+01 1.021093e+01
      vertex 1.386713e+01 3.049999e+01 1.021819e+01
    endloop
  endfacet
  facet normal 8.658708e-01 6.986080e-06 -5.002677e-01
    outer loop
      vertex 1.386456e+01 -1.508144e+01 1.021093e+01
      vertex 1.446649e+01 3.049999e+01 1.166528e+01
      vertex 1.446649e+01 -3.049999e+01 1.166524e+01
    endloop
  endfacet
  facet normal 8.658708e-01 6.986080e-06 -5.002677e-01
    outer loop
      vertex 1.386456e+01 -1.508144e+01 1.021093e+01
      vertex 1.446649e+01 -3.049999e+01 1.166524e+01
      vertex 1.386456e+01 -2.508142e+01 1.021069e+01
    endloop
  endfacet
  facet normal 8.658434e-01 6.988009e-06 -5.003152e-01
    outer loop
      vertex 1.386456e+01 -2.508142e+01 1.021069e+01
      vertex 1.446649e+01 -3.049999e+01 1.166524e+01
      vertex 1.386713e+01 -3.049999e+01 1.021814e+01
    endloop
  endfacet
  facet normal -1.000000e+00 9.483729e-19 -3.596524e-14
    outer loop
      vertex 1.117096e+01 -3.050000e+01 1.321816e+01
      vertex 1.108575e+01 3.049999e+01 1.386530e+01
      vertex 1.117096e+01 3.049999e+01 1.321820e+01
    endloop
  endfacet
  facet normal -9.659258e-01 5.322041e-07 -2.588190e-01
    outer loop
      vertex 1.108575e+01 3.049999e+01 1.386530e+01
      vertex 1.117096e+01 -3.050000e+01 1.321816e+01
      vertex 1.108575e+01 -3.050000e+01 1.386514e+01
    endloop
  endfacet
  facet normal 7.071068e-01 -1.446558e-06 7.071068e-01
    outer loop
      vertex 1.291351e+01 -3.050001e+01 1.746076e+01
      vertex 1.167096e+01 3.049999e+01 1.841442e+01
      vertex 1.167096e+01 -3.050001e+01 1.841426e+01
    endloop
  endfacet
  facet normal 5.000000e-01 -1.773525e-06 8.660254e-01
    outer loop
      vertex 1.167096e+01 3.049999e+01 1.841442e+01
      vertex 1.291351e+01 -3.050001e+01 1.746076e+01
      vertex 1.291351e+01 3.050000e+01 1.746092e+01
    endloop
  endfacet
  facet normal 0.000000e+00 9.659253e-01 2.588210e-01
    outer loop
      vertex 1.392926e+01 -2.210987e+01 4.659639e+00
      vertex 1.929260e+00 -2.218142e+01 5.203159e+00
      vertex 1.392926e+01 -2.218142e+01 5.203159e+00
    endloop
  endfacet
  facet normal 0.000000e+00 1.000000e+00 2.048964e-06
    outer loop
      vertex 1.929260e+00 -2.218142e+01 5.203159e+00
      vertex 1.392926e+01 -2.210987e+01 4.659639e+00
      vertex 1.929260e+00 -2.210987e+01 4.659639e+00
    endloop
  endfacet
  facet normal 5.000000e-01 -1.773525e-06 8.660254e-01
    outer loop
      vertex 1.167096e+01 -3.050001e+01 1.841426e+01
      vertex 1.022382e+01 3.050000e+01 1.901383e+01
      vertex 1.022382e+01 -3.050001e+01 1.901367e+01
    endloop
  endfacet
  facet normal 2.588190e-01 -1.978992e-06 9.659258e-01
    outer loop
      vertex 1.022382e+01 3.050000e+01 1.901383e+01
      vertex 1.167096e+01 -3.050001e+01 1.841426e+01
      vertex 1.167096e+01 3.049999e+01 1.841442e+01
    endloop
  endfacet
  facet normal -9.659258e-01 5.322041e-07 -2.588190e-01
    outer loop
      vertex 1.108575e+01 -3.050000e+01 1.386514e+01
      vertex 1.083600e+01 3.050000e+01 1.446828e+01
      vertex 1.108575e+01 3.049999e+01 1.386530e+01
    endloop
  endfacet
  facet normal -8.660254e-01 1.024482e-06 -5.000000e-01
    outer loop
      vertex 1.083600e+01 3.050000e+01 1.446828e+01
      vertex 1.108575e+01 -3.050000e+01 1.386514e+01
      vertex 1.083600e+01 -3.050001e+01 1.446812e+01
    endloop
  endfacet
  facet normal -8.660254e-01 1.024482e-06 -5.000000e-01
    outer loop
      vertex 1.083600e+01 -3.050001e+01 1.446812e+01
      vertex 1.043866e+01 3.050000e+01 1.498596e+01
      vertex 1.083600e+01 3.050000e+01 1.446828e+01
    endloop
  endfacet
  facet normal -7.071068e-01 1.446558e-06 -7.071068e-01
    outer loop
      vertex 1.043866e+01 3.050000e+01 1.498596e+01
      vertex 1.083600e+01 -3.050001e+01 1.446812e+01
      vertex 1.043866e+01 -3.050000e+01 1.498592e+01
    endloop
  endfacet
  facet normal 0.000000e+00 1.000000e+00 2.048964e-06
    outer loop
      vertex 1.392926e+01 -2.218142e+01 5.203159e+00
      vertex 1.929260e+00 -2.210987e+01 5.746743e+00
      vertex 1.392926e+01 -2.210987e+01 5.746743e+00
    endloop
  endfacet
  facet normal 0.000000e+00 9.659263e-01 -2.588170e-01
    outer loop
      vertex 1.929260e+00 -2.210987e+01 5.746743e+00
      vertex 1.392926e+01 -2.218142e+01 5.203159e+00
      vertex 1.929260e+00 -2.218142e+01 5.203159e+00
    endloop
  endfacet
  facet normal 2.588190e-01 -1.978992e-06 9.659258e-01
    outer loop
      vertex 1.022382e+01 -3.050001e+01 1.901367e+01
      vertex 8.670959e+00 3.049999e+01 1.921823e+01
      vertex 8.670959e+00 -3.050002e+01 1.921807e+01
    endloop
  endfacet
  facet normal 0.000000e+00 -2.048964e-06 1.000000e+00
    outer loop
      vertex 8.670959e+00 3.049999e+01 1.921823e+01
      vertex 1.022382e+01 -3.050001e+01 1.901367e+01
      vertex 1.022382e+01 3.050000e+01 1.901383e+01
    endloop
  endfacet
  facet normal 0.000000e+00 9.659263e-01 -2.588170e-01
    outer loop
      vertex 1.392926e+01 -2.210987e+01 5.746743e+00
      vertex 1.929260e+00 -2.190006e+01 6.253227e+00
      vertex 1.392926e+01 -2.190006e+01 6.253227e+00
    endloop
  endfacet
  facet normal 0.000000e+00 8.660264e-01 -4.999982e-01
    outer loop
      vertex 1.929260e+00 -2.190006e+01 6.253227e+00
      vertex 1.392926e+01 -2.210987e+01 5.746743e+00
      vertex 1.929260e+00 -2.210987e+01 5.746743e+00
    endloop
  endfacet
  facet normal 0.000000e+00 -2.048964e-06 1.000000e+00
    outer loop
      vertex 8.670959e+00 -3.050002e+01 1.921807e+01
      vertex 7.117981e+00 3.050000e+01 1.901383e+01
      vertex 7.117981e+00 -3.050001e+01 1.901367e+01
    endloop
  endfacet
  facet normal -2.588190e-01 -1.978992e-06 9.659258e-01
    outer loop
      vertex 7.117981e+00 3.050000e+01 1.901383e+01
      vertex 8.670959e+00 -3.050002e+01 1.921807e+01
      vertex 8.670959e+00 3.049999e+01 1.921823e+01
    endloop
  endfacet
  facet normal -7.071068e-01 1.446558e-06 -7.071068e-01
    outer loop
      vertex 1.043866e+01 3.050000e+01 1.498596e+01
      vertex 9.920959e+00 -3.050000e+01 1.538315e+01
      vertex 9.920959e+00 3.049999e+01 1.538331e+01
    endloop
  endfacet
  facet normal -5.000000e-01 1.773525e-06 -8.660254e-01
    outer loop
      vertex 9.920959e+00 -3.050000e+01 1.538315e+01
      vertex 1.043866e+01 3.050000e+01 1.498596e+01
      vertex 1.043866e+01 -3.050000e+01 1.498592e+01
    endloop
  endfacet
  facet normal -5.000000e-01 1.773525e-06 -8.660254e-01
    outer loop
      vertex 9.920959e+00 3.049999e+01 1.538331e+01
      vertex 9.317932e+00 -3.050001e+01 1.563290e+01
      vertex 9.317932e+00 3.050000e+01 1.563306e+01
    endloop
  endfacet
  facet normal -2.588190e-01 1.978992e-06 -9.659258e-01
    outer loop
      vertex 9.317932e+00 -3.050001e+01 1.563290e+01
      vertex 9.920959e+00 3.049999e+01 1.538331e+01
      vertex 9.920959e+00 -3.050000e+01 1.538315e+01
    endloop
  endfacet
  facet normal 0.000000e+00 8.660264e-01 -4.999982e-01
    outer loop
      vertex 1.392926e+01 -2.190006e+01 6.253227e+00
      vertex 1.929260e+00 -2.156633e+01 6.688158e+00
      vertex 1.392926e+01 -2.156633e+01 6.688158e+00
    endloop
  endfacet
  facet normal 0.000000e+00 7.071083e-01 -7.071053e-01
    outer loop
      vertex 1.929260e+00 -2.156633e+01 6.688158e+00
      vertex 1.392926e+01 -2.190006e+01 6.253227e+00
      vertex 1.929260e+00 -2.190006e+01 6.253227e+00
    endloop
  endfacet
  facet normal -2.588190e-01 -1.978992e-06 9.659258e-01
    outer loop
      vertex 7.117981e+00 -3.050001e+01 1.901367e+01
      vertex 5.670959e+00 3.049999e+01 1.841442e+01
      vertex 5.670959e+00 -3.050001e+01 1.841426e+01
    endloop
  endfacet
  facet normal -5.000000e-01 -1.773525e-06 8.660254e-01
    outer loop
      vertex 5.670959e+00 3.049999e+01 1.841442e+01
      vertex 7.117981e+00 -3.050001e+01 1.901367e+01
      vertex 7.117981e+00 3.050000e+01 1.901383e+01
    endloop
  endfacet
  facet normal -6.525280e-06 4.990361e-01 -8.665812e-01
    outer loop
      vertex 1.392926e+01 -2.113141e+01 7.021875e+00
      vertex 1.929260e+00 -2.156633e+01 6.688158e+00
      vertex 1.929260e+00 -2.113141e+01 7.021875e+00
    endloop
  endfacet
  facet normal 0.000000e+00 7.071083e-01 -7.071053e-01
    outer loop
      vertex 1.929260e+00 -2.156633e+01 6.688158e+00
      vertex 1.392926e+01 -2.113141e+01 7.021875e+00
      vertex 1.392926e+01 -2.156633e+01 6.688158e+00
    endloop
  endfacet
  facet normal -2.588190e-01 1.978992e-06 -9.659258e-01
    outer loop
      vertex 9.317932e+00 3.050000e+01 1.563306e+01
      vertex 8.670959e+00 -3.050001e+01 1.571807e+01
      vertex 8.670959e+00 3.050000e+01 1.571823e+01
    endloop
  endfacet
  facet normal 0.000000e+00 2.048964e-06 -1.000000e+00
    outer loop
      vertex 8.670959e+00 -3.050001e+01 1.571807e+01
      vertex 9.317932e+00 3.050000e+01 1.563306e+01
      vertex 9.317932e+00 -3.050001e+01 1.563290e+01
    endloop
  endfacet
  facet normal -5.000000e-01 -1.773525e-06 8.660254e-01
    outer loop
      vertex 5.670959e+00 -3.050001e+01 1.841426e+01
      vertex 4.428284e+00 3.050000e+01 1.746092e+01
      vertex 4.428284e+00 -3.050001e+01 1.746076e+01
    endloop
  endfacet
  facet normal -7.071068e-01 -1.446558e-06 7.071068e-01
    outer loop
      vertex 4.428284e+00 3.050000e+01 1.746092e+01
      vertex 5.670959e+00 -3.050001e+01 1.841426e+01
      vertex 5.670959e+00 3.049999e+01 1.841442e+01
    endloop
  endfacet
  facet normal 0.000000e+00 2.048964e-06 -1.000000e+00
    outer loop
      vertex 8.670959e+00 3.050000e+01 1.571823e+01
      vertex 8.023865e+00 -3.050001e+01 1.563290e+01
      vertex 8.023865e+00 3.050000e+01 1.563306e+01
    endloop
  endfacet
  facet normal 2.588190e-01 1.978992e-06 -9.659258e-01
    outer loop
      vertex 8.023865e+00 -3.050001e+01 1.563290e+01
      vertex 8.670959e+00 3.050000e+01 1.571823e+01
      vertex 8.670959e+00 -3.050001e+01 1.571807e+01
    endloop
  endfacet
  facet normal -5.686640e-05 3.296085e-01 -9.441177e-01
    outer loop
      vertex 8.617371e+00 -2.062649e+01 7.228782e+00
      vertex 1.929260e+00 -2.113141e+01 7.021875e+00
      vertex 1.929260e+00 -2.062494e+01 7.231672e+00
    endloop
  endfacet
  facet normal -6.525281e-06 4.990361e-01 -8.665812e-01
    outer loop
      vertex 1.929260e+00 -2.113141e+01 7.021875e+00
      vertex 8.617371e+00 -2.062649e+01 7.228782e+00
      vertex 8.671326e+00 -2.064329e+01 7.221901e+00
    endloop
  endfacet
  facet normal -6.525281e-06 4.990361e-01 -8.665812e-01
    outer loop
      vertex 1.929260e+00 -2.113141e+01 7.021875e+00
      vertex 8.671326e+00 -2.064329e+01 7.221901e+00
      vertex 1.392926e+01 -2.113141e+01 7.021875e+00
    endloop
  endfacet
  facet normal -6.525280e-06 4.990361e-01 -8.665812e-01
    outer loop
      vertex 1.392926e+01 -2.113141e+01 7.021875e+00
      vertex 8.671326e+00 -2.064329e+01 7.221901e+00
      vertex 8.724426e+00 -2.062648e+01 7.228780e+00
    endloop
  endfacet
  facet normal -6.525280e-06 4.990361e-01 -8.665812e-01
    outer loop
      vertex 1.392926e+01 -2.113141e+01 7.021875e+00
      vertex 8.724426e+00 -2.062648e+01 7.228780e+00
      vertex 1.392926e+01 -2.062494e+01 7.231672e+00
    endloop
  endfacet
  facet normal -2.020680e-04 2.711488e-04 -9.999999e-01
    outer loop
      vertex 8.043030e+00 -2.008143e+01 7.303161e+00
      vertex 1.929260e+00 -2.062494e+01 7.231672e+00
      vertex 1.929260e+00 -2.008143e+01 7.303161e+00
    endloop
  endfacet
  facet normal -1.161816e-04 2.588406e-01 -9.659200e-01
    outer loop
      vertex 1.929260e+00 -2.062494e+01 7.231672e+00
      vertex 8.043030e+00 -2.008143e+01 7.303161e+00
      vertex 8.617371e+00 -2.062649e+01 7.228782e+00
    endloop
  endfacet
  facet normal 2.588190e-01 1.978992e-06 -9.659258e-01
    outer loop
      vertex 8.023865e+00 3.050000e+01 1.563306e+01
      vertex 7.420959e+00 -3.050000e+01 1.538315e+01
      vertex 7.420959e+00 3.049999e+01 1.538331e+01
    endloop
  endfacet
  facet normal 5.000000e-01 1.773525e-06 -8.660254e-01
    outer loop
      vertex 7.420959e+00 -3.050000e+01 1.538315e+01
      vertex 8.023865e+00 3.050000e+01 1.563306e+01
      vertex 8.023865e+00 -3.050001e+01 1.563290e+01
    endloop
  endfacet
  facet normal 5.000026e-01 -2.969796e-06 -8.660239e-01
    outer loop
      vertex 1.167096e+01 3.050001e+01 8.022101e+00
      vertex 1.291339e+01 2.500001e+01 8.975525e+00
      vertex 1.167072e+01 2.500001e+01 8.022020e+00
    endloop
  endfacet
  facet normal 7.068432e-01 3.808202e-06 -7.073703e-01
    outer loop
      vertex 1.291339e+01 2.500001e+01 8.975525e+00
      vertex 1.167096e+01 3.050001e+01 8.022101e+00
      vertex 1.291351e+01 3.050000e+01 8.975606e+00
    endloop
  endfacet
  facet normal -4.907978e-05 -3.295158e-01 -9.441500e-01
    outer loop
      vertex 8.612854e+00 -1.953731e+01 7.229304e+00
      vertex 1.929260e+00 -2.008143e+01 7.303161e+00
      vertex 1.929260e+00 -1.953791e+01 7.231586e+00
    endloop
  endfacet
  facet normal -2.020569e-04 1.857641e-04 -9.999999e-01
    outer loop
      vertex 1.929260e+00 -2.008143e+01 7.303161e+00
      vertex 8.612854e+00 -1.953731e+01 7.229304e+00
      vertex 8.043030e+00 -2.008143e+01 7.303161e+00
    endloop
  endfacet
  facet normal 5.000000e-01 1.773525e-06 -8.660254e-01
    outer loop
      vertex 7.420959e+00 3.049999e+01 1.538331e+01
      vertex 6.903137e+00 -3.050000e+01 1.498592e+01
      vertex 6.903137e+00 3.050000e+01 1.498596e+01
    endloop
  endfacet
  facet normal 7.071068e-01 1.446558e-06 -7.071068e-01
    outer loop
      vertex 6.903137e+00 -3.050000e+01 1.498592e+01
      vertex 7.420959e+00 3.049999e+01 1.538331e+01
      vertex 7.420959e+00 -3.050000e+01 1.538315e+01
    endloop
  endfacet
  facet normal 8.658708e-01 6.986080e-06 -5.002677e-01
    outer loop
      vertex 1.386456e+01 -1.508144e+01 1.021093e+01
      vertex 1.291351e+01 3.050000e+01 8.975606e+00
      vertex 1.386713e+01 3.049999e+01 1.021819e+01
    endloop
  endfacet
  facet normal 7.068461e-01 1.434751e-06 -7.073674e-01
    outer loop
      vertex 1.291351e+01 3.050000e+01 8.975606e+00
      vertex 1.386456e+01 -1.508144e+01 1.021093e+01
      vertex 1.291339e+01 2.500001e+01 8.975525e+00
    endloop
  endfacet
  facet normal 7.068432e-01 3.808202e-06 -7.073703e-01
    outer loop
      vertex 1.291339e+01 2.500001e+01 8.975525e+00
      vertex 1.386456e+01 -1.508144e+01 1.021093e+01
      vertex 1.291339e+01 1.500001e+01 8.975525e+00
    endloop
  endfacet
  facet normal 7.068440e-01 6.795952e-06 -7.073694e-01
    outer loop
      vertex 1.291339e+01 1.500001e+01 8.975525e+00
      vertex 1.386456e+01 -1.508144e+01 1.021093e+01
      vertex 1.291351e+01 -1.508142e+01 8.975482e+00
    endloop
  endfacet
  facet normal 7.068443e-01 6.793648e-06 -7.073691e-01
    outer loop
      vertex 1.291351e+01 -1.508142e+01 8.975482e+00
      vertex 1.386456e+01 -1.508144e+01 1.021093e+01
      vertex 1.386456e+01 -2.508142e+01 1.021069e+01
    endloop
  endfacet
  facet normal 7.068443e-01 6.793648e-06 -7.073691e-01
    outer loop
      vertex 1.291351e+01 -1.508142e+01 8.975482e+00
      vertex 1.386456e+01 -2.508142e+01 1.021069e+01
      vertex 1.291351e+01 -2.508143e+01 8.975482e+00
    endloop
  endfacet
  facet normal 7.068440e-01 5.214213e-06 -7.073694e-01
    outer loop
      vertex 1.291351e+01 -2.508143e+01 8.975482e+00
      vertex 1.386456e+01 -2.508142e+01 1.021069e+01
      vertex 1.291351e+01 -3.049999e+01 8.975443e+00
    endloop
  endfacet
  facet normal 7.068445e-01 4.256397e-06 -7.073689e-01
    outer loop
      vertex 1.291351e+01 -3.049999e+01 8.975443e+00
      vertex 1.386456e+01 -2.508142e+01 1.021069e+01
      vertex 1.386713e+01 -3.049999e+01 1.021814e+01
    endloop
  endfacet
  facet normal -6.216347e-06 -4.990805e-01 -8.665556e-01
    outer loop
      vertex 1.392926e+01 -1.903141e+01 7.021902e+00
      vertex 1.929260e+00 -1.953791e+01 7.231586e+00
      vertex 1.929260e+00 -1.903141e+01 7.021902e+00
    endloop
  endfacet
  facet normal -9.852836e-05 -2.587252e-01 -9.659509e-01
    outer loop
      vertex 1.929260e+00 -1.953791e+01 7.231586e+00
      vertex 1.392926e+01 -1.903141e+01 7.021902e+00
      vertex 8.671326e+00 -1.951945e+01 7.221802e+00
    endloop
  endfacet
  facet normal -9.852836e-05 -2.587252e-01 -9.659509e-01
    outer loop
      vertex 1.929260e+00 -1.953791e+01 7.231586e+00
      vertex 8.671326e+00 -1.951945e+01 7.221802e+00
      vertex 8.612854e+00 -1.953731e+01 7.229304e+00
    endloop
  endfacet
  facet normal -1.232461e-05 -3.807233e-01 -9.246890e-01
    outer loop
      vertex 8.671326e+00 -1.951945e+01 7.221802e+00
      vertex 1.392926e+01 -1.903141e+01 7.021902e+00
      vertex 8.728943e+00 -1.953731e+01 7.229304e+00
    endloop
  endfacet
  facet normal 4.276999e-05 -3.294369e-01 -9.441776e-01
    outer loop
      vertex 8.728943e+00 -1.953731e+01 7.229304e+00
      vertex 1.392926e+01 -1.903141e+01 7.021902e+00
      vertex 1.392926e+01 -1.953791e+01 7.231586e+00
    endloop
  endfacet
  facet normal 1.246483e-18 -1.000000e+00 -2.048964e-06
    outer loop
      vertex 7.117981e+00 -3.050001e+01 1.901367e+01
      vertex 1.022382e+01 -3.050001e+01 1.901367e+01
      vertex 8.670959e+00 -3.050002e+01 1.921807e+01
    endloop
  endfacet
  facet normal 1.246483e-18 -1.000000e+00 -2.048964e-06
    outer loop
      vertex 1.022382e+01 -3.050001e+01 1.901367e+01
      vertex 7.117981e+00 -3.050001e+01 1.901367e+01
      vertex 5.670959e+00 -3.050001e+01 1.841426e+01
    endloop
  endfacet
  facet normal 1.246483e-18 -1.000000e+00 -2.048964e-06
    outer loop
      vertex 1.022382e+01 -3.050001e+01 1.901367e+01
      vertex 5.670959e+00 -3.050001e+01 1.841426e+01
      vertex 1.167096e+01 -3.050001e+01 1.841426e+01
    endloop
  endfacet
  facet normal 1.246483e-18 -1.000000e+00 -2.048964e-06
    outer loop
      vertex 1.167096e+01 -3.050001e+01 1.841426e+01
      vertex 5.670959e+00 -3.050001e+01 1.841426e+01
      vertex 4.428284e+00 -3.050001e+01 1.746076e+01
    endloop
  endfacet
  facet normal 1.246483e-18 -1.000000e+00 -2.048964e-06
    outer loop
      vertex 1.167096e+01 -3.050001e+01 1.841426e+01
      vertex 4.428284e+00 -3.050001e+01 1.746076e+01
      vertex 1.291351e+01 -3.050001e+01 1.746076e+01
    endloop
  endfacet
  facet normal 1.246483e-18 -1.000000e+00 -2.048964e-06
    outer loop
      vertex 1.291351e+01 -3.050001e+01 1.746076e+01
      vertex 4.428284e+00 -3.050001e+01 1.746076e+01
      vertex 3.474792e+00 -3.050000e+01 1.621817e+01
    endloop
  endfacet
  facet normal 1.246483e-18 -1.000000e+00 -2.048964e-06
    outer loop
      vertex 1.291351e+01 -3.050001e+01 1.746076e+01
      vertex 3.474792e+00 -3.050000e+01 1.621817e+01
      vertex 1.386713e+01 -3.050000e+01 1.621817e+01
    endloop
  endfacet
  facet normal 1.246483e-18 -1.000000e+00 -2.048964e-06
    outer loop
      vertex 1.386713e+01 -3.050000e+01 1.621817e+01
      vertex 3.474792e+00 -3.050000e+01 1.621817e+01
      vertex 8.670959e+00 -3.050001e+01 1.571807e+01
    endloop
  endfacet
  facet normal 1.246483e-18 -1.000000e+00 -2.048964e-06
    outer loop
      vertex 8.670959e+00 -3.050001e+01 1.571807e+01
      vertex 3.474792e+00 -3.050000e+01 1.621817e+01
      vertex 8.023865e+00 -3.050001e+01 1.563290e+01
    endloop
  endfacet
  facet normal 1.246483e-18 -1.000000e+00 -2.048964e-06
    outer loop
      vertex 8.023865e+00 -3.050001e+01 1.563290e+01
      vertex 3.474792e+00 -3.050000e+01 1.621817e+01
      vertex 2.875305e+00 -3.050000e+01 1.477108e+01
    endloop
  endfacet
  facet normal 1.246483e-18 -1.000000e+00 -2.048964e-06
    outer loop
      vertex 8.023865e+00 -3.050001e+01 1.563290e+01
      vertex 2.875305e+00 -3.050000e+01 1.477108e+01
      vertex 7.420959e+00 -3.050000e+01 1.538315e+01
    endloop
  endfacet
  facet normal 1.246483e-18 -1.000000e+00 -2.048964e-06
    outer loop
      vertex 7.420959e+00 -3.050000e+01 1.538315e+01
      vertex 2.875305e+00 -3.050000e+01 1.477108e+01
      vertex 6.903137e+00 -3.050000e+01 1.498592e+01
    endloop
  endfacet
  facet normal 1.246483e-18 -1.000000e+00 -2.048964e-06
    outer loop
      vertex 6.903137e+00 -3.050000e+01 1.498592e+01
      vertex 2.875305e+00 -3.050000e+01 1.477108e+01
      vertex 6.505798e+00 -3.050001e+01 1.446812e+01
    endloop
  endfacet
  facet normal 1.246483e-18 -1.000000e+00 -2.048964e-06
    outer loop
      vertex 6.505798e+00 -3.050001e+01 1.446812e+01
      vertex 2.875305e+00 -3.050000e+01 1.477108e+01
      vertex 2.670959e+00 -3.050000e+01 1.321816e+01
    endloop
  endfacet
  facet normal 1.246483e-18 -1.000000e+00 -2.048964e-06
    outer loop
      vertex 6.505798e+00 -3.050001e+01 1.446812e+01
      vertex 2.670959e+00 -3.050000e+01 1.321816e+01
      vertex 6.256165e+00 -3.050000e+01 1.386514e+01
    endloop
  endfacet
  facet normal 1.246483e-18 -1.000000e+00 -2.048964e-06
    outer loop
      vertex 6.256165e+00 -3.050000e+01 1.386514e+01
      vertex 2.670959e+00 -3.050000e+01 1.321816e+01
      vertex 6.170959e+00 -3.050000e+01 1.321816e+01
    endloop
  endfacet
  facet normal 1.246483e-18 -1.000000e+00 -2.048964e-06
    outer loop
      vertex 6.170959e+00 -3.050000e+01 1.321816e+01
      vertex 2.670959e+00 -3.050000e+01 1.321816e+01
      vertex 2.875305e+00 -3.049999e+01 1.166524e+01
    endloop
  endfacet
  facet normal 1.246483e-18 -1.000000e+00 -2.048964e-06
    outer loop
      vertex 6.170959e+00 -3.050000e+01 1.321816e+01
      vertex 2.875305e+00 -3.049999e+01 1.166524e+01
      vertex 6.256165e+00 -3.050000e+01 1.257106e+01
    endloop
  endfacet
  facet normal 1.246483e-18 -1.000000e+00 -2.048964e-06
    outer loop
      vertex 6.256165e+00 -3.050000e+01 1.257106e+01
      vertex 2.875305e+00 -3.049999e+01 1.166524e+01
      vertex 6.505798e+00 -3.050000e+01 1.196808e+01
    endloop
  endfacet
  facet normal 1.246483e-18 -1.000000e+00 -2.048964e-06
    outer loop
      vertex 6.505798e+00 -3.050000e+01 1.196808e+01
      vertex 2.875305e+00 -3.049999e+01 1.166524e+01
      vertex 6.903137e+00 -3.049999e+01 1.145040e+01
    endloop
  endfacet
  facet normal 1.246483e-18 -1.000000e+00 -2.048964e-06
    outer loop
      vertex 6.903137e+00 -3.049999e+01 1.145040e+01
      vertex 2.875305e+00 -3.049999e+01 1.166524e+01
      vertex 3.474792e+00 -3.049999e+01 1.021814e+01
    endloop
  endfacet
  facet normal 1.246483e-18 -1.000000e+00 -2.048964e-06
    outer loop
      vertex 6.903137e+00 -3.049999e+01 1.145040e+01
      vertex 3.474792e+00 -3.049999e+01 1.021814e+01
      vertex 7.420959e+00 -3.050000e+01 1.105305e+01
    endloop
  endfacet
  facet normal 1.246483e-18 -1.000000e+00 -2.048964e-06
    outer loop
      vertex 7.420959e+00 -3.050000e+01 1.105305e+01
      vertex 3.474792e+00 -3.049999e+01 1.021814e+01
      vertex 8.023865e+00 -3.049999e+01 1.080330e+01
    endloop
  endfacet
  facet normal 1.246483e-18 -1.000000e+00 -2.048964e-06
    outer loop
      vertex 8.023865e+00 -3.049999e+01 1.080330e+01
      vertex 3.474792e+00 -3.049999e+01 1.021814e+01
      vertex 8.670959e+00 -3.049999e+01 1.071813e+01
    endloop
  endfacet
  facet normal 1.246483e-18 -1.000000e+00 -2.048964e-06
    outer loop
      vertex 1.386713e+01 -3.050000e+01 1.621817e+01
      vertex 9.317932e+00 -3.050001e+01 1.563290e+01
      vertex 1.446649e+01 -3.050000e+01 1.477108e+01
    endloop
  endfacet
  facet normal 1.246483e-18 -1.000000e+00 -2.048964e-06
    outer loop
      vertex 9.317932e+00 -3.050001e+01 1.563290e+01
      vertex 1.386713e+01 -3.050000e+01 1.621817e+01
      vertex 8.670959e+00 -3.050001e+01 1.571807e+01
    endloop
  endfacet
  facet normal 1.246483e-18 -1.000000e+00 -2.048964e-06
    outer loop
      vertex 1.446649e+01 -3.050000e+01 1.477108e+01
      vertex 9.317932e+00 -3.050001e+01 1.563290e+01
      vertex 9.920959e+00 -3.050000e+01 1.538315e+01
    endloop
  endfacet
  facet normal 1.246483e-18 -1.000000e+00 -2.048964e-06
    outer loop
      vertex 1.446649e+01 -3.050000e+01 1.477108e+01
      vertex 9.920959e+00 -3.050000e+01 1.538315e+01
      vertex 1.043866e+01 -3.050000e+01 1.498592e+01
    endloop
  endfacet
  facet normal 1.246483e-18 -1.000000e+00 -2.048964e-06
    outer loop
      vertex 1.446649e+01 -3.050000e+01 1.477108e+01
      vertex 1.043866e+01 -3.050000e+01 1.498592e+01
      vertex 1.083600e+01 -3.050001e+01 1.446812e+01
    endloop
  endfacet
  facet normal 1.246483e-18 -1.000000e+00 -2.048964e-06
    outer loop
      vertex 1.446649e+01 -3.050000e+01 1.477108e+01
      vertex 1.083600e+01 -3.050001e+01 1.446812e+01
      vertex 1.467096e+01 -3.050000e+01 1.321816e+01
    endloop
  endfacet
  facet normal 1.246483e-18 -1.000000e+00 -2.048964e-06
    outer loop
      vertex 1.467096e+01 -3.050000e+01 1.321816e+01
      vertex 1.083600e+01 -3.050001e+01 1.446812e+01
      vertex 1.108575e+01 -3.050000e+01 1.386514e+01
    endloop
  endfacet
  facet normal 1.246483e-18 -1.000000e+00 -2.048964e-06
    outer loop
      vertex 1.467096e+01 -3.050000e+01 1.321816e+01
      vertex 1.108575e+01 -3.050000e+01 1.386514e+01
      vertex 1.117096e+01 -3.050000e+01 1.321816e+01
    endloop
  endfacet
  facet normal 1.246483e-18 -1.000000e+00 -2.048964e-06
    outer loop
      vertex 1.467096e+01 -3.050000e+01 1.321816e+01
      vertex 1.117096e+01 -3.050000e+01 1.321816e+01
      vertex 1.108575e+01 -3.050000e+01 1.257106e+01
    endloop
  endfacet
  facet normal 1.246483e-18 -1.000000e+00 -2.048964e-06
    outer loop
      vertex 1.467096e+01 -3.050000e+01 1.321816e+01
      vertex 1.108575e+01 -3.050000e+01 1.257106e+01
      vertex 1.446649e+01 -3.049999e+01 1.166524e+01
    endloop
  endfacet
  facet normal 1.246483e-18 -1.000000e+00 -2.048964e-06
    outer loop
      vertex 1.446649e+01 -3.049999e+01 1.166524e+01
      vertex 1.108575e+01 -3.050000e+01 1.257106e+01
      vertex 1.083600e+01 -3.050000e+01 1.196808e+01
    endloop
  endfacet
  facet normal 1.246483e-18 -1.000000e+00 -2.048964e-06
    outer loop
      vertex 1.446649e+01 -3.049999e+01 1.166524e+01
      vertex 1.083600e+01 -3.050000e+01 1.196808e+01
      vertex 1.043866e+01 -3.049999e+01 1.145040e+01
    endloop
  endfacet
  facet normal 1.246483e-18 -1.000000e+00 -2.048964e-06
    outer loop
      vertex 1.446649e+01 -3.049999e+01 1.166524e+01
      vertex 1.043866e+01 -3.049999e+01 1.145040e+01
      vertex 1.386713e+01 -3.049999e+01 1.021814e+01
    endloop
  endfacet
  facet normal 1.246483e-18 -1.000000e+00 -2.048964e-06
    outer loop
      vertex 1.386713e+01 -3.049999e+01 1.021814e+01
      vertex 1.043866e+01 -3.049999e+01 1.145040e+01
      vertex 9.920959e+00 -3.050000e+01 1.105305e+01
    endloop
  endfacet
  facet normal 1.246483e-18 -1.000000e+00 -2.048964e-06
    outer loop
      vertex 1.386713e+01 -3.049999e+01 1.021814e+01
      vertex 9.920959e+00 -3.050000e+01 1.105305e+01
      vertex 9.317932e+00 -3.049999e+01 1.080330e+01
    endloop
  endfacet
  facet normal 1.246483e-18 -1.000000e+00 -2.048964e-06
    outer loop
      vertex 1.386713e+01 -3.049999e+01 1.021814e+01
      vertex 9.317932e+00 -3.049999e+01 1.080330e+01
      vertex 8.670959e+00 -3.049999e+01 1.071813e+01
    endloop
  endfacet
  facet normal 1.246483e-18 -1.000000e+00 -2.048964e-06
    outer loop
      vertex 1.386713e+01 -3.049999e+01 1.021814e+01
      vertex 8.670959e+00 -3.049999e+01 1.071813e+01
      vertex 3.474792e+00 -3.049999e+01 1.021814e+01
    endloop
  endfacet
  facet normal 1.246483e-18 -1.000000e+00 -2.048964e-06
    outer loop
      vertex 1.386713e+01 -3.049999e+01 1.021814e+01
      vertex 3.474792e+00 -3.049999e+01 1.021814e+01
      vertex 4.428284e+00 -3.049999e+01 8.975443e+00
    endloop
  endfacet
  facet normal 1.246483e-18 -1.000000e+00 -2.048964e-06
    outer loop
      vertex 1.386713e+01 -3.049999e+01 1.021814e+01
      vertex 4.428284e+00 -3.049999e+01 8.975443e+00
      vertex 1.291351e+01 -3.049999e+01 8.975443e+00
    endloop
  endfacet
  facet normal 1.246483e-18 -1.000000e+00 -2.048964e-06
    outer loop
      vertex 1.291351e+01 -3.049999e+01 8.975443e+00
      vertex 4.428284e+00 -3.049999e+01 8.975443e+00
      vertex 5.670959e+00 -3.049999e+01 8.021937e+00
    endloop
  endfacet
  facet normal 1.246483e-18 -1.000000e+00 -2.048964e-06
    outer loop
      vertex 1.291351e+01 -3.049999e+01 8.975443e+00
      vertex 5.670959e+00 -3.049999e+01 8.021937e+00
      vertex 1.167096e+01 -3.049999e+01 8.021937e+00
    endloop
  endfacet
  facet normal 1.246483e-18 -1.000000e+00 -2.048964e-06
    outer loop
      vertex 1.167096e+01 -3.049999e+01 8.021937e+00
      vertex 5.670959e+00 -3.049999e+01 8.021937e+00
      vertex 7.117981e+00 -3.049999e+01 7.422525e+00
    endloop
  endfacet
  facet normal 1.246483e-18 -1.000000e+00 -2.048964e-06
    outer loop
      vertex 1.167096e+01 -3.049999e+01 8.021937e+00
      vertex 7.117981e+00 -3.049999e+01 7.422525e+00
      vertex 1.022382e+01 -3.049999e+01 7.422525e+00
    endloop
  endfacet
  facet normal 1.246483e-18 -1.000000e+00 -2.048964e-06
    outer loop
      vertex 1.022382e+01 -3.049999e+01 7.422525e+00
      vertex 7.117981e+00 -3.049999e+01 7.422525e+00
      vertex 8.670959e+00 -3.049998e+01 7.218131e+00
    endloop
  endfacet
  facet normal 0.000000e+00 -7.071053e-01 -7.071083e-01
    outer loop
      vertex 1.392926e+01 -1.859650e+01 6.688118e+00
      vertex 1.929260e+00 -1.903141e+01 7.021902e+00
      vertex 1.929260e+00 -1.859650e+01 6.688118e+00
    endloop
  endfacet
  facet normal -6.216348e-06 -4.990805e-01 -8.665556e-01
    outer loop
      vertex 1.929260e+00 -1.903141e+01 7.021902e+00
      vertex 1.392926e+01 -1.859650e+01 6.688118e+00
      vertex 1.392926e+01 -1.903141e+01 7.021902e+00
    endloop
  endfacet
  facet normal 8.660254e-01 -1.024482e-06 5.000000e-01
    outer loop
      vertex 6.505798e+00 -3.050000e+01 1.196808e+01
      vertex 6.903137e+00 3.050000e+01 1.145044e+01
      vertex 6.505798e+00 3.050000e+01 1.196825e+01
    endloop
  endfacet
  facet normal 7.071068e-01 -1.446558e-06 7.071068e-01
    outer loop
      vertex 6.903137e+00 3.050000e+01 1.145044e+01
      vertex 6.505798e+00 -3.050000e+01 1.196808e+01
      vertex 6.903137e+00 -3.049999e+01 1.145040e+01
    endloop
  endfacet
  facet normal -2.588190e-01 -1.978992e-06 9.659258e-01
    outer loop
      vertex 9.317932e+00 -3.049999e+01 1.080330e+01
      vertex 8.670959e+00 3.050000e+01 1.071829e+01
      vertex 8.670959e+00 -3.049999e+01 1.071813e+01
    endloop
  endfacet
  facet normal 0.000000e+00 -2.048964e-06 1.000000e+00
    outer loop
      vertex 8.670959e+00 3.050000e+01 1.071829e+01
      vertex 9.317932e+00 -3.049999e+01 1.080330e+01
      vertex 9.317932e+00 3.050000e+01 1.080347e+01
    endloop
  endfacet
  facet normal 0.000000e+00 2.588170e-01 9.659263e-01
    outer loop
      vertex 1.392926e+01 -2.062493e+01 3.174789e+00
      vertex 1.929260e+00 -2.008141e+01 3.103214e+00
      vertex 1.929260e+00 -2.062493e+01 3.174789e+00
    endloop
  endfacet
  facet normal 0.000000e+00 -2.048964e-06 1.000000e+00
    outer loop
      vertex 1.929260e+00 -2.008141e+01 3.103214e+00
      vertex 1.392926e+01 -2.062493e+01 3.174789e+00
      vertex 1.392926e+01 -2.008141e+01 3.103214e+00
    endloop
  endfacet
  facet normal 9.659258e-01 -5.322041e-07 2.588190e-01
    outer loop
      vertex 6.256165e+00 -3.050000e+01 1.257106e+01
      vertex 6.505798e+00 3.050000e+01 1.196825e+01
      vertex 6.256165e+00 3.050000e+01 1.257122e+01
    endloop
  endfacet
  facet normal 8.660254e-01 -1.024482e-06 5.000000e-01
    outer loop
      vertex 6.505798e+00 3.050000e+01 1.196825e+01
      vertex 6.256165e+00 -3.050000e+01 1.257106e+01
      vertex 6.505798e+00 -3.050000e+01 1.196808e+01
    endloop
  endfacet
  facet normal 0.000000e+00 -2.048964e-06 1.000000e+00
    outer loop
      vertex 8.670959e+00 -3.049999e+01 1.071813e+01
      vertex 8.023865e+00 3.050000e+01 1.080347e+01
      vertex 8.023865e+00 -3.049999e+01 1.080330e+01
    endloop
  endfacet
  facet normal 2.588190e-01 -1.978992e-06 9.659258e-01
    outer loop
      vertex 8.023865e+00 3.050000e+01 1.080347e+01
      vertex 8.670959e+00 -3.049999e+01 1.071813e+01
      vertex 8.670959e+00 3.050000e+01 1.071829e+01
    endloop
  endfacet
  facet normal 0.000000e+00 4.999982e-01 8.660264e-01
    outer loop
      vertex 1.392926e+01 -2.113141e+01 3.384593e+00
      vertex 1.929260e+00 -2.062493e+01 3.174789e+00
      vertex 1.929260e+00 -2.113141e+01 3.384593e+00
    endloop
  endfacet
  facet normal 0.000000e+00 2.588170e-01 9.659263e-01
    outer loop
      vertex 1.929260e+00 -2.062493e+01 3.174789e+00
      vertex 1.392926e+01 -2.113141e+01 3.384593e+00
      vertex 1.392926e+01 -2.062493e+01 3.174789e+00
    endloop
  endfacet
  facet normal 2.588190e-01 -1.978992e-06 9.659258e-01
    outer loop
      vertex 8.023865e+00 -3.049999e+01 1.080330e+01
      vertex 7.420959e+00 3.050001e+01 1.105321e+01
      vertex 7.420959e+00 -3.050000e+01 1.105305e+01
    endloop
  endfacet
  facet normal 5.000000e-01 -1.773525e-06 8.660254e-01
    outer loop
      vertex 7.420959e+00 3.050001e+01 1.105321e+01
      vertex 8.023865e+00 -3.049999e+01 1.080330e+01
      vertex 8.023865e+00 3.050000e+01 1.080347e+01
    endloop
  endfacet
  facet normal 0.000000e+00 -8.660244e-01 -5.000017e-01
    outer loop
      vertex 1.929260e+00 -1.826276e+01 6.253241e+00
      vertex 1.392926e+01 -1.859650e+01 6.688118e+00
      vertex 1.929260e+00 -1.859650e+01 6.688118e+00
    endloop
  endfacet
  facet normal 0.000000e+00 -7.071053e-01 -7.071083e-01
    outer loop
      vertex 1.392926e+01 -1.859650e+01 6.688118e+00
      vertex 1.929260e+00 -1.826276e+01 6.253241e+00
      vertex 1.392926e+01 -1.826276e+01 6.253241e+00
    endloop
  endfacet
  facet normal 5.000000e-01 -1.773525e-06 8.660254e-01
    outer loop
      vertex 7.420959e+00 -3.050000e+01 1.105305e+01
      vertex 6.903137e+00 3.050000e+01 1.145044e+01
      vertex 6.903137e+00 -3.049999e+01 1.145040e+01
    endloop
  endfacet
  facet normal 7.071068e-01 -1.446558e-06 7.071068e-01
    outer loop
      vertex 6.903137e+00 3.050000e+01 1.145044e+01
      vertex 7.420959e+00 -3.050000e+01 1.105305e+01
      vertex 7.420959e+00 3.050001e+01 1.105321e+01
    endloop
  endfacet
  facet normal 0.000000e+00 -9.659253e-01 -2.588210e-01
    outer loop
      vertex 1.929260e+00 -1.805297e+01 5.746735e+00
      vertex 1.392926e+01 -1.826276e+01 6.253241e+00
      vertex 1.929260e+00 -1.826276e+01 6.253241e+00
    endloop
  endfacet
  facet normal 0.000000e+00 -8.660244e-01 -5.000017e-01
    outer loop
      vertex 1.392926e+01 -1.826276e+01 6.253241e+00
      vertex 1.929260e+00 -1.805297e+01 5.746735e+00
      vertex 1.392926e+01 -1.805297e+01 5.746735e+00
    endloop
  endfacet
  facet normal 1.904629e-15 1.000000e+00 2.048964e-06
    outer loop
      vertex -2.670959e+00 3.000003e+01 1.247931e-04
      vertex -3.608826e+00 3.000000e+01 1.000013e+01
      vertex -2.670959e+00 3.000000e+01 1.000013e+01
    endloop
  endfacet
  facet normal 1.904629e-15 1.000000e+00 2.048964e-06
    outer loop
      vertex -3.608826e+00 3.000000e+01 1.000013e+01
      vertex -2.670959e+00 3.000003e+01 1.247931e-04
      vertex -4.416565e+00 3.000001e+01 8.947565e+00
    endloop
  endfacet
  facet normal 1.904629e-15 1.000000e+00 2.048964e-06
    outer loop
      vertex -4.416565e+00 3.000001e+01 8.947565e+00
      vertex -2.670959e+00 3.000003e+01 1.247931e-04
      vertex -5.659119e+00 3.000001e+01 7.994059e+00
    endloop
  endfacet
  facet normal 1.904629e-15 1.000000e+00 2.048964e-06
    outer loop
      vertex -5.659119e+00 3.000001e+01 7.994059e+00
      vertex -2.670959e+00 3.000003e+01 1.247931e-04
      vertex -7.106262e+00 3.000002e+01 7.394645e+00
    endloop
  endfacet
  facet normal 1.904629e-15 1.000000e+00 2.048964e-06
    outer loop
      vertex -7.106262e+00 3.000002e+01 7.394645e+00
      vertex -2.670959e+00 3.000003e+01 1.247931e-04
      vertex -8.659119e+00 3.000000e+01 7.190132e+00
    endloop
  endfacet
  facet normal 1.904629e-15 1.000000e+00 2.048964e-06
    outer loop
      vertex -1.290179e+01 3.000001e+01 8.947565e+00
      vertex -1.467096e+01 3.000000e+01 1.000013e+01
      vertex -1.370953e+01 3.000000e+01 1.000013e+01
    endloop
  endfacet
  facet normal 1.904629e-15 1.000000e+00 2.048964e-06
    outer loop
      vertex -1.467096e+01 3.000000e+01 1.000013e+01
      vertex -1.290179e+01 3.000001e+01 8.947565e+00
      vertex -1.467096e+01 3.000003e+01 1.247931e-04
    endloop
  endfacet
  facet normal 1.904629e-15 1.000000e+00 2.048964e-06
    outer loop
      vertex -1.467096e+01 3.000003e+01 1.247931e-04
      vertex -1.290179e+01 3.000001e+01 8.947565e+00
      vertex -1.165912e+01 3.000001e+01 7.994059e+00
    endloop
  endfacet
  facet normal 1.904629e-15 1.000000e+00 2.048964e-06
    outer loop
      vertex -1.467096e+01 3.000003e+01 1.247931e-04
      vertex -1.165912e+01 3.000001e+01 7.994059e+00
      vertex -1.021210e+01 3.000002e+01 7.394645e+00
    endloop
  endfacet
  facet normal 1.904629e-15 1.000000e+00 2.048964e-06
    outer loop
      vertex -1.467096e+01 3.000003e+01 1.247931e-04
      vertex -1.021210e+01 3.000002e+01 7.394645e+00
      vertex -8.659119e+00 3.000000e+01 7.190132e+00
    endloop
  endfacet
  facet normal 1.904629e-15 1.000000e+00 2.048964e-06
    outer loop
      vertex -1.467096e+01 3.000003e+01 1.247931e-04
      vertex -8.659119e+00 3.000000e+01 7.190132e+00
      vertex -2.670959e+00 3.000003e+01 1.247931e-04
    endloop
  endfacet
  facet normal 0.000000e+00 -1.000000e+00 -2.048964e-06
    outer loop
      vertex 1.929260e+00 -1.798142e+01 5.203216e+00
      vertex 1.392926e+01 -1.805297e+01 5.746735e+00
      vertex 1.929260e+00 -1.805297e+01 5.746735e+00
    endloop
  endfacet
  facet normal 0.000000e+00 -9.659253e-01 -2.588210e-01
    outer loop
      vertex 1.392926e+01 -1.805297e+01 5.746735e+00
      vertex 1.929260e+00 -1.798142e+01 5.203216e+00
      vertex 1.392926e+01 -1.798142e+01 5.203216e+00
    endloop
  endfacet
  facet normal 5.461268e-15 -2.048964e-06 1.000000e+00
    outer loop
      vertex -1.370953e+01 -2.999999e+01 1.000001e+01
      vertex -1.467096e+01 -1.999999e+01 1.000001e+01
      vertex -1.467096e+01 -2.999999e+01 1.000001e+01
    endloop
  endfacet
  facet normal 5.461268e-15 -2.048964e-06 1.000000e+00
    outer loop
      vertex -1.467096e+01 -1.999999e+01 1.000001e+01
      vertex -1.370953e+01 -2.999999e+01 1.000001e+01
      vertex -1.370953e+01 -1.999999e+01 1.000001e+01
    endloop
  endfacet
  facet normal -7.071068e-01 1.446558e-06 -7.071068e-01
    outer loop
      vertex -1.290179e+01 -2.999999e+01 8.947438e+00
      vertex -1.370953e+01 -1.999999e+01 1.000001e+01
      vertex -1.290179e+01 -2.000000e+01 8.947440e+00
    endloop
  endfacet
  facet normal -7.933533e-01 1.246789e-06 -6.087614e-01
    outer loop
      vertex -1.370953e+01 -1.999999e+01 1.000001e+01
      vertex -1.290179e+01 -2.999999e+01 8.947438e+00
      vertex -1.370953e+01 -2.999999e+01 1.000001e+01
    endloop
  endfacet
  facet normal -7.071068e-01 1.446558e-06 -7.071068e-01
    outer loop
      vertex -1.290179e+01 -2.000000e+01 8.947440e+00
      vertex -1.370953e+01 2.000001e+01 1.000013e+01
      vertex -1.290179e+01 2.000002e+01 8.947563e+00
    endloop
  endfacet
  facet normal -7.071068e-01 1.446558e-06 -7.071068e-01
    outer loop
      vertex -1.290179e+01 -3.049999e+01 8.947420e+00
      vertex -1.370953e+01 -2.999999e+01 1.000001e+01
      vertex -1.290179e+01 -2.999999e+01 8.947438e+00
    endloop
  endfacet
  facet normal -7.933533e-01 1.246789e-06 -6.087614e-01
    outer loop
      vertex -1.370953e+01 -2.999999e+01 1.000001e+01
      vertex -1.290179e+01 -3.049999e+01 8.947420e+00
      vertex -1.385529e+01 -3.050000e+01 1.019000e+01
    endloop
  endfacet
  facet normal -7.071068e-01 1.446558e-06 -7.071068e-01
    outer loop
      vertex -1.290179e+01 3.000001e+01 8.947565e+00
      vertex -1.385529e+01 3.050000e+01 1.019016e+01
      vertex -1.290179e+01 3.050001e+01 8.947583e+00
    endloop
  endfacet
  facet normal -8.660254e-01 1.024482e-06 -5.000000e-01
    outer loop
      vertex -1.385529e+01 3.050000e+01 1.019016e+01
      vertex -1.290179e+01 3.000001e+01 8.947565e+00
      vertex -1.370953e+01 3.000000e+01 1.000013e+01
    endloop
  endfacet
  facet normal -8.660254e-01 1.024482e-06 -5.000000e-01
    outer loop
      vertex -1.385529e+01 3.050000e+01 1.019016e+01
      vertex -1.370953e+01 3.000000e+01 1.000013e+01
      vertex -1.385529e+01 -3.050000e+01 1.019000e+01
    endloop
  endfacet
  facet normal -8.660254e-01 1.024482e-06 -5.000000e-01
    outer loop
      vertex -1.385529e+01 -3.050000e+01 1.019000e+01
      vertex -1.370953e+01 3.000000e+01 1.000013e+01
      vertex -1.370953e+01 2.000001e+01 1.000013e+01
    endloop
  endfacet
  facet normal -8.660254e-01 1.024482e-06 -5.000000e-01
    outer loop
      vertex -1.385529e+01 -3.050000e+01 1.019000e+01
      vertex -1.370953e+01 2.000001e+01 1.000013e+01
      vertex -1.370953e+01 -1.999999e+01 1.000001e+01
    endloop
  endfacet
  facet normal -7.933533e-01 1.246789e-06 -6.087614e-01
    outer loop
      vertex -1.370953e+01 -1.999999e+01 1.000001e+01
      vertex -1.370953e+01 2.000001e+01 1.000013e+01
      vertex -1.290179e+01 -2.000000e+01 8.947440e+00
    endloop
  endfacet
  facet normal -8.660254e-01 1.024482e-06 -5.000000e-01
    outer loop
      vertex -1.385529e+01 -3.050000e+01 1.019000e+01
      vertex -1.370953e+01 -1.999999e+01 1.000001e+01
      vertex -1.370953e+01 -2.999999e+01 1.000001e+01
    endloop
  endfacet
  facet normal -5.591742e-15 -2.048964e-06 1.000000e+00
    outer loop
      vertex -2.670959e+00 -2.999999e+01 1.000001e+01
      vertex -3.608826e+00 -1.999999e+01 1.000001e+01
      vertex -3.608826e+00 -2.999999e+01 1.000001e+01
    endloop
  endfacet
  facet normal -5.591742e-15 -2.048964e-06 1.000000e+00
    outer loop
      vertex -3.608826e+00 -1.999999e+01 1.000001e+01
      vertex -2.670959e+00 -2.999999e+01 1.000001e+01
      vertex -2.670959e+00 -1.999999e+01 1.000001e+01
    endloop
  endfacet
  facet normal -7.071068e-01 1.446558e-06 -7.071068e-01
    outer loop
      vertex -1.290179e+01 3.000001e+01 8.947565e+00
      vertex -1.165912e+01 2.000002e+01 7.994058e+00
      vertex -1.290179e+01 2.000002e+01 8.947563e+00
    endloop
  endfacet
  facet normal -5.000000e-01 1.773525e-06 -8.660254e-01
    outer loop
      vertex -1.165912e+01 2.000002e+01 7.994058e+00
      vertex -1.290179e+01 3.000001e+01 8.947565e+00
      vertex -1.165912e+01 3.000001e+01 7.994059e+00
    endloop
  endfacet
  facet normal 1.950292e-15 1.000000e+00 2.048964e-06
    outer loop
      vertex -4.416565e+00 -2.000000e+01 8.947440e+00
      vertex -1.370953e+01 -1.999999e+01 1.000001e+01
      vertex -3.608826e+00 -1.999999e+01 1.000001e+01
    endloop
  endfacet
  facet normal 1.950292e-15 1.000000e+00 2.048964e-06
    outer loop
      vertex -1.370953e+01 -1.999999e+01 1.000001e+01
      vertex -4.416565e+00 -2.000000e+01 8.947440e+00
      vertex -1.290179e+01 -2.000000e+01 8.947440e+00
    endloop
  endfacet
  facet normal 1.950292e-15 1.000000e+00 2.048964e-06
    outer loop
      vertex -1.290179e+01 -2.000000e+01 8.947440e+00
      vertex -4.416565e+00 -2.000000e+01 8.947440e+00
      vertex -1.165912e+01 -2.000000e+01 7.993935e+00
    endloop
  endfacet
  facet normal 1.950292e-15 1.000000e+00 2.048964e-06
    outer loop
      vertex -1.165912e+01 -2.000000e+01 7.993935e+00
      vertex -4.416565e+00 -2.000000e+01 8.947440e+00
      vertex -5.659119e+00 -2.000000e+01 7.993935e+00
    endloop
  endfacet
  facet normal 1.950292e-15 1.000000e+00 2.048964e-06
    outer loop
      vertex -1.165912e+01 -2.000000e+01 7.993935e+00
      vertex -5.659119e+00 -2.000000e+01 7.993935e+00
      vertex -1.021210e+01 -1.999999e+01 7.394521e+00
    endloop
  endfacet
  facet normal 1.950292e-15 1.000000e+00 2.048964e-06
    outer loop
      vertex -1.021210e+01 -1.999999e+01 7.394521e+00
      vertex -5.659119e+00 -2.000000e+01 7.993935e+00
      vertex -7.106262e+00 -1.999999e+01 7.394521e+00
    endloop
  endfacet
  facet normal 1.950292e-15 1.000000e+00 2.048964e-06
    outer loop
      vertex -1.021210e+01 -1.999999e+01 7.394521e+00
      vertex -7.106262e+00 -1.999999e+01 7.394521e+00
      vertex -8.659119e+00 -1.999998e+01 7.190127e+00
    endloop
  endfacet
  facet normal -7.071068e-01 1.446558e-06 -7.071068e-01
    outer loop
      vertex -1.290179e+01 -2.999999e+01 8.947438e+00
      vertex -1.165912e+01 -3.049998e+01 7.993914e+00
      vertex -1.290179e+01 -3.049999e+01 8.947420e+00
    endloop
  endfacet
  facet normal -5.000000e-01 1.773525e-06 -8.660254e-01
    outer loop
      vertex -1.165912e+01 -3.049998e+01 7.993914e+00
      vertex -1.290179e+01 -2.999999e+01 8.947438e+00
      vertex -1.165912e+01 -2.999999e+01 7.993933e+00
    endloop
  endfacet
  facet normal -5.000000e-01 1.773525e-06 -8.660254e-01
    outer loop
      vertex -1.165912e+01 2.000002e+01 7.994058e+00
      vertex -1.290179e+01 -2.000000e+01 8.947440e+00
      vertex -1.290179e+01 2.000002e+01 8.947563e+00
    endloop
  endfacet
  facet normal -7.071068e-01 1.446558e-06 -7.071068e-01
    outer loop
      vertex -1.290179e+01 -2.000000e+01 8.947440e+00
      vertex -1.165912e+01 2.000002e+01 7.994058e+00
      vertex -1.165912e+01 -2.000000e+01 7.993935e+00
    endloop
  endfacet
  facet normal -2.588190e-01 1.978992e-06 -9.659258e-01
    outer loop
      vertex -1.021210e+01 -2.999999e+01 7.394521e+00
      vertex -1.165912e+01 -3.049998e+01 7.993914e+00
      vertex -1.165912e+01 -2.999999e+01 7.993933e+00
    endloop
  endfacet
  facet normal -5.000000e-01 1.773525e-06 -8.660254e-01
    outer loop
      vertex -1.165912e+01 -3.049998e+01 7.993914e+00
      vertex -1.021210e+01 -2.999999e+01 7.394521e+00
      vertex -1.021210e+01 -3.049999e+01 7.394502e+00
    endloop
  endfacet
  facet normal -5.947740e-15 -1.000000e+00 -2.048964e-06
    outer loop
      vertex -1.290179e+01 -2.999999e+01 8.947438e+00
      vertex -3.608826e+00 -2.999999e+01 1.000001e+01
      vertex -1.370953e+01 -2.999999e+01 1.000001e+01
    endloop
  endfacet
  facet normal -5.947740e-15 -1.000000e+00 -2.048964e-06
    outer loop
      vertex -3.608826e+00 -2.999999e+01 1.000001e+01
      vertex -1.290179e+01 -2.999999e+01 8.947438e+00
      vertex -4.416565e+00 -2.999999e+01 8.947438e+00
    endloop
  endfacet
  facet normal -5.947740e-15 -1.000000e+00 -2.048964e-06
    outer loop
      vertex -4.416565e+00 -2.999999e+01 8.947438e+00
      vertex -1.290179e+01 -2.999999e+01 8.947438e+00
      vertex -1.165912e+01 -2.999999e+01 7.993933e+00
    endloop
  endfacet
  facet normal -5.947740e-15 -1.000000e+00 -2.048964e-06
    outer loop
      vertex -4.416565e+00 -2.999999e+01 8.947438e+00
      vertex -1.165912e+01 -2.999999e+01 7.993933e+00
      vertex -5.659119e+00 -2.999999e+01 7.993933e+00
    endloop
  endfacet
  facet normal -5.947740e-15 -1.000000e+00 -2.048964e-06
    outer loop
      vertex -5.659119e+00 -2.999999e+01 7.993933e+00
      vertex -1.165912e+01 -2.999999e+01 7.993933e+00
      vertex -1.021210e+01 -2.999999e+01 7.394521e+00
    endloop
  endfacet
  facet normal -5.947740e-15 -1.000000e+00 -2.048964e-06
    outer loop
      vertex -5.659119e+00 -2.999999e+01 7.993933e+00
      vertex -1.021210e+01 -2.999999e+01 7.394521e+00
      vertex -7.106262e+00 -2.999999e+01 7.394521e+00
    endloop
  endfacet
  facet normal -5.947740e-15 -1.000000e+00 -2.048964e-06
    outer loop
      vertex -7.106262e+00 -2.999999e+01 7.394521e+00
      vertex -1.021210e+01 -2.999999e+01 7.394521e+00
      vertex -8.659119e+00 -3.000000e+01 7.190006e+00
    endloop
  endfacet
  facet normal -2.588190e-01 1.978992e-06 -9.659258e-01
    outer loop
      vertex -1.021210e+01 3.000002e+01 7.394645e+00
      vertex -1.165912e+01 2.000002e+01 7.994058e+00
      vertex -1.165912e+01 3.000001e+01 7.994059e+00
    endloop
  endfacet
  facet normal -5.000000e-01 1.773525e-06 -8.660254e-01
    outer loop
      vertex -1.165912e+01 2.000002e+01 7.994058e+00
      vertex -1.021210e+01 3.000002e+01 7.394645e+00
      vertex -1.021210e+01 2.000002e+01 7.394645e+00
    endloop
  endfacet
  facet normal 5.000000e-01 1.773525e-06 -8.660254e-01
    outer loop
      vertex 1.167072e+01 2.500001e+01 8.022020e+00
      vertex 1.022369e+01 1.500002e+01 7.422606e+00
      vertex 1.022369e+01 2.500001e+01 7.422608e+00
    endloop
  endfacet
  facet normal 2.583413e-01 -1.513135e-05 -9.660537e-01
    outer loop
      vertex 1.022369e+01 1.500002e+01 7.422606e+00
      vertex 1.167072e+01 2.500001e+01 8.022020e+00
      vertex 1.167072e+01 1.500001e+01 8.022020e+00
    endloop
  endfacet
  facet normal 2.583444e-01 -1.536674e-05 -9.660529e-01
    outer loop
      vertex 1.022382e+01 3.050002e+01 7.422687e+00
      vertex 1.167072e+01 2.500001e+01 8.022020e+00
      vertex 1.022369e+01 2.500001e+01 7.422608e+00
    endloop
  endfacet
  facet normal 4.999974e-01 -2.968954e-06 -8.660269e-01
    outer loop
      vertex 1.167072e+01 2.500001e+01 8.022020e+00
      vertex 1.022382e+01 3.050002e+01 7.422687e+00
      vertex 1.167096e+01 3.050001e+01 8.022101e+00
    endloop
  endfacet
  facet normal -1.617782e-04 7.627733e-05 -1.000000e+00
    outer loop
      vertex 8.670959e+00 -2.508142e+01 7.221980e+00
      vertex 1.022382e+01 -3.049999e+01 7.422525e+00
      vertex 8.670959e+00 -3.049998e+01 7.218131e+00
    endloop
  endfacet
  facet normal 2.582347e-01 1.728171e-04 -9.660822e-01
    outer loop
      vertex 1.022382e+01 -3.049999e+01 7.422525e+00
      vertex 8.670959e+00 -2.508142e+01 7.221980e+00
      vertex 1.022382e+01 -2.508141e+01 7.422562e+00
    endloop
  endfacet
  facet normal 1.168178e-11 -1.000000e+00 -2.048964e-06
    outer loop
      vertex 3.477722e+00 -2.508142e+01 1.020675e+01
      vertex 1.291351e+01 -2.508143e+01 8.975482e+00
      vertex 1.386456e+01 -2.508142e+01 1.021069e+01
    endloop
  endfacet
  facet normal 1.168178e-11 -1.000000e+00 -2.048964e-06
    outer loop
      vertex 1.291351e+01 -2.508143e+01 8.975482e+00
      vertex 3.477722e+00 -2.508142e+01 1.020675e+01
      vertex 4.427917e+00 -2.508142e+01 8.975113e+00
    endloop
  endfacet
  facet normal 1.168178e-11 -1.000000e+00 -2.048964e-06
    outer loop
      vertex 1.291351e+01 -2.508143e+01 8.975482e+00
      vertex 4.427917e+00 -2.508142e+01 8.975113e+00
      vertex 1.167096e+01 -2.508142e+01 8.021976e+00
    endloop
  endfacet
  facet normal 1.168178e-11 -1.000000e+00 -2.048964e-06
    outer loop
      vertex 1.167096e+01 -2.508142e+01 8.021976e+00
      vertex 4.427917e+00 -2.508142e+01 8.975113e+00
      vertex 5.670959e+00 -2.508142e+01 8.021976e+00
    endloop
  endfacet
  facet normal 1.168178e-11 -1.000000e+00 -2.048964e-06
    outer loop
      vertex 1.167096e+01 -2.508142e+01 8.021976e+00
      vertex 5.670959e+00 -2.508142e+01 8.021976e+00
      vertex 7.117981e+00 -2.508141e+01 7.422562e+00
    endloop
  endfacet
  facet normal 1.168178e-11 -1.000000e+00 -2.048964e-06
    outer loop
      vertex 1.167096e+01 -2.508142e+01 8.021976e+00
      vertex 7.117981e+00 -2.508141e+01 7.422562e+00
      vertex 1.022382e+01 -2.508141e+01 7.422562e+00
    endloop
  endfacet
  facet normal 1.168178e-11 -1.000000e+00 -2.048964e-06
    outer loop
      vertex 1.022382e+01 -2.508141e+01 7.422562e+00
      vertex 7.117981e+00 -2.508141e+01 7.422562e+00
      vertex 8.670959e+00 -2.508142e+01 7.221980e+00
    endloop
  endfacet
  facet normal 2.583444e-01 -1.536674e-05 -9.660529e-01
    outer loop
      vertex 1.022382e+01 3.050002e+01 7.422687e+00
      vertex 8.671204e+00 -1.508141e+01 7.221734e+00
      vertex 8.670959e+00 3.050001e+01 7.218295e+00
    endloop
  endfacet
  facet normal -1.035861e-04 -1.907371e-05 -1.000000e+00
    outer loop
      vertex 8.671204e+00 -1.508141e+01 7.221734e+00
      vertex 1.022382e+01 3.050002e+01 7.422687e+00
      vertex 1.022369e+01 2.500001e+01 7.422608e+00
    endloop
  endfacet
  facet normal -1.035861e-04 -1.907371e-05 -1.000000e+00
    outer loop
      vertex 8.671204e+00 -1.508141e+01 7.221734e+00
      vertex 1.022369e+01 1.500002e+01 7.422606e+00
      vertex 1.022382e+01 -1.508142e+01 7.422564e+00
    endloop
  endfacet
  facet normal 2.583413e-01 -1.513135e-05 -9.660537e-01
    outer loop
      vertex 1.022369e+01 1.500002e+01 7.422606e+00
      vertex 8.671204e+00 -1.508141e+01 7.221734e+00
      vertex 1.022369e+01 2.500001e+01 7.422608e+00
    endloop
  endfacet
  facet normal -2.008368e-09 1.000000e+00 2.056364e-06
    outer loop
      vertex 1.291351e+01 -1.508142e+01 8.975482e+00
      vertex 3.477844e+00 -1.508142e+01 1.020675e+01
      vertex 1.386456e+01 -1.508144e+01 1.021093e+01
    endloop
  endfacet
  facet normal -2.008368e-09 1.000000e+00 2.056364e-06
    outer loop
      vertex 3.477844e+00 -1.508142e+01 1.020675e+01
      vertex 1.291351e+01 -1.508142e+01 8.975482e+00
      vertex 4.428040e+00 -1.508142e+01 8.975359e+00
    endloop
  endfacet
  facet normal -2.008368e-09 1.000000e+00 2.056364e-06
    outer loop
      vertex 4.428040e+00 -1.508142e+01 8.975359e+00
      vertex 1.291351e+01 -1.508142e+01 8.975482e+00
      vertex 1.167096e+01 -1.508142e+01 8.021976e+00
    endloop
  endfacet
  facet normal -2.008368e-09 1.000000e+00 2.056364e-06
    outer loop
      vertex 4.428040e+00 -1.508142e+01 8.975359e+00
      vertex 1.167096e+01 -1.508142e+01 8.021976e+00
      vertex 5.670959e+00 -1.508142e+01 8.021976e+00
    endloop
  endfacet
  facet normal -2.008368e-09 1.000000e+00 2.056364e-06
    outer loop
      vertex 5.670959e+00 -1.508142e+01 8.021976e+00
      vertex 1.167096e+01 -1.508142e+01 8.021976e+00
      vertex 1.022382e+01 -1.508142e+01 7.422564e+00
    endloop
  endfacet
  facet normal -2.008368e-09 1.000000e+00 2.056364e-06
    outer loop
      vertex 5.670959e+00 -1.508142e+01 8.021976e+00
      vertex 1.022382e+01 -1.508142e+01 7.422564e+00
      vertex 7.117981e+00 -1.508142e+01 7.422564e+00
    endloop
  endfacet
  facet normal -2.008368e-09 1.000000e+00 2.056364e-06
    outer loop
      vertex 7.117981e+00 -1.508142e+01 7.422564e+00
      vertex 1.022382e+01 -1.508142e+01 7.422564e+00
      vertex 8.404846e+00 -1.508142e+01 7.256149e+00
    endloop
  endfacet
  facet normal -2.008368e-09 1.000000e+00 2.056364e-06
    outer loop
      vertex 8.404846e+00 -1.508142e+01 7.256149e+00
      vertex 1.022382e+01 -1.508142e+01 7.422564e+00
      vertex 8.671204e+00 -1.508141e+01 7.221734e+00
    endloop
  endfacet
  facet normal -8.793041e-14 -2.048964e-06 1.000000e+00
    outer loop
      vertex 3.618591e+00 1.500002e+01 1.002809e+01
      vertex 2.658875e+00 2.500000e+01 1.002809e+01
      vertex 2.658875e+00 1.500002e+01 1.002809e+01
    endloop
  endfacet
  facet normal -8.793041e-14 -2.048964e-06 1.000000e+00
    outer loop
      vertex 2.658875e+00 2.500000e+01 1.002809e+01
      vertex 3.618591e+00 1.500002e+01 1.002809e+01
      vertex 3.618835e+00 2.500000e+01 1.002809e+01
    endloop
  endfacet
  facet normal -4.999471e-01 1.816960e-07 -8.660560e-01
    outer loop
      vertex 5.670959e+00 -1.508142e+01 8.021976e+00
      vertex 5.670959e+00 -2.508142e+01 8.021976e+00
      vertex 5.670715e+00 1.500001e+01 8.022020e+00
    endloop
  endfacet
  facet normal -7.066371e-01 9.579570e-06 -7.075762e-01
    outer loop
      vertex 4.428040e+00 -1.508142e+01 8.975359e+00
      vertex 4.428284e+00 -3.049999e+01 8.975443e+00
      vertex 4.427917e+00 -2.508142e+01 8.975113e+00
    endloop
  endfacet
  facet normal -7.066367e-01 9.575396e-06 -7.075766e-01
    outer loop
      vertex 4.428284e+00 -3.049999e+01 8.975443e+00
      vertex 4.428040e+00 -1.508142e+01 8.975359e+00
      vertex 4.428040e+00 1.500001e+01 8.975525e+00
    endloop
  endfacet
  facet normal -7.066367e-01 9.575396e-06 -7.075766e-01
    outer loop
      vertex 4.428284e+00 -3.049999e+01 8.975443e+00
      vertex 4.428040e+00 1.500001e+01 8.975525e+00
      vertex 5.670715e+00 1.500001e+01 8.022020e+00
    endloop
  endfacet
  facet normal -7.066367e-01 9.575396e-06 -7.075766e-01
    outer loop
      vertex 4.428284e+00 -3.049999e+01 8.975443e+00
      vertex 5.670715e+00 1.500001e+01 8.022020e+00
      vertex 5.670959e+00 -3.049999e+01 8.021937e+00
    endloop
  endfacet
  facet normal -4.999473e-01 -2.251495e-06 -8.660558e-01
    outer loop
      vertex 5.670959e+00 -3.049999e+01 8.021937e+00
      vertex 5.670715e+00 1.500001e+01 8.022020e+00
      vertex 5.670959e+00 -2.508142e+01 8.021976e+00
    endloop
  endfacet
  facet normal -5.000000e-01 1.773525e-06 -8.660254e-01
    outer loop
      vertex 5.670715e+00 2.500001e+01 8.022020e+00
      vertex 4.428040e+00 1.500001e+01 8.975525e+00
      vertex 4.428040e+00 2.500001e+01 8.975525e+00
    endloop
  endfacet
  facet normal -7.066588e-01 9.930740e-06 -7.075545e-01
    outer loop
      vertex 4.428040e+00 1.500001e+01 8.975525e+00
      vertex 5.670715e+00 2.500001e+01 8.022020e+00
      vertex 5.670715e+00 1.500001e+01 8.022020e+00
    endloop
  endfacet
  facet normal -2.588190e-01 1.978992e-06 -9.659258e-01
    outer loop
      vertex -1.021210e+01 2.000002e+01 7.394645e+00
      vertex -1.165912e+01 -2.000000e+01 7.993935e+00
      vertex -1.165912e+01 2.000002e+01 7.994058e+00
    endloop
  endfacet
  facet normal -5.000000e-01 1.773525e-06 -8.660254e-01
    outer loop
      vertex -1.165912e+01 -2.000000e+01 7.993935e+00
      vertex -1.021210e+01 2.000002e+01 7.394645e+00
      vertex -1.021210e+01 -1.999999e+01 7.394521e+00
    endloop
  endfacet
  facet normal -1.610129e-15 -1.000000e+00 -2.048964e-06
    outer loop
      vertex -1.290179e+01 2.000002e+01 8.947563e+00
      vertex -3.608826e+00 2.000001e+01 1.000013e+01
      vertex -1.370953e+01 2.000001e+01 1.000013e+01
    endloop
  endfacet
  facet normal -1.610129e-15 -1.000000e+00 -2.048964e-06
    outer loop
      vertex -3.608826e+00 2.000001e+01 1.000013e+01
      vertex -1.290179e+01 2.000002e+01 8.947563e+00
      vertex -4.416565e+00 2.000002e+01 8.947563e+00
    endloop
  endfacet
  facet normal -1.610129e-15 -1.000000e+00 -2.048964e-06
    outer loop
      vertex -4.416565e+00 2.000002e+01 8.947563e+00
      vertex -1.290179e+01 2.000002e+01 8.947563e+00
      vertex -1.165912e+01 2.000002e+01 7.994058e+00
    endloop
  endfacet
  facet normal -1.610129e-15 -1.000000e+00 -2.048964e-06
    outer loop
      vertex -4.416565e+00 2.000002e+01 8.947563e+00
      vertex -1.165912e+01 2.000002e+01 7.994058e+00
      vertex -5.659119e+00 2.000002e+01 7.994058e+00
    endloop
  endfacet
  facet normal -1.610129e-15 -1.000000e+00 -2.048964e-06
    outer loop
      vertex -5.659119e+00 2.000002e+01 7.994058e+00
      vertex -1.165912e+01 2.000002e+01 7.994058e+00
      vertex -1.021210e+01 2.000002e+01 7.394645e+00
    endloop
  endfacet
  facet normal -1.610129e-15 -1.000000e+00 -2.048964e-06
    outer loop
      vertex -5.659119e+00 2.000002e+01 7.994058e+00
      vertex -1.021210e+01 2.000002e+01 7.394645e+00
      vertex -7.106262e+00 2.000002e+01 7.394645e+00
    endloop
  endfacet
  facet normal -1.610129e-15 -1.000000e+00 -2.048964e-06
    outer loop
      vertex -7.106262e+00 2.000002e+01 7.394645e+00
      vertex -1.021210e+01 2.000002e+01 7.394645e+00
      vertex -8.659119e+00 2.000001e+01 7.190130e+00
    endloop
  endfacet
  facet normal -5.000000e-01 1.773525e-06 -8.660254e-01
    outer loop
      vertex -1.165912e+01 3.050001e+01 7.994078e+00
      vertex -1.021210e+01 3.000002e+01 7.394645e+00
      vertex -1.165912e+01 3.000001e+01 7.994059e+00
    endloop
  endfacet
  facet normal -2.588190e-01 1.978992e-06 -9.659258e-01
    outer loop
      vertex -1.021210e+01 3.000002e+01 7.394645e+00
      vertex -1.165912e+01 3.050001e+01 7.994078e+00
      vertex -1.021210e+01 3.050002e+01 7.394664e+00
    endloop
  endfacet
  facet normal -2.581190e-01 -8.250578e-06 -9.661131e-01
    outer loop
      vertex 7.117981e+00 -2.508141e+01 7.422562e+00
      vertex 5.670959e+00 -3.049999e+01 8.021937e+00
      vertex 5.670959e+00 -2.508142e+01 8.021976e+00
    endloop
  endfacet
  facet normal -4.999473e-01 -2.251495e-06 -8.660558e-01
    outer loop
      vertex 5.670959e+00 -3.049999e+01 8.021937e+00
      vertex 7.117981e+00 -2.508141e+01 7.422562e+00
      vertex 7.117981e+00 -3.049999e+01 7.422525e+00
    endloop
  endfacet
  facet normal -2.581201e-01 -1.055456e-07 -9.661129e-01
    outer loop
      vertex 7.117859e+00 2.500001e+01 7.422608e+00
      vertex 5.670715e+00 1.500001e+01 8.022020e+00
      vertex 5.670715e+00 2.500001e+01 8.022020e+00
    endloop
  endfacet
  facet normal -5.000000e-01 1.773525e-06 -8.660254e-01
    outer loop
      vertex 5.670715e+00 1.500001e+01 8.022020e+00
      vertex 7.117859e+00 2.500001e+01 7.422608e+00
      vertex 7.117859e+00 1.500002e+01 7.422606e+00
    endloop
  endfacet
  facet normal -9.042971e-14 -2.048964e-06 1.000000e+00
    outer loop
      vertex -1.370953e+01 2.000001e+01 1.000013e+01
      vertex -1.467096e+01 3.000000e+01 1.000013e+01
      vertex -1.467096e+01 2.000001e+01 1.000013e+01
    endloop
  endfacet
  facet normal -9.042971e-14 -2.048964e-06 1.000000e+00
    outer loop
      vertex -1.467096e+01 3.000000e+01 1.000013e+01
      vertex -1.370953e+01 2.000001e+01 1.000013e+01
      vertex -1.370953e+01 3.000000e+01 1.000013e+01
    endloop
  endfacet
  facet normal 8.660254e-01 1.024482e-06 -5.000000e-01
    outer loop
      vertex -3.463074e+00 3.050000e+01 1.019016e+01
      vertex -3.608826e+00 3.000000e+01 1.000013e+01
      vertex -4.416565e+00 3.050001e+01 8.947583e+00
    endloop
  endfacet
  facet normal 7.933533e-01 1.246789e-06 -6.087614e-01
    outer loop
      vertex -3.608826e+00 3.000000e+01 1.000013e+01
      vertex -3.463074e+00 3.050000e+01 1.019016e+01
      vertex -3.463074e+00 -3.050000e+01 1.019000e+01
    endloop
  endfacet
  facet normal 7.933533e-01 1.246789e-06 -6.087614e-01
    outer loop
      vertex -3.608826e+00 3.000000e+01 1.000013e+01
      vertex -3.463074e+00 -3.050000e+01 1.019000e+01
      vertex -3.608826e+00 2.000001e+01 1.000013e+01
    endloop
  endfacet
  facet normal 7.933533e-01 1.246789e-06 -6.087614e-01
    outer loop
      vertex -3.608826e+00 2.000001e+01 1.000013e+01
      vertex -3.463074e+00 -3.050000e+01 1.019000e+01
      vertex -3.608826e+00 -1.999999e+01 1.000001e+01
    endloop
  endfacet
  facet normal 7.933533e-01 1.246789e-06 -6.087614e-01
    outer loop
      vertex -3.608826e+00 2.000001e+01 1.000013e+01
      vertex -3.608826e+00 -1.999999e+01 1.000001e+01
      vertex -4.416565e+00 2.000002e+01 8.947563e+00
    endloop
  endfacet
  facet normal 7.933533e-01 1.246789e-06 -6.087614e-01
    outer loop
      vertex -3.608826e+00 -1.999999e+01 1.000001e+01
      vertex -3.463074e+00 -3.050000e+01 1.019000e+01
      vertex -3.608826e+00 -2.999999e+01 1.000001e+01
    endloop
  endfacet
  facet normal 7.933533e-01 1.246789e-06 -6.087614e-01
    outer loop
      vertex -3.608826e+00 -2.999999e+01 1.000001e+01
      vertex -3.463074e+00 -3.050000e+01 1.019000e+01
      vertex -4.416565e+00 -2.999999e+01 8.947438e+00
    endloop
  endfacet
  facet normal 7.071068e-01 1.446558e-06 -7.071068e-01
    outer loop
      vertex -4.416565e+00 -2.999999e+01 8.947438e+00
      vertex -3.463074e+00 -3.050000e+01 1.019000e+01
      vertex -4.416565e+00 -3.049999e+01 8.947420e+00
    endloop
  endfacet
  facet normal 7.071068e-01 1.446558e-06 -7.071068e-01
    outer loop
      vertex -4.416565e+00 -2.000000e+01 8.947440e+00
      vertex -4.416565e+00 2.000002e+01 8.947563e+00
      vertex -3.608826e+00 -1.999999e+01 1.000001e+01
    endloop
  endfacet
  facet normal 7.071068e-01 1.446558e-06 -7.071068e-01
    outer loop
      vertex -4.416565e+00 3.000001e+01 8.947565e+00
      vertex -4.416565e+00 3.050001e+01 8.947583e+00
      vertex -3.608826e+00 3.000000e+01 1.000013e+01
    endloop
  endfacet
  facet normal 7.933533e-01 1.246789e-06 -6.087614e-01
    outer loop
      vertex -3.608826e+00 -2.999999e+01 1.000001e+01
      vertex -4.416565e+00 -2.000000e+01 8.947440e+00
      vertex -3.608826e+00 -1.999999e+01 1.000001e+01
    endloop
  endfacet
  facet normal 7.071068e-01 1.446558e-06 -7.071068e-01
    outer loop
      vertex -4.416565e+00 -2.000000e+01 8.947440e+00
      vertex -3.608826e+00 -2.999999e+01 1.000001e+01
      vertex -4.416565e+00 -2.999999e+01 8.947438e+00
    endloop
  endfacet
  facet normal -1.277120e-16 -2.048964e-06 1.000000e+00
    outer loop
      vertex -3.608826e+00 2.000001e+01 1.000013e+01
      vertex -1.370953e+01 3.000000e+01 1.000013e+01
      vertex -1.370953e+01 2.000001e+01 1.000013e+01
    endloop
  endfacet
  facet normal -1.277120e-16 -2.048964e-06 1.000000e+00
    outer loop
      vertex -1.370953e+01 3.000000e+01 1.000013e+01
      vertex -3.608826e+00 2.000001e+01 1.000013e+01
      vertex -3.608826e+00 3.000000e+01 1.000013e+01
    endloop
  endfacet
  facet normal 2.689176e-04 2.672153e-04 -9.999999e-01
    outer loop
      vertex 9.298645e+00 -2.008143e+01 7.303161e+00
      vertex 1.392926e+01 -2.062494e+01 7.231672e+00
      vertex 8.724426e+00 -2.062648e+01 7.228780e+00
    endloop
  endfacet
  facet normal 1.392038e-04 2.588027e-01 -9.659302e-01
    outer loop
      vertex 1.392926e+01 -2.062494e+01 7.231672e+00
      vertex 9.298645e+00 -2.008143e+01 7.303161e+00
      vertex 1.392926e+01 -2.008143e+01 7.303161e+00
    endloop
  endfacet
  facet normal 7.068440e-01 5.214213e-06 -7.073694e-01
    outer loop
      vertex 1.291351e+01 -2.508143e+01 8.975482e+00
      vertex 1.167096e+01 -3.049999e+01 8.021937e+00
      vertex 1.167096e+01 -2.508142e+01 8.021976e+00
    endloop
  endfacet
  facet normal 5.000004e-01 -2.723321e-06 -8.660251e-01
    outer loop
      vertex 1.167096e+01 -3.049999e+01 8.021937e+00
      vertex 1.291351e+01 -2.508143e+01 8.975482e+00
      vertex 1.291351e+01 -3.049999e+01 8.975443e+00
    endloop
  endfacet
  facet normal 7.068432e-01 3.808202e-06 -7.073703e-01
    outer loop
      vertex 1.291339e+01 2.500001e+01 8.975525e+00
      vertex 1.167072e+01 1.500001e+01 8.022020e+00
      vertex 1.167072e+01 2.500001e+01 8.022020e+00
    endloop
  endfacet
  facet normal 5.000000e-01 1.773525e-06 -8.660254e-01
    outer loop
      vertex 1.167072e+01 1.500001e+01 8.022020e+00
      vertex 1.291339e+01 2.500001e+01 8.975525e+00
      vertex 1.291339e+01 1.500001e+01 8.975525e+00
    endloop
  endfacet
  facet normal 1.168735e-04 -2.586945e-01 -9.659592e-01
    outer loop
      vertex 1.392926e+01 -1.953791e+01 7.231586e+00
      vertex 9.298645e+00 -2.008143e+01 7.303161e+00
      vertex 8.728943e+00 -1.953731e+01 7.229304e+00
    endloop
  endfacet
  facet normal 2.689176e-04 2.672153e-04 -9.999999e-01
    outer loop
      vertex 9.298645e+00 -2.008143e+01 7.303161e+00
      vertex 1.392926e+01 -1.953791e+01 7.231586e+00
      vertex 1.392926e+01 -2.008143e+01 7.303161e+00
    endloop
  endfacet
  facet normal -9.155572e-14 -2.048964e-06 1.000000e+00
    outer loop
      vertex 1.372296e+01 1.500002e+01 1.002809e+01
      vertex 1.465887e+01 2.500000e+01 1.002809e+01
      vertex 1.372260e+01 2.500000e+01 1.002809e+01
    endloop
  endfacet
  facet normal -9.155572e-14 -2.048964e-06 1.000000e+00
    outer loop
      vertex 1.465887e+01 2.500000e+01 1.002809e+01
      vertex 1.372296e+01 1.500002e+01 1.002809e+01
      vertex 1.465887e+01 1.500002e+01 1.002809e+01
    endloop
  endfacet
  facet normal -5.000000e-01 1.773525e-06 -8.660254e-01
    outer loop
      vertex -1.165912e+01 3.050001e+01 7.994078e+00
      vertex -1.290179e+01 3.000001e+01 8.947565e+00
      vertex -1.290179e+01 3.050001e+01 8.947583e+00
    endloop
  endfacet
  facet normal -7.071068e-01 1.446558e-06 -7.071068e-01
    outer loop
      vertex -1.290179e+01 3.000001e+01 8.947565e+00
      vertex -1.165912e+01 3.050001e+01 7.994078e+00
      vertex -1.165912e+01 3.000001e+01 7.994059e+00
    endloop
  endfacet
  facet normal 4.403640e-15 1.000000e+00 2.048964e-06
    outer loop
      vertex -4.416565e+00 3.000001e+01 8.947565e+00
      vertex -1.370953e+01 3.000000e+01 1.000013e+01
      vertex -3.608826e+00 3.000000e+01 1.000013e+01
    endloop
  endfacet
  facet normal 4.403640e-15 1.000000e+00 2.048964e-06
    outer loop
      vertex -1.370953e+01 3.000000e+01 1.000013e+01
      vertex -4.416565e+00 3.000001e+01 8.947565e+00
      vertex -1.290179e+01 3.000001e+01 8.947565e+00
    endloop
  endfacet
  facet normal 4.403640e-15 1.000000e+00 2.048964e-06
    outer loop
      vertex -1.290179e+01 3.000001e+01 8.947565e+00
      vertex -4.416565e+00 3.000001e+01 8.947565e+00
      vertex -1.165912e+01 3.000001e+01 7.994059e+00
    endloop
  endfacet
  facet normal 4.403640e-15 1.000000e+00 2.048964e-06
    outer loop
      vertex -1.165912e+01 3.000001e+01 7.994059e+00
      vertex -4.416565e+00 3.000001e+01 8.947565e+00
      vertex -5.659119e+00 3.000001e+01 7.994059e+00
    endloop
  endfacet
  facet normal 4.403640e-15 1.000000e+00 2.048964e-06
    outer loop
      vertex -1.165912e+01 3.000001e+01 7.994059e+00
      vertex -5.659119e+00 3.000001e+01 7.994059e+00
      vertex -1.021210e+01 3.000002e+01 7.394645e+00
    endloop
  endfacet
  facet normal 4.403640e-15 1.000000e+00 2.048964e-06
    outer loop
      vertex -1.021210e+01 3.000002e+01 7.394645e+00
      vertex -5.659119e+00 3.000001e+01 7.994059e+00
      vertex -7.106262e+00 3.000002e+01 7.394645e+00
    endloop
  endfacet
  facet normal 4.403640e-15 1.000000e+00 2.048964e-06
    outer loop
      vertex -1.021210e+01 3.000002e+01 7.394645e+00
      vertex -7.106262e+00 3.000002e+01 7.394645e+00
      vertex -8.659119e+00 3.000000e+01 7.190132e+00
    endloop
  endfacet
  facet normal -7.657317e-14 2.048964e-06 -1.000000e+00
    outer loop
      vertex -8.659119e+00 -3.000000e+01 7.190006e+00
      vertex -1.021210e+01 -3.049999e+01 7.394502e+00
      vertex -1.021210e+01 -2.999999e+01 7.394521e+00
    endloop
  endfacet
  facet normal -2.588190e-01 1.978992e-06 -9.659258e-01
    outer loop
      vertex -1.021210e+01 -3.049999e+01 7.394502e+00
      vertex -8.659119e+00 -3.000000e+01 7.190006e+00
      vertex -8.659119e+00 -3.049998e+01 7.190108e+00
    endloop
  endfacet
  facet normal -4.633777e-16 2.048964e-06 -1.000000e+00
    outer loop
      vertex -8.659119e+00 3.000000e+01 7.190132e+00
      vertex -1.021210e+01 2.000002e+01 7.394645e+00
      vertex -1.021210e+01 3.000002e+01 7.394645e+00
    endloop
  endfacet
  facet normal -2.588190e-01 1.978992e-06 -9.659258e-01
    outer loop
      vertex -1.021210e+01 2.000002e+01 7.394645e+00
      vertex -8.659119e+00 3.000000e+01 7.190132e+00
      vertex -8.659119e+00 2.000001e+01 7.190130e+00
    endloop
  endfacet
  facet normal -4.811999e-16 2.048964e-06 -1.000000e+00
    outer loop
      vertex -8.659119e+00 2.000001e+01 7.190130e+00
      vertex -1.021210e+01 -1.999999e+01 7.394521e+00
      vertex -1.021210e+01 2.000002e+01 7.394645e+00
    endloop
  endfacet
  facet normal -2.588190e-01 1.978992e-06 -9.659258e-01
    outer loop
      vertex -1.021210e+01 -1.999999e+01 7.394521e+00
      vertex -8.659119e+00 2.000001e+01 7.190130e+00
      vertex -8.659119e+00 -1.999998e+01 7.190127e+00
    endloop
  endfacet
  facet normal 7.414043e-14 2.048964e-06 -1.000000e+00
    outer loop
      vertex -8.659119e+00 3.050001e+01 7.190149e+00
      vertex -1.021210e+01 3.000002e+01 7.394645e+00
      vertex -1.021210e+01 3.050002e+01 7.394664e+00
    endloop
  endfacet
  facet normal -2.588190e-01 1.978992e-06 -9.659258e-01
    outer loop
      vertex -1.021210e+01 3.000002e+01 7.394645e+00
      vertex -8.659119e+00 3.050001e+01 7.190149e+00
      vertex -8.659119e+00 3.000000e+01 7.190132e+00
    endloop
  endfacet
  facet normal 2.588190e-01 1.978992e-06 -9.659258e-01
    outer loop
      vertex -7.106262e+00 -2.999999e+01 7.394521e+00
      vertex -8.659119e+00 -3.049998e+01 7.190108e+00
      vertex -8.659119e+00 -3.000000e+01 7.190006e+00
    endloop
  endfacet
  facet normal 4.580310e-14 2.048964e-06 -1.000000e+00
    outer loop
      vertex -8.659119e+00 -3.049998e+01 7.190108e+00
      vertex -7.106262e+00 -2.999999e+01 7.394521e+00
      vertex -7.106262e+00 -3.049999e+01 7.394502e+00
    endloop
  endfacet
  facet normal 2.588190e-01 1.978992e-06 -9.659258e-01
    outer loop
      vertex -7.106262e+00 3.000002e+01 7.394645e+00
      vertex -8.659119e+00 2.000001e+01 7.190130e+00
      vertex -8.659119e+00 3.000000e+01 7.190132e+00
    endloop
  endfacet
  facet normal -4.633777e-16 2.048964e-06 -1.000000e+00
    outer loop
      vertex -8.659119e+00 2.000001e+01 7.190130e+00
      vertex -7.106262e+00 3.000002e+01 7.394645e+00
      vertex -7.106262e+00 2.000002e+01 7.394645e+00
    endloop
  endfacet
  facet normal 2.588190e-01 1.978992e-06 -9.659258e-01
    outer loop
      vertex -7.106262e+00 2.000002e+01 7.394645e+00
      vertex -8.659119e+00 -1.999998e+01 7.190127e+00
      vertex -8.659119e+00 2.000001e+01 7.190130e+00
    endloop
  endfacet
  facet normal 7.307110e-16 2.048964e-06 -1.000000e+00
    outer loop
      vertex -8.659119e+00 -1.999998e+01 7.190127e+00
      vertex -7.106262e+00 2.000002e+01 7.394645e+00
      vertex -7.106262e+00 -1.999999e+01 7.394521e+00
    endloop
  endfacet
  facet normal 7.414043e-14 2.048964e-06 -1.000000e+00
    outer loop
      vertex -8.659119e+00 3.050001e+01 7.190149e+00
      vertex -7.106262e+00 3.000002e+01 7.394645e+00
      vertex -8.659119e+00 3.000000e+01 7.190132e+00
    endloop
  endfacet
  facet normal 2.588190e-01 1.978992e-06 -9.659258e-01
    outer loop
      vertex -7.106262e+00 3.000002e+01 7.394645e+00
      vertex -8.659119e+00 3.050001e+01 7.190149e+00
      vertex -7.106262e+00 3.050002e+01 7.394664e+00
    endloop
  endfacet
  facet normal 5.000000e-01 1.773525e-06 -8.660254e-01
    outer loop
      vertex -5.659119e+00 -2.999999e+01 7.993933e+00
      vertex -7.106262e+00 -3.049999e+01 7.394502e+00
      vertex -7.106262e+00 -2.999999e+01 7.394521e+00
    endloop
  endfacet
  facet normal 2.588190e-01 1.978992e-06 -9.659258e-01
    outer loop
      vertex -7.106262e+00 -3.049999e+01 7.394502e+00
      vertex -5.659119e+00 -2.999999e+01 7.993933e+00
      vertex -5.659119e+00 -3.049998e+01 7.993914e+00
    endloop
  endfacet
  facet normal 5.000000e-01 1.773525e-06 -8.660254e-01
    outer loop
      vertex -5.659119e+00 3.000001e+01 7.994059e+00
      vertex -7.106262e+00 2.000002e+01 7.394645e+00
      vertex -7.106262e+00 3.000002e+01 7.394645e+00
    endloop
  endfacet
  facet normal 2.588190e-01 1.978992e-06 -9.659258e-01
    outer loop
      vertex -7.106262e+00 2.000002e+01 7.394645e+00
      vertex -5.659119e+00 3.000001e+01 7.994059e+00
      vertex -5.659119e+00 2.000002e+01 7.994058e+00
    endloop
  endfacet
  facet normal 5.000000e-01 1.773525e-06 -8.660254e-01
    outer loop
      vertex -5.659119e+00 2.000002e+01 7.994058e+00
      vertex -7.106262e+00 -1.999999e+01 7.394521e+00
      vertex -7.106262e+00 2.000002e+01 7.394645e+00
    endloop
  endfacet
  facet normal 2.588190e-01 1.978992e-06 -9.659258e-01
    outer loop
      vertex -7.106262e+00 -1.999999e+01 7.394521e+00
      vertex -5.659119e+00 2.000002e+01 7.994058e+00
      vertex -5.659119e+00 -2.000000e+01 7.993935e+00
    endloop
  endfacet
  facet normal 5.000000e-01 1.773525e-06 -8.660254e-01
    outer loop
      vertex -5.659119e+00 3.050001e+01 7.994078e+00
      vertex -7.106262e+00 3.000002e+01 7.394645e+00
      vertex -7.106262e+00 3.050002e+01 7.394664e+00
    endloop
  endfacet
  facet normal 2.588190e-01 1.978992e-06 -9.659258e-01
    outer loop
      vertex -7.106262e+00 3.000002e+01 7.394645e+00
      vertex -5.659119e+00 3.050001e+01 7.994078e+00
      vertex -5.659119e+00 3.000001e+01 7.994059e+00
    endloop
  endfacet
  facet normal 7.071068e-01 1.446558e-06 -7.071068e-01
    outer loop
      vertex -4.416565e+00 -2.999999e+01 8.947438e+00
      vertex -5.659119e+00 -3.049998e+01 7.993914e+00
      vertex -5.659119e+00 -2.999999e+01 7.993933e+00
    endloop
  endfacet
  facet normal 5.000000e-01 1.773525e-06 -8.660254e-01
    outer loop
      vertex -5.659119e+00 -3.049998e+01 7.993914e+00
      vertex -4.416565e+00 -2.999999e+01 8.947438e+00
      vertex -4.416565e+00 -3.049999e+01 8.947420e+00
    endloop
  endfacet
  facet normal 7.071068e-01 1.446558e-06 -7.071068e-01
    outer loop
      vertex -4.416565e+00 3.000001e+01 8.947565e+00
      vertex -5.659119e+00 2.000002e+01 7.994058e+00
      vertex -5.659119e+00 3.000001e+01 7.994059e+00
    endloop
  endfacet
  facet normal 5.000000e-01 1.773525e-06 -8.660254e-01
    outer loop
      vertex -5.659119e+00 2.000002e+01 7.994058e+00
      vertex -4.416565e+00 3.000001e+01 8.947565e+00
      vertex -4.416565e+00 2.000002e+01 8.947563e+00
    endloop
  endfacet
  facet normal 7.071068e-01 1.446558e-06 -7.071068e-01
    outer loop
      vertex -4.416565e+00 2.000002e+01 8.947563e+00
      vertex -5.659119e+00 -2.000000e+01 7.993935e+00
      vertex -5.659119e+00 2.000002e+01 7.994058e+00
    endloop
  endfacet
  facet normal 5.000000e-01 1.773525e-06 -8.660254e-01
    outer loop
      vertex -5.659119e+00 -2.000000e+01 7.993935e+00
      vertex -4.416565e+00 2.000002e+01 8.947563e+00
      vertex -4.416565e+00 -2.000000e+01 8.947440e+00
    endloop
  endfacet
  facet normal 5.000000e-01 1.773525e-06 -8.660254e-01
    outer loop
      vertex -5.659119e+00 3.050001e+01 7.994078e+00
      vertex -4.416565e+00 3.000001e+01 8.947565e+00
      vertex -5.659119e+00 3.000001e+01 7.994059e+00
    endloop
  endfacet
  facet normal 7.071068e-01 1.446558e-06 -7.071068e-01
    outer loop
      vertex -4.416565e+00 3.000001e+01 8.947565e+00
      vertex -5.659119e+00 3.050001e+01 7.994078e+00
      vertex -4.416565e+00 3.050001e+01 8.947583e+00
    endloop
  endfacet
  facet normal 4.999996e-01 -2.727495e-06 -8.660256e-01
    outer loop
      vertex 1.167096e+01 -2.508142e+01 8.021976e+00
      vertex 1.022382e+01 -3.049999e+01 7.422525e+00
      vertex 1.022382e+01 -2.508141e+01 7.422562e+00
    endloop
  endfacet
  facet normal 2.582347e-01 1.728171e-04 -9.660822e-01
    outer loop
      vertex 1.022382e+01 -3.049999e+01 7.422525e+00
      vertex 1.167096e+01 -2.508142e+01 8.021976e+00
      vertex 1.167096e+01 -3.049999e+01 8.021937e+00
    endloop
  endfacet
  facet normal 7.068440e-01 6.795952e-06 -7.073694e-01
    outer loop
      vertex 1.291339e+01 1.500001e+01 8.975525e+00
      vertex 1.167096e+01 -1.508142e+01 8.021976e+00
      vertex 1.167072e+01 1.500001e+01 8.022020e+00
    endloop
  endfacet
  facet normal 5.000004e-01 3.450081e-06 -8.660252e-01
    outer loop
      vertex 1.167096e+01 -1.508142e+01 8.021976e+00
      vertex 1.291339e+01 1.500001e+01 8.975525e+00
      vertex 1.291351e+01 -1.508142e+01 8.975482e+00
    endloop
  endfacet
  facet normal 4.999996e-01 3.453768e-06 -8.660257e-01
    outer loop
      vertex 1.167072e+01 1.500001e+01 8.022020e+00
      vertex 1.022382e+01 -1.508142e+01 7.422564e+00
      vertex 1.022369e+01 1.500002e+01 7.422606e+00
    endloop
  endfacet
  facet normal 2.583420e-01 -1.490333e-05 -9.660535e-01
    outer loop
      vertex 1.022382e+01 -1.508142e+01 7.422564e+00
      vertex 1.167072e+01 1.500001e+01 8.022020e+00
      vertex 1.167096e+01 -1.508142e+01 8.021976e+00
    endloop
  endfacet
  facet normal 7.068443e-01 6.793648e-06 -7.073691e-01
    outer loop
      vertex 1.291351e+01 -1.508142e+01 8.975482e+00
      vertex 1.167096e+01 -2.508142e+01 8.021976e+00
      vertex 1.167096e+01 -1.508142e+01 8.021976e+00
    endloop
  endfacet
  facet normal 5.000000e-01 1.773525e-06 -8.660254e-01
    outer loop
      vertex 1.167096e+01 -2.508142e+01 8.021976e+00
      vertex 1.291351e+01 -1.508142e+01 8.975482e+00
      vertex 1.291351e+01 -2.508143e+01 8.975482e+00
    endloop
  endfacet
  facet normal -2.581192e-01 -7.474969e-06 -9.661130e-01
    outer loop
      vertex 7.117859e+00 1.500002e+01 7.422606e+00
      vertex 5.670959e+00 -1.508142e+01 8.021976e+00
      vertex 5.670715e+00 1.500001e+01 8.022020e+00
    endloop
  endfacet
  facet normal -4.999471e-01 1.816960e-07 -8.660560e-01
    outer loop
      vertex 5.670959e+00 -1.508142e+01 8.021976e+00
      vertex 7.117859e+00 1.500002e+01 7.422606e+00
      vertex 7.117981e+00 -1.508142e+01 7.422564e+00
    endloop
  endfacet
  facet normal -4.999471e-01 1.816960e-07 -8.660560e-01
    outer loop
      vertex 5.670959e+00 -1.508142e+01 8.021976e+00
      vertex 7.117981e+00 -2.508141e+01 7.422562e+00
      vertex 5.670959e+00 -2.508142e+01 8.021976e+00
    endloop
  endfacet
  facet normal -2.581190e-01 -8.250578e-06 -9.661131e-01
    outer loop
      vertex 7.117981e+00 -2.508141e+01 7.422562e+00
      vertex 5.670959e+00 -1.508142e+01 8.021976e+00
      vertex 7.117981e+00 -1.508142e+01 7.422564e+00
    endloop
  endfacet
  facet normal -2.272020e-03 -2.006948e-06 9.999974e-01
    outer loop
      vertex 3.477722e+00 -2.508142e+01 1.020675e+01
      vertex 1.929260e+00 -1.508142e+01 1.020319e+01
      vertex 1.929260e+00 -2.508143e+01 1.020319e+01
    endloop
  endfacet
  facet normal -2.272020e-03 -2.006948e-06 9.999974e-01
    outer loop
      vertex 1.929260e+00 -1.508142e+01 1.020319e+01
      vertex 3.477722e+00 -2.508142e+01 1.020675e+01
      vertex 3.477844e+00 -1.508142e+01 1.020675e+01
    endloop
  endfacet
endsolid Default
