solid Default
  facet normal 9.786401e-01 -2.055808e-01 1.141203e-17
    outer loop
      vertex 1.046901e+02 3.693604e+00 0.000000e+00
      vertex 1.048584e+02 4.494995e+00 1.500000e+01
      vertex 1.046901e+02 3.693604e+00 1.500000e+01
    endloop
  endfacet
  facet normal 9.664841e-01 -2.567264e-01 1.425118e-17
    outer loop
      vertex 1.048584e+02 4.494995e+00 1.500000e+01
      vertex 1.046901e+02 3.693604e+00 0.000000e+00
      vertex 1.048584e+02 4.494995e+00 0.000000e+00
    endloop
  endfacet
  facet normal 9.664841e-01 -2.567264e-01 1.425118e-17
    outer loop
      vertex 1.048584e+02 4.494995e+00 0.000000e+00
      vertex 1.051100e+02 5.274414e+00 1.500000e+01
      vertex 1.048584e+02 4.494995e+00 1.500000e+01
    endloop
  endfacet
  facet normal 9.341999e-01 -3.567499e-01 1.980360e-17
    outer loop
      vertex 1.051100e+02 5.274414e+00 1.500000e+01
      vertex 1.048584e+02 4.494995e+00 0.000000e+00
      vertex 1.051100e+02 5.274414e+00 0.000000e+00
    endloop
  endfacet
  facet normal 9.341999e-01 -3.567499e-01 1.980360e-17
    outer loop
      vertex 1.051100e+02 5.274414e+00 0.000000e+00
      vertex 1.054419e+02 6.023071e+00 1.500000e+01
      vertex 1.051100e+02 5.274414e+00 1.500000e+01
    endloop
  endfacet
  facet normal 8.915957e-01 -4.528323e-01 2.513724e-17
    outer loop
      vertex 1.054419e+02 6.023071e+00 1.500000e+01
      vertex 1.051100e+02 5.274414e+00 0.000000e+00
      vertex 1.054419e+02 6.023071e+00 0.000000e+00
    endloop
  endfacet
  facet normal 8.915957e-01 -4.528323e-01 2.513724e-17
    outer loop
      vertex 1.054419e+02 6.023071e+00 0.000000e+00
      vertex 1.058506e+02 6.732666e+00 1.500000e+01
      vertex 1.054419e+02 6.023071e+00 1.500000e+01
    endloop
  endfacet
  facet normal 8.391421e-01 -5.439123e-01 3.019320e-17
    outer loop
      vertex 1.058506e+02 6.732666e+00 1.500000e+01
      vertex 1.054419e+02 6.023071e+00 0.000000e+00
      vertex 1.058506e+02 6.732666e+00 0.000000e+00
    endloop
  endfacet
  facet normal 8.391421e-01 -5.439123e-01 3.019320e-17
    outer loop
      vertex 1.058506e+02 6.732666e+00 0.000000e+00
      vertex 1.063316e+02 7.395508e+00 1.500000e+01
      vertex 1.058506e+02 6.732666e+00 1.500000e+01
    endloop
  endfacet
  facet normal 7.774185e-01 -6.289837e-01 3.491561e-17
    outer loop
      vertex 1.063316e+02 7.395508e+00 1.500000e+01
      vertex 1.058506e+02 6.732666e+00 0.000000e+00
      vertex 1.063316e+02 7.395508e+00 0.000000e+00
    endloop
  endfacet
  facet normal 7.774185e-01 -6.289837e-01 3.491561e-17
    outer loop
      vertex 1.063316e+02 7.395508e+00 0.000000e+00
      vertex 1.068794e+02 8.004272e+00 1.500000e+01
      vertex 1.063316e+02 7.395508e+00 1.500000e+01
    endloop
  endfacet
  facet normal 7.071068e-01 -7.071068e-01 3.925231e-17
    outer loop
      vertex 1.068794e+02 8.004272e+00 1.500000e+01
      vertex 1.063316e+02 7.395508e+00 0.000000e+00
      vertex 1.068794e+02 8.004272e+00 0.000000e+00
    endloop
  endfacet
  facet normal 6.289837e-01 -7.774185e-01 4.315540e-17
    outer loop
      vertex 1.074881e+02 8.552124e+00 0.000000e+00
      vertex 1.068794e+02 8.004272e+00 1.500000e+01
      vertex 1.068794e+02 8.004272e+00 0.000000e+00
    endloop
  endfacet
  facet normal 7.071068e-01 -7.071068e-01 3.925231e-17
    outer loop
      vertex 1.068794e+02 8.004272e+00 1.500000e+01
      vertex 1.074881e+02 8.552124e+00 0.000000e+00
      vertex 1.074881e+02 8.552124e+00 1.500000e+01
    endloop
  endfacet
  facet normal 3.399078e-33 5.551115e-17 1.000000e+00
    outer loop
      vertex 1.048584e+02 4.494995e+00 1.500000e+01
      vertex -7.469007e+01 3.693604e+00 1.500000e+01
      vertex 1.046901e+02 3.693604e+00 1.500000e+01
    endloop
  endfacet
  facet normal 3.399078e-33 5.551115e-17 1.000000e+00
    outer loop
      vertex -7.469007e+01 3.693604e+00 1.500000e+01
      vertex 1.048584e+02 4.494995e+00 1.500000e+01
      vertex -7.491155e+01 5.375854e+00 1.500000e+01
    endloop
  endfacet
  facet normal 3.399078e-33 5.551115e-17 1.000000e+00
    outer loop
      vertex -7.491155e+01 5.375854e+00 1.500000e+01
      vertex 1.048584e+02 4.494995e+00 1.500000e+01
      vertex 1.051100e+02 5.274414e+00 1.500000e+01
    endloop
  endfacet
  facet normal 3.399078e-33 5.551115e-17 1.000000e+00
    outer loop
      vertex -7.491155e+01 5.375854e+00 1.500000e+01
      vertex 1.051100e+02 5.274414e+00 1.500000e+01
      vertex 1.054419e+02 6.023071e+00 1.500000e+01
    endloop
  endfacet
  facet normal 3.399078e-33 5.551115e-17 1.000000e+00
    outer loop
      vertex -7.491155e+01 5.375854e+00 1.500000e+01
      vertex 1.054419e+02 6.023071e+00 1.500000e+01
      vertex 2.880993e+01 5.793579e+00 1.500000e+01
    endloop
  endfacet
  facet normal 3.399078e-33 5.551115e-17 1.000000e+00
    outer loop
      vertex 2.880993e+01 5.793579e+00 1.500000e+01
      vertex 1.054419e+02 6.023071e+00 1.500000e+01
      vertex 2.932757e+01 5.861694e+00 1.500000e+01
    endloop
  endfacet
  facet normal 3.399078e-33 5.551115e-17 1.000000e+00
    outer loop
      vertex 2.932757e+01 5.861694e+00 1.500000e+01
      vertex 1.054419e+02 6.023071e+00 1.500000e+01
      vertex 2.980993e+01 6.061523e+00 1.500000e+01
    endloop
  endfacet
  facet normal 3.399078e-33 5.551115e-17 1.000000e+00
    outer loop
      vertex 2.980993e+01 6.061523e+00 1.500000e+01
      vertex 1.054419e+02 6.023071e+00 1.500000e+01
      vertex 1.058506e+02 6.732666e+00 1.500000e+01
    endloop
  endfacet
  facet normal 3.399078e-33 5.551115e-17 1.000000e+00
    outer loop
      vertex 2.980993e+01 6.061523e+00 1.500000e+01
      vertex 1.058506e+02 6.732666e+00 1.500000e+01
      vertex 3.022414e+01 6.379395e+00 1.500000e+01
    endloop
  endfacet
  facet normal 3.399078e-33 5.551115e-17 1.000000e+00
    outer loop
      vertex 3.022414e+01 6.379395e+00 1.500000e+01
      vertex 1.058506e+02 6.732666e+00 1.500000e+01
      vertex 3.054198e+01 6.793579e+00 1.500000e+01
    endloop
  endfacet
  facet normal 3.399078e-33 5.551115e-17 1.000000e+00
    outer loop
      vertex 3.054198e+01 6.793579e+00 1.500000e+01
      vertex 1.058506e+02 6.732666e+00 1.500000e+01
      vertex 1.063316e+02 7.395508e+00 1.500000e+01
    endloop
  endfacet
  facet normal 3.399078e-33 5.551115e-17 1.000000e+00
    outer loop
      vertex 3.054198e+01 6.793579e+00 1.500000e+01
      vertex 1.063316e+02 7.395508e+00 1.500000e+01
      vertex 3.074178e+01 7.276001e+00 1.500000e+01
    endloop
  endfacet
  facet normal 3.399078e-33 5.551115e-17 1.000000e+00
    outer loop
      vertex 3.074178e+01 7.276001e+00 1.500000e+01
      vertex 1.063316e+02 7.395508e+00 1.500000e+01
      vertex 3.080993e+01 7.793579e+00 1.500000e+01
    endloop
  endfacet
  facet normal 3.399078e-33 5.551115e-17 1.000000e+00
    outer loop
      vertex 3.080993e+01 7.793579e+00 1.500000e+01
      vertex 1.063316e+02 7.395508e+00 1.500000e+01
      vertex 1.068794e+02 8.004272e+00 1.500000e+01
    endloop
  endfacet
  facet normal 3.399078e-33 5.551115e-17 1.000000e+00
    outer loop
      vertex 3.080993e+01 7.793579e+00 1.500000e+01
      vertex 1.068794e+02 8.004272e+00 1.500000e+01
      vertex 3.074178e+01 8.311279e+00 1.500000e+01
    endloop
  endfacet
  facet normal 3.399078e-33 5.551115e-17 1.000000e+00
    outer loop
      vertex 3.074178e+01 8.311279e+00 1.500000e+01
      vertex 1.068794e+02 8.004272e+00 1.500000e+01
      vertex 1.074881e+02 8.552124e+00 1.500000e+01
    endloop
  endfacet
  facet normal 3.399078e-33 5.551115e-17 1.000000e+00
    outer loop
      vertex 3.074178e+01 8.311279e+00 1.500000e+01
      vertex 1.074881e+02 8.552124e+00 1.500000e+01
      vertex 3.054198e+01 8.793579e+00 1.500000e+01
    endloop
  endfacet
  facet normal 3.399078e-33 5.551115e-17 1.000000e+00
    outer loop
      vertex 3.054198e+01 8.793579e+00 1.500000e+01
      vertex 1.074881e+02 8.552124e+00 1.500000e+01
      vertex 1.081510e+02 9.032959e+00 1.500000e+01
    endloop
  endfacet
  facet normal 3.399078e-33 5.551115e-17 1.000000e+00
    outer loop
      vertex 3.054198e+01 8.793579e+00 1.500000e+01
      vertex 1.081510e+02 9.032959e+00 1.500000e+01
      vertex 3.022414e+01 9.207764e+00 1.500000e+01
    endloop
  endfacet
  facet normal 3.399078e-33 5.551115e-17 1.000000e+00
    outer loop
      vertex 3.022414e+01 9.207764e+00 1.500000e+01
      vertex 1.081510e+02 9.032959e+00 1.500000e+01
      vertex 1.088606e+02 9.441772e+00 1.500000e+01
    endloop
  endfacet
  facet normal 3.399078e-33 5.551115e-17 1.000000e+00
    outer loop
      vertex 3.022414e+01 9.207764e+00 1.500000e+01
      vertex 1.088606e+02 9.441772e+00 1.500000e+01
      vertex 2.980993e+01 9.525635e+00 1.500000e+01
    endloop
  endfacet
  facet normal 3.399078e-33 5.551115e-17 1.000000e+00
    outer loop
      vertex 2.980993e+01 9.525635e+00 1.500000e+01
      vertex 1.088606e+02 9.441772e+00 1.500000e+01
      vertex 1.096093e+02 9.773682e+00 1.500000e+01
    endloop
  endfacet
  facet normal 3.399078e-33 5.551115e-17 1.000000e+00
    outer loop
      vertex 2.980993e+01 9.525635e+00 1.500000e+01
      vertex 1.096093e+02 9.773682e+00 1.500000e+01
      vertex 2.932757e+01 9.725464e+00 1.500000e+01
    endloop
  endfacet
  facet normal 3.399078e-33 5.551115e-17 1.000000e+00
    outer loop
      vertex 2.932757e+01 9.725464e+00 1.500000e+01
      vertex 1.096093e+02 9.773682e+00 1.500000e+01
      vertex 2.880993e+01 9.793579e+00 1.500000e+01
    endloop
  endfacet
  facet normal 3.399078e-33 5.551115e-17 1.000000e+00
    outer loop
      vertex 2.880993e+01 9.793579e+00 1.500000e+01
      vertex 1.096093e+02 9.773682e+00 1.500000e+01
      vertex 1.103886e+02 1.002527e+01 1.500000e+01
    endloop
  endfacet
  facet normal 3.399078e-33 5.551115e-17 1.000000e+00
    outer loop
      vertex 2.880993e+01 9.793579e+00 1.500000e+01
      vertex 1.103886e+02 1.002527e+01 1.500000e+01
      vertex -7.950774e+01 9.972046e+00 1.500000e+01
    endloop
  endfacet
  facet normal 3.399078e-33 5.551115e-17 1.000000e+00
    outer loop
      vertex -7.950774e+01 9.972046e+00 1.500000e+01
      vertex 1.103886e+02 1.002527e+01 1.500000e+01
      vertex -8.119007e+01 1.019360e+01 1.500000e+01
    endloop
  endfacet
  facet normal 3.399078e-33 5.551115e-17 1.000000e+00
    outer loop
      vertex -8.119007e+01 1.019360e+01 1.500000e+01
      vertex 1.103886e+02 1.002527e+01 1.500000e+01
      vertex 1.111901e+02 1.019360e+01 1.500000e+01
    endloop
  endfacet
  facet normal 3.399078e-33 5.551115e-17 1.000000e+00
    outer loop
      vertex -8.119007e+01 1.019360e+01 1.500000e+01
      vertex 1.111901e+02 1.019360e+01 1.500000e+01
      vertex 1.111901e+02 1.269360e+01 1.500000e+01
    endloop
  endfacet
  facet normal 3.399078e-33 5.551115e-17 1.000000e+00
    outer loop
      vertex -8.119007e+01 1.019360e+01 1.500000e+01
      vertex 1.111901e+02 1.269360e+01 1.500000e+01
      vertex -9.809666e+01 1.036084e+01 1.500000e+01
    endloop
  endfacet
  facet normal 3.399078e-33 5.551115e-17 1.000000e+00
    outer loop
      vertex -9.809666e+01 1.036084e+01 1.500000e+01
      vertex 1.111901e+02 1.269360e+01 1.500000e+01
      vertex -9.831513e+01 1.068579e+01 1.500000e+01
    endloop
  endfacet
  facet normal 3.399078e-33 5.551115e-17 1.000000e+00
    outer loop
      vertex -9.831513e+01 1.068579e+01 1.500000e+01
      vertex 1.111901e+02 1.269360e+01 1.500000e+01
      vertex -9.861027e+01 1.094312e+01 1.500000e+01
    endloop
  endfacet
  facet normal 3.399078e-33 5.551115e-17 1.000000e+00
    outer loop
      vertex -9.861027e+01 1.094312e+01 1.500000e+01
      vertex 1.111901e+02 1.269360e+01 1.500000e+01
      vertex -9.896195e+01 1.111536e+01 1.500000e+01
    endloop
  endfacet
  facet normal 3.399078e-33 5.551115e-17 1.000000e+00
    outer loop
      vertex -9.896195e+01 1.111536e+01 1.500000e+01
      vertex 1.111901e+02 1.269360e+01 1.500000e+01
      vertex 9.511332e+01 1.257434e+01 1.500000e+01
    endloop
  endfacet
  facet normal 3.399078e-33 5.551115e-17 1.000000e+00
    outer loop
      vertex -9.896195e+01 1.111536e+01 1.500000e+01
      vertex 9.511332e+01 1.257434e+01 1.500000e+01
      vertex -9.934622e+01 1.119067e+01 1.500000e+01
    endloop
  endfacet
  facet normal 3.399078e-33 5.551115e-17 1.000000e+00
    outer loop
      vertex 9.511332e+01 1.257434e+01 1.500000e+01
      vertex 1.111901e+02 1.269360e+01 1.500000e+01
      vertex 9.570530e+01 1.258325e+01 1.500000e+01
    endloop
  endfacet
  facet normal 3.399078e-33 5.551115e-17 1.000000e+00
    outer loop
      vertex 9.570530e+01 1.258325e+01 1.500000e+01
      vertex 1.111901e+02 1.269360e+01 1.500000e+01
      vertex 9.629682e+01 1.260876e+01 1.500000e+01
    endloop
  endfacet
  facet normal 3.399078e-33 5.551115e-17 1.000000e+00
    outer loop
      vertex 9.629682e+01 1.260876e+01 1.500000e+01
      vertex 1.111901e+02 1.269360e+01 1.500000e+01
      vertex 9.688737e+01 1.265100e+01 1.500000e+01
    endloop
  endfacet
  facet normal 3.399078e-33 5.551115e-17 1.000000e+00
    outer loop
      vertex 9.688737e+01 1.265100e+01 1.500000e+01
      vertex 1.111901e+02 1.269360e+01 1.500000e+01
      vertex 9.747648e+01 1.270984e+01 1.500000e+01
    endloop
  endfacet
  facet normal 3.399078e-33 5.551115e-17 1.000000e+00
    outer loop
      vertex 9.747648e+01 1.270984e+01 1.500000e+01
      vertex 1.111901e+02 1.269360e+01 1.500000e+01
      vertex 9.806373e+01 1.278528e+01 1.500000e+01
    endloop
  endfacet
  facet normal 3.399078e-33 5.551115e-17 1.000000e+00
    outer loop
      vertex 9.806373e+01 1.278528e+01 1.500000e+01
      vertex 1.111901e+02 1.269360e+01 1.500000e+01
      vertex 9.864860e+01 1.287720e+01 1.500000e+01
    endloop
  endfacet
  facet normal 3.399078e-33 5.551115e-17 1.000000e+00
    outer loop
      vertex 9.864860e+01 1.287720e+01 1.500000e+01
      vertex 1.111901e+02 1.269360e+01 1.500000e+01
      vertex 9.923063e+01 1.298572e+01 1.500000e+01
    endloop
  endfacet
  facet normal 3.399078e-33 5.551115e-17 1.000000e+00
    outer loop
      vertex 9.923063e+01 1.298572e+01 1.500000e+01
      vertex 1.111901e+02 1.269360e+01 1.500000e+01
      vertex 9.980939e+01 1.311047e+01 1.500000e+01
    endloop
  endfacet
  facet normal 3.399078e-33 5.551115e-17 1.000000e+00
    outer loop
      vertex 9.980939e+01 1.311047e+01 1.500000e+01
      vertex 1.111901e+02 1.269360e+01 1.500000e+01
      vertex 1.003844e+02 1.325159e+01 1.500000e+01
    endloop
  endfacet
  facet normal 3.399078e-33 5.551115e-17 1.000000e+00
    outer loop
      vertex 1.003844e+02 1.325159e+01 1.500000e+01
      vertex 1.111901e+02 1.269360e+01 1.500000e+01
      vertex 1.009552e+02 1.340894e+01 1.500000e+01
    endloop
  endfacet
  facet normal 3.399078e-33 5.551115e-17 1.000000e+00
    outer loop
      vertex 1.009552e+02 1.340894e+01 1.500000e+01
      vertex 1.111901e+02 1.269360e+01 1.500000e+01
      vertex 1.015213e+02 1.358228e+01 1.500000e+01
    endloop
  endfacet
  facet normal 3.399078e-33 5.551115e-17 1.000000e+00
    outer loop
      vertex 1.015213e+02 1.358228e+01 1.500000e+01
      vertex 1.111901e+02 1.269360e+01 1.500000e+01
      vertex 1.018641e+02 1.371167e+01 1.500000e+01
    endloop
  endfacet
  facet normal 3.399078e-33 5.551115e-17 1.000000e+00
    outer loop
      vertex 1.018641e+02 1.371167e+01 1.500000e+01
      vertex 1.111901e+02 1.269360e+01 1.500000e+01
      vertex 1.021959e+02 1.386719e+01 1.500000e+01
    endloop
  endfacet
  facet normal 3.399078e-33 5.551115e-17 1.000000e+00
    outer loop
      vertex 1.021959e+02 1.386719e+01 1.500000e+01
      vertex 1.111901e+02 1.269360e+01 1.500000e+01
      vertex 1.025147e+02 1.404773e+01 1.500000e+01
    endloop
  endfacet
  facet normal 3.399078e-33 5.551115e-17 1.000000e+00
    outer loop
      vertex 1.025147e+02 1.404773e+01 1.500000e+01
      vertex 1.111901e+02 1.269360e+01 1.500000e+01
      vertex 1.028187e+02 1.425232e+01 1.500000e+01
    endloop
  endfacet
  facet normal 3.399078e-33 5.551115e-17 1.000000e+00
    outer loop
      vertex 1.028187e+02 1.425232e+01 1.500000e+01
      vertex 1.111901e+02 1.269360e+01 1.500000e+01
      vertex 1.031060e+02 1.447974e+01 1.500000e+01
    endloop
  endfacet
  facet normal 3.399078e-33 5.551115e-17 1.000000e+00
    outer loop
      vertex 1.031060e+02 1.447974e+01 1.500000e+01
      vertex 1.111901e+02 1.269360e+01 1.500000e+01
      vertex 1.035744e+02 1.516602e+01 1.500000e+01
    endloop
  endfacet
  facet normal 3.399078e-33 5.551115e-17 1.000000e+00
    outer loop
      vertex 1.035744e+02 1.516602e+01 1.500000e+01
      vertex 1.111901e+02 1.269360e+01 1.500000e+01
      vertex 1.065901e+02 2.048010e+01 1.500000e+01
    endloop
  endfacet
  facet normal 3.399078e-33 5.551115e-17 1.000000e+00
    outer loop
      vertex 1.035744e+02 1.516602e+01 1.500000e+01
      vertex 1.065901e+02 2.048010e+01 1.500000e+01
      vertex 1.037649e+02 1.553552e+01 1.500000e+01
    endloop
  endfacet
  facet normal 3.399078e-33 5.551115e-17 1.000000e+00
    outer loop
      vertex 1.037649e+02 1.553552e+01 1.500000e+01
      vertex 1.065901e+02 2.048010e+01 1.500000e+01
      vertex 1.040901e+02 1.648010e+01 1.500000e+01
    endloop
  endfacet
  facet normal 3.399078e-33 5.551115e-17 1.000000e+00
    outer loop
      vertex 1.040901e+02 1.648010e+01 1.500000e+01
      vertex 1.065901e+02 2.048010e+01 1.500000e+01
      vertex 1.040901e+02 2.048010e+01 1.500000e+01
    endloop
  endfacet
  facet normal 3.399078e-33 5.551115e-17 1.000000e+00
    outer loop
      vertex -8.746859e+01 5.375854e+00 1.500000e+01
      vertex -1.111901e+02 3.693604e+00 1.500000e+01
      vertex -8.769007e+01 3.693604e+00 1.500000e+01
    endloop
  endfacet
  facet normal 3.399078e-33 5.551115e-17 1.000000e+00
    outer loop
      vertex -1.111901e+02 3.693604e+00 1.500000e+01
      vertex -8.746859e+01 5.375854e+00 1.500000e+01
      vertex -9.991819e+01 8.271851e+00 1.500000e+01
    endloop
  endfacet
  facet normal 3.399078e-33 5.551115e-17 1.000000e+00
    outer loop
      vertex -1.111901e+02 3.693604e+00 1.500000e+01
      vertex -9.991819e+01 8.271851e+00 1.500000e+01
      vertex -1.111901e+02 1.269360e+01 1.500000e+01
    endloop
  endfacet
  facet normal 3.399078e-33 5.551115e-17 1.000000e+00
    outer loop
      vertex -9.991819e+01 8.271851e+00 1.500000e+01
      vertex -8.746859e+01 5.375854e+00 1.500000e+01
      vertex -9.953392e+01 8.196533e+00 1.500000e+01
    endloop
  endfacet
  facet normal 3.399078e-33 5.551115e-17 1.000000e+00
    outer loop
      vertex -9.953392e+01 8.196533e+00 1.500000e+01
      vertex -8.746859e+01 5.375854e+00 1.500000e+01
      vertex -8.681924e+01 6.943604e+00 1.500000e+01
    endloop
  endfacet
  facet normal 3.399078e-33 5.551115e-17 1.000000e+00
    outer loop
      vertex -1.111901e+02 1.269360e+01 1.500000e+01
      vertex -9.991819e+01 8.271851e+00 1.500000e+01
      vertex -1.002699e+02 8.443970e+00 1.500000e+01
    endloop
  endfacet
  facet normal 3.399078e-33 5.551115e-17 1.000000e+00
    outer loop
      vertex -1.111901e+02 1.269360e+01 1.500000e+01
      vertex -1.002699e+02 8.443970e+00 1.500000e+01
      vertex -1.005650e+02 8.701416e+00 1.500000e+01
    endloop
  endfacet
  facet normal 3.399078e-33 5.551115e-17 1.000000e+00
    outer loop
      vertex -1.111901e+02 1.269360e+01 1.500000e+01
      vertex -1.005650e+02 8.701416e+00 1.500000e+01
      vertex -1.007835e+02 9.026367e+00 1.500000e+01
    endloop
  endfacet
  facet normal 3.399078e-33 5.551115e-17 1.000000e+00
    outer loop
      vertex -1.111901e+02 1.269360e+01 1.500000e+01
      vertex -1.007835e+02 9.026367e+00 1.500000e+01
      vertex -1.009104e+02 9.396729e+00 1.500000e+01
    endloop
  endfacet
  facet normal 3.399078e-33 5.551115e-17 1.000000e+00
    outer loop
      vertex -1.111901e+02 1.269360e+01 1.500000e+01
      vertex -1.009104e+02 9.396729e+00 1.500000e+01
      vertex -1.009371e+02 9.787476e+00 1.500000e+01
    endloop
  endfacet
  facet normal 3.399078e-33 5.551115e-17 1.000000e+00
    outer loop
      vertex -1.111901e+02 1.269360e+01 1.500000e+01
      vertex -1.009371e+02 9.787476e+00 1.500000e+01
      vertex -1.008618e+02 1.017175e+01 1.500000e+01
    endloop
  endfacet
  facet normal 3.399078e-33 5.551115e-17 1.000000e+00
    outer loop
      vertex -1.111901e+02 1.269360e+01 1.500000e+01
      vertex -1.008618e+02 1.017175e+01 1.500000e+01
      vertex -1.006896e+02 1.052344e+01 1.500000e+01
    endloop
  endfacet
  facet normal 3.399078e-33 5.551115e-17 1.000000e+00
    outer loop
      vertex -1.111901e+02 1.269360e+01 1.500000e+01
      vertex -1.006896e+02 1.052344e+01 1.500000e+01
      vertex -1.004323e+02 1.081848e+01 1.500000e+01
    endloop
  endfacet
  facet normal 3.399078e-33 5.551115e-17 1.000000e+00
    outer loop
      vertex -1.111901e+02 1.269360e+01 1.500000e+01
      vertex -1.004323e+02 1.081848e+01 1.500000e+01
      vertex -1.001073e+02 1.103699e+01 1.500000e+01
    endloop
  endfacet
  facet normal 3.399078e-33 5.551115e-17 1.000000e+00
    outer loop
      vertex -1.111901e+02 1.269360e+01 1.500000e+01
      vertex -1.001073e+02 1.103699e+01 1.500000e+01
      vertex -9.973689e+01 1.116394e+01 1.500000e+01
    endloop
  endfacet
  facet normal 3.399078e-33 5.551115e-17 1.000000e+00
    outer loop
      vertex -1.111901e+02 1.269360e+01 1.500000e+01
      vertex -9.973689e+01 1.116394e+01 1.500000e+01
      vertex -9.934622e+01 1.119067e+01 1.500000e+01
    endloop
  endfacet
  facet normal 3.399078e-33 5.551115e-17 1.000000e+00
    outer loop
      vertex -1.111901e+02 1.269360e+01 1.500000e+01
      vertex -9.934622e+01 1.119067e+01 1.500000e+01
      vertex 1.452129e+01 1.258228e+01 1.500000e+01
    endloop
  endfacet
  facet normal 3.399078e-33 5.551115e-17 1.000000e+00
    outer loop
      vertex 1.452129e+01 1.258228e+01 1.500000e+01
      vertex -9.934622e+01 1.119067e+01 1.500000e+01
      vertex 9.511332e+01 1.257434e+01 1.500000e+01
    endloop
  endfacet
  facet normal 3.399078e-33 5.551115e-17 1.000000e+00
    outer loop
      vertex 1.452129e+01 1.258228e+01 1.500000e+01
      vertex 9.511332e+01 1.257434e+01 1.500000e+01
      vertex 9.452131e+01 1.258228e+01 1.500000e+01
    endloop
  endfacet
  facet normal 3.399078e-33 5.551115e-17 1.000000e+00
    outer loop
      vertex -1.111901e+02 1.269360e+01 1.500000e+01
      vertex 1.452129e+01 1.258228e+01 1.500000e+01
      vertex 5.346611e+00 1.261011e+01 1.500000e+01
    endloop
  endfacet
  facet normal 3.399078e-33 5.551115e-17 1.000000e+00
    outer loop
      vertex -1.111901e+02 1.269360e+01 1.500000e+01
      vertex 5.346611e+00 1.261011e+01 1.500000e+01
      vertex -3.827736e+00 1.269360e+01 1.500000e+01
    endloop
  endfacet
  facet normal 3.399078e-33 5.551115e-17 1.000000e+00
    outer loop
      vertex -1.111901e+02 1.269360e+01 1.500000e+01
      vertex -3.827736e+00 1.269360e+01 1.500000e+01
      vertex -1.300141e+01 1.283264e+01 1.500000e+01
    endloop
  endfacet
  facet normal 3.399078e-33 5.551115e-17 1.000000e+00
    outer loop
      vertex -1.111901e+02 1.269360e+01 1.500000e+01
      vertex -1.300141e+01 1.283264e+01 1.500000e+01
      vertex -2.217408e+01 1.302710e+01 1.500000e+01
    endloop
  endfacet
  facet normal 3.399078e-33 5.551115e-17 1.000000e+00
    outer loop
      vertex -1.111901e+02 1.269360e+01 1.500000e+01
      vertex -2.217408e+01 1.302710e+01 1.500000e+01
      vertex -3.134541e+01 1.327722e+01 1.500000e+01
    endloop
  endfacet
  facet normal 3.399078e-33 5.551115e-17 1.000000e+00
    outer loop
      vertex -1.111901e+02 1.269360e+01 1.500000e+01
      vertex -3.134541e+01 1.327722e+01 1.500000e+01
      vertex -4.051504e+01 1.358289e+01 1.500000e+01
    endloop
  endfacet
  facet normal 3.399078e-33 5.551115e-17 1.000000e+00
    outer loop
      vertex -1.111901e+02 1.269360e+01 1.500000e+01
      vertex -4.051504e+01 1.358289e+01 1.500000e+01
      vertex -4.968266e+01 1.394409e+01 1.500000e+01
    endloop
  endfacet
  facet normal 3.399078e-33 5.551115e-17 1.000000e+00
    outer loop
      vertex -1.111901e+02 1.269360e+01 1.500000e+01
      vertex -4.968266e+01 1.394409e+01 1.500000e+01
      vertex -5.884792e+01 1.436072e+01 1.500000e+01
    endloop
  endfacet
  facet normal 3.399078e-33 5.551115e-17 1.000000e+00
    outer loop
      vertex -1.111901e+02 1.269360e+01 1.500000e+01
      vertex -5.884792e+01 1.436072e+01 1.500000e+01
      vertex -6.801049e+01 1.483289e+01 1.500000e+01
    endloop
  endfacet
  facet normal 3.399078e-33 5.551115e-17 1.000000e+00
    outer loop
      vertex -1.111901e+02 1.269360e+01 1.500000e+01
      vertex -6.801049e+01 1.483289e+01 1.500000e+01
      vertex -7.717004e+01 1.536060e+01 1.500000e+01
    endloop
  endfacet
  facet normal 3.399078e-33 5.551115e-17 1.000000e+00
    outer loop
      vertex -1.111901e+02 1.269360e+01 1.500000e+01
      vertex -7.717004e+01 1.536060e+01 1.500000e+01
      vertex -8.632622e+01 1.594373e+01 1.500000e+01
    endloop
  endfacet
  facet normal 3.399078e-33 5.551115e-17 1.000000e+00
    outer loop
      vertex -1.111901e+02 1.269360e+01 1.500000e+01
      vertex -8.632622e+01 1.594373e+01 1.500000e+01
      vertex -9.401466e+01 1.648010e+01 1.500000e+01
    endloop
  endfacet
  facet normal 3.399078e-33 5.551115e-17 1.000000e+00
    outer loop
      vertex -1.111901e+02 1.269360e+01 1.500000e+01
      vertex -9.401466e+01 1.648010e+01 1.500000e+01
      vertex -1.029928e+02 1.710645e+01 1.500000e+01
    endloop
  endfacet
  facet normal 3.399078e-33 5.551115e-17 1.000000e+00
    outer loop
      vertex -1.111901e+02 1.269360e+01 1.500000e+01
      vertex -1.029928e+02 1.710645e+01 1.500000e+01
      vertex -1.054928e+02 2.110645e+01 1.500000e+01
    endloop
  endfacet
  facet normal 3.399078e-33 5.551115e-17 1.000000e+00
    outer loop
      vertex -1.029928e+02 1.710645e+01 1.500000e+01
      vertex -9.401466e+01 1.648010e+01 1.500000e+01
      vertex -9.547870e+01 1.658228e+01 1.500000e+01
    endloop
  endfacet
  facet normal 3.399078e-33 5.551115e-17 1.000000e+00
    outer loop
      vertex -1.054928e+02 2.110645e+01 1.500000e+01
      vertex -1.029928e+02 1.710645e+01 1.500000e+01
      vertex -1.029928e+02 2.110645e+01 1.500000e+01
    endloop
  endfacet
  facet normal 3.399078e-33 5.551115e-17 1.000000e+00
    outer loop
      vertex -8.578626e+01 8.289795e+00 1.500000e+01
      vertex -9.953392e+01 8.196533e+00 1.500000e+01
      vertex -8.681924e+01 6.943604e+00 1.500000e+01
    endloop
  endfacet
  facet normal 3.399078e-33 5.551115e-17 1.000000e+00
    outer loop
      vertex -9.953392e+01 8.196533e+00 1.500000e+01
      vertex -8.578626e+01 8.289795e+00 1.500000e+01
      vertex -9.914325e+01 8.223267e+00 1.500000e+01
    endloop
  endfacet
  facet normal 3.399078e-33 5.551115e-17 1.000000e+00
    outer loop
      vertex -9.914325e+01 8.223267e+00 1.500000e+01
      vertex -8.578626e+01 8.289795e+00 1.500000e+01
      vertex -9.877281e+01 8.350220e+00 1.500000e+01
    endloop
  endfacet
  facet normal 3.399078e-33 5.551115e-17 1.000000e+00
    outer loop
      vertex -9.877281e+01 8.350220e+00 1.500000e+01
      vertex -8.578626e+01 8.289795e+00 1.500000e+01
      vertex -8.444007e+01 9.322754e+00 1.500000e+01
    endloop
  endfacet
  facet normal 3.399078e-33 5.551115e-17 1.000000e+00
    outer loop
      vertex -9.877281e+01 8.350220e+00 1.500000e+01
      vertex -8.444007e+01 9.322754e+00 1.500000e+01
      vertex -9.844785e+01 8.568604e+00 1.500000e+01
    endloop
  endfacet
  facet normal 3.399078e-33 5.551115e-17 1.000000e+00
    outer loop
      vertex -9.844785e+01 8.568604e+00 1.500000e+01
      vertex -8.444007e+01 9.322754e+00 1.500000e+01
      vertex -9.819050e+01 8.863770e+00 1.500000e+01
    endloop
  endfacet
  facet normal 3.399078e-33 5.551115e-17 1.000000e+00
    outer loop
      vertex -9.819050e+01 8.863770e+00 1.500000e+01
      vertex -8.444007e+01 9.322754e+00 1.500000e+01
      vertex -9.801831e+01 9.215454e+00 1.500000e+01
    endloop
  endfacet
  facet normal 3.399078e-33 5.551115e-17 1.000000e+00
    outer loop
      vertex -9.801831e+01 9.215454e+00 1.500000e+01
      vertex -8.444007e+01 9.322754e+00 1.500000e+01
      vertex -9.794301e+01 9.599731e+00 1.500000e+01
    endloop
  endfacet
  facet normal 3.399078e-33 5.551115e-17 1.000000e+00
    outer loop
      vertex -9.794301e+01 9.599731e+00 1.500000e+01
      vertex -8.444007e+01 9.322754e+00 1.500000e+01
      vertex -8.287240e+01 9.972046e+00 1.500000e+01
    endloop
  endfacet
  facet normal 3.399078e-33 5.551115e-17 1.000000e+00
    outer loop
      vertex -9.794301e+01 9.599731e+00 1.500000e+01
      vertex -8.287240e+01 9.972046e+00 1.500000e+01
      vertex -9.796973e+01 9.990356e+00 1.500000e+01
    endloop
  endfacet
  facet normal 3.399078e-33 5.551115e-17 1.000000e+00
    outer loop
      vertex -9.796973e+01 9.990356e+00 1.500000e+01
      vertex -8.287240e+01 9.972046e+00 1.500000e+01
      vertex -8.119007e+01 1.019360e+01 1.500000e+01
    endloop
  endfacet
  facet normal 3.399078e-33 5.551115e-17 1.000000e+00
    outer loop
      vertex -9.796973e+01 9.990356e+00 1.500000e+01
      vertex -8.119007e+01 1.019360e+01 1.500000e+01
      vertex -9.809666e+01 1.036084e+01 1.500000e+01
    endloop
  endfacet
  facet normal 3.399078e-33 5.551115e-17 1.000000e+00
    outer loop
      vertex 2.880993e+01 5.793579e+00 1.500000e+01
      vertex -7.556091e+01 6.943604e+00 1.500000e+01
      vertex -7.491155e+01 5.375854e+00 1.500000e+01
    endloop
  endfacet
  facet normal 3.399078e-33 5.551115e-17 1.000000e+00
    outer loop
      vertex -7.556091e+01 6.943604e+00 1.500000e+01
      vertex 2.880993e+01 5.793579e+00 1.500000e+01
      vertex 2.829229e+01 5.861694e+00 1.500000e+01
    endloop
  endfacet
  facet normal 3.399078e-33 5.551115e-17 1.000000e+00
    outer loop
      vertex -7.556091e+01 6.943604e+00 1.500000e+01
      vertex 2.829229e+01 5.861694e+00 1.500000e+01
      vertex 2.780993e+01 6.061523e+00 1.500000e+01
    endloop
  endfacet
  facet normal 3.399078e-33 5.551115e-17 1.000000e+00
    outer loop
      vertex -7.556091e+01 6.943604e+00 1.500000e+01
      vertex 2.780993e+01 6.061523e+00 1.500000e+01
      vertex 2.739571e+01 6.379395e+00 1.500000e+01
    endloop
  endfacet
  facet normal 3.399078e-33 5.551115e-17 1.000000e+00
    outer loop
      vertex -7.556091e+01 6.943604e+00 1.500000e+01
      vertex 2.739571e+01 6.379395e+00 1.500000e+01
      vertex 2.707787e+01 6.793579e+00 1.500000e+01
    endloop
  endfacet
  facet normal 3.399078e-33 5.551115e-17 1.000000e+00
    outer loop
      vertex -7.556091e+01 6.943604e+00 1.500000e+01
      vertex 2.707787e+01 6.793579e+00 1.500000e+01
      vertex 2.687807e+01 7.276001e+00 1.500000e+01
    endloop
  endfacet
  facet normal 3.399078e-33 5.551115e-17 1.000000e+00
    outer loop
      vertex -7.556091e+01 6.943604e+00 1.500000e+01
      vertex 2.687807e+01 7.276001e+00 1.500000e+01
      vertex -7.659388e+01 8.289795e+00 1.500000e+01
    endloop
  endfacet
  facet normal 3.399078e-33 5.551115e-17 1.000000e+00
    outer loop
      vertex -7.659388e+01 8.289795e+00 1.500000e+01
      vertex 2.687807e+01 7.276001e+00 1.500000e+01
      vertex 2.680993e+01 7.793579e+00 1.500000e+01
    endloop
  endfacet
  facet normal 3.399078e-33 5.551115e-17 1.000000e+00
    outer loop
      vertex -7.659388e+01 8.289795e+00 1.500000e+01
      vertex 2.680993e+01 7.793579e+00 1.500000e+01
      vertex 2.687807e+01 8.311279e+00 1.500000e+01
    endloop
  endfacet
  facet normal 3.399078e-33 5.551115e-17 1.000000e+00
    outer loop
      vertex -7.659388e+01 8.289795e+00 1.500000e+01
      vertex 2.687807e+01 8.311279e+00 1.500000e+01
      vertex -7.794007e+01 9.322754e+00 1.500000e+01
    endloop
  endfacet
  facet normal 3.399078e-33 5.551115e-17 1.000000e+00
    outer loop
      vertex -7.794007e+01 9.322754e+00 1.500000e+01
      vertex 2.687807e+01 8.311279e+00 1.500000e+01
      vertex 2.707787e+01 8.793579e+00 1.500000e+01
    endloop
  endfacet
  facet normal 3.399078e-33 5.551115e-17 1.000000e+00
    outer loop
      vertex -7.794007e+01 9.322754e+00 1.500000e+01
      vertex 2.707787e+01 8.793579e+00 1.500000e+01
      vertex 2.739571e+01 9.207764e+00 1.500000e+01
    endloop
  endfacet
  facet normal 3.399078e-33 5.551115e-17 1.000000e+00
    outer loop
      vertex -7.794007e+01 9.322754e+00 1.500000e+01
      vertex 2.739571e+01 9.207764e+00 1.500000e+01
      vertex 2.780993e+01 9.525635e+00 1.500000e+01
    endloop
  endfacet
  facet normal 3.399078e-33 5.551115e-17 1.000000e+00
    outer loop
      vertex -7.794007e+01 9.322754e+00 1.500000e+01
      vertex 2.780993e+01 9.525635e+00 1.500000e+01
      vertex -7.950774e+01 9.972046e+00 1.500000e+01
    endloop
  endfacet
  facet normal 3.399078e-33 5.551115e-17 1.000000e+00
    outer loop
      vertex -7.950774e+01 9.972046e+00 1.500000e+01
      vertex 2.780993e+01 9.525635e+00 1.500000e+01
      vertex 2.829229e+01 9.725464e+00 1.500000e+01
    endloop
  endfacet
  facet normal 3.399078e-33 5.551115e-17 1.000000e+00
    outer loop
      vertex -7.950774e+01 9.972046e+00 1.500000e+01
      vertex 2.829229e+01 9.725464e+00 1.500000e+01
      vertex 2.880993e+01 9.793579e+00 1.500000e+01
    endloop
  endfacet
  facet normal 5.439123e-01 -8.391421e-01 4.658174e-17
    outer loop
      vertex 1.081510e+02 9.032959e+00 0.000000e+00
      vertex 1.074881e+02 8.552124e+00 1.500000e+01
      vertex 1.074881e+02 8.552124e+00 0.000000e+00
    endloop
  endfacet
  facet normal 6.289837e-01 -7.774185e-01 4.315540e-17
    outer loop
      vertex 1.074881e+02 8.552124e+00 1.500000e+01
      vertex 1.081510e+02 9.032959e+00 0.000000e+00
      vertex 1.081510e+02 9.032959e+00 1.500000e+01
    endloop
  endfacet
  facet normal 4.528323e-01 -8.915957e-01 4.949350e-17
    outer loop
      vertex 1.088606e+02 9.441772e+00 0.000000e+00
      vertex 1.081510e+02 9.032959e+00 1.500000e+01
      vertex 1.081510e+02 9.032959e+00 0.000000e+00
    endloop
  endfacet
  facet normal 5.439123e-01 -8.391421e-01 4.658174e-17
    outer loop
      vertex 1.081510e+02 9.032959e+00 1.500000e+01
      vertex 1.088606e+02 9.441772e+00 0.000000e+00
      vertex 1.088606e+02 9.441772e+00 1.500000e+01
    endloop
  endfacet
  facet normal 3.567499e-01 -9.341999e-01 5.185851e-17
    outer loop
      vertex 1.096093e+02 9.773682e+00 0.000000e+00
      vertex 1.088606e+02 9.441772e+00 1.500000e+01
      vertex 1.088606e+02 9.441772e+00 0.000000e+00
    endloop
  endfacet
  facet normal 4.528323e-01 -8.915957e-01 4.949350e-17
    outer loop
      vertex 1.088606e+02 9.441772e+00 1.500000e+01
      vertex 1.096093e+02 9.773682e+00 0.000000e+00
      vertex 1.096093e+02 9.773682e+00 1.500000e+01
    endloop
  endfacet
  facet normal 2.567264e-01 -9.664841e-01 5.365065e-17
    outer loop
      vertex 1.103886e+02 1.002527e+01 0.000000e+00
      vertex 1.096093e+02 9.773682e+00 1.500000e+01
      vertex 1.096093e+02 9.773682e+00 0.000000e+00
    endloop
  endfacet
  facet normal 3.567499e-01 -9.341999e-01 5.185851e-17
    outer loop
      vertex 1.096093e+02 9.773682e+00 1.500000e+01
      vertex 1.103886e+02 1.002527e+01 0.000000e+00
      vertex 1.103886e+02 1.002527e+01 1.500000e+01
    endloop
  endfacet
  facet normal 1.817881e-02 9.998348e-01 -5.550198e-17
    outer loop
      vertex -1.300141e+01 1.283264e+01 1.500000e+01
      vertex -2.217408e+01 1.302710e+01 0.000000e+00
      vertex -2.217408e+01 1.302710e+01 1.500000e+01
    endloop
  endfacet
  facet normal 2.423337e-02 9.997063e-01 -5.549485e-17
    outer loop
      vertex -2.217408e+01 1.302710e+01 0.000000e+00
      vertex -1.300141e+01 1.283264e+01 1.500000e+01
      vertex -1.300141e+01 1.283264e+01 0.000000e+00
    endloop
  endfacet
  facet normal 2.423337e-02 9.997063e-01 -5.549485e-17
    outer loop
      vertex -2.217408e+01 1.302710e+01 1.500000e+01
      vertex -3.134541e+01 1.327722e+01 0.000000e+00
      vertex -3.134541e+01 1.327722e+01 1.500000e+01
    endloop
  endfacet
  facet normal 3.028705e-02 9.995412e-01 -5.548568e-17
    outer loop
      vertex -3.134541e+01 1.327722e+01 0.000000e+00
      vertex -2.217408e+01 1.302710e+01 1.500000e+01
      vertex -2.217408e+01 1.302710e+01 0.000000e+00
    endloop
  endfacet
  facet normal 3.028705e-02 9.995412e-01 -5.548568e-17
    outer loop
      vertex -3.134541e+01 1.327722e+01 1.500000e+01
      vertex -4.051504e+01 1.358289e+01 0.000000e+00
      vertex -4.051504e+01 1.358289e+01 1.500000e+01
    endloop
  endfacet
  facet normal 3.633962e-02 9.993395e-01 -5.547449e-17
    outer loop
      vertex -4.051504e+01 1.358289e+01 0.000000e+00
      vertex -3.134541e+01 1.327722e+01 1.500000e+01
      vertex -3.134541e+01 1.327722e+01 0.000000e+00
    endloop
  endfacet
  facet normal 3.633962e-02 9.993395e-01 -5.547449e-17
    outer loop
      vertex -4.051504e+01 1.358289e+01 1.500000e+01
      vertex -4.968266e+01 1.394409e+01 0.000000e+00
      vertex -4.968266e+01 1.394409e+01 1.500000e+01
    endloop
  endfacet
  facet normal 4.239085e-02 9.991011e-01 -5.546125e-17
    outer loop
      vertex -4.968266e+01 1.394409e+01 0.000000e+00
      vertex -4.051504e+01 1.358289e+01 1.500000e+01
      vertex -4.051504e+01 1.358289e+01 0.000000e+00
    endloop
  endfacet
  facet normal 4.239085e-02 9.991011e-01 -5.546125e-17
    outer loop
      vertex -4.968266e+01 1.394409e+01 1.500000e+01
      vertex -5.884792e+01 1.436072e+01 0.000000e+00
      vertex -5.884792e+01 1.436072e+01 1.500000e+01
    endloop
  endfacet
  facet normal 4.844053e-02 9.988261e-01 -5.544599e-17
    outer loop
      vertex -5.884792e+01 1.436072e+01 0.000000e+00
      vertex -4.968266e+01 1.394409e+01 1.500000e+01
      vertex -4.968266e+01 1.394409e+01 0.000000e+00
    endloop
  endfacet
  facet normal 4.844053e-02 9.988261e-01 -5.544599e-17
    outer loop
      vertex -5.884792e+01 1.436072e+01 1.500000e+01
      vertex -6.801049e+01 1.483289e+01 0.000000e+00
      vertex -6.801049e+01 1.483289e+01 1.500000e+01
    endloop
  endfacet
  facet normal 5.448843e-02 9.985144e-01 -5.542868e-17
    outer loop
      vertex -6.801049e+01 1.483289e+01 0.000000e+00
      vertex -5.884792e+01 1.436072e+01 1.500000e+01
      vertex -5.884792e+01 1.436072e+01 0.000000e+00
    endloop
  endfacet
  facet normal 5.448843e-02 9.985144e-01 -5.542868e-17
    outer loop
      vertex -6.801049e+01 1.483289e+01 1.500000e+01
      vertex -7.717004e+01 1.536060e+01 0.000000e+00
      vertex -7.717004e+01 1.536060e+01 1.500000e+01
    endloop
  endfacet
  facet normal 6.053434e-02 9.981661e-01 -5.540935e-17
    outer loop
      vertex -7.717004e+01 1.536060e+01 0.000000e+00
      vertex -6.801049e+01 1.483289e+01 1.500000e+01
      vertex -6.801049e+01 1.483289e+01 0.000000e+00
    endloop
  endfacet
  facet normal 6.053434e-02 9.981661e-01 -5.540935e-17
    outer loop
      vertex -7.717004e+01 1.536060e+01 1.500000e+01
      vertex -8.632622e+01 1.594373e+01 0.000000e+00
      vertex -8.632622e+01 1.594373e+01 1.500000e+01
    endloop
  endfacet
  facet normal 6.657802e-02 9.977812e-01 -5.538798e-17
    outer loop
      vertex -8.632622e+01 1.594373e+01 0.000000e+00
      vertex -7.717004e+01 1.536060e+01 1.500000e+01
      vertex -7.717004e+01 1.536060e+01 0.000000e+00
    endloop
  endfacet
  facet normal 6.657802e-02 9.977812e-01 -5.538798e-17
    outer loop
      vertex -8.632622e+01 1.594373e+01 1.500000e+01
      vertex -9.401466e+01 1.648010e+01 0.000000e+00
      vertex -9.401466e+01 1.648010e+01 1.500000e+01
    endloop
  endfacet
  facet normal 6.959896e-02 9.975750e-01 -5.537654e-17
    outer loop
      vertex -9.401466e+01 1.648010e+01 0.000000e+00
      vertex -8.632622e+01 1.594373e+01 1.500000e+01
      vertex -8.632622e+01 1.594373e+01 0.000000e+00
    endloop
  endfacet
  facet normal 6.959896e-02 9.975750e-01 -5.537654e-17
    outer loop
      vertex -9.401466e+01 1.648010e+01 1.500000e+01
      vertex -9.547870e+01 1.658228e+01 0.000000e+00
      vertex -9.547870e+01 1.658228e+01 1.500000e+01
    endloop
  endfacet
  facet normal 6.959896e-02 9.975750e-01 -5.537654e-17
    outer loop
      vertex -9.547870e+01 1.658228e+01 0.000000e+00
      vertex -9.401466e+01 1.648010e+01 1.500000e+01
      vertex -9.401466e+01 1.648010e+01 0.000000e+00
    endloop
  endfacet
  facet normal 6.959896e-02 9.975750e-01 -5.537654e-17
    outer loop
      vertex -9.547870e+01 1.658228e+01 1.500000e+01
      vertex -1.029928e+02 1.710645e+01 0.000000e+00
      vertex -1.029928e+02 1.710645e+01 1.500000e+01
    endloop
  endfacet
  facet normal 6.959896e-02 9.975750e-01 -5.537654e-17
    outer loop
      vertex -1.029928e+02 1.710645e+01 0.000000e+00
      vertex -9.547870e+01 1.658228e+01 1.500000e+01
      vertex -9.547870e+01 1.658228e+01 0.000000e+00
    endloop
  endfacet
  facet normal 1.000000e+00 -6.123234e-17 0.000000e+00
    outer loop
      vertex -1.029928e+02 1.710645e+01 0.000000e+00
      vertex -1.029928e+02 2.110645e+01 1.500000e+01
      vertex -1.029928e+02 1.710645e+01 1.500000e+01
    endloop
  endfacet
  facet normal 1.000000e+00 -6.123234e-17 0.000000e+00
    outer loop
      vertex -1.029928e+02 2.110645e+01 1.500000e+01
      vertex -1.029928e+02 1.710645e+01 0.000000e+00
      vertex -1.029928e+02 2.110645e+01 0.000000e+00
    endloop
  endfacet
  facet normal 6.123234e-17 1.000000e+00 -5.551115e-17
    outer loop
      vertex -1.029928e+02 2.110645e+01 1.500000e+01
      vertex -1.054928e+02 2.110645e+01 0.000000e+00
      vertex -1.054928e+02 2.110645e+01 1.500000e+01
    endloop
  endfacet
  facet normal 6.123234e-17 1.000000e+00 -5.551115e-17
    outer loop
      vertex -1.054928e+02 2.110645e+01 0.000000e+00
      vertex -1.029928e+02 2.110645e+01 1.500000e+01
      vertex -1.029928e+02 2.110645e+01 0.000000e+00
    endloop
  endfacet
  facet normal -8.280024e-01 5.607246e-01 -3.112647e-17
    outer loop
      vertex -1.054928e+02 2.110645e+01 0.000000e+00
      vertex -1.111901e+02 1.269360e+01 1.500000e+01
      vertex -1.054928e+02 2.110645e+01 1.500000e+01
    endloop
  endfacet
  facet normal -8.280024e-01 5.607246e-01 -3.112647e-17
    outer loop
      vertex -1.111901e+02 1.269360e+01 1.500000e+01
      vertex -1.054928e+02 2.110645e+01 0.000000e+00
      vertex -1.111901e+02 1.269360e+01 0.000000e+00
    endloop
  endfacet
  facet normal -1.000000e+00 6.123234e-17 0.000000e+00
    outer loop
      vertex -1.111901e+02 1.269360e+01 0.000000e+00
      vertex -1.111901e+02 3.693604e+00 1.500000e+01
      vertex -1.111901e+02 1.269360e+01 1.500000e+01
    endloop
  endfacet
  facet normal -1.000000e+00 6.123234e-17 0.000000e+00
    outer loop
      vertex -1.111901e+02 3.693604e+00 1.500000e+01
      vertex -1.111901e+02 1.269360e+01 0.000000e+00
      vertex -1.111901e+02 3.693604e+00 0.000000e+00
    endloop
  endfacet
  facet normal -6.123234e-17 -1.000000e+00 5.551115e-17
    outer loop
      vertex 1.046901e+02 3.693604e+00 0.000000e+00
      vertex -7.469007e+01 3.693604e+00 1.500000e+01
      vertex -7.469007e+01 3.693604e+00 0.000000e+00
    endloop
  endfacet
  facet normal -6.123234e-17 -1.000000e+00 5.551115e-17
    outer loop
      vertex -7.469007e+01 3.693604e+00 1.500000e+01
      vertex 1.046901e+02 3.693604e+00 0.000000e+00
      vertex 1.046901e+02 3.693604e+00 1.500000e+01
    endloop
  endfacet
  facet normal -3.399078e-33 -5.551115e-17 -1.000000e+00
    outer loop
      vertex -7.556091e+01 6.943604e+00 0.000000e+00
      vertex 2.880993e+01 5.793579e+00 0.000000e+00
      vertex -7.491155e+01 5.375854e+00 0.000000e+00
    endloop
  endfacet
  facet normal -3.399078e-33 -5.551115e-17 -1.000000e+00
    outer loop
      vertex 2.880993e+01 5.793579e+00 0.000000e+00
      vertex -7.556091e+01 6.943604e+00 0.000000e+00
      vertex 2.829229e+01 5.861694e+00 0.000000e+00
    endloop
  endfacet
  facet normal -3.399078e-33 -5.551115e-17 -1.000000e+00
    outer loop
      vertex 2.829229e+01 5.861694e+00 0.000000e+00
      vertex -7.556091e+01 6.943604e+00 0.000000e+00
      vertex 2.780993e+01 6.061523e+00 0.000000e+00
    endloop
  endfacet
  facet normal -3.399078e-33 -5.551115e-17 -1.000000e+00
    outer loop
      vertex 2.780993e+01 6.061523e+00 0.000000e+00
      vertex -7.556091e+01 6.943604e+00 0.000000e+00
      vertex 2.739571e+01 6.379395e+00 0.000000e+00
    endloop
  endfacet
  facet normal -3.399078e-33 -5.551115e-17 -1.000000e+00
    outer loop
      vertex 2.739571e+01 6.379395e+00 0.000000e+00
      vertex -7.556091e+01 6.943604e+00 0.000000e+00
      vertex 2.707787e+01 6.793579e+00 0.000000e+00
    endloop
  endfacet
  facet normal -3.399078e-33 -5.551115e-17 -1.000000e+00
    outer loop
      vertex 2.707787e+01 6.793579e+00 0.000000e+00
      vertex -7.556091e+01 6.943604e+00 0.000000e+00
      vertex 2.687807e+01 7.276001e+00 0.000000e+00
    endloop
  endfacet
  facet normal -3.399078e-33 -5.551115e-17 -1.000000e+00
    outer loop
      vertex 2.687807e+01 7.276001e+00 0.000000e+00
      vertex -7.556091e+01 6.943604e+00 0.000000e+00
      vertex -7.659388e+01 8.289795e+00 0.000000e+00
    endloop
  endfacet
  facet normal -3.399078e-33 -5.551115e-17 -1.000000e+00
    outer loop
      vertex 2.687807e+01 7.276001e+00 0.000000e+00
      vertex -7.659388e+01 8.289795e+00 0.000000e+00
      vertex 2.680993e+01 7.793579e+00 0.000000e+00
    endloop
  endfacet
  facet normal -3.399078e-33 -5.551115e-17 -1.000000e+00
    outer loop
      vertex 2.680993e+01 7.793579e+00 0.000000e+00
      vertex -7.659388e+01 8.289795e+00 0.000000e+00
      vertex 2.687807e+01 8.311279e+00 0.000000e+00
    endloop
  endfacet
  facet normal -3.399078e-33 -5.551115e-17 -1.000000e+00
    outer loop
      vertex 2.687807e+01 8.311279e+00 0.000000e+00
      vertex -7.659388e+01 8.289795e+00 0.000000e+00
      vertex -7.794007e+01 9.322754e+00 0.000000e+00
    endloop
  endfacet
  facet normal -3.399078e-33 -5.551115e-17 -1.000000e+00
    outer loop
      vertex 2.687807e+01 8.311279e+00 0.000000e+00
      vertex -7.794007e+01 9.322754e+00 0.000000e+00
      vertex 2.707787e+01 8.793579e+00 0.000000e+00
    endloop
  endfacet
  facet normal -3.399078e-33 -5.551115e-17 -1.000000e+00
    outer loop
      vertex 2.707787e+01 8.793579e+00 0.000000e+00
      vertex -7.794007e+01 9.322754e+00 0.000000e+00
      vertex 2.739571e+01 9.207764e+00 0.000000e+00
    endloop
  endfacet
  facet normal -3.399078e-33 -5.551115e-17 -1.000000e+00
    outer loop
      vertex 2.739571e+01 9.207764e+00 0.000000e+00
      vertex -7.794007e+01 9.322754e+00 0.000000e+00
      vertex 2.780993e+01 9.525635e+00 0.000000e+00
    endloop
  endfacet
  facet normal -3.399078e-33 -5.551115e-17 -1.000000e+00
    outer loop
      vertex 2.780993e+01 9.525635e+00 0.000000e+00
      vertex -7.794007e+01 9.322754e+00 0.000000e+00
      vertex -7.950774e+01 9.972046e+00 0.000000e+00
    endloop
  endfacet
  facet normal -3.399078e-33 -5.551115e-17 -1.000000e+00
    outer loop
      vertex 2.780993e+01 9.525635e+00 0.000000e+00
      vertex -7.950774e+01 9.972046e+00 0.000000e+00
      vertex 2.829229e+01 9.725464e+00 0.000000e+00
    endloop
  endfacet
  facet normal -3.399078e-33 -5.551115e-17 -1.000000e+00
    outer loop
      vertex 2.829229e+01 9.725464e+00 0.000000e+00
      vertex -7.950774e+01 9.972046e+00 0.000000e+00
      vertex 2.880993e+01 9.793579e+00 0.000000e+00
    endloop
  endfacet
  facet normal -3.399078e-33 -5.551115e-17 -1.000000e+00
    outer loop
      vertex -9.953392e+01 8.196533e+00 0.000000e+00
      vertex -8.578626e+01 8.289795e+00 0.000000e+00
      vertex -8.681924e+01 6.943604e+00 0.000000e+00
    endloop
  endfacet
  facet normal -3.399078e-33 -5.551115e-17 -1.000000e+00
    outer loop
      vertex -8.578626e+01 8.289795e+00 0.000000e+00
      vertex -9.953392e+01 8.196533e+00 0.000000e+00
      vertex -9.914325e+01 8.223267e+00 0.000000e+00
    endloop
  endfacet
  facet normal -3.399078e-33 -5.551115e-17 -1.000000e+00
    outer loop
      vertex -8.578626e+01 8.289795e+00 0.000000e+00
      vertex -9.914325e+01 8.223267e+00 0.000000e+00
      vertex -9.877281e+01 8.350220e+00 0.000000e+00
    endloop
  endfacet
  facet normal -3.399078e-33 -5.551115e-17 -1.000000e+00
    outer loop
      vertex -8.578626e+01 8.289795e+00 0.000000e+00
      vertex -9.877281e+01 8.350220e+00 0.000000e+00
      vertex -8.444007e+01 9.322754e+00 0.000000e+00
    endloop
  endfacet
  facet normal -3.399078e-33 -5.551115e-17 -1.000000e+00
    outer loop
      vertex -8.444007e+01 9.322754e+00 0.000000e+00
      vertex -9.877281e+01 8.350220e+00 0.000000e+00
      vertex -9.844785e+01 8.568604e+00 0.000000e+00
    endloop
  endfacet
  facet normal -3.399078e-33 -5.551115e-17 -1.000000e+00
    outer loop
      vertex -8.444007e+01 9.322754e+00 0.000000e+00
      vertex -9.844785e+01 8.568604e+00 0.000000e+00
      vertex -9.819050e+01 8.863770e+00 0.000000e+00
    endloop
  endfacet
  facet normal -3.399078e-33 -5.551115e-17 -1.000000e+00
    outer loop
      vertex -8.444007e+01 9.322754e+00 0.000000e+00
      vertex -9.819050e+01 8.863770e+00 0.000000e+00
      vertex -9.801831e+01 9.215454e+00 0.000000e+00
    endloop
  endfacet
  facet normal -3.399078e-33 -5.551115e-17 -1.000000e+00
    outer loop
      vertex -8.444007e+01 9.322754e+00 0.000000e+00
      vertex -9.801831e+01 9.215454e+00 0.000000e+00
      vertex -9.794301e+01 9.599731e+00 0.000000e+00
    endloop
  endfacet
  facet normal -3.399078e-33 -5.551115e-17 -1.000000e+00
    outer loop
      vertex -8.444007e+01 9.322754e+00 0.000000e+00
      vertex -9.794301e+01 9.599731e+00 0.000000e+00
      vertex -8.287240e+01 9.972046e+00 0.000000e+00
    endloop
  endfacet
  facet normal -3.399078e-33 -5.551115e-17 -1.000000e+00
    outer loop
      vertex -8.287240e+01 9.972046e+00 0.000000e+00
      vertex -9.794301e+01 9.599731e+00 0.000000e+00
      vertex -9.796973e+01 9.990356e+00 0.000000e+00
    endloop
  endfacet
  facet normal -3.399078e-33 -5.551115e-17 -1.000000e+00
    outer loop
      vertex -8.287240e+01 9.972046e+00 0.000000e+00
      vertex -9.796973e+01 9.990356e+00 0.000000e+00
      vertex -8.119007e+01 1.019360e+01 0.000000e+00
    endloop
  endfacet
  facet normal -3.399078e-33 -5.551115e-17 -1.000000e+00
    outer loop
      vertex -8.119007e+01 1.019360e+01 0.000000e+00
      vertex -9.796973e+01 9.990356e+00 0.000000e+00
      vertex -9.809666e+01 1.036084e+01 0.000000e+00
    endloop
  endfacet
  facet normal -3.399078e-33 -5.551115e-17 -1.000000e+00
    outer loop
      vertex -8.119007e+01 1.019360e+01 0.000000e+00
      vertex -9.809666e+01 1.036084e+01 0.000000e+00
      vertex 1.111901e+02 1.019360e+01 0.000000e+00
    endloop
  endfacet
  facet normal -3.399078e-33 -5.551115e-17 -1.000000e+00
    outer loop
      vertex 1.111901e+02 1.019360e+01 0.000000e+00
      vertex -9.809666e+01 1.036084e+01 0.000000e+00
      vertex 1.111901e+02 1.269360e+01 0.000000e+00
    endloop
  endfacet
  facet normal -3.399078e-33 -5.551115e-17 -1.000000e+00
    outer loop
      vertex 1.111901e+02 1.269360e+01 0.000000e+00
      vertex -9.809666e+01 1.036084e+01 0.000000e+00
      vertex -9.831513e+01 1.068579e+01 0.000000e+00
    endloop
  endfacet
  facet normal -3.399078e-33 -5.551115e-17 -1.000000e+00
    outer loop
      vertex 1.111901e+02 1.269360e+01 0.000000e+00
      vertex -9.831513e+01 1.068579e+01 0.000000e+00
      vertex -9.861027e+01 1.094312e+01 0.000000e+00
    endloop
  endfacet
  facet normal -3.399078e-33 -5.551115e-17 -1.000000e+00
    outer loop
      vertex 1.111901e+02 1.269360e+01 0.000000e+00
      vertex -9.861027e+01 1.094312e+01 0.000000e+00
      vertex -9.896195e+01 1.111536e+01 0.000000e+00
    endloop
  endfacet
  facet normal -3.399078e-33 -5.551115e-17 -1.000000e+00
    outer loop
      vertex 1.111901e+02 1.269360e+01 0.000000e+00
      vertex -9.896195e+01 1.111536e+01 0.000000e+00
      vertex 9.511332e+01 1.257434e+01 0.000000e+00
    endloop
  endfacet
  facet normal -3.399078e-33 -5.551115e-17 -1.000000e+00
    outer loop
      vertex 9.511332e+01 1.257434e+01 0.000000e+00
      vertex -9.896195e+01 1.111536e+01 0.000000e+00
      vertex -9.934622e+01 1.119067e+01 0.000000e+00
    endloop
  endfacet
  facet normal -3.399078e-33 -5.551115e-17 -1.000000e+00
    outer loop
      vertex 1.111901e+02 1.269360e+01 0.000000e+00
      vertex 9.511332e+01 1.257434e+01 0.000000e+00
      vertex 9.570530e+01 1.258325e+01 0.000000e+00
    endloop
  endfacet
  facet normal -3.399078e-33 -5.551115e-17 -1.000000e+00
    outer loop
      vertex 1.111901e+02 1.269360e+01 0.000000e+00
      vertex 9.570530e+01 1.258325e+01 0.000000e+00
      vertex 9.629682e+01 1.260876e+01 0.000000e+00
    endloop
  endfacet
  facet normal -3.399078e-33 -5.551115e-17 -1.000000e+00
    outer loop
      vertex 1.111901e+02 1.269360e+01 0.000000e+00
      vertex 9.629682e+01 1.260876e+01 0.000000e+00
      vertex 9.688737e+01 1.265100e+01 0.000000e+00
    endloop
  endfacet
  facet normal -3.399078e-33 -5.551115e-17 -1.000000e+00
    outer loop
      vertex 1.111901e+02 1.269360e+01 0.000000e+00
      vertex 9.688737e+01 1.265100e+01 0.000000e+00
      vertex 9.747648e+01 1.270984e+01 0.000000e+00
    endloop
  endfacet
  facet normal -3.399078e-33 -5.551115e-17 -1.000000e+00
    outer loop
      vertex 1.111901e+02 1.269360e+01 0.000000e+00
      vertex 9.747648e+01 1.270984e+01 0.000000e+00
      vertex 9.806373e+01 1.278528e+01 0.000000e+00
    endloop
  endfacet
  facet normal -3.399078e-33 -5.551115e-17 -1.000000e+00
    outer loop
      vertex 1.111901e+02 1.269360e+01 0.000000e+00
      vertex 9.806373e+01 1.278528e+01 0.000000e+00
      vertex 9.864860e+01 1.287720e+01 0.000000e+00
    endloop
  endfacet
  facet normal -3.399078e-33 -5.551115e-17 -1.000000e+00
    outer loop
      vertex 1.111901e+02 1.269360e+01 0.000000e+00
      vertex 9.864860e+01 1.287720e+01 0.000000e+00
      vertex 9.923063e+01 1.298572e+01 0.000000e+00
    endloop
  endfacet
  facet normal -3.399078e-33 -5.551115e-17 -1.000000e+00
    outer loop
      vertex 1.111901e+02 1.269360e+01 0.000000e+00
      vertex 9.923063e+01 1.298572e+01 0.000000e+00
      vertex 9.980939e+01 1.311047e+01 0.000000e+00
    endloop
  endfacet
  facet normal -3.399078e-33 -5.551115e-17 -1.000000e+00
    outer loop
      vertex 1.111901e+02 1.269360e+01 0.000000e+00
      vertex 9.980939e+01 1.311047e+01 0.000000e+00
      vertex 1.003844e+02 1.325159e+01 0.000000e+00
    endloop
  endfacet
  facet normal -3.399078e-33 -5.551115e-17 -1.000000e+00
    outer loop
      vertex 1.111901e+02 1.269360e+01 0.000000e+00
      vertex 1.003844e+02 1.325159e+01 0.000000e+00
      vertex 1.009552e+02 1.340894e+01 0.000000e+00
    endloop
  endfacet
  facet normal -3.399078e-33 -5.551115e-17 -1.000000e+00
    outer loop
      vertex 1.111901e+02 1.269360e+01 0.000000e+00
      vertex 1.009552e+02 1.340894e+01 0.000000e+00
      vertex 1.015213e+02 1.358228e+01 0.000000e+00
    endloop
  endfacet
  facet normal -3.399078e-33 -5.551115e-17 -1.000000e+00
    outer loop
      vertex 1.111901e+02 1.269360e+01 0.000000e+00
      vertex 1.015213e+02 1.358228e+01 0.000000e+00
      vertex 1.018641e+02 1.371167e+01 0.000000e+00
    endloop
  endfacet
  facet normal -3.399078e-33 -5.551115e-17 -1.000000e+00
    outer loop
      vertex 1.111901e+02 1.269360e+01 0.000000e+00
      vertex 1.018641e+02 1.371167e+01 0.000000e+00
      vertex 1.021959e+02 1.386719e+01 0.000000e+00
    endloop
  endfacet
  facet normal -3.399078e-33 -5.551115e-17 -1.000000e+00
    outer loop
      vertex 1.111901e+02 1.269360e+01 0.000000e+00
      vertex 1.021959e+02 1.386719e+01 0.000000e+00
      vertex 1.025147e+02 1.404773e+01 0.000000e+00
    endloop
  endfacet
  facet normal -3.399078e-33 -5.551115e-17 -1.000000e+00
    outer loop
      vertex 1.111901e+02 1.269360e+01 0.000000e+00
      vertex 1.025147e+02 1.404773e+01 0.000000e+00
      vertex 1.028187e+02 1.425232e+01 0.000000e+00
    endloop
  endfacet
  facet normal -3.399078e-33 -5.551115e-17 -1.000000e+00
    outer loop
      vertex 1.111901e+02 1.269360e+01 0.000000e+00
      vertex 1.028187e+02 1.425232e+01 0.000000e+00
      vertex 1.031060e+02 1.447974e+01 0.000000e+00
    endloop
  endfacet
  facet normal -3.399078e-33 -5.551115e-17 -1.000000e+00
    outer loop
      vertex 1.111901e+02 1.269360e+01 0.000000e+00
      vertex 1.031060e+02 1.447974e+01 0.000000e+00
      vertex 1.035744e+02 1.516602e+01 0.000000e+00
    endloop
  endfacet
  facet normal -3.399078e-33 -5.551115e-17 -1.000000e+00
    outer loop
      vertex 1.111901e+02 1.269360e+01 0.000000e+00
      vertex 1.035744e+02 1.516602e+01 0.000000e+00
      vertex 1.065901e+02 2.048010e+01 0.000000e+00
    endloop
  endfacet
  facet normal -3.399078e-33 -5.551115e-17 -1.000000e+00
    outer loop
      vertex 1.065901e+02 2.048010e+01 0.000000e+00
      vertex 1.035744e+02 1.516602e+01 0.000000e+00
      vertex 1.037649e+02 1.553552e+01 0.000000e+00
    endloop
  endfacet
  facet normal -3.399078e-33 -5.551115e-17 -1.000000e+00
    outer loop
      vertex 1.065901e+02 2.048010e+01 0.000000e+00
      vertex 1.037649e+02 1.553552e+01 0.000000e+00
      vertex 1.040901e+02 1.648010e+01 0.000000e+00
    endloop
  endfacet
  facet normal -3.399078e-33 -5.551115e-17 -1.000000e+00
    outer loop
      vertex 1.065901e+02 2.048010e+01 0.000000e+00
      vertex 1.040901e+02 1.648010e+01 0.000000e+00
      vertex 1.040901e+02 2.048010e+01 0.000000e+00
    endloop
  endfacet
  facet normal -3.399078e-33 -5.551115e-17 -1.000000e+00
    outer loop
      vertex -7.491155e+01 5.375854e+00 0.000000e+00
      vertex 1.046901e+02 3.693604e+00 0.000000e+00
      vertex -7.469007e+01 3.693604e+00 0.000000e+00
    endloop
  endfacet
  facet normal -3.399078e-33 -5.551115e-17 -1.000000e+00
    outer loop
      vertex 1.046901e+02 3.693604e+00 0.000000e+00
      vertex -7.491155e+01 5.375854e+00 0.000000e+00
      vertex 1.048584e+02 4.494995e+00 0.000000e+00
    endloop
  endfacet
  facet normal -3.399078e-33 -5.551115e-17 -1.000000e+00
    outer loop
      vertex 1.048584e+02 4.494995e+00 0.000000e+00
      vertex -7.491155e+01 5.375854e+00 0.000000e+00
      vertex 1.051100e+02 5.274414e+00 0.000000e+00
    endloop
  endfacet
  facet normal -3.399078e-33 -5.551115e-17 -1.000000e+00
    outer loop
      vertex 1.051100e+02 5.274414e+00 0.000000e+00
      vertex -7.491155e+01 5.375854e+00 0.000000e+00
      vertex 1.054419e+02 6.023071e+00 0.000000e+00
    endloop
  endfacet
  facet normal -3.399078e-33 -5.551115e-17 -1.000000e+00
    outer loop
      vertex 1.054419e+02 6.023071e+00 0.000000e+00
      vertex -7.491155e+01 5.375854e+00 0.000000e+00
      vertex 2.880993e+01 5.793579e+00 0.000000e+00
    endloop
  endfacet
  facet normal -3.399078e-33 -5.551115e-17 -1.000000e+00
    outer loop
      vertex 1.054419e+02 6.023071e+00 0.000000e+00
      vertex 2.880993e+01 5.793579e+00 0.000000e+00
      vertex 2.932757e+01 5.861694e+00 0.000000e+00
    endloop
  endfacet
  facet normal -3.399078e-33 -5.551115e-17 -1.000000e+00
    outer loop
      vertex 1.054419e+02 6.023071e+00 0.000000e+00
      vertex 2.932757e+01 5.861694e+00 0.000000e+00
      vertex 2.980993e+01 6.061523e+00 0.000000e+00
    endloop
  endfacet
  facet normal -3.399078e-33 -5.551115e-17 -1.000000e+00
    outer loop
      vertex 1.054419e+02 6.023071e+00 0.000000e+00
      vertex 2.980993e+01 6.061523e+00 0.000000e+00
      vertex 1.058506e+02 6.732666e+00 0.000000e+00
    endloop
  endfacet
  facet normal -3.399078e-33 -5.551115e-17 -1.000000e+00
    outer loop
      vertex 1.058506e+02 6.732666e+00 0.000000e+00
      vertex 2.980993e+01 6.061523e+00 0.000000e+00
      vertex 3.022414e+01 6.379395e+00 0.000000e+00
    endloop
  endfacet
  facet normal -3.399078e-33 -5.551115e-17 -1.000000e+00
    outer loop
      vertex 1.058506e+02 6.732666e+00 0.000000e+00
      vertex 3.022414e+01 6.379395e+00 0.000000e+00
      vertex 3.054198e+01 6.793579e+00 0.000000e+00
    endloop
  endfacet
  facet normal -3.399078e-33 -5.551115e-17 -1.000000e+00
    outer loop
      vertex 1.058506e+02 6.732666e+00 0.000000e+00
      vertex 3.054198e+01 6.793579e+00 0.000000e+00
      vertex 1.063316e+02 7.395508e+00 0.000000e+00
    endloop
  endfacet
  facet normal -3.399078e-33 -5.551115e-17 -1.000000e+00
    outer loop
      vertex 1.063316e+02 7.395508e+00 0.000000e+00
      vertex 3.054198e+01 6.793579e+00 0.000000e+00
      vertex 3.074178e+01 7.276001e+00 0.000000e+00
    endloop
  endfacet
  facet normal -3.399078e-33 -5.551115e-17 -1.000000e+00
    outer loop
      vertex 1.063316e+02 7.395508e+00 0.000000e+00
      vertex 3.074178e+01 7.276001e+00 0.000000e+00
      vertex 3.080993e+01 7.793579e+00 0.000000e+00
    endloop
  endfacet
  facet normal -3.399078e-33 -5.551115e-17 -1.000000e+00
    outer loop
      vertex 1.063316e+02 7.395508e+00 0.000000e+00
      vertex 3.080993e+01 7.793579e+00 0.000000e+00
      vertex 1.068794e+02 8.004272e+00 0.000000e+00
    endloop
  endfacet
  facet normal -3.399078e-33 -5.551115e-17 -1.000000e+00
    outer loop
      vertex 1.068794e+02 8.004272e+00 0.000000e+00
      vertex 3.080993e+01 7.793579e+00 0.000000e+00
      vertex 3.074178e+01 8.311279e+00 0.000000e+00
    endloop
  endfacet
  facet normal -3.399078e-33 -5.551115e-17 -1.000000e+00
    outer loop
      vertex 1.068794e+02 8.004272e+00 0.000000e+00
      vertex 3.074178e+01 8.311279e+00 0.000000e+00
      vertex 1.074881e+02 8.552124e+00 0.000000e+00
    endloop
  endfacet
  facet normal -3.399078e-33 -5.551115e-17 -1.000000e+00
    outer loop
      vertex 1.074881e+02 8.552124e+00 0.000000e+00
      vertex 3.074178e+01 8.311279e+00 0.000000e+00
      vertex 3.054198e+01 8.793579e+00 0.000000e+00
    endloop
  endfacet
  facet normal -3.399078e-33 -5.551115e-17 -1.000000e+00
    outer loop
      vertex 1.074881e+02 8.552124e+00 0.000000e+00
      vertex 3.054198e+01 8.793579e+00 0.000000e+00
      vertex 1.081510e+02 9.032959e+00 0.000000e+00
    endloop
  endfacet
  facet normal -3.399078e-33 -5.551115e-17 -1.000000e+00
    outer loop
      vertex 1.081510e+02 9.032959e+00 0.000000e+00
      vertex 3.054198e+01 8.793579e+00 0.000000e+00
      vertex 3.022414e+01 9.207764e+00 0.000000e+00
    endloop
  endfacet
  facet normal -3.399078e-33 -5.551115e-17 -1.000000e+00
    outer loop
      vertex 1.081510e+02 9.032959e+00 0.000000e+00
      vertex 3.022414e+01 9.207764e+00 0.000000e+00
      vertex 1.088606e+02 9.441772e+00 0.000000e+00
    endloop
  endfacet
  facet normal -3.399078e-33 -5.551115e-17 -1.000000e+00
    outer loop
      vertex 1.088606e+02 9.441772e+00 0.000000e+00
      vertex 3.022414e+01 9.207764e+00 0.000000e+00
      vertex 2.980993e+01 9.525635e+00 0.000000e+00
    endloop
  endfacet
  facet normal -3.399078e-33 -5.551115e-17 -1.000000e+00
    outer loop
      vertex 1.088606e+02 9.441772e+00 0.000000e+00
      vertex 2.980993e+01 9.525635e+00 0.000000e+00
      vertex 1.096093e+02 9.773682e+00 0.000000e+00
    endloop
  endfacet
  facet normal -3.399078e-33 -5.551115e-17 -1.000000e+00
    outer loop
      vertex 1.096093e+02 9.773682e+00 0.000000e+00
      vertex 2.980993e+01 9.525635e+00 0.000000e+00
      vertex 2.932757e+01 9.725464e+00 0.000000e+00
    endloop
  endfacet
  facet normal -3.399078e-33 -5.551115e-17 -1.000000e+00
    outer loop
      vertex 1.096093e+02 9.773682e+00 0.000000e+00
      vertex 2.932757e+01 9.725464e+00 0.000000e+00
      vertex 2.880993e+01 9.793579e+00 0.000000e+00
    endloop
  endfacet
  facet normal -3.399078e-33 -5.551115e-17 -1.000000e+00
    outer loop
      vertex 1.096093e+02 9.773682e+00 0.000000e+00
      vertex 2.880993e+01 9.793579e+00 0.000000e+00
      vertex 1.103886e+02 1.002527e+01 0.000000e+00
    endloop
  endfacet
  facet normal -3.399078e-33 -5.551115e-17 -1.000000e+00
    outer loop
      vertex 1.103886e+02 1.002527e+01 0.000000e+00
      vertex 2.880993e+01 9.793579e+00 0.000000e+00
      vertex -7.950774e+01 9.972046e+00 0.000000e+00
    endloop
  endfacet
  facet normal -3.399078e-33 -5.551115e-17 -1.000000e+00
    outer loop
      vertex 1.103886e+02 1.002527e+01 0.000000e+00
      vertex -7.950774e+01 9.972046e+00 0.000000e+00
      vertex -8.119007e+01 1.019360e+01 0.000000e+00
    endloop
  endfacet
  facet normal -3.399078e-33 -5.551115e-17 -1.000000e+00
    outer loop
      vertex 1.103886e+02 1.002527e+01 0.000000e+00
      vertex -8.119007e+01 1.019360e+01 0.000000e+00
      vertex 1.111901e+02 1.019360e+01 0.000000e+00
    endloop
  endfacet
  facet normal -3.399078e-33 -5.551115e-17 -1.000000e+00
    outer loop
      vertex -1.111901e+02 3.693604e+00 0.000000e+00
      vertex -9.991819e+01 8.271851e+00 0.000000e+00
      vertex -8.769007e+01 3.693604e+00 0.000000e+00
    endloop
  endfacet
  facet normal -3.399078e-33 -5.551115e-17 -1.000000e+00
    outer loop
      vertex -9.991819e+01 8.271851e+00 0.000000e+00
      vertex -1.111901e+02 3.693604e+00 0.000000e+00
      vertex -1.111901e+02 1.269360e+01 0.000000e+00
    endloop
  endfacet
  facet normal -3.399078e-33 -5.551115e-17 -1.000000e+00
    outer loop
      vertex -8.769007e+01 3.693604e+00 0.000000e+00
      vertex -9.991819e+01 8.271851e+00 0.000000e+00
      vertex -8.746859e+01 5.375854e+00 0.000000e+00
    endloop
  endfacet
  facet normal -3.399078e-33 -5.551115e-17 -1.000000e+00
    outer loop
      vertex -8.746859e+01 5.375854e+00 0.000000e+00
      vertex -9.991819e+01 8.271851e+00 0.000000e+00
      vertex -9.953392e+01 8.196533e+00 0.000000e+00
    endloop
  endfacet
  facet normal -3.399078e-33 -5.551115e-17 -1.000000e+00
    outer loop
      vertex -8.746859e+01 5.375854e+00 0.000000e+00
      vertex -9.953392e+01 8.196533e+00 0.000000e+00
      vertex -8.681924e+01 6.943604e+00 0.000000e+00
    endloop
  endfacet
  facet normal -3.399078e-33 -5.551115e-17 -1.000000e+00
    outer loop
      vertex -9.991819e+01 8.271851e+00 0.000000e+00
      vertex -1.111901e+02 1.269360e+01 0.000000e+00
      vertex -1.002699e+02 8.443970e+00 0.000000e+00
    endloop
  endfacet
  facet normal -3.399078e-33 -5.551115e-17 -1.000000e+00
    outer loop
      vertex -1.002699e+02 8.443970e+00 0.000000e+00
      vertex -1.111901e+02 1.269360e+01 0.000000e+00
      vertex -1.005650e+02 8.701416e+00 0.000000e+00
    endloop
  endfacet
  facet normal -3.399078e-33 -5.551115e-17 -1.000000e+00
    outer loop
      vertex -1.005650e+02 8.701416e+00 0.000000e+00
      vertex -1.111901e+02 1.269360e+01 0.000000e+00
      vertex -1.007835e+02 9.026367e+00 0.000000e+00
    endloop
  endfacet
  facet normal -3.399078e-33 -5.551115e-17 -1.000000e+00
    outer loop
      vertex -1.007835e+02 9.026367e+00 0.000000e+00
      vertex -1.111901e+02 1.269360e+01 0.000000e+00
      vertex -1.009104e+02 9.396729e+00 0.000000e+00
    endloop
  endfacet
  facet normal -3.399078e-33 -5.551115e-17 -1.000000e+00
    outer loop
      vertex -1.009104e+02 9.396729e+00 0.000000e+00
      vertex -1.111901e+02 1.269360e+01 0.000000e+00
      vertex -1.009371e+02 9.787476e+00 0.000000e+00
    endloop
  endfacet
  facet normal -3.399078e-33 -5.551115e-17 -1.000000e+00
    outer loop
      vertex -1.009371e+02 9.787476e+00 0.000000e+00
      vertex -1.111901e+02 1.269360e+01 0.000000e+00
      vertex -1.008618e+02 1.017175e+01 0.000000e+00
    endloop
  endfacet
  facet normal -3.399078e-33 -5.551115e-17 -1.000000e+00
    outer loop
      vertex -1.008618e+02 1.017175e+01 0.000000e+00
      vertex -1.111901e+02 1.269360e+01 0.000000e+00
      vertex -1.006896e+02 1.052344e+01 0.000000e+00
    endloop
  endfacet
  facet normal -3.399078e-33 -5.551115e-17 -1.000000e+00
    outer loop
      vertex -1.006896e+02 1.052344e+01 0.000000e+00
      vertex -1.111901e+02 1.269360e+01 0.000000e+00
      vertex -1.004323e+02 1.081848e+01 0.000000e+00
    endloop
  endfacet
  facet normal -3.399078e-33 -5.551115e-17 -1.000000e+00
    outer loop
      vertex -1.004323e+02 1.081848e+01 0.000000e+00
      vertex -1.111901e+02 1.269360e+01 0.000000e+00
      vertex -1.001073e+02 1.103699e+01 0.000000e+00
    endloop
  endfacet
  facet normal -3.399078e-33 -5.551115e-17 -1.000000e+00
    outer loop
      vertex -1.001073e+02 1.103699e+01 0.000000e+00
      vertex -1.111901e+02 1.269360e+01 0.000000e+00
      vertex -9.973689e+01 1.116394e+01 0.000000e+00
    endloop
  endfacet
  facet normal -3.399078e-33 -5.551115e-17 -1.000000e+00
    outer loop
      vertex -9.973689e+01 1.116394e+01 0.000000e+00
      vertex -1.111901e+02 1.269360e+01 0.000000e+00
      vertex -9.934622e+01 1.119067e+01 0.000000e+00
    endloop
  endfacet
  facet normal -3.399078e-33 -5.551115e-17 -1.000000e+00
    outer loop
      vertex -9.934622e+01 1.119067e+01 0.000000e+00
      vertex -1.111901e+02 1.269360e+01 0.000000e+00
      vertex 1.452129e+01 1.258228e+01 0.000000e+00
    endloop
  endfacet
  facet normal -3.399078e-33 -5.551115e-17 -1.000000e+00
    outer loop
      vertex -9.934622e+01 1.119067e+01 0.000000e+00
      vertex 1.452129e+01 1.258228e+01 0.000000e+00
      vertex 9.511332e+01 1.257434e+01 0.000000e+00
    endloop
  endfacet
  facet normal -3.399078e-33 -5.551115e-17 -1.000000e+00
    outer loop
      vertex 1.452129e+01 1.258228e+01 0.000000e+00
      vertex -1.111901e+02 1.269360e+01 0.000000e+00
      vertex 5.346611e+00 1.261011e+01 0.000000e+00
    endloop
  endfacet
  facet normal -3.399078e-33 -5.551115e-17 -1.000000e+00
    outer loop
      vertex 5.346611e+00 1.261011e+01 0.000000e+00
      vertex -1.111901e+02 1.269360e+01 0.000000e+00
      vertex -3.827736e+00 1.269360e+01 0.000000e+00
    endloop
  endfacet
  facet normal -3.399078e-33 -5.551115e-17 -1.000000e+00
    outer loop
      vertex -3.827736e+00 1.269360e+01 0.000000e+00
      vertex -1.111901e+02 1.269360e+01 0.000000e+00
      vertex -1.300141e+01 1.283264e+01 0.000000e+00
    endloop
  endfacet
  facet normal -3.399078e-33 -5.551115e-17 -1.000000e+00
    outer loop
      vertex -1.300141e+01 1.283264e+01 0.000000e+00
      vertex -1.111901e+02 1.269360e+01 0.000000e+00
      vertex -2.217408e+01 1.302710e+01 0.000000e+00
    endloop
  endfacet
  facet normal -3.399078e-33 -5.551115e-17 -1.000000e+00
    outer loop
      vertex -2.217408e+01 1.302710e+01 0.000000e+00
      vertex -1.111901e+02 1.269360e+01 0.000000e+00
      vertex -3.134541e+01 1.327722e+01 0.000000e+00
    endloop
  endfacet
  facet normal -3.399078e-33 -5.551115e-17 -1.000000e+00
    outer loop
      vertex -3.134541e+01 1.327722e+01 0.000000e+00
      vertex -1.111901e+02 1.269360e+01 0.000000e+00
      vertex -4.051504e+01 1.358289e+01 0.000000e+00
    endloop
  endfacet
  facet normal -3.399078e-33 -5.551115e-17 -1.000000e+00
    outer loop
      vertex -4.051504e+01 1.358289e+01 0.000000e+00
      vertex -1.111901e+02 1.269360e+01 0.000000e+00
      vertex -4.968266e+01 1.394409e+01 0.000000e+00
    endloop
  endfacet
  facet normal -3.399078e-33 -5.551115e-17 -1.000000e+00
    outer loop
      vertex -4.968266e+01 1.394409e+01 0.000000e+00
      vertex -1.111901e+02 1.269360e+01 0.000000e+00
      vertex -5.884792e+01 1.436072e+01 0.000000e+00
    endloop
  endfacet
  facet normal -3.399078e-33 -5.551115e-17 -1.000000e+00
    outer loop
      vertex -5.884792e+01 1.436072e+01 0.000000e+00
      vertex -1.111901e+02 1.269360e+01 0.000000e+00
      vertex -6.801049e+01 1.483289e+01 0.000000e+00
    endloop
  endfacet
  facet normal -3.399078e-33 -5.551115e-17 -1.000000e+00
    outer loop
      vertex -6.801049e+01 1.483289e+01 0.000000e+00
      vertex -1.111901e+02 1.269360e+01 0.000000e+00
      vertex -7.717004e+01 1.536060e+01 0.000000e+00
    endloop
  endfacet
  facet normal -3.399078e-33 -5.551115e-17 -1.000000e+00
    outer loop
      vertex -7.717004e+01 1.536060e+01 0.000000e+00
      vertex -1.111901e+02 1.269360e+01 0.000000e+00
      vertex -8.632622e+01 1.594373e+01 0.000000e+00
    endloop
  endfacet
  facet normal -3.399078e-33 -5.551115e-17 -1.000000e+00
    outer loop
      vertex -8.632622e+01 1.594373e+01 0.000000e+00
      vertex -1.111901e+02 1.269360e+01 0.000000e+00
      vertex -9.401466e+01 1.648010e+01 0.000000e+00
    endloop
  endfacet
  facet normal -3.399078e-33 -5.551115e-17 -1.000000e+00
    outer loop
      vertex -9.401466e+01 1.648010e+01 0.000000e+00
      vertex -1.111901e+02 1.269360e+01 0.000000e+00
      vertex -1.029928e+02 1.710645e+01 0.000000e+00
    endloop
  endfacet
  facet normal -3.399078e-33 -5.551115e-17 -1.000000e+00
    outer loop
      vertex -1.029928e+02 1.710645e+01 0.000000e+00
      vertex -1.111901e+02 1.269360e+01 0.000000e+00
      vertex -1.054928e+02 2.110645e+01 0.000000e+00
    endloop
  endfacet
  facet normal -3.399078e-33 -5.551115e-17 -1.000000e+00
    outer loop
      vertex -9.401466e+01 1.648010e+01 0.000000e+00
      vertex -1.029928e+02 1.710645e+01 0.000000e+00
      vertex -9.547870e+01 1.658228e+01 0.000000e+00
    endloop
  endfacet
  facet normal -3.399078e-33 -5.551115e-17 -1.000000e+00
    outer loop
      vertex -1.029928e+02 1.710645e+01 0.000000e+00
      vertex -1.054928e+02 2.110645e+01 0.000000e+00
      vertex -1.029928e+02 2.110645e+01 0.000000e+00
    endloop
  endfacet
  facet normal -3.399078e-33 -5.551115e-17 -1.000000e+00
    outer loop
      vertex 9.452131e+01 1.258228e+01 0.000000e+00
      vertex 9.511332e+01 1.257434e+01 0.000000e+00
      vertex 1.452129e+01 1.258228e+01 0.000000e+00
    endloop
  endfacet
  facet normal 2.055808e-01 -9.786401e-01 5.432544e-17
    outer loop
      vertex 1.111901e+02 1.019360e+01 0.000000e+00
      vertex 1.103886e+02 1.002527e+01 1.500000e+01
      vertex 1.103886e+02 1.002527e+01 0.000000e+00
    endloop
  endfacet
  facet normal 2.567264e-01 -9.664841e-01 5.365065e-17
    outer loop
      vertex 1.103886e+02 1.002527e+01 1.500000e+01
      vertex 1.111901e+02 1.019360e+01 0.000000e+00
      vertex 1.111901e+02 1.019360e+01 1.500000e+01
    endloop
  endfacet
  facet normal 1.000000e+00 -6.123234e-17 0.000000e+00
    outer loop
      vertex 1.111901e+02 1.019360e+01 0.000000e+00
      vertex 1.111901e+02 1.269360e+01 1.500000e+01
      vertex 1.111901e+02 1.019360e+01 1.500000e+01
    endloop
  endfacet
  facet normal 1.000000e+00 -6.123234e-17 0.000000e+00
    outer loop
      vertex 1.111901e+02 1.269360e+01 1.500000e+01
      vertex 1.111901e+02 1.019360e+01 0.000000e+00
      vertex 1.111901e+02 1.269360e+01 0.000000e+00
    endloop
  endfacet
  facet normal 8.609809e-01 5.086373e-01 -2.823504e-17
    outer loop
      vertex 1.111901e+02 1.269360e+01 0.000000e+00
      vertex 1.065901e+02 2.048010e+01 1.500000e+01
      vertex 1.111901e+02 1.269360e+01 1.500000e+01
    endloop
  endfacet
  facet normal 8.609809e-01 5.086373e-01 -2.823504e-17
    outer loop
      vertex 1.065901e+02 2.048010e+01 1.500000e+01
      vertex 1.111901e+02 1.269360e+01 0.000000e+00
      vertex 1.065901e+02 2.048010e+01 0.000000e+00
    endloop
  endfacet
  facet normal 6.123234e-17 1.000000e+00 -5.551115e-17
    outer loop
      vertex 1.065901e+02 2.048010e+01 1.500000e+01
      vertex 1.040901e+02 2.048010e+01 0.000000e+00
      vertex 1.040901e+02 2.048010e+01 1.500000e+01
    endloop
  endfacet
  facet normal 6.123234e-17 1.000000e+00 -5.551115e-17
    outer loop
      vertex 1.040901e+02 2.048010e+01 0.000000e+00
      vertex 1.065901e+02 2.048010e+01 1.500000e+01
      vertex 1.065901e+02 2.048010e+01 0.000000e+00
    endloop
  endfacet
  facet normal -1.000000e+00 6.123234e-17 0.000000e+00
    outer loop
      vertex 1.040901e+02 2.048010e+01 0.000000e+00
      vertex 1.040901e+02 1.648010e+01 1.500000e+01
      vertex 1.040901e+02 2.048010e+01 1.500000e+01
    endloop
  endfacet
  facet normal -1.000000e+00 6.123234e-17 0.000000e+00
    outer loop
      vertex 1.040901e+02 1.648010e+01 1.500000e+01
      vertex 1.040901e+02 2.048010e+01 0.000000e+00
      vertex 1.040901e+02 1.648010e+01 0.000000e+00
    endloop
  endfacet
  facet normal -9.455237e-01 3.255532e-01 -1.807183e-17
    outer loop
      vertex 1.040901e+02 1.648010e+01 0.000000e+00
      vertex 1.037649e+02 1.553552e+01 1.500000e+01
      vertex 1.040901e+02 1.648010e+01 1.500000e+01
    endloop
  endfacet
  facet normal -9.455237e-01 3.255532e-01 -1.807183e-17
    outer loop
      vertex 1.037649e+02 1.553552e+01 1.500000e+01
      vertex 1.040901e+02 1.648010e+01 0.000000e+00
      vertex 1.037649e+02 1.553552e+01 0.000000e+00
    endloop
  endfacet
  facet normal -8.889564e-01 4.579918e-01 -2.542365e-17
    outer loop
      vertex 1.037649e+02 1.553552e+01 0.000000e+00
      vertex 1.035744e+02 1.516602e+01 1.500000e+01
      vertex 1.037649e+02 1.553552e+01 1.500000e+01
    endloop
  endfacet
  facet normal -8.889564e-01 4.579918e-01 -2.542365e-17
    outer loop
      vertex 1.035744e+02 1.516602e+01 1.500000e+01
      vertex 1.037649e+02 1.553552e+01 0.000000e+00
      vertex 1.035744e+02 1.516602e+01 0.000000e+00
    endloop
  endfacet
  facet normal -8.258759e-01 5.638520e-01 -3.130007e-17
    outer loop
      vertex 1.035744e+02 1.516602e+01 0.000000e+00
      vertex 1.031060e+02 1.447974e+01 1.500000e+01
      vertex 1.035744e+02 1.516602e+01 1.500000e+01
    endloop
  endfacet
  facet normal -8.258759e-01 5.638520e-01 -3.130007e-17
    outer loop
      vertex 1.031060e+02 1.447974e+01 1.500000e+01
      vertex 1.035744e+02 1.516602e+01 0.000000e+00
      vertex 1.031060e+02 1.447974e+01 0.000000e+00
    endloop
  endfacet
  facet normal -6.207191e-01 7.840332e-01 -4.352258e-17
    outer loop
      vertex 1.031060e+02 1.447974e+01 1.500000e+01
      vertex 1.028187e+02 1.425232e+01 0.000000e+00
      vertex 1.028187e+02 1.425232e+01 1.500000e+01
    endloop
  endfacet
  facet normal -5.900170e-01 8.073908e-01 -4.481919e-17
    outer loop
      vertex 1.028187e+02 1.425232e+01 0.000000e+00
      vertex 1.031060e+02 1.447974e+01 1.500000e+01
      vertex 1.031060e+02 1.447974e+01 0.000000e+00
    endloop
  endfacet
  facet normal -5.900170e-01 8.073908e-01 -4.481919e-17
    outer loop
      vertex 1.028187e+02 1.425232e+01 1.500000e+01
      vertex 1.025147e+02 1.404773e+01 0.000000e+00
      vertex 1.025147e+02 1.404773e+01 1.500000e+01
    endloop
  endfacet
  facet normal -5.260258e-01 8.504686e-01 -4.721049e-17
    outer loop
      vertex 1.025147e+02 1.404773e+01 0.000000e+00
      vertex 1.028187e+02 1.425232e+01 1.500000e+01
      vertex 1.028187e+02 1.425232e+01 0.000000e+00
    endloop
  endfacet
  facet normal -5.260258e-01 8.504686e-01 -4.721049e-17
    outer loop
      vertex 1.025147e+02 1.404773e+01 1.500000e+01
      vertex 1.021959e+02 1.386719e+01 0.000000e+00
      vertex 1.021959e+02 1.386719e+01 1.500000e+01
    endloop
  endfacet
  facet normal -4.589044e-01 8.884857e-01 -4.932086e-17
    outer loop
      vertex 1.021959e+02 1.386719e+01 0.000000e+00
      vertex 1.025147e+02 1.404773e+01 1.500000e+01
      vertex 1.025147e+02 1.404773e+01 0.000000e+00
    endloop
  endfacet
  facet normal -4.589044e-01 8.884857e-01 -4.932086e-17
    outer loop
      vertex 1.021959e+02 1.386719e+01 1.500000e+01
      vertex 1.018641e+02 1.371167e+01 0.000000e+00
      vertex 1.018641e+02 1.371167e+01 1.500000e+01
    endloop
  endfacet
  facet normal -3.890522e-01 9.212157e-01 -5.113774e-17
    outer loop
      vertex 1.018641e+02 1.371167e+01 0.000000e+00
      vertex 1.021959e+02 1.386719e+01 1.500000e+01
      vertex 1.021959e+02 1.386719e+01 0.000000e+00
    endloop
  endfacet
  facet normal -3.890522e-01 9.212157e-01 -5.113774e-17
    outer loop
      vertex 1.018641e+02 1.371167e+01 1.500000e+01
      vertex 1.015213e+02 1.358228e+01 0.000000e+00
      vertex 1.015213e+02 1.358228e+01 1.500000e+01
    endloop
  endfacet
  facet normal -3.532315e-01 9.355360e-01 -5.193268e-17
    outer loop
      vertex 1.015213e+02 1.358228e+01 0.000000e+00
      vertex 1.018641e+02 1.371167e+01 1.500000e+01
      vertex 1.018641e+02 1.371167e+01 0.000000e+00
    endloop
  endfacet
  facet normal -2.927378e-01 9.561927e-01 -5.307936e-17
    outer loop
      vertex 1.015213e+02 1.358228e+01 1.500000e+01
      vertex 1.009552e+02 1.340894e+01 0.000000e+00
      vertex 1.009552e+02 1.340894e+01 1.500000e+01
    endloop
  endfacet
  facet normal -2.792188e-01 9.602275e-01 -5.330333e-17
    outer loop
      vertex 1.009552e+02 1.340894e+01 0.000000e+00
      vertex 1.015213e+02 1.358228e+01 1.500000e+01
      vertex 1.015213e+02 1.358228e+01 0.000000e+00
    endloop
  endfacet
  facet normal -2.792188e-01 9.602275e-01 -5.330333e-17
    outer loop
      vertex 1.009552e+02 1.340894e+01 1.500000e+01
      vertex 1.003844e+02 1.325159e+01 0.000000e+00
      vertex 1.003844e+02 1.325159e+01 1.500000e+01
    endloop
  endfacet
  facet normal -2.520168e-01 9.677228e-01 -5.371941e-17
    outer loop
      vertex 1.003844e+02 1.325159e+01 0.000000e+00
      vertex 1.009552e+02 1.340894e+01 1.500000e+01
      vertex 1.009552e+02 1.340894e+01 0.000000e+00
    endloop
  endfacet
  facet normal -2.520168e-01 9.677228e-01 -5.371941e-17
    outer loop
      vertex 1.003844e+02 1.325159e+01 1.500000e+01
      vertex 9.980939e+01 1.311047e+01 0.000000e+00
      vertex 9.980939e+01 1.311047e+01 1.500000e+01
    endloop
  endfacet
  facet normal -2.246142e-01 9.744478e-01 -5.409272e-17
    outer loop
      vertex 9.980939e+01 1.311047e+01 0.000000e+00
      vertex 1.003844e+02 1.325159e+01 1.500000e+01
      vertex 1.003844e+02 1.325159e+01 0.000000e+00
    endloop
  endfacet
  facet normal -2.246142e-01 9.744478e-01 -5.409272e-17
    outer loop
      vertex 9.980939e+01 1.311047e+01 1.500000e+01
      vertex 9.923063e+01 1.298572e+01 0.000000e+00
      vertex 9.923063e+01 1.298572e+01 1.500000e+01
    endloop
  endfacet
  facet normal -1.970327e-01 9.803969e-01 -5.442296e-17
    outer loop
      vertex 9.923063e+01 1.298572e+01 0.000000e+00
      vertex 9.980939e+01 1.311047e+01 1.500000e+01
      vertex 9.980939e+01 1.311047e+01 0.000000e+00
    endloop
  endfacet
  facet normal -1.970327e-01 9.803969e-01 -5.442296e-17
    outer loop
      vertex 9.923063e+01 1.298572e+01 1.500000e+01
      vertex 9.864860e+01 1.287720e+01 0.000000e+00
      vertex 9.864860e+01 1.287720e+01 1.500000e+01
    endloop
  endfacet
  facet normal -1.692944e-01 9.855655e-01 -5.470987e-17
    outer loop
      vertex 9.864860e+01 1.287720e+01 0.000000e+00
      vertex 9.923063e+01 1.298572e+01 1.500000e+01
      vertex 9.923063e+01 1.298572e+01 0.000000e+00
    endloop
  endfacet
  facet normal -1.692944e-01 9.855655e-01 -5.470987e-17
    outer loop
      vertex 9.864860e+01 1.287720e+01 1.500000e+01
      vertex 9.806373e+01 1.278528e+01 0.000000e+00
      vertex 9.806373e+01 1.278528e+01 1.500000e+01
    endloop
  endfacet
  facet normal -1.414214e-01 9.899495e-01 -5.495323e-17
    outer loop
      vertex 9.806373e+01 1.278528e+01 0.000000e+00
      vertex 9.864860e+01 1.287720e+01 1.500000e+01
      vertex 9.864860e+01 1.287720e+01 0.000000e+00
    endloop
  endfacet
  facet normal -1.414214e-01 9.899495e-01 -5.495323e-17
    outer loop
      vertex 9.806373e+01 1.278528e+01 1.500000e+01
      vertex 9.747648e+01 1.270984e+01 0.000000e+00
      vertex 9.747648e+01 1.270984e+01 1.500000e+01
    endloop
  endfacet
  facet normal -1.134357e-01 9.935454e-01 -5.515285e-17
    outer loop
      vertex 9.747648e+01 1.270984e+01 0.000000e+00
      vertex 9.806373e+01 1.278528e+01 1.500000e+01
      vertex 9.806373e+01 1.278528e+01 0.000000e+00
    endloop
  endfacet
  facet normal -1.134357e-01 9.935454e-01 -5.515285e-17
    outer loop
      vertex 9.747648e+01 1.270984e+01 1.500000e+01
      vertex 9.688737e+01 1.265100e+01 0.000000e+00
      vertex 9.688737e+01 1.265100e+01 1.500000e+01
    endloop
  endfacet
  facet normal -8.535969e-02 9.963502e-01 -5.530855e-17
    outer loop
      vertex 9.688737e+01 1.265100e+01 0.000000e+00
      vertex 9.747648e+01 1.270984e+01 1.500000e+01
      vertex 9.747648e+01 1.270984e+01 0.000000e+00
    endloop
  endfacet
  facet normal -8.535969e-02 9.963502e-01 -5.530855e-17
    outer loop
      vertex 9.688737e+01 1.265100e+01 1.500000e+01
      vertex 9.629682e+01 1.260876e+01 0.000000e+00
      vertex 9.629682e+01 1.260876e+01 1.500000e+01
    endloop
  endfacet
  facet normal -5.721575e-02 9.983618e-01 -5.542021e-17
    outer loop
      vertex 9.629682e+01 1.260876e+01 0.000000e+00
      vertex 9.688737e+01 1.265100e+01 1.500000e+01
      vertex 9.688737e+01 1.265100e+01 0.000000e+00
    endloop
  endfacet
  facet normal -5.721575e-02 9.983618e-01 -5.542021e-17
    outer loop
      vertex 9.629682e+01 1.260876e+01 1.500000e+01
      vertex 9.570530e+01 1.258325e+01 0.000000e+00
      vertex 9.570530e+01 1.258325e+01 1.500000e+01
    endloop
  endfacet
  facet normal -2.902626e-02 9.995787e-01 -5.548776e-17
    outer loop
      vertex 9.570530e+01 1.258325e+01 0.000000e+00
      vertex 9.629682e+01 1.260876e+01 1.500000e+01
      vertex 9.629682e+01 1.260876e+01 0.000000e+00
    endloop
  endfacet
  facet normal -2.902626e-02 9.995787e-01 -5.548776e-17
    outer loop
      vertex 9.570530e+01 1.258325e+01 1.500000e+01
      vertex 9.511332e+01 1.257434e+01 0.000000e+00
      vertex 9.511332e+01 1.257434e+01 1.500000e+01
    endloop
  endfacet
  facet normal -8.136508e-04 9.999996e-01 -5.551113e-17
    outer loop
      vertex 9.511332e+01 1.257434e+01 0.000000e+00
      vertex 9.570530e+01 1.258325e+01 1.500000e+01
      vertex 9.570530e+01 1.258325e+01 0.000000e+00
    endloop
  endfacet
  facet normal -8.136508e-04 9.999996e-01 -5.551113e-17
    outer loop
      vertex 9.511332e+01 1.257434e+01 1.500000e+01
      vertex 9.452131e+01 1.258228e+01 0.000000e+00
      vertex 9.452131e+01 1.258228e+01 1.500000e+01
    endloop
  endfacet
  facet normal 1.329430e-02 9.999116e-01 -5.550624e-17
    outer loop
      vertex 9.452131e+01 1.258228e+01 0.000000e+00
      vertex 9.511332e+01 1.257434e+01 1.500000e+01
      vertex 9.511332e+01 1.257434e+01 0.000000e+00
    endloop
  endfacet
  facet normal 6.123234e-17 1.000000e+00 -5.551115e-17
    outer loop
      vertex 9.452131e+01 1.258228e+01 1.500000e+01
      vertex 1.452129e+01 1.258228e+01 0.000000e+00
      vertex 1.452129e+01 1.258228e+01 1.500000e+01
    endloop
  endfacet
  facet normal 6.123234e-17 1.000000e+00 -5.551115e-17
    outer loop
      vertex 1.452129e+01 1.258228e+01 0.000000e+00
      vertex 9.452131e+01 1.258228e+01 1.500000e+01
      vertex 9.452131e+01 1.258228e+01 0.000000e+00
    endloop
  endfacet
  facet normal 3.039965e-03 9.999954e-01 -5.551089e-17
    outer loop
      vertex 1.452129e+01 1.258228e+01 1.500000e+01
      vertex 5.346611e+00 1.261011e+01 0.000000e+00
      vertex 5.346611e+00 1.261011e+01 1.500000e+01
    endloop
  endfacet
  facet normal 6.067900e-03 9.999816e-01 -5.551013e-17
    outer loop
      vertex 5.346611e+00 1.261011e+01 0.000000e+00
      vertex 1.452129e+01 1.258228e+01 1.500000e+01
      vertex 1.452129e+01 1.258228e+01 0.000000e+00
    endloop
  endfacet
  facet normal 6.067900e-03 9.999816e-01 -5.551013e-17
    outer loop
      vertex 5.346611e+00 1.261011e+01 1.500000e+01
      vertex -3.827736e+00 1.269360e+01 0.000000e+00
      vertex -3.827736e+00 1.269360e+01 1.500000e+01
    endloop
  endfacet
  facet normal 1.212358e-02 9.999265e-01 -5.550707e-17
    outer loop
      vertex -3.827736e+00 1.269360e+01 0.000000e+00
      vertex 5.346611e+00 1.261011e+01 1.500000e+01
      vertex 5.346611e+00 1.261011e+01 0.000000e+00
    endloop
  endfacet
  facet normal 1.212358e-02 9.999265e-01 -5.550707e-17
    outer loop
      vertex -3.827736e+00 1.269360e+01 1.500000e+01
      vertex -1.300141e+01 1.283264e+01 0.000000e+00
      vertex -1.300141e+01 1.283264e+01 1.500000e+01
    endloop
  endfacet
  facet normal 1.817881e-02 9.998348e-01 -5.550198e-17
    outer loop
      vertex -1.300141e+01 1.283264e+01 0.000000e+00
      vertex -3.827736e+00 1.269360e+01 1.500000e+01
      vertex -3.827736e+00 1.269360e+01 0.000000e+00
    endloop
  endfacet
  facet normal -6.123234e-17 -1.000000e+00 5.551115e-17
    outer loop
      vertex -8.769007e+01 3.693604e+00 0.000000e+00
      vertex -1.111901e+02 3.693604e+00 1.500000e+01
      vertex -1.111901e+02 3.693604e+00 0.000000e+00
    endloop
  endfacet
  facet normal -6.123234e-17 -1.000000e+00 5.551115e-17
    outer loop
      vertex -1.111901e+02 3.693604e+00 1.500000e+01
      vertex -8.769007e+01 3.693604e+00 0.000000e+00
      vertex -8.769007e+01 3.693604e+00 1.500000e+01
    endloop
  endfacet
  facet normal 9.914449e-01 -1.305262e-01 7.245659e-18
    outer loop
      vertex -8.769007e+01 3.693604e+00 0.000000e+00
      vertex -8.746859e+01 5.375854e+00 1.500000e+01
      vertex -8.769007e+01 3.693604e+00 1.500000e+01
    endloop
  endfacet
  facet normal 9.659258e-01 -2.588190e-01 1.436734e-17
    outer loop
      vertex -8.746859e+01 5.375854e+00 1.500000e+01
      vertex -8.769007e+01 3.693604e+00 0.000000e+00
      vertex -8.746859e+01 5.375854e+00 0.000000e+00
    endloop
  endfacet
  facet normal 9.659258e-01 -2.588190e-01 1.436734e-17
    outer loop
      vertex -8.746859e+01 5.375854e+00 0.000000e+00
      vertex -8.681924e+01 6.943604e+00 1.500000e+01
      vertex -8.746859e+01 5.375854e+00 1.500000e+01
    endloop
  endfacet
  facet normal 8.660254e-01 -5.000000e-01 2.775558e-17
    outer loop
      vertex -8.681924e+01 6.943604e+00 1.500000e+01
      vertex -8.746859e+01 5.375854e+00 0.000000e+00
      vertex -8.681924e+01 6.943604e+00 0.000000e+00
    endloop
  endfacet
  facet normal 8.660254e-01 -5.000000e-01 2.775558e-17
    outer loop
      vertex -8.681924e+01 6.943604e+00 0.000000e+00
      vertex -8.578626e+01 8.289795e+00 1.500000e+01
      vertex -8.681924e+01 6.943604e+00 1.500000e+01
    endloop
  endfacet
  facet normal 7.071068e-01 -7.071068e-01 3.925231e-17
    outer loop
      vertex -8.578626e+01 8.289795e+00 1.500000e+01
      vertex -8.681924e+01 6.943604e+00 0.000000e+00
      vertex -8.578626e+01 8.289795e+00 0.000000e+00
    endloop
  endfacet
  facet normal 5.000000e-01 -8.660254e-01 4.807407e-17
    outer loop
      vertex -8.444007e+01 9.322754e+00 0.000000e+00
      vertex -8.578626e+01 8.289795e+00 1.500000e+01
      vertex -8.578626e+01 8.289795e+00 0.000000e+00
    endloop
  endfacet
  facet normal 7.071068e-01 -7.071068e-01 3.925231e-17
    outer loop
      vertex -8.578626e+01 8.289795e+00 1.500000e+01
      vertex -8.444007e+01 9.322754e+00 0.000000e+00
      vertex -8.444007e+01 9.322754e+00 1.500000e+01
    endloop
  endfacet
  facet normal 2.588190e-01 -9.659258e-01 5.361965e-17
    outer loop
      vertex -8.287240e+01 9.972046e+00 0.000000e+00
      vertex -8.444007e+01 9.322754e+00 1.500000e+01
      vertex -8.444007e+01 9.322754e+00 0.000000e+00
    endloop
  endfacet
  facet normal 5.000000e-01 -8.660254e-01 4.807407e-17
    outer loop
      vertex -8.444007e+01 9.322754e+00 1.500000e+01
      vertex -8.287240e+01 9.972046e+00 0.000000e+00
      vertex -8.287240e+01 9.972046e+00 1.500000e+01
    endloop
  endfacet
  facet normal 1.305262e-01 -9.914449e-01 5.503625e-17
    outer loop
      vertex -8.119007e+01 1.019360e+01 0.000000e+00
      vertex -8.287240e+01 9.972046e+00 1.500000e+01
      vertex -8.287240e+01 9.972046e+00 0.000000e+00
    endloop
  endfacet
  facet normal 2.588190e-01 -9.659258e-01 5.361965e-17
    outer loop
      vertex -8.287240e+01 9.972046e+00 1.500000e+01
      vertex -8.119007e+01 1.019360e+01 0.000000e+00
      vertex -8.119007e+01 1.019360e+01 1.500000e+01
    endloop
  endfacet
  facet normal -2.588190e-01 -9.659258e-01 5.361965e-17
    outer loop
      vertex -7.950774e+01 9.972046e+00 0.000000e+00
      vertex -8.119007e+01 1.019360e+01 1.500000e+01
      vertex -8.119007e+01 1.019360e+01 0.000000e+00
    endloop
  endfacet
  facet normal -1.305262e-01 -9.914449e-01 5.503625e-17
    outer loop
      vertex -8.119007e+01 1.019360e+01 1.500000e+01
      vertex -7.950774e+01 9.972046e+00 0.000000e+00
      vertex -7.950774e+01 9.972046e+00 1.500000e+01
    endloop
  endfacet
  facet normal -5.000000e-01 -8.660254e-01 4.807407e-17
    outer loop
      vertex -7.794007e+01 9.322754e+00 0.000000e+00
      vertex -7.950774e+01 9.972046e+00 1.500000e+01
      vertex -7.950774e+01 9.972046e+00 0.000000e+00
    endloop
  endfacet
  facet normal -2.588190e-01 -9.659258e-01 5.361965e-17
    outer loop
      vertex -7.950774e+01 9.972046e+00 1.500000e+01
      vertex -7.794007e+01 9.322754e+00 0.000000e+00
      vertex -7.794007e+01 9.322754e+00 1.500000e+01
    endloop
  endfacet
  facet normal -7.071068e-01 -7.071068e-01 3.925231e-17
    outer loop
      vertex -7.659388e+01 8.289795e+00 0.000000e+00
      vertex -7.794007e+01 9.322754e+00 1.500000e+01
      vertex -7.794007e+01 9.322754e+00 0.000000e+00
    endloop
  endfacet
  facet normal -5.000000e-01 -8.660254e-01 4.807407e-17
    outer loop
      vertex -7.794007e+01 9.322754e+00 1.500000e+01
      vertex -7.659388e+01 8.289795e+00 0.000000e+00
      vertex -7.659388e+01 8.289795e+00 1.500000e+01
    endloop
  endfacet
  facet normal -7.071068e-01 -7.071068e-01 3.925231e-17
    outer loop
      vertex -7.659388e+01 8.289795e+00 0.000000e+00
      vertex -7.556091e+01 6.943604e+00 1.500000e+01
      vertex -7.659388e+01 8.289795e+00 1.500000e+01
    endloop
  endfacet
  facet normal -8.660254e-01 -5.000000e-01 2.775558e-17
    outer loop
      vertex -7.556091e+01 6.943604e+00 1.500000e+01
      vertex -7.659388e+01 8.289795e+00 0.000000e+00
      vertex -7.556091e+01 6.943604e+00 0.000000e+00
    endloop
  endfacet
  facet normal -8.660254e-01 -5.000000e-01 2.775558e-17
    outer loop
      vertex -7.556091e+01 6.943604e+00 0.000000e+00
      vertex -7.491155e+01 5.375854e+00 1.500000e+01
      vertex -7.556091e+01 6.943604e+00 1.500000e+01
    endloop
  endfacet
  facet normal -9.659258e-01 -2.588190e-01 1.436734e-17
    outer loop
      vertex -7.491155e+01 5.375854e+00 1.500000e+01
      vertex -7.556091e+01 6.943604e+00 0.000000e+00
      vertex -7.491155e+01 5.375854e+00 0.000000e+00
    endloop
  endfacet
  facet normal -9.659258e-01 -2.588190e-01 1.436734e-17
    outer loop
      vertex -7.491155e+01 5.375854e+00 0.000000e+00
      vertex -7.469007e+01 3.693604e+00 1.500000e+01
      vertex -7.491155e+01 5.375854e+00 1.500000e+01
    endloop
  endfacet
  facet normal -9.914449e-01 -1.305262e-01 7.245659e-18
    outer loop
      vertex -7.469007e+01 3.693604e+00 1.500000e+01
      vertex -7.491155e+01 5.375854e+00 0.000000e+00
      vertex -7.469007e+01 3.693604e+00 0.000000e+00
    endloop
  endfacet
  facet normal 1.000000e+00 2.335717e-14 -1.299982e-30
    outer loop
      vertex 2.680993e+01 7.793579e+00 0.000000e+00
      vertex 2.687807e+01 8.311279e+00 1.500000e+01
      vertex 2.680993e+01 7.793579e+00 1.500000e+01
    endloop
  endfacet
  facet normal 9.659258e-01 -2.588190e-01 1.436734e-17
    outer loop
      vertex 2.687807e+01 8.311279e+00 1.500000e+01
      vertex 2.680993e+01 7.793579e+00 0.000000e+00
      vertex 2.687807e+01 8.311279e+00 0.000000e+00
    endloop
  endfacet
  facet normal -5.532022e-01 -8.330470e-01 4.624340e-17
    outer loop
      vertex -9.861027e+01 1.094312e+01 0.000000e+00
      vertex -9.896195e+01 1.111536e+01 1.500000e+01
      vertex -9.896195e+01 1.111536e+01 0.000000e+00
    endloop
  endfacet
  facet normal -3.187439e-01 -9.478409e-01 5.261574e-17
    outer loop
      vertex -9.896195e+01 1.111536e+01 1.500000e+01
      vertex -9.861027e+01 1.094312e+01 0.000000e+00
      vertex -9.861027e+01 1.094312e+01 1.500000e+01
    endloop
  endfacet
  facet normal 9.659258e-01 -2.588190e-01 1.436734e-17
    outer loop
      vertex 2.687807e+01 8.311279e+00 0.000000e+00
      vertex 2.707787e+01 8.793579e+00 1.500000e+01
      vertex 2.687807e+01 8.311279e+00 1.500000e+01
    endloop
  endfacet
  facet normal 8.660254e-01 -5.000000e-01 2.775558e-17
    outer loop
      vertex 2.707787e+01 8.793579e+00 1.500000e+01
      vertex 2.687807e+01 8.311279e+00 0.000000e+00
      vertex 2.707787e+01 8.793579e+00 0.000000e+00
    endloop
  endfacet
  facet normal -7.499607e-01 -6.614823e-01 3.671965e-17
    outer loop
      vertex -9.831513e+01 1.068579e+01 0.000000e+00
      vertex -9.861027e+01 1.094312e+01 1.500000e+01
      vertex -9.861027e+01 1.094312e+01 0.000000e+00
    endloop
  endfacet
  facet normal -5.532022e-01 -8.330470e-01 4.624340e-17
    outer loop
      vertex -9.861027e+01 1.094312e+01 1.500000e+01
      vertex -9.831513e+01 1.068579e+01 0.000000e+00
      vertex -9.831513e+01 1.068579e+01 1.500000e+01
    endloop
  endfacet
  facet normal -7.499607e-01 -6.614823e-01 3.671965e-17
    outer loop
      vertex -9.831513e+01 1.068579e+01 0.000000e+00
      vertex -9.809666e+01 1.036084e+01 1.500000e+01
      vertex -9.831513e+01 1.068579e+01 1.500000e+01
    endloop
  endfacet
  facet normal -8.956107e-01 -4.448387e-01 2.469351e-17
    outer loop
      vertex -9.809666e+01 1.036084e+01 1.500000e+01
      vertex -9.831513e+01 1.068579e+01 0.000000e+00
      vertex -9.809666e+01 1.036084e+01 0.000000e+00
    endloop
  endfacet
  facet normal 1.978801e-01 -9.802262e-01 5.441349e-17
    outer loop
      vertex -9.973689e+01 1.116394e+01 0.000000e+00
      vertex -1.001073e+02 1.103699e+01 1.500000e+01
      vertex -1.001073e+02 1.103699e+01 0.000000e+00
    endloop
  endfacet
  facet normal 4.448387e-01 -8.956107e-01 4.971638e-17
    outer loop
      vertex -1.001073e+02 1.103699e+01 1.500000e+01
      vertex -9.973689e+01 1.116394e+01 0.000000e+00
      vertex -9.973689e+01 1.116394e+01 1.500000e+01
    endloop
  endfacet
  facet normal 8.660254e-01 -5.000000e-01 2.775558e-17
    outer loop
      vertex 2.707787e+01 8.793579e+00 0.000000e+00
      vertex 2.739571e+01 9.207764e+00 1.500000e+01
      vertex 2.707787e+01 8.793579e+00 1.500000e+01
    endloop
  endfacet
  facet normal 7.071068e-01 -7.071068e-01 3.925231e-17
    outer loop
      vertex 2.739571e+01 9.207764e+00 1.500000e+01
      vertex 2.707787e+01 8.793579e+00 0.000000e+00
      vertex 2.739571e+01 9.207764e+00 0.000000e+00
    endloop
  endfacet
  facet normal -8.956107e-01 -4.448387e-01 2.469351e-17
    outer loop
      vertex -9.809666e+01 1.036084e+01 0.000000e+00
      vertex -9.796973e+01 9.990356e+00 1.500000e+01
      vertex -9.809666e+01 1.036084e+01 1.500000e+01
    endloop
  endfacet
  facet normal -9.802262e-01 -1.978801e-01 1.098455e-17
    outer loop
      vertex -9.796973e+01 9.990356e+00 1.500000e+01
      vertex -9.809666e+01 1.036084e+01 0.000000e+00
      vertex -9.796973e+01 9.990356e+00 0.000000e+00
    endloop
  endfacet
  facet normal -9.802262e-01 -1.978801e-01 1.098455e-17
    outer loop
      vertex -9.796973e+01 9.990356e+00 0.000000e+00
      vertex -9.794301e+01 9.599731e+00 1.500000e+01
      vertex -9.796973e+01 9.990356e+00 1.500000e+01
    endloop
  endfacet
  facet normal -9.980410e-01 6.256369e-02 -3.472982e-18
    outer loop
      vertex -9.794301e+01 9.599731e+00 1.500000e+01
      vertex -9.796973e+01 9.990356e+00 0.000000e+00
      vertex -9.794301e+01 9.599731e+00 0.000000e+00
    endloop
  endfacet
  facet normal -9.980410e-01 6.256369e-02 -3.472982e-18
    outer loop
      vertex -9.794301e+01 9.599731e+00 0.000000e+00
      vertex -9.801831e+01 9.215454e+00 1.500000e+01
      vertex -9.794301e+01 9.599731e+00 1.500000e+01
    endloop
  endfacet
  facet normal -9.478409e-01 3.187439e-01 -1.769384e-17
    outer loop
      vertex -9.801831e+01 9.215454e+00 1.500000e+01
      vertex -9.794301e+01 9.599731e+00 0.000000e+00
      vertex -9.801831e+01 9.215454e+00 0.000000e+00
    endloop
  endfacet
  facet normal -6.123234e-17 -1.000000e+00 5.551115e-17
    outer loop
      vertex 2.880993e+01 9.793579e+00 0.000000e+00
      vertex 2.829229e+01 9.725464e+00 1.500000e+01
      vertex 2.829229e+01 9.725464e+00 0.000000e+00
    endloop
  endfacet
  facet normal 2.588190e-01 -9.659258e-01 5.361965e-17
    outer loop
      vertex 2.829229e+01 9.725464e+00 1.500000e+01
      vertex 2.880993e+01 9.793579e+00 0.000000e+00
      vertex 2.880993e+01 9.793579e+00 1.500000e+01
    endloop
  endfacet
  facet normal -2.588190e-01 -9.659258e-01 5.361965e-17
    outer loop
      vertex 2.932757e+01 9.725464e+00 0.000000e+00
      vertex 2.880993e+01 9.793579e+00 1.500000e+01
      vertex 2.880993e+01 9.793579e+00 0.000000e+00
    endloop
  endfacet
  facet normal -6.123234e-17 -1.000000e+00 5.551115e-17
    outer loop
      vertex 2.880993e+01 9.793579e+00 1.500000e+01
      vertex 2.932757e+01 9.725464e+00 0.000000e+00
      vertex 2.932757e+01 9.725464e+00 1.500000e+01
    endloop
  endfacet
  facet normal -5.000000e-01 -8.660254e-01 4.807407e-17
    outer loop
      vertex 2.980993e+01 9.525635e+00 0.000000e+00
      vertex 2.932757e+01 9.725464e+00 1.500000e+01
      vertex 2.932757e+01 9.725464e+00 0.000000e+00
    endloop
  endfacet
  facet normal -2.588190e-01 -9.659258e-01 5.361965e-17
    outer loop
      vertex 2.932757e+01 9.725464e+00 1.500000e+01
      vertex 2.980993e+01 9.525635e+00 0.000000e+00
      vertex 2.980993e+01 9.525635e+00 1.500000e+01
    endloop
  endfacet
  facet normal -7.071068e-01 -7.071068e-01 3.925231e-17
    outer loop
      vertex 3.022414e+01 9.207764e+00 0.000000e+00
      vertex 2.980993e+01 9.525635e+00 1.500000e+01
      vertex 2.980993e+01 9.525635e+00 0.000000e+00
    endloop
  endfacet
  facet normal -5.000000e-01 -8.660254e-01 4.807407e-17
    outer loop
      vertex 2.980993e+01 9.525635e+00 1.500000e+01
      vertex 3.022414e+01 9.207764e+00 0.000000e+00
      vertex 3.022414e+01 9.207764e+00 1.500000e+01
    endloop
  endfacet
  facet normal -9.478409e-01 3.187439e-01 -1.769384e-17
    outer loop
      vertex -9.801831e+01 9.215454e+00 0.000000e+00
      vertex -9.819050e+01 8.863770e+00 1.500000e+01
      vertex -9.801831e+01 9.215454e+00 1.500000e+01
    endloop
  endfacet
  facet normal -8.330470e-01 5.532022e-01 -3.070889e-17
    outer loop
      vertex -9.819050e+01 8.863770e+00 1.500000e+01
      vertex -9.801831e+01 9.215454e+00 0.000000e+00
      vertex -9.819050e+01 8.863770e+00 0.000000e+00
    endloop
  endfacet
  facet normal -7.071068e-01 -7.071068e-01 3.925231e-17
    outer loop
      vertex 3.022414e+01 9.207764e+00 0.000000e+00
      vertex 3.054198e+01 8.793579e+00 1.500000e+01
      vertex 3.022414e+01 9.207764e+00 1.500000e+01
    endloop
  endfacet
  facet normal -8.660254e-01 -5.000000e-01 2.775558e-17
    outer loop
      vertex 3.054198e+01 8.793579e+00 1.500000e+01
      vertex 3.022414e+01 9.207764e+00 0.000000e+00
      vertex 3.054198e+01 8.793579e+00 0.000000e+00
    endloop
  endfacet
  facet normal -8.660254e-01 -5.000000e-01 2.775558e-17
    outer loop
      vertex 3.054198e+01 8.793579e+00 0.000000e+00
      vertex 3.074178e+01 8.311279e+00 1.500000e+01
      vertex 3.054198e+01 8.793579e+00 1.500000e+01
    endloop
  endfacet
  facet normal -9.659258e-01 -2.588190e-01 1.436734e-17
    outer loop
      vertex 3.074178e+01 8.311279e+00 1.500000e+01
      vertex 3.054198e+01 8.793579e+00 0.000000e+00
      vertex 3.074178e+01 8.311279e+00 0.000000e+00
    endloop
  endfacet
  facet normal -9.659258e-01 -2.588190e-01 1.436734e-17
    outer loop
      vertex 3.074178e+01 8.311279e+00 0.000000e+00
      vertex 3.080993e+01 7.793579e+00 1.500000e+01
      vertex 3.074178e+01 8.311279e+00 1.500000e+01
    endloop
  endfacet
  facet normal -1.000000e+00 -2.335717e-14 1.299982e-30
    outer loop
      vertex 3.080993e+01 7.793579e+00 1.500000e+01
      vertex 3.074178e+01 8.311279e+00 0.000000e+00
      vertex 3.080993e+01 7.793579e+00 0.000000e+00
    endloop
  endfacet
  facet normal -1.000000e+00 -1.935608e-14 1.077877e-30
    outer loop
      vertex 3.080993e+01 7.793579e+00 0.000000e+00
      vertex 3.074178e+01 7.276001e+00 1.500000e+01
      vertex 3.080993e+01 7.793579e+00 1.500000e+01
    endloop
  endfacet
  facet normal -9.659258e-01 2.588190e-01 -1.436734e-17
    outer loop
      vertex 3.074178e+01 7.276001e+00 1.500000e+01
      vertex 3.080993e+01 7.793579e+00 0.000000e+00
      vertex 3.074178e+01 7.276001e+00 0.000000e+00
    endloop
  endfacet
  facet normal -9.659258e-01 2.588190e-01 -1.436734e-17
    outer loop
      vertex 3.074178e+01 7.276001e+00 0.000000e+00
      vertex 3.054198e+01 6.793579e+00 1.500000e+01
      vertex 3.074178e+01 7.276001e+00 1.500000e+01
    endloop
  endfacet
  facet normal -8.660254e-01 5.000000e-01 -2.775558e-17
    outer loop
      vertex 3.054198e+01 6.793579e+00 1.500000e+01
      vertex 3.074178e+01 7.276001e+00 0.000000e+00
      vertex 3.054198e+01 6.793579e+00 0.000000e+00
    endloop
  endfacet
  facet normal -8.330470e-01 5.532022e-01 -3.070889e-17
    outer loop
      vertex -9.819050e+01 8.863770e+00 0.000000e+00
      vertex -9.844785e+01 8.568604e+00 1.500000e+01
      vertex -9.819050e+01 8.863770e+00 1.500000e+01
    endloop
  endfacet
  facet normal -6.614823e-01 7.499607e-01 -4.163118e-17
    outer loop
      vertex -9.844785e+01 8.568604e+00 1.500000e+01
      vertex -9.819050e+01 8.863770e+00 0.000000e+00
      vertex -9.844785e+01 8.568604e+00 0.000000e+00
    endloop
  endfacet
  facet normal -6.614823e-01 7.499607e-01 -4.163118e-17
    outer loop
      vertex -9.844785e+01 8.568604e+00 1.500000e+01
      vertex -9.877281e+01 8.350220e+00 0.000000e+00
      vertex -9.877281e+01 8.350220e+00 1.500000e+01
    endloop
  endfacet
  facet normal -4.448387e-01 8.956107e-01 -4.971638e-17
    outer loop
      vertex -9.877281e+01 8.350220e+00 0.000000e+00
      vertex -9.844785e+01 8.568604e+00 1.500000e+01
      vertex -9.844785e+01 8.568604e+00 0.000000e+00
    endloop
  endfacet
  facet normal -8.660254e-01 5.000000e-01 -2.775558e-17
    outer loop
      vertex 3.054198e+01 6.793579e+00 0.000000e+00
      vertex 3.022414e+01 6.379395e+00 1.500000e+01
      vertex 3.054198e+01 6.793579e+00 1.500000e+01
    endloop
  endfacet
  facet normal -7.071068e-01 7.071068e-01 -3.925231e-17
    outer loop
      vertex 3.022414e+01 6.379395e+00 1.500000e+01
      vertex 3.054198e+01 6.793579e+00 0.000000e+00
      vertex 3.022414e+01 6.379395e+00 0.000000e+00
    endloop
  endfacet
  facet normal -7.071068e-01 7.071068e-01 -3.925231e-17
    outer loop
      vertex 3.022414e+01 6.379395e+00 1.500000e+01
      vertex 2.980993e+01 6.061523e+00 0.000000e+00
      vertex 2.980993e+01 6.061523e+00 1.500000e+01
    endloop
  endfacet
  facet normal -5.000000e-01 8.660254e-01 -4.807407e-17
    outer loop
      vertex 2.980993e+01 6.061523e+00 0.000000e+00
      vertex 3.022414e+01 6.379395e+00 1.500000e+01
      vertex 3.022414e+01 6.379395e+00 0.000000e+00
    endloop
  endfacet
  facet normal -5.000000e-01 8.660254e-01 -4.807407e-17
    outer loop
      vertex 2.980993e+01 6.061523e+00 1.500000e+01
      vertex 2.932757e+01 5.861694e+00 0.000000e+00
      vertex 2.932757e+01 5.861694e+00 1.500000e+01
    endloop
  endfacet
  facet normal -2.588190e-01 9.659258e-01 -5.361965e-17
    outer loop
      vertex 2.932757e+01 5.861694e+00 0.000000e+00
      vertex 2.980993e+01 6.061523e+00 1.500000e+01
      vertex 2.980993e+01 6.061523e+00 0.000000e+00
    endloop
  endfacet
  facet normal -2.588190e-01 9.659258e-01 -5.361965e-17
    outer loop
      vertex 2.932757e+01 5.861694e+00 1.500000e+01
      vertex 2.880993e+01 5.793579e+00 0.000000e+00
      vertex 2.880993e+01 5.793579e+00 1.500000e+01
    endloop
  endfacet
  facet normal 6.123234e-17 1.000000e+00 -5.551115e-17
    outer loop
      vertex 2.880993e+01 5.793579e+00 0.000000e+00
      vertex 2.932757e+01 5.861694e+00 1.500000e+01
      vertex 2.932757e+01 5.861694e+00 0.000000e+00
    endloop
  endfacet
  facet normal 6.123234e-17 1.000000e+00 -5.551115e-17
    outer loop
      vertex 2.880993e+01 5.793579e+00 1.500000e+01
      vertex 2.829229e+01 5.861694e+00 0.000000e+00
      vertex 2.829229e+01 5.861694e+00 1.500000e+01
    endloop
  endfacet
  facet normal 2.588190e-01 9.659258e-01 -5.361965e-17
    outer loop
      vertex 2.829229e+01 5.861694e+00 0.000000e+00
      vertex 2.880993e+01 5.793579e+00 1.500000e+01
      vertex 2.880993e+01 5.793579e+00 0.000000e+00
    endloop
  endfacet
  facet normal 2.588190e-01 9.659258e-01 -5.361965e-17
    outer loop
      vertex 2.829229e+01 5.861694e+00 1.500000e+01
      vertex 2.780993e+01 6.061523e+00 0.000000e+00
      vertex 2.780993e+01 6.061523e+00 1.500000e+01
    endloop
  endfacet
  facet normal 5.000000e-01 8.660254e-01 -4.807407e-17
    outer loop
      vertex 2.780993e+01 6.061523e+00 0.000000e+00
      vertex 2.829229e+01 5.861694e+00 1.500000e+01
      vertex 2.829229e+01 5.861694e+00 0.000000e+00
    endloop
  endfacet
  facet normal 5.000000e-01 8.660254e-01 -4.807407e-17
    outer loop
      vertex 2.780993e+01 6.061523e+00 1.500000e+01
      vertex 2.739571e+01 6.379395e+00 0.000000e+00
      vertex 2.739571e+01 6.379395e+00 1.500000e+01
    endloop
  endfacet
  facet normal 7.071068e-01 7.071068e-01 -3.925231e-17
    outer loop
      vertex 2.739571e+01 6.379395e+00 0.000000e+00
      vertex 2.780993e+01 6.061523e+00 1.500000e+01
      vertex 2.780993e+01 6.061523e+00 0.000000e+00
    endloop
  endfacet
  facet normal 7.071068e-01 7.071068e-01 -3.925231e-17
    outer loop
      vertex 2.739571e+01 6.379395e+00 0.000000e+00
      vertex 2.707787e+01 6.793579e+00 1.500000e+01
      vertex 2.739571e+01 6.379395e+00 1.500000e+01
    endloop
  endfacet
  facet normal 8.660254e-01 5.000000e-01 -2.775558e-17
    outer loop
      vertex 2.707787e+01 6.793579e+00 1.500000e+01
      vertex 2.739571e+01 6.379395e+00 0.000000e+00
      vertex 2.707787e+01 6.793579e+00 0.000000e+00
    endloop
  endfacet
  facet normal 8.660254e-01 5.000000e-01 -2.775558e-17
    outer loop
      vertex 2.707787e+01 6.793579e+00 0.000000e+00
      vertex 2.687807e+01 7.276001e+00 1.500000e+01
      vertex 2.707787e+01 6.793579e+00 1.500000e+01
    endloop
  endfacet
  facet normal 9.659258e-01 2.588190e-01 -1.436734e-17
    outer loop
      vertex 2.687807e+01 7.276001e+00 1.500000e+01
      vertex 2.707787e+01 6.793579e+00 0.000000e+00
      vertex 2.687807e+01 7.276001e+00 0.000000e+00
    endloop
  endfacet
  facet normal 9.659258e-01 2.588190e-01 -1.436734e-17
    outer loop
      vertex 2.687807e+01 7.276001e+00 0.000000e+00
      vertex 2.680993e+01 7.793579e+00 1.500000e+01
      vertex 2.687807e+01 7.276001e+00 1.500000e+01
    endloop
  endfacet
  facet normal 1.000000e+00 1.935608e-14 -1.077877e-30
    outer loop
      vertex 2.680993e+01 7.793579e+00 1.500000e+01
      vertex 2.687807e+01 7.276001e+00 0.000000e+00
      vertex 2.680993e+01 7.793579e+00 0.000000e+00
    endloop
  endfacet
  facet normal 5.000000e-01 -8.660254e-01 4.807407e-17
    outer loop
      vertex 2.780993e+01 9.525635e+00 0.000000e+00
      vertex 2.739571e+01 9.207764e+00 1.500000e+01
      vertex 2.739571e+01 9.207764e+00 0.000000e+00
    endloop
  endfacet
  facet normal 7.071068e-01 -7.071068e-01 3.925231e-17
    outer loop
      vertex 2.739571e+01 9.207764e+00 1.500000e+01
      vertex 2.780993e+01 9.525635e+00 0.000000e+00
      vertex 2.780993e+01 9.525635e+00 1.500000e+01
    endloop
  endfacet
  facet normal 2.588190e-01 -9.659258e-01 5.361965e-17
    outer loop
      vertex 2.829229e+01 9.725464e+00 0.000000e+00
      vertex 2.780993e+01 9.525635e+00 1.500000e+01
      vertex 2.780993e+01 9.525635e+00 0.000000e+00
    endloop
  endfacet
  facet normal 5.000000e-01 -8.660254e-01 4.807407e-17
    outer loop
      vertex 2.780993e+01 9.525635e+00 1.500000e+01
      vertex 2.829229e+01 9.725464e+00 0.000000e+00
      vertex 2.829229e+01 9.725464e+00 1.500000e+01
    endloop
  endfacet
  facet normal 8.330470e-01 -5.532022e-01 3.070889e-17
    outer loop
      vertex -1.006896e+02 1.052344e+01 0.000000e+00
      vertex -1.004323e+02 1.081848e+01 1.500000e+01
      vertex -1.006896e+02 1.052344e+01 1.500000e+01
    endloop
  endfacet
  facet normal 6.614823e-01 -7.499607e-01 4.163118e-17
    outer loop
      vertex -1.004323e+02 1.081848e+01 1.500000e+01
      vertex -1.006896e+02 1.052344e+01 0.000000e+00
      vertex -1.004323e+02 1.081848e+01 0.000000e+00
    endloop
  endfacet
  facet normal 4.448387e-01 -8.956107e-01 4.971638e-17
    outer loop
      vertex -1.001073e+02 1.103699e+01 0.000000e+00
      vertex -1.004323e+02 1.081848e+01 1.500000e+01
      vertex -1.004323e+02 1.081848e+01 0.000000e+00
    endloop
  endfacet
  facet normal 6.614823e-01 -7.499607e-01 4.163118e-17
    outer loop
      vertex -1.004323e+02 1.081848e+01 1.500000e+01
      vertex -1.001073e+02 1.103699e+01 0.000000e+00
      vertex -1.001073e+02 1.103699e+01 1.500000e+01
    endloop
  endfacet
  facet normal -6.256369e-02 -9.980410e-01 5.540240e-17
    outer loop
      vertex -9.934622e+01 1.119067e+01 0.000000e+00
      vertex -9.973689e+01 1.116394e+01 1.500000e+01
      vertex -9.973689e+01 1.116394e+01 0.000000e+00
    endloop
  endfacet
  facet normal 1.978801e-01 -9.802262e-01 5.441349e-17
    outer loop
      vertex -9.973689e+01 1.116394e+01 1.500000e+01
      vertex -9.934622e+01 1.119067e+01 0.000000e+00
      vertex -9.934622e+01 1.119067e+01 1.500000e+01
    endloop
  endfacet
  facet normal -3.187439e-01 -9.478409e-01 5.261574e-17
    outer loop
      vertex -9.896195e+01 1.111536e+01 0.000000e+00
      vertex -9.934622e+01 1.119067e+01 1.500000e+01
      vertex -9.934622e+01 1.119067e+01 0.000000e+00
    endloop
  endfacet
  facet normal -6.256369e-02 -9.980410e-01 5.540240e-17
    outer loop
      vertex -9.934622e+01 1.119067e+01 1.500000e+01
      vertex -9.896195e+01 1.111536e+01 0.000000e+00
      vertex -9.896195e+01 1.111536e+01 1.500000e+01
    endloop
  endfacet
  facet normal -4.448387e-01 8.956107e-01 -4.971638e-17
    outer loop
      vertex -9.877281e+01 8.350220e+00 1.500000e+01
      vertex -9.914325e+01 8.223267e+00 0.000000e+00
      vertex -9.914325e+01 8.223267e+00 1.500000e+01
    endloop
  endfacet
  facet normal -1.978801e-01 9.802262e-01 -5.441349e-17
    outer loop
      vertex -9.914325e+01 8.223267e+00 0.000000e+00
      vertex -9.877281e+01 8.350220e+00 1.500000e+01
      vertex -9.877281e+01 8.350220e+00 0.000000e+00
    endloop
  endfacet
  facet normal -1.978801e-01 9.802262e-01 -5.441349e-17
    outer loop
      vertex -9.914325e+01 8.223267e+00 1.500000e+01
      vertex -9.953392e+01 8.196533e+00 0.000000e+00
      vertex -9.953392e+01 8.196533e+00 1.500000e+01
    endloop
  endfacet
  facet normal 6.256369e-02 9.980410e-01 -5.540240e-17
    outer loop
      vertex -9.953392e+01 8.196533e+00 0.000000e+00
      vertex -9.914325e+01 8.223267e+00 1.500000e+01
      vertex -9.914325e+01 8.223267e+00 0.000000e+00
    endloop
  endfacet
  facet normal 6.256369e-02 9.980410e-01 -5.540240e-17
    outer loop
      vertex -9.953392e+01 8.196533e+00 1.500000e+01
      vertex -9.991819e+01 8.271851e+00 0.000000e+00
      vertex -9.991819e+01 8.271851e+00 1.500000e+01
    endloop
  endfacet
  facet normal 3.187439e-01 9.478409e-01 -5.261574e-17
    outer loop
      vertex -9.991819e+01 8.271851e+00 0.000000e+00
      vertex -9.953392e+01 8.196533e+00 1.500000e+01
      vertex -9.953392e+01 8.196533e+00 0.000000e+00
    endloop
  endfacet
  facet normal 3.187439e-01 9.478409e-01 -5.261574e-17
    outer loop
      vertex -9.991819e+01 8.271851e+00 1.500000e+01
      vertex -1.002699e+02 8.443970e+00 0.000000e+00
      vertex -1.002699e+02 8.443970e+00 1.500000e+01
    endloop
  endfacet
  facet normal 5.532022e-01 8.330470e-01 -4.624340e-17
    outer loop
      vertex -1.002699e+02 8.443970e+00 0.000000e+00
      vertex -9.991819e+01 8.271851e+00 1.500000e+01
      vertex -9.991819e+01 8.271851e+00 0.000000e+00
    endloop
  endfacet
  facet normal 5.532022e-01 8.330470e-01 -4.624340e-17
    outer loop
      vertex -1.002699e+02 8.443970e+00 1.500000e+01
      vertex -1.005650e+02 8.701416e+00 0.000000e+00
      vertex -1.005650e+02 8.701416e+00 1.500000e+01
    endloop
  endfacet
  facet normal 7.499607e-01 6.614823e-01 -3.671965e-17
    outer loop
      vertex -1.005650e+02 8.701416e+00 0.000000e+00
      vertex -1.002699e+02 8.443970e+00 1.500000e+01
      vertex -1.002699e+02 8.443970e+00 0.000000e+00
    endloop
  endfacet
  facet normal 7.499607e-01 6.614823e-01 -3.671965e-17
    outer loop
      vertex -1.005650e+02 8.701416e+00 0.000000e+00
      vertex -1.007835e+02 9.026367e+00 1.500000e+01
      vertex -1.005650e+02 8.701416e+00 1.500000e+01
    endloop
  endfacet
  facet normal 8.956107e-01 4.448387e-01 -2.469351e-17
    outer loop
      vertex -1.007835e+02 9.026367e+00 1.500000e+01
      vertex -1.005650e+02 8.701416e+00 0.000000e+00
      vertex -1.007835e+02 9.026367e+00 0.000000e+00
    endloop
  endfacet
  facet normal 8.956107e-01 4.448387e-01 -2.469351e-17
    outer loop
      vertex -1.007835e+02 9.026367e+00 0.000000e+00
      vertex -1.009104e+02 9.396729e+00 1.500000e+01
      vertex -1.007835e+02 9.026367e+00 1.500000e+01
    endloop
  endfacet
  facet normal 9.802262e-01 1.978801e-01 -1.098455e-17
    outer loop
      vertex -1.009104e+02 9.396729e+00 1.500000e+01
      vertex -1.007835e+02 9.026367e+00 0.000000e+00
      vertex -1.009104e+02 9.396729e+00 0.000000e+00
    endloop
  endfacet
  facet normal 9.802262e-01 1.978801e-01 -1.098455e-17
    outer loop
      vertex -1.009104e+02 9.396729e+00 0.000000e+00
      vertex -1.009371e+02 9.787476e+00 1.500000e+01
      vertex -1.009104e+02 9.396729e+00 1.500000e+01
    endloop
  endfacet
  facet normal 9.980410e-01 -6.256369e-02 3.472982e-18
    outer loop
      vertex -1.009371e+02 9.787476e+00 1.500000e+01
      vertex -1.009104e+02 9.396729e+00 0.000000e+00
      vertex -1.009371e+02 9.787476e+00 0.000000e+00
    endloop
  endfacet
  facet normal 9.980410e-01 -6.256369e-02 3.472982e-18
    outer loop
      vertex -1.009371e+02 9.787476e+00 0.000000e+00
      vertex -1.008618e+02 1.017175e+01 1.500000e+01
      vertex -1.009371e+02 9.787476e+00 1.500000e+01
    endloop
  endfacet
  facet normal 9.478409e-01 -3.187439e-01 1.769384e-17
    outer loop
      vertex -1.008618e+02 1.017175e+01 1.500000e+01
      vertex -1.009371e+02 9.787476e+00 0.000000e+00
      vertex -1.008618e+02 1.017175e+01 0.000000e+00
    endloop
  endfacet
  facet normal 9.478409e-01 -3.187439e-01 1.769384e-17
    outer loop
      vertex -1.008618e+02 1.017175e+01 0.000000e+00
      vertex -1.006896e+02 1.052344e+01 1.500000e+01
      vertex -1.008618e+02 1.017175e+01 1.500000e+01
    endloop
  endfacet
  facet normal 8.330470e-01 -5.532022e-01 3.070889e-17
    outer loop
      vertex -1.006896e+02 1.052344e+01 1.500000e+01
      vertex -1.008618e+02 1.017175e+01 0.000000e+00
      vertex -1.006896e+02 1.052344e+01 0.000000e+00
    endloop
  endfacet
  facet normal 9.786401e-01 -2.055808e-01 1.141203e-17
    outer loop
      vertex 1.046901e+02 -2.110645e+01 0.000000e+00
      vertex 1.048584e+02 -2.030493e+01 1.500000e+01
      vertex 1.046901e+02 -2.110645e+01 1.500000e+01
    endloop
  endfacet
  facet normal 9.664841e-01 -2.567264e-01 1.425118e-17
    outer loop
      vertex 1.048584e+02 -2.030493e+01 1.500000e+01
      vertex 1.046901e+02 -2.110645e+01 0.000000e+00
      vertex 1.048584e+02 -2.030493e+01 0.000000e+00
    endloop
  endfacet
  facet normal 9.664841e-01 -2.567264e-01 1.425118e-17
    outer loop
      vertex 1.048584e+02 -2.030493e+01 0.000000e+00
      vertex 1.051100e+02 -1.952563e+01 1.500000e+01
      vertex 1.048584e+02 -2.030493e+01 1.500000e+01
    endloop
  endfacet
  facet normal 9.341999e-01 -3.567499e-01 1.980360e-17
    outer loop
      vertex 1.051100e+02 -1.952563e+01 1.500000e+01
      vertex 1.048584e+02 -2.030493e+01 0.000000e+00
      vertex 1.051100e+02 -1.952563e+01 0.000000e+00
    endloop
  endfacet
  facet normal 9.341999e-01 -3.567499e-01 1.980360e-17
    outer loop
      vertex 1.051100e+02 -1.952563e+01 0.000000e+00
      vertex 1.054419e+02 -1.877698e+01 1.500000e+01
      vertex 1.051100e+02 -1.952563e+01 1.500000e+01
    endloop
  endfacet
  facet normal 8.915957e-01 -4.528323e-01 2.513724e-17
    outer loop
      vertex 1.054419e+02 -1.877698e+01 1.500000e+01
      vertex 1.051100e+02 -1.952563e+01 0.000000e+00
      vertex 1.054419e+02 -1.877698e+01 0.000000e+00
    endloop
  endfacet
  facet normal 8.915957e-01 -4.528323e-01 2.513724e-17
    outer loop
      vertex 1.054419e+02 -1.877698e+01 0.000000e+00
      vertex 1.058506e+02 -1.806726e+01 1.500000e+01
      vertex 1.054419e+02 -1.877698e+01 1.500000e+01
    endloop
  endfacet
  facet normal 8.391421e-01 -5.439123e-01 3.019320e-17
    outer loop
      vertex 1.058506e+02 -1.806726e+01 1.500000e+01
      vertex 1.054419e+02 -1.877698e+01 0.000000e+00
      vertex 1.058506e+02 -1.806726e+01 0.000000e+00
    endloop
  endfacet
  facet normal 8.391421e-01 -5.439123e-01 3.019320e-17
    outer loop
      vertex 1.058506e+02 -1.806726e+01 0.000000e+00
      vertex 1.063316e+02 -1.740442e+01 1.500000e+01
      vertex 1.058506e+02 -1.806726e+01 1.500000e+01
    endloop
  endfacet
  facet normal 7.774185e-01 -6.289837e-01 3.491561e-17
    outer loop
      vertex 1.063316e+02 -1.740442e+01 1.500000e+01
      vertex 1.058506e+02 -1.806726e+01 0.000000e+00
      vertex 1.063316e+02 -1.740442e+01 0.000000e+00
    endloop
  endfacet
  facet normal 7.774185e-01 -6.289837e-01 3.491561e-17
    outer loop
      vertex 1.063316e+02 -1.740442e+01 0.000000e+00
      vertex 1.068794e+02 -1.679578e+01 1.500000e+01
      vertex 1.063316e+02 -1.740442e+01 1.500000e+01
    endloop
  endfacet
  facet normal 7.071068e-01 -7.071068e-01 3.925231e-17
    outer loop
      vertex 1.068794e+02 -1.679578e+01 1.500000e+01
      vertex 1.063316e+02 -1.740442e+01 0.000000e+00
      vertex 1.068794e+02 -1.679578e+01 0.000000e+00
    endloop
  endfacet
  facet normal 6.289837e-01 -7.774185e-01 4.315540e-17
    outer loop
      vertex 1.074881e+02 -1.624792e+01 0.000000e+00
      vertex 1.068794e+02 -1.679578e+01 1.500000e+01
      vertex 1.068794e+02 -1.679578e+01 0.000000e+00
    endloop
  endfacet
  facet normal 7.071068e-01 -7.071068e-01 3.925231e-17
    outer loop
      vertex 1.068794e+02 -1.679578e+01 1.500000e+01
      vertex 1.074881e+02 -1.624792e+01 0.000000e+00
      vertex 1.074881e+02 -1.624792e+01 1.500000e+01
    endloop
  endfacet
  facet normal 3.399078e-33 5.551115e-17 1.000000e+00
    outer loop
      vertex 1.048584e+02 -2.030493e+01 1.500000e+01
      vertex -7.469007e+01 -2.110645e+01 1.500000e+01
      vertex 1.046901e+02 -2.110645e+01 1.500000e+01
    endloop
  endfacet
  facet normal 3.399078e-33 5.551115e-17 1.000000e+00
    outer loop
      vertex -7.469007e+01 -2.110645e+01 1.500000e+01
      vertex 1.048584e+02 -2.030493e+01 1.500000e+01
      vertex -7.491155e+01 -1.942407e+01 1.500000e+01
    endloop
  endfacet
  facet normal 3.399078e-33 5.551115e-17 1.000000e+00
    outer loop
      vertex -7.491155e+01 -1.942407e+01 1.500000e+01
      vertex 1.048584e+02 -2.030493e+01 1.500000e+01
      vertex 1.051100e+02 -1.952563e+01 1.500000e+01
    endloop
  endfacet
  facet normal 3.399078e-33 5.551115e-17 1.000000e+00
    outer loop
      vertex -7.491155e+01 -1.942407e+01 1.500000e+01
      vertex 1.051100e+02 -1.952563e+01 1.500000e+01
      vertex 1.054419e+02 -1.877698e+01 1.500000e+01
    endloop
  endfacet
  facet normal 3.399078e-33 5.551115e-17 1.000000e+00
    outer loop
      vertex -7.491155e+01 -1.942407e+01 1.500000e+01
      vertex 1.054419e+02 -1.877698e+01 1.500000e+01
      vertex 2.880993e+01 -1.900647e+01 1.500000e+01
    endloop
  endfacet
  facet normal 3.399078e-33 5.551115e-17 1.000000e+00
    outer loop
      vertex 2.880993e+01 -1.900647e+01 1.500000e+01
      vertex 1.054419e+02 -1.877698e+01 1.500000e+01
      vertex 2.932757e+01 -1.893823e+01 1.500000e+01
    endloop
  endfacet
  facet normal 3.399078e-33 5.551115e-17 1.000000e+00
    outer loop
      vertex 2.932757e+01 -1.893823e+01 1.500000e+01
      vertex 1.054419e+02 -1.877698e+01 1.500000e+01
      vertex 2.980993e+01 -1.873853e+01 1.500000e+01
    endloop
  endfacet
  facet normal 3.399078e-33 5.551115e-17 1.000000e+00
    outer loop
      vertex 2.980993e+01 -1.873853e+01 1.500000e+01
      vertex 1.054419e+02 -1.877698e+01 1.500000e+01
      vertex 1.058506e+02 -1.806726e+01 1.500000e+01
    endloop
  endfacet
  facet normal 3.399078e-33 5.551115e-17 1.000000e+00
    outer loop
      vertex 2.980993e+01 -1.873853e+01 1.500000e+01
      vertex 1.058506e+02 -1.806726e+01 1.500000e+01
      vertex 3.022414e+01 -1.842065e+01 1.500000e+01
    endloop
  endfacet
  facet normal 3.399078e-33 5.551115e-17 1.000000e+00
    outer loop
      vertex 3.022414e+01 -1.842065e+01 1.500000e+01
      vertex 1.058506e+02 -1.806726e+01 1.500000e+01
      vertex 3.054198e+01 -1.800647e+01 1.500000e+01
    endloop
  endfacet
  facet normal 3.399078e-33 5.551115e-17 1.000000e+00
    outer loop
      vertex 3.054198e+01 -1.800647e+01 1.500000e+01
      vertex 1.058506e+02 -1.806726e+01 1.500000e+01
      vertex 1.063316e+02 -1.740442e+01 1.500000e+01
    endloop
  endfacet
  facet normal 3.399078e-33 5.551115e-17 1.000000e+00
    outer loop
      vertex 3.054198e+01 -1.800647e+01 1.500000e+01
      vertex 1.063316e+02 -1.740442e+01 1.500000e+01
      vertex 3.074178e+01 -1.752405e+01 1.500000e+01
    endloop
  endfacet
  facet normal 3.399078e-33 5.551115e-17 1.000000e+00
    outer loop
      vertex 3.074178e+01 -1.752405e+01 1.500000e+01
      vertex 1.063316e+02 -1.740442e+01 1.500000e+01
      vertex 3.080993e+01 -1.700647e+01 1.500000e+01
    endloop
  endfacet
  facet normal 3.399078e-33 5.551115e-17 1.000000e+00
    outer loop
      vertex 3.080993e+01 -1.700647e+01 1.500000e+01
      vertex 1.063316e+02 -1.740442e+01 1.500000e+01
      vertex 1.068794e+02 -1.679578e+01 1.500000e+01
    endloop
  endfacet
  facet normal 3.399078e-33 5.551115e-17 1.000000e+00
    outer loop
      vertex 3.080993e+01 -1.700647e+01 1.500000e+01
      vertex 1.068794e+02 -1.679578e+01 1.500000e+01
      vertex 3.074178e+01 -1.648877e+01 1.500000e+01
    endloop
  endfacet
  facet normal 3.399078e-33 5.551115e-17 1.000000e+00
    outer loop
      vertex 3.074178e+01 -1.648877e+01 1.500000e+01
      vertex 1.068794e+02 -1.679578e+01 1.500000e+01
      vertex 1.074881e+02 -1.624792e+01 1.500000e+01
    endloop
  endfacet
  facet normal 3.399078e-33 5.551115e-17 1.000000e+00
    outer loop
      vertex 3.074178e+01 -1.648877e+01 1.500000e+01
      vertex 1.074881e+02 -1.624792e+01 1.500000e+01
      vertex 3.054198e+01 -1.600647e+01 1.500000e+01
    endloop
  endfacet
  facet normal 3.399078e-33 5.551115e-17 1.000000e+00
    outer loop
      vertex 3.054198e+01 -1.600647e+01 1.500000e+01
      vertex 1.074881e+02 -1.624792e+01 1.500000e+01
      vertex 1.081510e+02 -1.576697e+01 1.500000e+01
    endloop
  endfacet
  facet normal 3.399078e-33 5.551115e-17 1.000000e+00
    outer loop
      vertex 3.054198e+01 -1.600647e+01 1.500000e+01
      vertex 1.081510e+02 -1.576697e+01 1.500000e+01
      vertex 3.022414e+01 -1.559216e+01 1.500000e+01
    endloop
  endfacet
  facet normal 3.399078e-33 5.551115e-17 1.000000e+00
    outer loop
      vertex 3.022414e+01 -1.559216e+01 1.500000e+01
      vertex 1.081510e+02 -1.576697e+01 1.500000e+01
      vertex 1.088606e+02 -1.535828e+01 1.500000e+01
    endloop
  endfacet
  facet normal 3.399078e-33 5.551115e-17 1.000000e+00
    outer loop
      vertex 3.022414e+01 -1.559216e+01 1.500000e+01
      vertex 1.088606e+02 -1.535828e+01 1.500000e+01
      vertex 2.980993e+01 -1.527441e+01 1.500000e+01
    endloop
  endfacet
  facet normal 3.399078e-33 5.551115e-17 1.000000e+00
    outer loop
      vertex 2.980993e+01 -1.527441e+01 1.500000e+01
      vertex 1.088606e+02 -1.535828e+01 1.500000e+01
      vertex 1.096093e+02 -1.502637e+01 1.500000e+01
    endloop
  endfacet
  facet normal 3.399078e-33 5.551115e-17 1.000000e+00
    outer loop
      vertex 2.980993e+01 -1.527441e+01 1.500000e+01
      vertex 1.096093e+02 -1.502637e+01 1.500000e+01
      vertex 2.932757e+01 -1.507458e+01 1.500000e+01
    endloop
  endfacet
  facet normal 3.399078e-33 5.551115e-17 1.000000e+00
    outer loop
      vertex 2.932757e+01 -1.507458e+01 1.500000e+01
      vertex 1.096093e+02 -1.502637e+01 1.500000e+01
      vertex 2.880993e+01 -1.500647e+01 1.500000e+01
    endloop
  endfacet
  facet normal 3.399078e-33 5.551115e-17 1.000000e+00
    outer loop
      vertex 2.880993e+01 -1.500647e+01 1.500000e+01
      vertex 1.096093e+02 -1.502637e+01 1.500000e+01
      vertex 1.103886e+02 -1.477478e+01 1.500000e+01
    endloop
  endfacet
  facet normal 3.399078e-33 5.551115e-17 1.000000e+00
    outer loop
      vertex 2.880993e+01 -1.500647e+01 1.500000e+01
      vertex 1.103886e+02 -1.477478e+01 1.500000e+01
      vertex -7.950774e+01 -1.482788e+01 1.500000e+01
    endloop
  endfacet
  facet normal 3.399078e-33 5.551115e-17 1.000000e+00
    outer loop
      vertex -7.950774e+01 -1.482788e+01 1.500000e+01
      vertex 1.103886e+02 -1.477478e+01 1.500000e+01
      vertex -8.119007e+01 -1.460645e+01 1.500000e+01
    endloop
  endfacet
  facet normal 3.399078e-33 5.551115e-17 1.000000e+00
    outer loop
      vertex -8.119007e+01 -1.460645e+01 1.500000e+01
      vertex 1.103886e+02 -1.477478e+01 1.500000e+01
      vertex 1.111901e+02 -1.460645e+01 1.500000e+01
    endloop
  endfacet
  facet normal 3.399078e-33 5.551115e-17 1.000000e+00
    outer loop
      vertex -8.119007e+01 -1.460645e+01 1.500000e+01
      vertex 1.111901e+02 -1.460645e+01 1.500000e+01
      vertex 1.111901e+02 -1.210645e+01 1.500000e+01
    endloop
  endfacet
  facet normal 3.399078e-33 5.551115e-17 1.000000e+00
    outer loop
      vertex -8.119007e+01 -1.460645e+01 1.500000e+01
      vertex 1.111901e+02 -1.210645e+01 1.500000e+01
      vertex -9.809666e+01 -1.443921e+01 1.500000e+01
    endloop
  endfacet
  facet normal 3.399078e-33 5.551115e-17 1.000000e+00
    outer loop
      vertex -9.809666e+01 -1.443921e+01 1.500000e+01
      vertex 1.111901e+02 -1.210645e+01 1.500000e+01
      vertex -9.831513e+01 -1.411414e+01 1.500000e+01
    endloop
  endfacet
  facet normal 3.399078e-33 5.551115e-17 1.000000e+00
    outer loop
      vertex -9.831513e+01 -1.411414e+01 1.500000e+01
      vertex 1.111901e+02 -1.210645e+01 1.500000e+01
      vertex -9.861027e+01 -1.385681e+01 1.500000e+01
    endloop
  endfacet
  facet normal 3.399078e-33 5.551115e-17 1.000000e+00
    outer loop
      vertex -9.861027e+01 -1.385681e+01 1.500000e+01
      vertex 1.111901e+02 -1.210645e+01 1.500000e+01
      vertex -9.896195e+01 -1.368469e+01 1.500000e+01
    endloop
  endfacet
  facet normal 3.399078e-33 5.551115e-17 1.000000e+00
    outer loop
      vertex -9.896195e+01 -1.368469e+01 1.500000e+01
      vertex 1.111901e+02 -1.210645e+01 1.500000e+01
      vertex 9.511332e+01 -1.222559e+01 1.500000e+01
    endloop
  endfacet
  facet normal 3.399078e-33 5.551115e-17 1.000000e+00
    outer loop
      vertex -9.896195e+01 -1.368469e+01 1.500000e+01
      vertex 9.511332e+01 -1.222559e+01 1.500000e+01
      vertex -9.934622e+01 -1.360938e+01 1.500000e+01
    endloop
  endfacet
  facet normal 3.399078e-33 5.551115e-17 1.000000e+00
    outer loop
      vertex 9.511332e+01 -1.222559e+01 1.500000e+01
      vertex 1.111901e+02 -1.210645e+01 1.500000e+01
      vertex 9.570530e+01 -1.221680e+01 1.500000e+01
    endloop
  endfacet
  facet normal 3.399078e-33 5.551115e-17 1.000000e+00
    outer loop
      vertex 9.570530e+01 -1.221680e+01 1.500000e+01
      vertex 1.111901e+02 -1.210645e+01 1.500000e+01
      vertex 9.629682e+01 -1.219128e+01 1.500000e+01
    endloop
  endfacet
  facet normal 3.399078e-33 5.551115e-17 1.000000e+00
    outer loop
      vertex 9.629682e+01 -1.219128e+01 1.500000e+01
      vertex 1.111901e+02 -1.210645e+01 1.500000e+01
      vertex 9.688737e+01 -1.214905e+01 1.500000e+01
    endloop
  endfacet
  facet normal 3.399078e-33 5.551115e-17 1.000000e+00
    outer loop
      vertex 9.688737e+01 -1.214905e+01 1.500000e+01
      vertex 1.111901e+02 -1.210645e+01 1.500000e+01
      vertex 9.747648e+01 -1.209021e+01 1.500000e+01
    endloop
  endfacet
  facet normal 3.399078e-33 5.551115e-17 1.000000e+00
    outer loop
      vertex 9.747648e+01 -1.209021e+01 1.500000e+01
      vertex 1.111901e+02 -1.210645e+01 1.500000e+01
      vertex 9.806373e+01 -1.201477e+01 1.500000e+01
    endloop
  endfacet
  facet normal 3.399078e-33 5.551115e-17 1.000000e+00
    outer loop
      vertex 9.806373e+01 -1.201477e+01 1.500000e+01
      vertex 1.111901e+02 -1.210645e+01 1.500000e+01
      vertex 9.864860e+01 -1.192273e+01 1.500000e+01
    endloop
  endfacet
  facet normal 3.399078e-33 5.551115e-17 1.000000e+00
    outer loop
      vertex 9.864860e+01 -1.192273e+01 1.500000e+01
      vertex 1.111901e+02 -1.210645e+01 1.500000e+01
      vertex 9.923063e+01 -1.181433e+01 1.500000e+01
    endloop
  endfacet
  facet normal 3.399078e-33 5.551115e-17 1.000000e+00
    outer loop
      vertex 9.923063e+01 -1.181433e+01 1.500000e+01
      vertex 1.111901e+02 -1.210645e+01 1.500000e+01
      vertex 9.980939e+01 -1.168945e+01 1.500000e+01
    endloop
  endfacet
  facet normal 3.399078e-33 5.551115e-17 1.000000e+00
    outer loop
      vertex 9.980939e+01 -1.168945e+01 1.500000e+01
      vertex 1.111901e+02 -1.210645e+01 1.500000e+01
      vertex 1.003844e+02 -1.154834e+01 1.500000e+01
    endloop
  endfacet
  facet normal 3.399078e-33 5.551115e-17 1.000000e+00
    outer loop
      vertex 1.003844e+02 -1.154834e+01 1.500000e+01
      vertex 1.111901e+02 -1.210645e+01 1.500000e+01
      vertex 1.009552e+02 -1.139111e+01 1.500000e+01
    endloop
  endfacet
  facet normal 3.399078e-33 5.551115e-17 1.000000e+00
    outer loop
      vertex 1.009552e+02 -1.139111e+01 1.500000e+01
      vertex 1.111901e+02 -1.210645e+01 1.500000e+01
      vertex 1.015213e+02 -1.121777e+01 1.500000e+01
    endloop
  endfacet
  facet normal 3.399078e-33 5.551115e-17 1.000000e+00
    outer loop
      vertex 1.015213e+02 -1.121777e+01 1.500000e+01
      vertex 1.111901e+02 -1.210645e+01 1.500000e+01
      vertex 1.018641e+02 -1.108838e+01 1.500000e+01
    endloop
  endfacet
  facet normal 3.399078e-33 5.551115e-17 1.000000e+00
    outer loop
      vertex 1.018641e+02 -1.108838e+01 1.500000e+01
      vertex 1.111901e+02 -1.210645e+01 1.500000e+01
      vertex 1.021959e+02 -1.093286e+01 1.500000e+01
    endloop
  endfacet
  facet normal 3.399078e-33 5.551115e-17 1.000000e+00
    outer loop
      vertex 1.021959e+02 -1.093286e+01 1.500000e+01
      vertex 1.111901e+02 -1.210645e+01 1.500000e+01
      vertex 1.025147e+02 -1.075232e+01 1.500000e+01
    endloop
  endfacet
  facet normal 3.399078e-33 5.551115e-17 1.000000e+00
    outer loop
      vertex 1.025147e+02 -1.075232e+01 1.500000e+01
      vertex 1.111901e+02 -1.210645e+01 1.500000e+01
      vertex 1.028187e+02 -1.054761e+01 1.500000e+01
    endloop
  endfacet
  facet normal 3.399078e-33 5.551115e-17 1.000000e+00
    outer loop
      vertex 1.028187e+02 -1.054761e+01 1.500000e+01
      vertex 1.111901e+02 -1.210645e+01 1.500000e+01
      vertex 1.031060e+02 -1.032019e+01 1.500000e+01
    endloop
  endfacet
  facet normal 3.399078e-33 5.551115e-17 1.000000e+00
    outer loop
      vertex 1.031060e+02 -1.032019e+01 1.500000e+01
      vertex 1.111901e+02 -1.210645e+01 1.500000e+01
      vertex 1.035744e+02 -9.634033e+00 1.500000e+01
    endloop
  endfacet
  facet normal 3.399078e-33 5.551115e-17 1.000000e+00
    outer loop
      vertex 1.035744e+02 -9.634033e+00 1.500000e+01
      vertex 1.111901e+02 -1.210645e+01 1.500000e+01
      vertex 1.065901e+02 -4.319946e+00 1.500000e+01
    endloop
  endfacet
  facet normal 3.399078e-33 5.551115e-17 1.000000e+00
    outer loop
      vertex 1.035744e+02 -9.634033e+00 1.500000e+01
      vertex 1.065901e+02 -4.319946e+00 1.500000e+01
      vertex 1.037649e+02 -9.264404e+00 1.500000e+01
    endloop
  endfacet
  facet normal 3.399078e-33 5.551115e-17 1.000000e+00
    outer loop
      vertex 1.037649e+02 -9.264404e+00 1.500000e+01
      vertex 1.065901e+02 -4.319946e+00 1.500000e+01
      vertex 1.040901e+02 -8.319946e+00 1.500000e+01
    endloop
  endfacet
  facet normal 3.399078e-33 5.551115e-17 1.000000e+00
    outer loop
      vertex 1.040901e+02 -8.319946e+00 1.500000e+01
      vertex 1.065901e+02 -4.319946e+00 1.500000e+01
      vertex 1.040901e+02 -4.319946e+00 1.500000e+01
    endloop
  endfacet
  facet normal 3.399078e-33 5.551115e-17 1.000000e+00
    outer loop
      vertex -8.746859e+01 -1.942407e+01 1.500000e+01
      vertex -1.111901e+02 -2.110645e+01 1.500000e+01
      vertex -8.769007e+01 -2.110645e+01 1.500000e+01
    endloop
  endfacet
  facet normal 3.399078e-33 5.551115e-17 1.000000e+00
    outer loop
      vertex -1.111901e+02 -2.110645e+01 1.500000e+01
      vertex -8.746859e+01 -1.942407e+01 1.500000e+01
      vertex -9.991819e+01 -1.652820e+01 1.500000e+01
    endloop
  endfacet
  facet normal 3.399078e-33 5.551115e-17 1.000000e+00
    outer loop
      vertex -1.111901e+02 -2.110645e+01 1.500000e+01
      vertex -9.991819e+01 -1.652820e+01 1.500000e+01
      vertex -1.111901e+02 -1.210645e+01 1.500000e+01
    endloop
  endfacet
  facet normal 3.399078e-33 5.551115e-17 1.000000e+00
    outer loop
      vertex -9.991819e+01 -1.652820e+01 1.500000e+01
      vertex -8.746859e+01 -1.942407e+01 1.500000e+01
      vertex -9.953392e+01 -1.660352e+01 1.500000e+01
    endloop
  endfacet
  facet normal 3.399078e-33 5.551115e-17 1.000000e+00
    outer loop
      vertex -9.953392e+01 -1.660352e+01 1.500000e+01
      vertex -8.746859e+01 -1.942407e+01 1.500000e+01
      vertex -8.681924e+01 -1.785645e+01 1.500000e+01
    endloop
  endfacet
  facet normal 3.399078e-33 5.551115e-17 1.000000e+00
    outer loop
      vertex -1.111901e+02 -1.210645e+01 1.500000e+01
      vertex -9.991819e+01 -1.652820e+01 1.500000e+01
      vertex -1.002699e+02 -1.635596e+01 1.500000e+01
    endloop
  endfacet
  facet normal 3.399078e-33 5.551115e-17 1.000000e+00
    outer loop
      vertex -1.111901e+02 -1.210645e+01 1.500000e+01
      vertex -1.002699e+02 -1.635596e+01 1.500000e+01
      vertex -1.005650e+02 -1.609863e+01 1.500000e+01
    endloop
  endfacet
  facet normal 3.399078e-33 5.551115e-17 1.000000e+00
    outer loop
      vertex -1.111901e+02 -1.210645e+01 1.500000e+01
      vertex -1.005650e+02 -1.609863e+01 1.500000e+01
      vertex -1.007835e+02 -1.577368e+01 1.500000e+01
    endloop
  endfacet
  facet normal 3.399078e-33 5.551115e-17 1.000000e+00
    outer loop
      vertex -1.111901e+02 -1.210645e+01 1.500000e+01
      vertex -1.007835e+02 -1.577368e+01 1.500000e+01
      vertex -1.009104e+02 -1.540320e+01 1.500000e+01
    endloop
  endfacet
  facet normal 3.399078e-33 5.551115e-17 1.000000e+00
    outer loop
      vertex -1.111901e+02 -1.210645e+01 1.500000e+01
      vertex -1.009104e+02 -1.540320e+01 1.500000e+01
      vertex -1.009371e+02 -1.501257e+01 1.500000e+01
    endloop
  endfacet
  facet normal 3.399078e-33 5.551115e-17 1.000000e+00
    outer loop
      vertex -1.111901e+02 -1.210645e+01 1.500000e+01
      vertex -1.009371e+02 -1.501257e+01 1.500000e+01
      vertex -1.008618e+02 -1.462830e+01 1.500000e+01
    endloop
  endfacet
  facet normal 3.399078e-33 5.551115e-17 1.000000e+00
    outer loop
      vertex -1.111901e+02 -1.210645e+01 1.500000e+01
      vertex -1.008618e+02 -1.462830e+01 1.500000e+01
      vertex -1.006896e+02 -1.427661e+01 1.500000e+01
    endloop
  endfacet
  facet normal 3.399078e-33 5.551115e-17 1.000000e+00
    outer loop
      vertex -1.111901e+02 -1.210645e+01 1.500000e+01
      vertex -1.006896e+02 -1.427661e+01 1.500000e+01
      vertex -1.004323e+02 -1.398145e+01 1.500000e+01
    endloop
  endfacet
  facet normal 3.399078e-33 5.551115e-17 1.000000e+00
    outer loop
      vertex -1.111901e+02 -1.210645e+01 1.500000e+01
      vertex -1.004323e+02 -1.398145e+01 1.500000e+01
      vertex -1.001073e+02 -1.376306e+01 1.500000e+01
    endloop
  endfacet
  facet normal 3.399078e-33 5.551115e-17 1.000000e+00
    outer loop
      vertex -1.111901e+02 -1.210645e+01 1.500000e+01
      vertex -1.001073e+02 -1.376306e+01 1.500000e+01
      vertex -9.973689e+01 -1.363611e+01 1.500000e+01
    endloop
  endfacet
  facet normal 3.399078e-33 5.551115e-17 1.000000e+00
    outer loop
      vertex -1.111901e+02 -1.210645e+01 1.500000e+01
      vertex -9.973689e+01 -1.363611e+01 1.500000e+01
      vertex -9.934622e+01 -1.360938e+01 1.500000e+01
    endloop
  endfacet
  facet normal 3.399078e-33 5.551115e-17 1.000000e+00
    outer loop
      vertex -1.111901e+02 -1.210645e+01 1.500000e+01
      vertex -9.934622e+01 -1.360938e+01 1.500000e+01
      vertex 1.452129e+01 -1.221777e+01 1.500000e+01
    endloop
  endfacet
  facet normal 3.399078e-33 5.551115e-17 1.000000e+00
    outer loop
      vertex 1.452129e+01 -1.221777e+01 1.500000e+01
      vertex -9.934622e+01 -1.360938e+01 1.500000e+01
      vertex 9.511332e+01 -1.222559e+01 1.500000e+01
    endloop
  endfacet
  facet normal 3.399078e-33 5.551115e-17 1.000000e+00
    outer loop
      vertex 1.452129e+01 -1.221777e+01 1.500000e+01
      vertex 9.511332e+01 -1.222559e+01 1.500000e+01
      vertex 9.452131e+01 -1.221777e+01 1.500000e+01
    endloop
  endfacet
  facet normal 3.399078e-33 5.551115e-17 1.000000e+00
    outer loop
      vertex -1.111901e+02 -1.210645e+01 1.500000e+01
      vertex 1.452129e+01 -1.221777e+01 1.500000e+01
      vertex 5.346611e+00 -1.218982e+01 1.500000e+01
    endloop
  endfacet
  facet normal 3.399078e-33 5.551115e-17 1.000000e+00
    outer loop
      vertex -1.111901e+02 -1.210645e+01 1.500000e+01
      vertex 5.346611e+00 -1.218982e+01 1.500000e+01
      vertex -3.827736e+00 -1.210645e+01 1.500000e+01
    endloop
  endfacet
  facet normal 3.399078e-33 5.551115e-17 1.000000e+00
    outer loop
      vertex -1.111901e+02 -1.210645e+01 1.500000e+01
      vertex -3.827736e+00 -1.210645e+01 1.500000e+01
      vertex -1.300141e+01 -1.196741e+01 1.500000e+01
    endloop
  endfacet
  facet normal 3.399078e-33 5.551115e-17 1.000000e+00
    outer loop
      vertex -1.111901e+02 -1.210645e+01 1.500000e+01
      vertex -1.300141e+01 -1.196741e+01 1.500000e+01
      vertex -2.217408e+01 -1.177283e+01 1.500000e+01
    endloop
  endfacet
  facet normal 3.399078e-33 5.551115e-17 1.000000e+00
    outer loop
      vertex -1.111901e+02 -1.210645e+01 1.500000e+01
      vertex -2.217408e+01 -1.177283e+01 1.500000e+01
      vertex -3.134541e+01 -1.152271e+01 1.500000e+01
    endloop
  endfacet
  facet normal 3.399078e-33 5.551115e-17 1.000000e+00
    outer loop
      vertex -1.111901e+02 -1.210645e+01 1.500000e+01
      vertex -3.134541e+01 -1.152271e+01 1.500000e+01
      vertex -4.051504e+01 -1.121704e+01 1.500000e+01
    endloop
  endfacet
  facet normal 3.399078e-33 5.551115e-17 1.000000e+00
    outer loop
      vertex -1.111901e+02 -1.210645e+01 1.500000e+01
      vertex -4.051504e+01 -1.121704e+01 1.500000e+01
      vertex -4.968266e+01 -1.085596e+01 1.500000e+01
    endloop
  endfacet
  facet normal 3.399078e-33 5.551115e-17 1.000000e+00
    outer loop
      vertex -1.111901e+02 -1.210645e+01 1.500000e+01
      vertex -4.968266e+01 -1.085596e+01 1.500000e+01
      vertex -5.884792e+01 -1.043921e+01 1.500000e+01
    endloop
  endfacet
  facet normal 3.399078e-33 5.551115e-17 1.000000e+00
    outer loop
      vertex -1.111901e+02 -1.210645e+01 1.500000e+01
      vertex -5.884792e+01 -1.043921e+01 1.500000e+01
      vertex -6.801049e+01 -9.967041e+00 1.500000e+01
    endloop
  endfacet
  facet normal 3.399078e-33 5.551115e-17 1.000000e+00
    outer loop
      vertex -1.111901e+02 -1.210645e+01 1.500000e+01
      vertex -6.801049e+01 -9.967041e+00 1.500000e+01
      vertex -7.717004e+01 -9.439453e+00 1.500000e+01
    endloop
  endfacet
  facet normal 3.399078e-33 5.551115e-17 1.000000e+00
    outer loop
      vertex -1.111901e+02 -1.210645e+01 1.500000e+01
      vertex -7.717004e+01 -9.439453e+00 1.500000e+01
      vertex -8.632622e+01 -8.856323e+00 1.500000e+01
    endloop
  endfacet
  facet normal 3.399078e-33 5.551115e-17 1.000000e+00
    outer loop
      vertex -1.111901e+02 -1.210645e+01 1.500000e+01
      vertex -8.632622e+01 -8.856323e+00 1.500000e+01
      vertex -9.401466e+01 -8.319946e+00 1.500000e+01
    endloop
  endfacet
  facet normal 3.399078e-33 5.551115e-17 1.000000e+00
    outer loop
      vertex -1.111901e+02 -1.210645e+01 1.500000e+01
      vertex -9.401466e+01 -8.319946e+00 1.500000e+01
      vertex -1.029928e+02 -7.693481e+00 1.500000e+01
    endloop
  endfacet
  facet normal 3.399078e-33 5.551115e-17 1.000000e+00
    outer loop
      vertex -1.111901e+02 -1.210645e+01 1.500000e+01
      vertex -1.029928e+02 -7.693481e+00 1.500000e+01
      vertex -1.054928e+02 -3.693481e+00 1.500000e+01
    endloop
  endfacet
  facet normal 3.399078e-33 5.551115e-17 1.000000e+00
    outer loop
      vertex -1.029928e+02 -7.693481e+00 1.500000e+01
      vertex -9.401466e+01 -8.319946e+00 1.500000e+01
      vertex -9.547870e+01 -8.217773e+00 1.500000e+01
    endloop
  endfacet
  facet normal 3.399078e-33 5.551115e-17 1.000000e+00
    outer loop
      vertex -1.054928e+02 -3.693481e+00 1.500000e+01
      vertex -1.029928e+02 -7.693481e+00 1.500000e+01
      vertex -1.029928e+02 -3.693481e+00 1.500000e+01
    endloop
  endfacet
  facet normal 3.399078e-33 5.551115e-17 1.000000e+00
    outer loop
      vertex -8.578626e+01 -1.651025e+01 1.500000e+01
      vertex -9.953392e+01 -1.660352e+01 1.500000e+01
      vertex -8.681924e+01 -1.785645e+01 1.500000e+01
    endloop
  endfacet
  facet normal 3.399078e-33 5.551115e-17 1.000000e+00
    outer loop
      vertex -9.953392e+01 -1.660352e+01 1.500000e+01
      vertex -8.578626e+01 -1.651025e+01 1.500000e+01
      vertex -9.914325e+01 -1.657678e+01 1.500000e+01
    endloop
  endfacet
  facet normal 3.399078e-33 5.551115e-17 1.000000e+00
    outer loop
      vertex -9.914325e+01 -1.657678e+01 1.500000e+01
      vertex -8.578626e+01 -1.651025e+01 1.500000e+01
      vertex -9.877281e+01 -1.644983e+01 1.500000e+01
    endloop
  endfacet
  facet normal 3.399078e-33 5.551115e-17 1.000000e+00
    outer loop
      vertex -9.877281e+01 -1.644983e+01 1.500000e+01
      vertex -8.578626e+01 -1.651025e+01 1.500000e+01
      vertex -8.444007e+01 -1.547729e+01 1.500000e+01
    endloop
  endfacet
  facet normal 3.399078e-33 5.551115e-17 1.000000e+00
    outer loop
      vertex -9.877281e+01 -1.644983e+01 1.500000e+01
      vertex -8.444007e+01 -1.547729e+01 1.500000e+01
      vertex -9.844785e+01 -1.623132e+01 1.500000e+01
    endloop
  endfacet
  facet normal 3.399078e-33 5.551115e-17 1.000000e+00
    outer loop
      vertex -9.844785e+01 -1.623132e+01 1.500000e+01
      vertex -8.444007e+01 -1.547729e+01 1.500000e+01
      vertex -9.819050e+01 -1.593628e+01 1.500000e+01
    endloop
  endfacet
  facet normal 3.399078e-33 5.551115e-17 1.000000e+00
    outer loop
      vertex -9.819050e+01 -1.593628e+01 1.500000e+01
      vertex -8.444007e+01 -1.547729e+01 1.500000e+01
      vertex -9.801831e+01 -1.558447e+01 1.500000e+01
    endloop
  endfacet
  facet normal 3.399078e-33 5.551115e-17 1.000000e+00
    outer loop
      vertex -9.801831e+01 -1.558447e+01 1.500000e+01
      vertex -8.444007e+01 -1.547729e+01 1.500000e+01
      vertex -9.794301e+01 -1.520032e+01 1.500000e+01
    endloop
  endfacet
  facet normal 3.399078e-33 5.551115e-17 1.000000e+00
    outer loop
      vertex -9.794301e+01 -1.520032e+01 1.500000e+01
      vertex -8.444007e+01 -1.547729e+01 1.500000e+01
      vertex -8.287240e+01 -1.482788e+01 1.500000e+01
    endloop
  endfacet
  facet normal 3.399078e-33 5.551115e-17 1.000000e+00
    outer loop
      vertex -9.794301e+01 -1.520032e+01 1.500000e+01
      vertex -8.287240e+01 -1.482788e+01 1.500000e+01
      vertex -9.796973e+01 -1.480957e+01 1.500000e+01
    endloop
  endfacet
  facet normal 3.399078e-33 5.551115e-17 1.000000e+00
    outer loop
      vertex -9.796973e+01 -1.480957e+01 1.500000e+01
      vertex -8.287240e+01 -1.482788e+01 1.500000e+01
      vertex -8.119007e+01 -1.460645e+01 1.500000e+01
    endloop
  endfacet
  facet normal 3.399078e-33 5.551115e-17 1.000000e+00
    outer loop
      vertex -9.796973e+01 -1.480957e+01 1.500000e+01
      vertex -8.119007e+01 -1.460645e+01 1.500000e+01
      vertex -9.809666e+01 -1.443921e+01 1.500000e+01
    endloop
  endfacet
  facet normal 3.399078e-33 5.551115e-17 1.000000e+00
    outer loop
      vertex 2.880993e+01 -1.900647e+01 1.500000e+01
      vertex -7.556091e+01 -1.785645e+01 1.500000e+01
      vertex -7.491155e+01 -1.942407e+01 1.500000e+01
    endloop
  endfacet
  facet normal 3.399078e-33 5.551115e-17 1.000000e+00
    outer loop
      vertex -7.556091e+01 -1.785645e+01 1.500000e+01
      vertex 2.880993e+01 -1.900647e+01 1.500000e+01
      vertex 2.829229e+01 -1.893823e+01 1.500000e+01
    endloop
  endfacet
  facet normal 3.399078e-33 5.551115e-17 1.000000e+00
    outer loop
      vertex -7.556091e+01 -1.785645e+01 1.500000e+01
      vertex 2.829229e+01 -1.893823e+01 1.500000e+01
      vertex 2.780993e+01 -1.873853e+01 1.500000e+01
    endloop
  endfacet
  facet normal 3.399078e-33 5.551115e-17 1.000000e+00
    outer loop
      vertex -7.556091e+01 -1.785645e+01 1.500000e+01
      vertex 2.780993e+01 -1.873853e+01 1.500000e+01
      vertex 2.739571e+01 -1.842065e+01 1.500000e+01
    endloop
  endfacet
  facet normal 3.399078e-33 5.551115e-17 1.000000e+00
    outer loop
      vertex -7.556091e+01 -1.785645e+01 1.500000e+01
      vertex 2.739571e+01 -1.842065e+01 1.500000e+01
      vertex 2.707787e+01 -1.800647e+01 1.500000e+01
    endloop
  endfacet
  facet normal 3.399078e-33 5.551115e-17 1.000000e+00
    outer loop
      vertex -7.556091e+01 -1.785645e+01 1.500000e+01
      vertex 2.707787e+01 -1.800647e+01 1.500000e+01
      vertex 2.687807e+01 -1.752405e+01 1.500000e+01
    endloop
  endfacet
  facet normal 3.399078e-33 5.551115e-17 1.000000e+00
    outer loop
      vertex -7.556091e+01 -1.785645e+01 1.500000e+01
      vertex 2.687807e+01 -1.752405e+01 1.500000e+01
      vertex -7.659388e+01 -1.651025e+01 1.500000e+01
    endloop
  endfacet
  facet normal 3.399078e-33 5.551115e-17 1.000000e+00
    outer loop
      vertex -7.659388e+01 -1.651025e+01 1.500000e+01
      vertex 2.687807e+01 -1.752405e+01 1.500000e+01
      vertex 2.680993e+01 -1.700647e+01 1.500000e+01
    endloop
  endfacet
  facet normal 3.399078e-33 5.551115e-17 1.000000e+00
    outer loop
      vertex -7.659388e+01 -1.651025e+01 1.500000e+01
      vertex 2.680993e+01 -1.700647e+01 1.500000e+01
      vertex 2.687807e+01 -1.648877e+01 1.500000e+01
    endloop
  endfacet
  facet normal 3.399078e-33 5.551115e-17 1.000000e+00
    outer loop
      vertex -7.659388e+01 -1.651025e+01 1.500000e+01
      vertex 2.687807e+01 -1.648877e+01 1.500000e+01
      vertex -7.794007e+01 -1.547729e+01 1.500000e+01
    endloop
  endfacet
  facet normal 3.399078e-33 5.551115e-17 1.000000e+00
    outer loop
      vertex -7.794007e+01 -1.547729e+01 1.500000e+01
      vertex 2.687807e+01 -1.648877e+01 1.500000e+01
      vertex 2.707787e+01 -1.600647e+01 1.500000e+01
    endloop
  endfacet
  facet normal 3.399078e-33 5.551115e-17 1.000000e+00
    outer loop
      vertex -7.794007e+01 -1.547729e+01 1.500000e+01
      vertex 2.707787e+01 -1.600647e+01 1.500000e+01
      vertex 2.739571e+01 -1.559216e+01 1.500000e+01
    endloop
  endfacet
  facet normal 3.399078e-33 5.551115e-17 1.000000e+00
    outer loop
      vertex -7.794007e+01 -1.547729e+01 1.500000e+01
      vertex 2.739571e+01 -1.559216e+01 1.500000e+01
      vertex 2.780993e+01 -1.527441e+01 1.500000e+01
    endloop
  endfacet
  facet normal 3.399078e-33 5.551115e-17 1.000000e+00
    outer loop
      vertex -7.794007e+01 -1.547729e+01 1.500000e+01
      vertex 2.780993e+01 -1.527441e+01 1.500000e+01
      vertex -7.950774e+01 -1.482788e+01 1.500000e+01
    endloop
  endfacet
  facet normal 3.399078e-33 5.551115e-17 1.000000e+00
    outer loop
      vertex -7.950774e+01 -1.482788e+01 1.500000e+01
      vertex 2.780993e+01 -1.527441e+01 1.500000e+01
      vertex 2.829229e+01 -1.507458e+01 1.500000e+01
    endloop
  endfacet
  facet normal 3.399078e-33 5.551115e-17 1.000000e+00
    outer loop
      vertex -7.950774e+01 -1.482788e+01 1.500000e+01
      vertex 2.829229e+01 -1.507458e+01 1.500000e+01
      vertex 2.880993e+01 -1.500647e+01 1.500000e+01
    endloop
  endfacet
  facet normal 5.439123e-01 -8.391421e-01 4.658174e-17
    outer loop
      vertex 1.081510e+02 -1.576697e+01 0.000000e+00
      vertex 1.074881e+02 -1.624792e+01 1.500000e+01
      vertex 1.074881e+02 -1.624792e+01 0.000000e+00
    endloop
  endfacet
  facet normal 6.289837e-01 -7.774185e-01 4.315540e-17
    outer loop
      vertex 1.074881e+02 -1.624792e+01 1.500000e+01
      vertex 1.081510e+02 -1.576697e+01 0.000000e+00
      vertex 1.081510e+02 -1.576697e+01 1.500000e+01
    endloop
  endfacet
  facet normal 4.528323e-01 -8.915957e-01 4.949350e-17
    outer loop
      vertex 1.088606e+02 -1.535828e+01 0.000000e+00
      vertex 1.081510e+02 -1.576697e+01 1.500000e+01
      vertex 1.081510e+02 -1.576697e+01 0.000000e+00
    endloop
  endfacet
  facet normal 5.439123e-01 -8.391421e-01 4.658174e-17
    outer loop
      vertex 1.081510e+02 -1.576697e+01 1.500000e+01
      vertex 1.088606e+02 -1.535828e+01 0.000000e+00
      vertex 1.088606e+02 -1.535828e+01 1.500000e+01
    endloop
  endfacet
  facet normal 3.567499e-01 -9.341999e-01 5.185851e-17
    outer loop
      vertex 1.096093e+02 -1.502637e+01 0.000000e+00
      vertex 1.088606e+02 -1.535828e+01 1.500000e+01
      vertex 1.088606e+02 -1.535828e+01 0.000000e+00
    endloop
  endfacet
  facet normal 4.528323e-01 -8.915957e-01 4.949350e-17
    outer loop
      vertex 1.088606e+02 -1.535828e+01 1.500000e+01
      vertex 1.096093e+02 -1.502637e+01 0.000000e+00
      vertex 1.096093e+02 -1.502637e+01 1.500000e+01
    endloop
  endfacet
  facet normal 2.567264e-01 -9.664841e-01 5.365065e-17
    outer loop
      vertex 1.103886e+02 -1.477478e+01 0.000000e+00
      vertex 1.096093e+02 -1.502637e+01 1.500000e+01
      vertex 1.096093e+02 -1.502637e+01 0.000000e+00
    endloop
  endfacet
  facet normal 3.567499e-01 -9.341999e-01 5.185851e-17
    outer loop
      vertex 1.096093e+02 -1.502637e+01 1.500000e+01
      vertex 1.103886e+02 -1.477478e+01 0.000000e+00
      vertex 1.103886e+02 -1.477478e+01 1.500000e+01
    endloop
  endfacet
  facet normal 1.817881e-02 9.998348e-01 -5.550198e-17
    outer loop
      vertex -1.300141e+01 -1.196741e+01 1.500000e+01
      vertex -2.217408e+01 -1.177283e+01 0.000000e+00
      vertex -2.217408e+01 -1.177283e+01 1.500000e+01
    endloop
  endfacet
  facet normal 2.423337e-02 9.997063e-01 -5.549485e-17
    outer loop
      vertex -2.217408e+01 -1.177283e+01 0.000000e+00
      vertex -1.300141e+01 -1.196741e+01 1.500000e+01
      vertex -1.300141e+01 -1.196741e+01 0.000000e+00
    endloop
  endfacet
  facet normal 2.423337e-02 9.997063e-01 -5.549485e-17
    outer loop
      vertex -2.217408e+01 -1.177283e+01 1.500000e+01
      vertex -3.134541e+01 -1.152271e+01 0.000000e+00
      vertex -3.134541e+01 -1.152271e+01 1.500000e+01
    endloop
  endfacet
  facet normal 3.028705e-02 9.995412e-01 -5.548568e-17
    outer loop
      vertex -3.134541e+01 -1.152271e+01 0.000000e+00
      vertex -2.217408e+01 -1.177283e+01 1.500000e+01
      vertex -2.217408e+01 -1.177283e+01 0.000000e+00
    endloop
  endfacet
  facet normal 3.028705e-02 9.995412e-01 -5.548568e-17
    outer loop
      vertex -3.134541e+01 -1.152271e+01 1.500000e+01
      vertex -4.051504e+01 -1.121704e+01 0.000000e+00
      vertex -4.051504e+01 -1.121704e+01 1.500000e+01
    endloop
  endfacet
  facet normal 3.633962e-02 9.993395e-01 -5.547449e-17
    outer loop
      vertex -4.051504e+01 -1.121704e+01 0.000000e+00
      vertex -3.134541e+01 -1.152271e+01 1.500000e+01
      vertex -3.134541e+01 -1.152271e+01 0.000000e+00
    endloop
  endfacet
  facet normal 3.633962e-02 9.993395e-01 -5.547449e-17
    outer loop
      vertex -4.051504e+01 -1.121704e+01 1.500000e+01
      vertex -4.968266e+01 -1.085596e+01 0.000000e+00
      vertex -4.968266e+01 -1.085596e+01 1.500000e+01
    endloop
  endfacet
  facet normal 4.239085e-02 9.991011e-01 -5.546125e-17
    outer loop
      vertex -4.968266e+01 -1.085596e+01 0.000000e+00
      vertex -4.051504e+01 -1.121704e+01 1.500000e+01
      vertex -4.051504e+01 -1.121704e+01 0.000000e+00
    endloop
  endfacet
  facet normal 4.239085e-02 9.991011e-01 -5.546125e-17
    outer loop
      vertex -4.968266e+01 -1.085596e+01 1.500000e+01
      vertex -5.884792e+01 -1.043921e+01 0.000000e+00
      vertex -5.884792e+01 -1.043921e+01 1.500000e+01
    endloop
  endfacet
  facet normal 4.844053e-02 9.988261e-01 -5.544599e-17
    outer loop
      vertex -5.884792e+01 -1.043921e+01 0.000000e+00
      vertex -4.968266e+01 -1.085596e+01 1.500000e+01
      vertex -4.968266e+01 -1.085596e+01 0.000000e+00
    endloop
  endfacet
  facet normal 4.844053e-02 9.988261e-01 -5.544599e-17
    outer loop
      vertex -5.884792e+01 -1.043921e+01 1.500000e+01
      vertex -6.801049e+01 -9.967041e+00 0.000000e+00
      vertex -6.801049e+01 -9.967041e+00 1.500000e+01
    endloop
  endfacet
  facet normal 5.448843e-02 9.985144e-01 -5.542868e-17
    outer loop
      vertex -6.801049e+01 -9.967041e+00 0.000000e+00
      vertex -5.884792e+01 -1.043921e+01 1.500000e+01
      vertex -5.884792e+01 -1.043921e+01 0.000000e+00
    endloop
  endfacet
  facet normal 5.448843e-02 9.985144e-01 -5.542868e-17
    outer loop
      vertex -6.801049e+01 -9.967041e+00 1.500000e+01
      vertex -7.717004e+01 -9.439453e+00 0.000000e+00
      vertex -7.717004e+01 -9.439453e+00 1.500000e+01
    endloop
  endfacet
  facet normal 6.053434e-02 9.981661e-01 -5.540935e-17
    outer loop
      vertex -7.717004e+01 -9.439453e+00 0.000000e+00
      vertex -6.801049e+01 -9.967041e+00 1.500000e+01
      vertex -6.801049e+01 -9.967041e+00 0.000000e+00
    endloop
  endfacet
  facet normal 6.053434e-02 9.981661e-01 -5.540935e-17
    outer loop
      vertex -7.717004e+01 -9.439453e+00 1.500000e+01
      vertex -8.632622e+01 -8.856323e+00 0.000000e+00
      vertex -8.632622e+01 -8.856323e+00 1.500000e+01
    endloop
  endfacet
  facet normal 6.657802e-02 9.977812e-01 -5.538798e-17
    outer loop
      vertex -8.632622e+01 -8.856323e+00 0.000000e+00
      vertex -7.717004e+01 -9.439453e+00 1.500000e+01
      vertex -7.717004e+01 -9.439453e+00 0.000000e+00
    endloop
  endfacet
  facet normal 6.657802e-02 9.977812e-01 -5.538798e-17
    outer loop
      vertex -8.632622e+01 -8.856323e+00 1.500000e+01
      vertex -9.401466e+01 -8.319946e+00 0.000000e+00
      vertex -9.401466e+01 -8.319946e+00 1.500000e+01
    endloop
  endfacet
  facet normal 6.959896e-02 9.975750e-01 -5.537654e-17
    outer loop
      vertex -9.401466e+01 -8.319946e+00 0.000000e+00
      vertex -8.632622e+01 -8.856323e+00 1.500000e+01
      vertex -8.632622e+01 -8.856323e+00 0.000000e+00
    endloop
  endfacet
  facet normal 6.959896e-02 9.975750e-01 -5.537654e-17
    outer loop
      vertex -9.401466e+01 -8.319946e+00 1.500000e+01
      vertex -9.547870e+01 -8.217773e+00 0.000000e+00
      vertex -9.547870e+01 -8.217773e+00 1.500000e+01
    endloop
  endfacet
  facet normal 6.959896e-02 9.975750e-01 -5.537654e-17
    outer loop
      vertex -9.547870e+01 -8.217773e+00 0.000000e+00
      vertex -9.401466e+01 -8.319946e+00 1.500000e+01
      vertex -9.401466e+01 -8.319946e+00 0.000000e+00
    endloop
  endfacet
  facet normal 6.959896e-02 9.975750e-01 -5.537654e-17
    outer loop
      vertex -9.547870e+01 -8.217773e+00 1.500000e+01
      vertex -1.029928e+02 -7.693481e+00 0.000000e+00
      vertex -1.029928e+02 -7.693481e+00 1.500000e+01
    endloop
  endfacet
  facet normal 6.959896e-02 9.975750e-01 -5.537654e-17
    outer loop
      vertex -1.029928e+02 -7.693481e+00 0.000000e+00
      vertex -9.547870e+01 -8.217773e+00 1.500000e+01
      vertex -9.547870e+01 -8.217773e+00 0.000000e+00
    endloop
  endfacet
  facet normal 1.000000e+00 -6.123234e-17 0.000000e+00
    outer loop
      vertex -1.029928e+02 -7.693481e+00 0.000000e+00
      vertex -1.029928e+02 -3.693481e+00 1.500000e+01
      vertex -1.029928e+02 -7.693481e+00 1.500000e+01
    endloop
  endfacet
  facet normal 1.000000e+00 -6.123234e-17 0.000000e+00
    outer loop
      vertex -1.029928e+02 -3.693481e+00 1.500000e+01
      vertex -1.029928e+02 -7.693481e+00 0.000000e+00
      vertex -1.029928e+02 -3.693481e+00 0.000000e+00
    endloop
  endfacet
  facet normal 6.123234e-17 1.000000e+00 -5.551115e-17
    outer loop
      vertex -1.029928e+02 -3.693481e+00 1.500000e+01
      vertex -1.054928e+02 -3.693481e+00 0.000000e+00
      vertex -1.054928e+02 -3.693481e+00 1.500000e+01
    endloop
  endfacet
  facet normal 6.123234e-17 1.000000e+00 -5.551115e-17
    outer loop
      vertex -1.054928e+02 -3.693481e+00 0.000000e+00
      vertex -1.029928e+02 -3.693481e+00 1.500000e+01
      vertex -1.029928e+02 -3.693481e+00 0.000000e+00
    endloop
  endfacet
  facet normal -8.280024e-01 5.607246e-01 -3.112647e-17
    outer loop
      vertex -1.054928e+02 -3.693481e+00 0.000000e+00
      vertex -1.111901e+02 -1.210645e+01 1.500000e+01
      vertex -1.054928e+02 -3.693481e+00 1.500000e+01
    endloop
  endfacet
  facet normal -8.280024e-01 5.607246e-01 -3.112647e-17
    outer loop
      vertex -1.111901e+02 -1.210645e+01 1.500000e+01
      vertex -1.054928e+02 -3.693481e+00 0.000000e+00
      vertex -1.111901e+02 -1.210645e+01 0.000000e+00
    endloop
  endfacet
  facet normal -1.000000e+00 6.123234e-17 0.000000e+00
    outer loop
      vertex -1.111901e+02 -1.210645e+01 0.000000e+00
      vertex -1.111901e+02 -2.110645e+01 1.500000e+01
      vertex -1.111901e+02 -1.210645e+01 1.500000e+01
    endloop
  endfacet
  facet normal -1.000000e+00 6.123234e-17 0.000000e+00
    outer loop
      vertex -1.111901e+02 -2.110645e+01 1.500000e+01
      vertex -1.111901e+02 -1.210645e+01 0.000000e+00
      vertex -1.111901e+02 -2.110645e+01 0.000000e+00
    endloop
  endfacet
  facet normal -6.123234e-17 -1.000000e+00 5.551115e-17
    outer loop
      vertex 1.046901e+02 -2.110645e+01 0.000000e+00
      vertex -7.469007e+01 -2.110645e+01 1.500000e+01
      vertex -7.469007e+01 -2.110645e+01 0.000000e+00
    endloop
  endfacet
  facet normal -6.123234e-17 -1.000000e+00 5.551115e-17
    outer loop
      vertex -7.469007e+01 -2.110645e+01 1.500000e+01
      vertex 1.046901e+02 -2.110645e+01 0.000000e+00
      vertex 1.046901e+02 -2.110645e+01 1.500000e+01
    endloop
  endfacet
  facet normal -3.399078e-33 -5.551115e-17 -1.000000e+00
    outer loop
      vertex -7.556091e+01 -1.785645e+01 0.000000e+00
      vertex 2.880993e+01 -1.900647e+01 0.000000e+00
      vertex -7.491155e+01 -1.942407e+01 0.000000e+00
    endloop
  endfacet
  facet normal -3.399078e-33 -5.551115e-17 -1.000000e+00
    outer loop
      vertex 2.880993e+01 -1.900647e+01 0.000000e+00
      vertex -7.556091e+01 -1.785645e+01 0.000000e+00
      vertex 2.829229e+01 -1.893823e+01 0.000000e+00
    endloop
  endfacet
  facet normal -3.399078e-33 -5.551115e-17 -1.000000e+00
    outer loop
      vertex 2.829229e+01 -1.893823e+01 0.000000e+00
      vertex -7.556091e+01 -1.785645e+01 0.000000e+00
      vertex 2.780993e+01 -1.873853e+01 0.000000e+00
    endloop
  endfacet
  facet normal -3.399078e-33 -5.551115e-17 -1.000000e+00
    outer loop
      vertex 2.780993e+01 -1.873853e+01 0.000000e+00
      vertex -7.556091e+01 -1.785645e+01 0.000000e+00
      vertex 2.739571e+01 -1.842065e+01 0.000000e+00
    endloop
  endfacet
  facet normal -3.399078e-33 -5.551115e-17 -1.000000e+00
    outer loop
      vertex 2.739571e+01 -1.842065e+01 0.000000e+00
      vertex -7.556091e+01 -1.785645e+01 0.000000e+00
      vertex 2.707787e+01 -1.800647e+01 0.000000e+00
    endloop
  endfacet
  facet normal -3.399078e-33 -5.551115e-17 -1.000000e+00
    outer loop
      vertex 2.707787e+01 -1.800647e+01 0.000000e+00
      vertex -7.556091e+01 -1.785645e+01 0.000000e+00
      vertex 2.687807e+01 -1.752405e+01 0.000000e+00
    endloop
  endfacet
  facet normal -3.399078e-33 -5.551115e-17 -1.000000e+00
    outer loop
      vertex 2.687807e+01 -1.752405e+01 0.000000e+00
      vertex -7.556091e+01 -1.785645e+01 0.000000e+00
      vertex -7.659388e+01 -1.651025e+01 0.000000e+00
    endloop
  endfacet
  facet normal -3.399078e-33 -5.551115e-17 -1.000000e+00
    outer loop
      vertex 2.687807e+01 -1.752405e+01 0.000000e+00
      vertex -7.659388e+01 -1.651025e+01 0.000000e+00
      vertex 2.680993e+01 -1.700647e+01 0.000000e+00
    endloop
  endfacet
  facet normal -3.399078e-33 -5.551115e-17 -1.000000e+00
    outer loop
      vertex 2.680993e+01 -1.700647e+01 0.000000e+00
      vertex -7.659388e+01 -1.651025e+01 0.000000e+00
      vertex 2.687807e+01 -1.648877e+01 0.000000e+00
    endloop
  endfacet
  facet normal -3.399078e-33 -5.551115e-17 -1.000000e+00
    outer loop
      vertex 2.687807e+01 -1.648877e+01 0.000000e+00
      vertex -7.659388e+01 -1.651025e+01 0.000000e+00
      vertex -7.794007e+01 -1.547729e+01 0.000000e+00
    endloop
  endfacet
  facet normal -3.399078e-33 -5.551115e-17 -1.000000e+00
    outer loop
      vertex 2.687807e+01 -1.648877e+01 0.000000e+00
      vertex -7.794007e+01 -1.547729e+01 0.000000e+00
      vertex 2.707787e+01 -1.600647e+01 0.000000e+00
    endloop
  endfacet
  facet normal -3.399078e-33 -5.551115e-17 -1.000000e+00
    outer loop
      vertex 2.707787e+01 -1.600647e+01 0.000000e+00
      vertex -7.794007e+01 -1.547729e+01 0.000000e+00
      vertex 2.739571e+01 -1.559216e+01 0.000000e+00
    endloop
  endfacet
  facet normal -3.399078e-33 -5.551115e-17 -1.000000e+00
    outer loop
      vertex 2.739571e+01 -1.559216e+01 0.000000e+00
      vertex -7.794007e+01 -1.547729e+01 0.000000e+00
      vertex 2.780993e+01 -1.527441e+01 0.000000e+00
    endloop
  endfacet
  facet normal -3.399078e-33 -5.551115e-17 -1.000000e+00
    outer loop
      vertex 2.780993e+01 -1.527441e+01 0.000000e+00
      vertex -7.794007e+01 -1.547729e+01 0.000000e+00
      vertex -7.950774e+01 -1.482788e+01 0.000000e+00
    endloop
  endfacet
  facet normal -3.399078e-33 -5.551115e-17 -1.000000e+00
    outer loop
      vertex 2.780993e+01 -1.527441e+01 0.000000e+00
      vertex -7.950774e+01 -1.482788e+01 0.000000e+00
      vertex 2.829229e+01 -1.507458e+01 0.000000e+00
    endloop
  endfacet
  facet normal -3.399078e-33 -5.551115e-17 -1.000000e+00
    outer loop
      vertex 2.829229e+01 -1.507458e+01 0.000000e+00
      vertex -7.950774e+01 -1.482788e+01 0.000000e+00
      vertex 2.880993e+01 -1.500647e+01 0.000000e+00
    endloop
  endfacet
  facet normal -3.399078e-33 -5.551115e-17 -1.000000e+00
    outer loop
      vertex -9.953392e+01 -1.660352e+01 0.000000e+00
      vertex -8.578626e+01 -1.651025e+01 0.000000e+00
      vertex -8.681924e+01 -1.785645e+01 0.000000e+00
    endloop
  endfacet
  facet normal -3.399078e-33 -5.551115e-17 -1.000000e+00
    outer loop
      vertex -8.578626e+01 -1.651025e+01 0.000000e+00
      vertex -9.953392e+01 -1.660352e+01 0.000000e+00
      vertex -9.914325e+01 -1.657678e+01 0.000000e+00
    endloop
  endfacet
  facet normal -3.399078e-33 -5.551115e-17 -1.000000e+00
    outer loop
      vertex -8.578626e+01 -1.651025e+01 0.000000e+00
      vertex -9.914325e+01 -1.657678e+01 0.000000e+00
      vertex -9.877281e+01 -1.644983e+01 0.000000e+00
    endloop
  endfacet
  facet normal -3.399078e-33 -5.551115e-17 -1.000000e+00
    outer loop
      vertex -8.578626e+01 -1.651025e+01 0.000000e+00
      vertex -9.877281e+01 -1.644983e+01 0.000000e+00
      vertex -8.444007e+01 -1.547729e+01 0.000000e+00
    endloop
  endfacet
  facet normal -3.399078e-33 -5.551115e-17 -1.000000e+00
    outer loop
      vertex -8.444007e+01 -1.547729e+01 0.000000e+00
      vertex -9.877281e+01 -1.644983e+01 0.000000e+00
      vertex -9.844785e+01 -1.623132e+01 0.000000e+00
    endloop
  endfacet
  facet normal -3.399078e-33 -5.551115e-17 -1.000000e+00
    outer loop
      vertex -8.444007e+01 -1.547729e+01 0.000000e+00
      vertex -9.844785e+01 -1.623132e+01 0.000000e+00
      vertex -9.819050e+01 -1.593628e+01 0.000000e+00
    endloop
  endfacet
  facet normal -3.399078e-33 -5.551115e-17 -1.000000e+00
    outer loop
      vertex -8.444007e+01 -1.547729e+01 0.000000e+00
      vertex -9.819050e+01 -1.593628e+01 0.000000e+00
      vertex -9.801831e+01 -1.558447e+01 0.000000e+00
    endloop
  endfacet
  facet normal -3.399078e-33 -5.551115e-17 -1.000000e+00
    outer loop
      vertex -8.444007e+01 -1.547729e+01 0.000000e+00
      vertex -9.801831e+01 -1.558447e+01 0.000000e+00
      vertex -9.794301e+01 -1.520032e+01 0.000000e+00
    endloop
  endfacet
  facet normal -3.399078e-33 -5.551115e-17 -1.000000e+00
    outer loop
      vertex -8.444007e+01 -1.547729e+01 0.000000e+00
      vertex -9.794301e+01 -1.520032e+01 0.000000e+00
      vertex -8.287240e+01 -1.482788e+01 0.000000e+00
    endloop
  endfacet
  facet normal -3.399078e-33 -5.551115e-17 -1.000000e+00
    outer loop
      vertex -8.287240e+01 -1.482788e+01 0.000000e+00
      vertex -9.794301e+01 -1.520032e+01 0.000000e+00
      vertex -9.796973e+01 -1.480957e+01 0.000000e+00
    endloop
  endfacet
  facet normal -3.399078e-33 -5.551115e-17 -1.000000e+00
    outer loop
      vertex -8.287240e+01 -1.482788e+01 0.000000e+00
      vertex -9.796973e+01 -1.480957e+01 0.000000e+00
      vertex -8.119007e+01 -1.460645e+01 0.000000e+00
    endloop
  endfacet
  facet normal -3.399078e-33 -5.551115e-17 -1.000000e+00
    outer loop
      vertex -8.119007e+01 -1.460645e+01 0.000000e+00
      vertex -9.796973e+01 -1.480957e+01 0.000000e+00
      vertex -9.809666e+01 -1.443921e+01 0.000000e+00
    endloop
  endfacet
  facet normal -3.399078e-33 -5.551115e-17 -1.000000e+00
    outer loop
      vertex -8.119007e+01 -1.460645e+01 0.000000e+00
      vertex -9.809666e+01 -1.443921e+01 0.000000e+00
      vertex 1.111901e+02 -1.460645e+01 0.000000e+00
    endloop
  endfacet
  facet normal -3.399078e-33 -5.551115e-17 -1.000000e+00
    outer loop
      vertex 1.111901e+02 -1.460645e+01 0.000000e+00
      vertex -9.809666e+01 -1.443921e+01 0.000000e+00
      vertex 1.111901e+02 -1.210645e+01 0.000000e+00
    endloop
  endfacet
  facet normal -3.399078e-33 -5.551115e-17 -1.000000e+00
    outer loop
      vertex 1.111901e+02 -1.210645e+01 0.000000e+00
      vertex -9.809666e+01 -1.443921e+01 0.000000e+00
      vertex -9.831513e+01 -1.411414e+01 0.000000e+00
    endloop
  endfacet
  facet normal -3.399078e-33 -5.551115e-17 -1.000000e+00
    outer loop
      vertex 1.111901e+02 -1.210645e+01 0.000000e+00
      vertex -9.831513e+01 -1.411414e+01 0.000000e+00
      vertex -9.861027e+01 -1.385681e+01 0.000000e+00
    endloop
  endfacet
  facet normal -3.399078e-33 -5.551115e-17 -1.000000e+00
    outer loop
      vertex 1.111901e+02 -1.210645e+01 0.000000e+00
      vertex -9.861027e+01 -1.385681e+01 0.000000e+00
      vertex -9.896195e+01 -1.368469e+01 0.000000e+00
    endloop
  endfacet
  facet normal -3.399078e-33 -5.551115e-17 -1.000000e+00
    outer loop
      vertex 1.111901e+02 -1.210645e+01 0.000000e+00
      vertex -9.896195e+01 -1.368469e+01 0.000000e+00
      vertex 9.511332e+01 -1.222559e+01 0.000000e+00
    endloop
  endfacet
  facet normal -3.399078e-33 -5.551115e-17 -1.000000e+00
    outer loop
      vertex 9.511332e+01 -1.222559e+01 0.000000e+00
      vertex -9.896195e+01 -1.368469e+01 0.000000e+00
      vertex -9.934622e+01 -1.360938e+01 0.000000e+00
    endloop
  endfacet
  facet normal -3.399078e-33 -5.551115e-17 -1.000000e+00
    outer loop
      vertex 1.111901e+02 -1.210645e+01 0.000000e+00
      vertex 9.511332e+01 -1.222559e+01 0.000000e+00
      vertex 9.570530e+01 -1.221680e+01 0.000000e+00
    endloop
  endfacet
  facet normal -3.399078e-33 -5.551115e-17 -1.000000e+00
    outer loop
      vertex 1.111901e+02 -1.210645e+01 0.000000e+00
      vertex 9.570530e+01 -1.221680e+01 0.000000e+00
      vertex 9.629682e+01 -1.219128e+01 0.000000e+00
    endloop
  endfacet
  facet normal -3.399078e-33 -5.551115e-17 -1.000000e+00
    outer loop
      vertex 1.111901e+02 -1.210645e+01 0.000000e+00
      vertex 9.629682e+01 -1.219128e+01 0.000000e+00
      vertex 9.688737e+01 -1.214905e+01 0.000000e+00
    endloop
  endfacet
  facet normal -3.399078e-33 -5.551115e-17 -1.000000e+00
    outer loop
      vertex 1.111901e+02 -1.210645e+01 0.000000e+00
      vertex 9.688737e+01 -1.214905e+01 0.000000e+00
      vertex 9.747648e+01 -1.209021e+01 0.000000e+00
    endloop
  endfacet
  facet normal -3.399078e-33 -5.551115e-17 -1.000000e+00
    outer loop
      vertex 1.111901e+02 -1.210645e+01 0.000000e+00
      vertex 9.747648e+01 -1.209021e+01 0.000000e+00
      vertex 9.806373e+01 -1.201477e+01 0.000000e+00
    endloop
  endfacet
  facet normal -3.399078e-33 -5.551115e-17 -1.000000e+00
    outer loop
      vertex 1.111901e+02 -1.210645e+01 0.000000e+00
      vertex 9.806373e+01 -1.201477e+01 0.000000e+00
      vertex 9.864860e+01 -1.192273e+01 0.000000e+00
    endloop
  endfacet
  facet normal -3.399078e-33 -5.551115e-17 -1.000000e+00
    outer loop
      vertex 1.111901e+02 -1.210645e+01 0.000000e+00
      vertex 9.864860e+01 -1.192273e+01 0.000000e+00
      vertex 9.923063e+01 -1.181433e+01 0.000000e+00
    endloop
  endfacet
  facet normal -3.399078e-33 -5.551115e-17 -1.000000e+00
    outer loop
      vertex 1.111901e+02 -1.210645e+01 0.000000e+00
      vertex 9.923063e+01 -1.181433e+01 0.000000e+00
      vertex 9.980939e+01 -1.168945e+01 0.000000e+00
    endloop
  endfacet
  facet normal -3.399078e-33 -5.551115e-17 -1.000000e+00
    outer loop
      vertex 1.111901e+02 -1.210645e+01 0.000000e+00
      vertex 9.980939e+01 -1.168945e+01 0.000000e+00
      vertex 1.003844e+02 -1.154834e+01 0.000000e+00
    endloop
  endfacet
  facet normal -3.399078e-33 -5.551115e-17 -1.000000e+00
    outer loop
      vertex 1.111901e+02 -1.210645e+01 0.000000e+00
      vertex 1.003844e+02 -1.154834e+01 0.000000e+00
      vertex 1.009552e+02 -1.139111e+01 0.000000e+00
    endloop
  endfacet
  facet normal -3.399078e-33 -5.551115e-17 -1.000000e+00
    outer loop
      vertex 1.111901e+02 -1.210645e+01 0.000000e+00
      vertex 1.009552e+02 -1.139111e+01 0.000000e+00
      vertex 1.015213e+02 -1.121777e+01 0.000000e+00
    endloop
  endfacet
  facet normal -3.399078e-33 -5.551115e-17 -1.000000e+00
    outer loop
      vertex 1.111901e+02 -1.210645e+01 0.000000e+00
      vertex 1.015213e+02 -1.121777e+01 0.000000e+00
      vertex 1.018641e+02 -1.108838e+01 0.000000e+00
    endloop
  endfacet
  facet normal -3.399078e-33 -5.551115e-17 -1.000000e+00
    outer loop
      vertex 1.111901e+02 -1.210645e+01 0.000000e+00
      vertex 1.018641e+02 -1.108838e+01 0.000000e+00
      vertex 1.021959e+02 -1.093286e+01 0.000000e+00
    endloop
  endfacet
  facet normal -3.399078e-33 -5.551115e-17 -1.000000e+00
    outer loop
      vertex 1.111901e+02 -1.210645e+01 0.000000e+00
      vertex 1.021959e+02 -1.093286e+01 0.000000e+00
      vertex 1.025147e+02 -1.075232e+01 0.000000e+00
    endloop
  endfacet
  facet normal -3.399078e-33 -5.551115e-17 -1.000000e+00
    outer loop
      vertex 1.111901e+02 -1.210645e+01 0.000000e+00
      vertex 1.025147e+02 -1.075232e+01 0.000000e+00
      vertex 1.028187e+02 -1.054761e+01 0.000000e+00
    endloop
  endfacet
  facet normal -3.399078e-33 -5.551115e-17 -1.000000e+00
    outer loop
      vertex 1.111901e+02 -1.210645e+01 0.000000e+00
      vertex 1.028187e+02 -1.054761e+01 0.000000e+00
      vertex 1.031060e+02 -1.032019e+01 0.000000e+00
    endloop
  endfacet
  facet normal -3.399078e-33 -5.551115e-17 -1.000000e+00
    outer loop
      vertex 1.111901e+02 -1.210645e+01 0.000000e+00
      vertex 1.031060e+02 -1.032019e+01 0.000000e+00
      vertex 1.035744e+02 -9.634033e+00 0.000000e+00
    endloop
  endfacet
  facet normal -3.399078e-33 -5.551115e-17 -1.000000e+00
    outer loop
      vertex 1.111901e+02 -1.210645e+01 0.000000e+00
      vertex 1.035744e+02 -9.634033e+00 0.000000e+00
      vertex 1.065901e+02 -4.319946e+00 0.000000e+00
    endloop
  endfacet
  facet normal -3.399078e-33 -5.551115e-17 -1.000000e+00
    outer loop
      vertex 1.065901e+02 -4.319946e+00 0.000000e+00
      vertex 1.035744e+02 -9.634033e+00 0.000000e+00
      vertex 1.037649e+02 -9.264404e+00 0.000000e+00
    endloop
  endfacet
  facet normal -3.399078e-33 -5.551115e-17 -1.000000e+00
    outer loop
      vertex 1.065901e+02 -4.319946e+00 0.000000e+00
      vertex 1.037649e+02 -9.264404e+00 0.000000e+00
      vertex 1.040901e+02 -8.319946e+00 0.000000e+00
    endloop
  endfacet
  facet normal -3.399078e-33 -5.551115e-17 -1.000000e+00
    outer loop
      vertex 1.065901e+02 -4.319946e+00 0.000000e+00
      vertex 1.040901e+02 -8.319946e+00 0.000000e+00
      vertex 1.040901e+02 -4.319946e+00 0.000000e+00
    endloop
  endfacet
  facet normal -3.399078e-33 -5.551115e-17 -1.000000e+00
    outer loop
      vertex -7.491155e+01 -1.942407e+01 0.000000e+00
      vertex 1.046901e+02 -2.110645e+01 0.000000e+00
      vertex -7.469007e+01 -2.110645e+01 0.000000e+00
    endloop
  endfacet
  facet normal -3.399078e-33 -5.551115e-17 -1.000000e+00
    outer loop
      vertex 1.046901e+02 -2.110645e+01 0.000000e+00
      vertex -7.491155e+01 -1.942407e+01 0.000000e+00
      vertex 1.048584e+02 -2.030493e+01 0.000000e+00
    endloop
  endfacet
  facet normal -3.399078e-33 -5.551115e-17 -1.000000e+00
    outer loop
      vertex 1.048584e+02 -2.030493e+01 0.000000e+00
      vertex -7.491155e+01 -1.942407e+01 0.000000e+00
      vertex 1.051100e+02 -1.952563e+01 0.000000e+00
    endloop
  endfacet
  facet normal -3.399078e-33 -5.551115e-17 -1.000000e+00
    outer loop
      vertex 1.051100e+02 -1.952563e+01 0.000000e+00
      vertex -7.491155e+01 -1.942407e+01 0.000000e+00
      vertex 1.054419e+02 -1.877698e+01 0.000000e+00
    endloop
  endfacet
  facet normal -3.399078e-33 -5.551115e-17 -1.000000e+00
    outer loop
      vertex 1.054419e+02 -1.877698e+01 0.000000e+00
      vertex -7.491155e+01 -1.942407e+01 0.000000e+00
      vertex 2.880993e+01 -1.900647e+01 0.000000e+00
    endloop
  endfacet
  facet normal -3.399078e-33 -5.551115e-17 -1.000000e+00
    outer loop
      vertex 1.054419e+02 -1.877698e+01 0.000000e+00
      vertex 2.880993e+01 -1.900647e+01 0.000000e+00
      vertex 2.932757e+01 -1.893823e+01 0.000000e+00
    endloop
  endfacet
  facet normal -3.399078e-33 -5.551115e-17 -1.000000e+00
    outer loop
      vertex 1.054419e+02 -1.877698e+01 0.000000e+00
      vertex 2.932757e+01 -1.893823e+01 0.000000e+00
      vertex 2.980993e+01 -1.873853e+01 0.000000e+00
    endloop
  endfacet
  facet normal -3.399078e-33 -5.551115e-17 -1.000000e+00
    outer loop
      vertex 1.054419e+02 -1.877698e+01 0.000000e+00
      vertex 2.980993e+01 -1.873853e+01 0.000000e+00
      vertex 1.058506e+02 -1.806726e+01 0.000000e+00
    endloop
  endfacet
  facet normal -3.399078e-33 -5.551115e-17 -1.000000e+00
    outer loop
      vertex 1.058506e+02 -1.806726e+01 0.000000e+00
      vertex 2.980993e+01 -1.873853e+01 0.000000e+00
      vertex 3.022414e+01 -1.842065e+01 0.000000e+00
    endloop
  endfacet
  facet normal -3.399078e-33 -5.551115e-17 -1.000000e+00
    outer loop
      vertex 1.058506e+02 -1.806726e+01 0.000000e+00
      vertex 3.022414e+01 -1.842065e+01 0.000000e+00
      vertex 3.054198e+01 -1.800647e+01 0.000000e+00
    endloop
  endfacet
  facet normal -3.399078e-33 -5.551115e-17 -1.000000e+00
    outer loop
      vertex 1.058506e+02 -1.806726e+01 0.000000e+00
      vertex 3.054198e+01 -1.800647e+01 0.000000e+00
      vertex 1.063316e+02 -1.740442e+01 0.000000e+00
    endloop
  endfacet
  facet normal -3.399078e-33 -5.551115e-17 -1.000000e+00
    outer loop
      vertex 1.063316e+02 -1.740442e+01 0.000000e+00
      vertex 3.054198e+01 -1.800647e+01 0.000000e+00
      vertex 3.074178e+01 -1.752405e+01 0.000000e+00
    endloop
  endfacet
  facet normal -3.399078e-33 -5.551115e-17 -1.000000e+00
    outer loop
      vertex 1.063316e+02 -1.740442e+01 0.000000e+00
      vertex 3.074178e+01 -1.752405e+01 0.000000e+00
      vertex 3.080993e+01 -1.700647e+01 0.000000e+00
    endloop
  endfacet
  facet normal -3.399078e-33 -5.551115e-17 -1.000000e+00
    outer loop
      vertex 1.063316e+02 -1.740442e+01 0.000000e+00
      vertex 3.080993e+01 -1.700647e+01 0.000000e+00
      vertex 1.068794e+02 -1.679578e+01 0.000000e+00
    endloop
  endfacet
  facet normal -3.399078e-33 -5.551115e-17 -1.000000e+00
    outer loop
      vertex 1.068794e+02 -1.679578e+01 0.000000e+00
      vertex 3.080993e+01 -1.700647e+01 0.000000e+00
      vertex 3.074178e+01 -1.648877e+01 0.000000e+00
    endloop
  endfacet
  facet normal -3.399078e-33 -5.551115e-17 -1.000000e+00
    outer loop
      vertex 1.068794e+02 -1.679578e+01 0.000000e+00
      vertex 3.074178e+01 -1.648877e+01 0.000000e+00
      vertex 1.074881e+02 -1.624792e+01 0.000000e+00
    endloop
  endfacet
  facet normal -3.399078e-33 -5.551115e-17 -1.000000e+00
    outer loop
      vertex 1.074881e+02 -1.624792e+01 0.000000e+00
      vertex 3.074178e+01 -1.648877e+01 0.000000e+00
      vertex 3.054198e+01 -1.600647e+01 0.000000e+00
    endloop
  endfacet
  facet normal -3.399078e-33 -5.551115e-17 -1.000000e+00
    outer loop
      vertex 1.074881e+02 -1.624792e+01 0.000000e+00
      vertex 3.054198e+01 -1.600647e+01 0.000000e+00
      vertex 1.081510e+02 -1.576697e+01 0.000000e+00
    endloop
  endfacet
  facet normal -3.399078e-33 -5.551115e-17 -1.000000e+00
    outer loop
      vertex 1.081510e+02 -1.576697e+01 0.000000e+00
      vertex 3.054198e+01 -1.600647e+01 0.000000e+00
      vertex 3.022414e+01 -1.559216e+01 0.000000e+00
    endloop
  endfacet
  facet normal -3.399078e-33 -5.551115e-17 -1.000000e+00
    outer loop
      vertex 1.081510e+02 -1.576697e+01 0.000000e+00
      vertex 3.022414e+01 -1.559216e+01 0.000000e+00
      vertex 1.088606e+02 -1.535828e+01 0.000000e+00
    endloop
  endfacet
  facet normal -3.399078e-33 -5.551115e-17 -1.000000e+00
    outer loop
      vertex 1.088606e+02 -1.535828e+01 0.000000e+00
      vertex 3.022414e+01 -1.559216e+01 0.000000e+00
      vertex 2.980993e+01 -1.527441e+01 0.000000e+00
    endloop
  endfacet
  facet normal -3.399078e-33 -5.551115e-17 -1.000000e+00
    outer loop
      vertex 1.088606e+02 -1.535828e+01 0.000000e+00
      vertex 2.980993e+01 -1.527441e+01 0.000000e+00
      vertex 1.096093e+02 -1.502637e+01 0.000000e+00
    endloop
  endfacet
  facet normal -3.399078e-33 -5.551115e-17 -1.000000e+00
    outer loop
      vertex 1.096093e+02 -1.502637e+01 0.000000e+00
      vertex 2.980993e+01 -1.527441e+01 0.000000e+00
      vertex 2.932757e+01 -1.507458e+01 0.000000e+00
    endloop
  endfacet
  facet normal -3.399078e-33 -5.551115e-17 -1.000000e+00
    outer loop
      vertex 1.096093e+02 -1.502637e+01 0.000000e+00
      vertex 2.932757e+01 -1.507458e+01 0.000000e+00
      vertex 2.880993e+01 -1.500647e+01 0.000000e+00
    endloop
  endfacet
  facet normal -3.399078e-33 -5.551115e-17 -1.000000e+00
    outer loop
      vertex 1.096093e+02 -1.502637e+01 0.000000e+00
      vertex 2.880993e+01 -1.500647e+01 0.000000e+00
      vertex 1.103886e+02 -1.477478e+01 0.000000e+00
    endloop
  endfacet
  facet normal -3.399078e-33 -5.551115e-17 -1.000000e+00
    outer loop
      vertex 1.103886e+02 -1.477478e+01 0.000000e+00
      vertex 2.880993e+01 -1.500647e+01 0.000000e+00
      vertex -7.950774e+01 -1.482788e+01 0.000000e+00
    endloop
  endfacet
  facet normal -3.399078e-33 -5.551115e-17 -1.000000e+00
    outer loop
      vertex 1.103886e+02 -1.477478e+01 0.000000e+00
      vertex -7.950774e+01 -1.482788e+01 0.000000e+00
      vertex -8.119007e+01 -1.460645e+01 0.000000e+00
    endloop
  endfacet
  facet normal -3.399078e-33 -5.551115e-17 -1.000000e+00
    outer loop
      vertex 1.103886e+02 -1.477478e+01 0.000000e+00
      vertex -8.119007e+01 -1.460645e+01 0.000000e+00
      vertex 1.111901e+02 -1.460645e+01 0.000000e+00
    endloop
  endfacet
  facet normal -3.399078e-33 -5.551115e-17 -1.000000e+00
    outer loop
      vertex -1.111901e+02 -2.110645e+01 0.000000e+00
      vertex -9.991819e+01 -1.652820e+01 0.000000e+00
      vertex -8.769007e+01 -2.110645e+01 0.000000e+00
    endloop
  endfacet
  facet normal -3.399078e-33 -5.551115e-17 -1.000000e+00
    outer loop
      vertex -9.991819e+01 -1.652820e+01 0.000000e+00
      vertex -1.111901e+02 -2.110645e+01 0.000000e+00
      vertex -1.111901e+02 -1.210645e+01 0.000000e+00
    endloop
  endfacet
  facet normal -3.399078e-33 -5.551115e-17 -1.000000e+00
    outer loop
      vertex -8.769007e+01 -2.110645e+01 0.000000e+00
      vertex -9.991819e+01 -1.652820e+01 0.000000e+00
      vertex -8.746859e+01 -1.942407e+01 0.000000e+00
    endloop
  endfacet
  facet normal -3.399078e-33 -5.551115e-17 -1.000000e+00
    outer loop
      vertex -8.746859e+01 -1.942407e+01 0.000000e+00
      vertex -9.991819e+01 -1.652820e+01 0.000000e+00
      vertex -9.953392e+01 -1.660352e+01 0.000000e+00
    endloop
  endfacet
  facet normal -3.399078e-33 -5.551115e-17 -1.000000e+00
    outer loop
      vertex -8.746859e+01 -1.942407e+01 0.000000e+00
      vertex -9.953392e+01 -1.660352e+01 0.000000e+00
      vertex -8.681924e+01 -1.785645e+01 0.000000e+00
    endloop
  endfacet
  facet normal -3.399078e-33 -5.551115e-17 -1.000000e+00
    outer loop
      vertex -9.991819e+01 -1.652820e+01 0.000000e+00
      vertex -1.111901e+02 -1.210645e+01 0.000000e+00
      vertex -1.002699e+02 -1.635596e+01 0.000000e+00
    endloop
  endfacet
  facet normal -3.399078e-33 -5.551115e-17 -1.000000e+00
    outer loop
      vertex -1.002699e+02 -1.635596e+01 0.000000e+00
      vertex -1.111901e+02 -1.210645e+01 0.000000e+00
      vertex -1.005650e+02 -1.609863e+01 0.000000e+00
    endloop
  endfacet
  facet normal -3.399078e-33 -5.551115e-17 -1.000000e+00
    outer loop
      vertex -1.005650e+02 -1.609863e+01 0.000000e+00
      vertex -1.111901e+02 -1.210645e+01 0.000000e+00
      vertex -1.007835e+02 -1.577368e+01 0.000000e+00
    endloop
  endfacet
  facet normal -3.399078e-33 -5.551115e-17 -1.000000e+00
    outer loop
      vertex -1.007835e+02 -1.577368e+01 0.000000e+00
      vertex -1.111901e+02 -1.210645e+01 0.000000e+00
      vertex -1.009104e+02 -1.540320e+01 0.000000e+00
    endloop
  endfacet
  facet normal -3.399078e-33 -5.551115e-17 -1.000000e+00
    outer loop
      vertex -1.009104e+02 -1.540320e+01 0.000000e+00
      vertex -1.111901e+02 -1.210645e+01 0.000000e+00
      vertex -1.009371e+02 -1.501257e+01 0.000000e+00
    endloop
  endfacet
  facet normal -3.399078e-33 -5.551115e-17 -1.000000e+00
    outer loop
      vertex -1.009371e+02 -1.501257e+01 0.000000e+00
      vertex -1.111901e+02 -1.210645e+01 0.000000e+00
      vertex -1.008618e+02 -1.462830e+01 0.000000e+00
    endloop
  endfacet
  facet normal -3.399078e-33 -5.551115e-17 -1.000000e+00
    outer loop
      vertex -1.008618e+02 -1.462830e+01 0.000000e+00
      vertex -1.111901e+02 -1.210645e+01 0.000000e+00
      vertex -1.006896e+02 -1.427661e+01 0.000000e+00
    endloop
  endfacet
  facet normal -3.399078e-33 -5.551115e-17 -1.000000e+00
    outer loop
      vertex -1.006896e+02 -1.427661e+01 0.000000e+00
      vertex -1.111901e+02 -1.210645e+01 0.000000e+00
      vertex -1.004323e+02 -1.398145e+01 0.000000e+00
    endloop
  endfacet
  facet normal -3.399078e-33 -5.551115e-17 -1.000000e+00
    outer loop
      vertex -1.004323e+02 -1.398145e+01 0.000000e+00
      vertex -1.111901e+02 -1.210645e+01 0.000000e+00
      vertex -1.001073e+02 -1.376306e+01 0.000000e+00
    endloop
  endfacet
  facet normal -3.399078e-33 -5.551115e-17 -1.000000e+00
    outer loop
      vertex -1.001073e+02 -1.376306e+01 0.000000e+00
      vertex -1.111901e+02 -1.210645e+01 0.000000e+00
      vertex -9.973689e+01 -1.363611e+01 0.000000e+00
    endloop
  endfacet
  facet normal -3.399078e-33 -5.551115e-17 -1.000000e+00
    outer loop
      vertex -9.973689e+01 -1.363611e+01 0.000000e+00
      vertex -1.111901e+02 -1.210645e+01 0.000000e+00
      vertex -9.934622e+01 -1.360938e+01 0.000000e+00
    endloop
  endfacet
  facet normal -3.399078e-33 -5.551115e-17 -1.000000e+00
    outer loop
      vertex -9.934622e+01 -1.360938e+01 0.000000e+00
      vertex -1.111901e+02 -1.210645e+01 0.000000e+00
      vertex 1.452129e+01 -1.221777e+01 0.000000e+00
    endloop
  endfacet
  facet normal -3.399078e-33 -5.551115e-17 -1.000000e+00
    outer loop
      vertex -9.934622e+01 -1.360938e+01 0.000000e+00
      vertex 1.452129e+01 -1.221777e+01 0.000000e+00
      vertex 9.511332e+01 -1.222559e+01 0.000000e+00
    endloop
  endfacet
  facet normal -3.399078e-33 -5.551115e-17 -1.000000e+00
    outer loop
      vertex 1.452129e+01 -1.221777e+01 0.000000e+00
      vertex -1.111901e+02 -1.210645e+01 0.000000e+00
      vertex 5.346611e+00 -1.218982e+01 0.000000e+00
    endloop
  endfacet
  facet normal -3.399078e-33 -5.551115e-17 -1.000000e+00
    outer loop
      vertex 5.346611e+00 -1.218982e+01 0.000000e+00
      vertex -1.111901e+02 -1.210645e+01 0.000000e+00
      vertex -3.827736e+00 -1.210645e+01 0.000000e+00
    endloop
  endfacet
  facet normal -3.399078e-33 -5.551115e-17 -1.000000e+00
    outer loop
      vertex -3.827736e+00 -1.210645e+01 0.000000e+00
      vertex -1.111901e+02 -1.210645e+01 0.000000e+00
      vertex -1.300141e+01 -1.196741e+01 0.000000e+00
    endloop
  endfacet
  facet normal -3.399078e-33 -5.551115e-17 -1.000000e+00
    outer loop
      vertex -1.300141e+01 -1.196741e+01 0.000000e+00
      vertex -1.111901e+02 -1.210645e+01 0.000000e+00
      vertex -2.217408e+01 -1.177283e+01 0.000000e+00
    endloop
  endfacet
  facet normal -3.399078e-33 -5.551115e-17 -1.000000e+00
    outer loop
      vertex -2.217408e+01 -1.177283e+01 0.000000e+00
      vertex -1.111901e+02 -1.210645e+01 0.000000e+00
      vertex -3.134541e+01 -1.152271e+01 0.000000e+00
    endloop
  endfacet
  facet normal -3.399078e-33 -5.551115e-17 -1.000000e+00
    outer loop
      vertex -3.134541e+01 -1.152271e+01 0.000000e+00
      vertex -1.111901e+02 -1.210645e+01 0.000000e+00
      vertex -4.051504e+01 -1.121704e+01 0.000000e+00
    endloop
  endfacet
  facet normal -3.399078e-33 -5.551115e-17 -1.000000e+00
    outer loop
      vertex -4.051504e+01 -1.121704e+01 0.000000e+00
      vertex -1.111901e+02 -1.210645e+01 0.000000e+00
      vertex -4.968266e+01 -1.085596e+01 0.000000e+00
    endloop
  endfacet
  facet normal -3.399078e-33 -5.551115e-17 -1.000000e+00
    outer loop
      vertex -4.968266e+01 -1.085596e+01 0.000000e+00
      vertex -1.111901e+02 -1.210645e+01 0.000000e+00
      vertex -5.884792e+01 -1.043921e+01 0.000000e+00
    endloop
  endfacet
  facet normal -3.399078e-33 -5.551115e-17 -1.000000e+00
    outer loop
      vertex -5.884792e+01 -1.043921e+01 0.000000e+00
      vertex -1.111901e+02 -1.210645e+01 0.000000e+00
      vertex -6.801049e+01 -9.967041e+00 0.000000e+00
    endloop
  endfacet
  facet normal -3.399078e-33 -5.551115e-17 -1.000000e+00
    outer loop
      vertex -6.801049e+01 -9.967041e+00 0.000000e+00
      vertex -1.111901e+02 -1.210645e+01 0.000000e+00
      vertex -7.717004e+01 -9.439453e+00 0.000000e+00
    endloop
  endfacet
  facet normal -3.399078e-33 -5.551115e-17 -1.000000e+00
    outer loop
      vertex -7.717004e+01 -9.439453e+00 0.000000e+00
      vertex -1.111901e+02 -1.210645e+01 0.000000e+00
      vertex -8.632622e+01 -8.856323e+00 0.000000e+00
    endloop
  endfacet
  facet normal -3.399078e-33 -5.551115e-17 -1.000000e+00
    outer loop
      vertex -8.632622e+01 -8.856323e+00 0.000000e+00
      vertex -1.111901e+02 -1.210645e+01 0.000000e+00
      vertex -9.401466e+01 -8.319946e+00 0.000000e+00
    endloop
  endfacet
  facet normal -3.399078e-33 -5.551115e-17 -1.000000e+00
    outer loop
      vertex -9.401466e+01 -8.319946e+00 0.000000e+00
      vertex -1.111901e+02 -1.210645e+01 0.000000e+00
      vertex -1.029928e+02 -7.693481e+00 0.000000e+00
    endloop
  endfacet
  facet normal -3.399078e-33 -5.551115e-17 -1.000000e+00
    outer loop
      vertex -1.029928e+02 -7.693481e+00 0.000000e+00
      vertex -1.111901e+02 -1.210645e+01 0.000000e+00
      vertex -1.054928e+02 -3.693481e+00 0.000000e+00
    endloop
  endfacet
  facet normal -3.399078e-33 -5.551115e-17 -1.000000e+00
    outer loop
      vertex -9.401466e+01 -8.319946e+00 0.000000e+00
      vertex -1.029928e+02 -7.693481e+00 0.000000e+00
      vertex -9.547870e+01 -8.217773e+00 0.000000e+00
    endloop
  endfacet
  facet normal -3.399078e-33 -5.551115e-17 -1.000000e+00
    outer loop
      vertex -1.029928e+02 -7.693481e+00 0.000000e+00
      vertex -1.054928e+02 -3.693481e+00 0.000000e+00
      vertex -1.029928e+02 -3.693481e+00 0.000000e+00
    endloop
  endfacet
  facet normal -3.399078e-33 -5.551115e-17 -1.000000e+00
    outer loop
      vertex 9.452131e+01 -1.221777e+01 0.000000e+00
      vertex 9.511332e+01 -1.222559e+01 0.000000e+00
      vertex 1.452129e+01 -1.221777e+01 0.000000e+00
    endloop
  endfacet
  facet normal 2.055808e-01 -9.786401e-01 5.432544e-17
    outer loop
      vertex 1.111901e+02 -1.460645e+01 0.000000e+00
      vertex 1.103886e+02 -1.477478e+01 1.500000e+01
      vertex 1.103886e+02 -1.477478e+01 0.000000e+00
    endloop
  endfacet
  facet normal 2.567264e-01 -9.664841e-01 5.365065e-17
    outer loop
      vertex 1.103886e+02 -1.477478e+01 1.500000e+01
      vertex 1.111901e+02 -1.460645e+01 0.000000e+00
      vertex 1.111901e+02 -1.460645e+01 1.500000e+01
    endloop
  endfacet
  facet normal 1.000000e+00 -6.123234e-17 0.000000e+00
    outer loop
      vertex 1.111901e+02 -1.460645e+01 0.000000e+00
      vertex 1.111901e+02 -1.210645e+01 1.500000e+01
      vertex 1.111901e+02 -1.460645e+01 1.500000e+01
    endloop
  endfacet
  facet normal 1.000000e+00 -6.123234e-17 0.000000e+00
    outer loop
      vertex 1.111901e+02 -1.210645e+01 1.500000e+01
      vertex 1.111901e+02 -1.460645e+01 0.000000e+00
      vertex 1.111901e+02 -1.210645e+01 0.000000e+00
    endloop
  endfacet
  facet normal 8.609809e-01 5.086373e-01 -2.823504e-17
    outer loop
      vertex 1.111901e+02 -1.210645e+01 0.000000e+00
      vertex 1.065901e+02 -4.319946e+00 1.500000e+01
      vertex 1.111901e+02 -1.210645e+01 1.500000e+01
    endloop
  endfacet
  facet normal 8.609809e-01 5.086373e-01 -2.823504e-17
    outer loop
      vertex 1.065901e+02 -4.319946e+00 1.500000e+01
      vertex 1.111901e+02 -1.210645e+01 0.000000e+00
      vertex 1.065901e+02 -4.319946e+00 0.000000e+00
    endloop
  endfacet
  facet normal 6.123234e-17 1.000000e+00 -5.551115e-17
    outer loop
      vertex 1.065901e+02 -4.319946e+00 1.500000e+01
      vertex 1.040901e+02 -4.319946e+00 0.000000e+00
      vertex 1.040901e+02 -4.319946e+00 1.500000e+01
    endloop
  endfacet
  facet normal 6.123234e-17 1.000000e+00 -5.551115e-17
    outer loop
      vertex 1.040901e+02 -4.319946e+00 0.000000e+00
      vertex 1.065901e+02 -4.319946e+00 1.500000e+01
      vertex 1.065901e+02 -4.319946e+00 0.000000e+00
    endloop
  endfacet
  facet normal -1.000000e+00 6.123234e-17 0.000000e+00
    outer loop
      vertex 1.040901e+02 -4.319946e+00 0.000000e+00
      vertex 1.040901e+02 -8.319946e+00 1.500000e+01
      vertex 1.040901e+02 -4.319946e+00 1.500000e+01
    endloop
  endfacet
  facet normal -1.000000e+00 6.123234e-17 0.000000e+00
    outer loop
      vertex 1.040901e+02 -8.319946e+00 1.500000e+01
      vertex 1.040901e+02 -4.319946e+00 0.000000e+00
      vertex 1.040901e+02 -8.319946e+00 0.000000e+00
    endloop
  endfacet
  facet normal -9.455237e-01 3.255532e-01 -1.807183e-17
    outer loop
      vertex 1.040901e+02 -8.319946e+00 0.000000e+00
      vertex 1.037649e+02 -9.264404e+00 1.500000e+01
      vertex 1.040901e+02 -8.319946e+00 1.500000e+01
    endloop
  endfacet
  facet normal -9.455237e-01 3.255532e-01 -1.807183e-17
    outer loop
      vertex 1.037649e+02 -9.264404e+00 1.500000e+01
      vertex 1.040901e+02 -8.319946e+00 0.000000e+00
      vertex 1.037649e+02 -9.264404e+00 0.000000e+00
    endloop
  endfacet
  facet normal -8.889564e-01 4.579918e-01 -2.542365e-17
    outer loop
      vertex 1.037649e+02 -9.264404e+00 0.000000e+00
      vertex 1.035744e+02 -9.634033e+00 1.500000e+01
      vertex 1.037649e+02 -9.264404e+00 1.500000e+01
    endloop
  endfacet
  facet normal -8.889564e-01 4.579918e-01 -2.542365e-17
    outer loop
      vertex 1.035744e+02 -9.634033e+00 1.500000e+01
      vertex 1.037649e+02 -9.264404e+00 0.000000e+00
      vertex 1.035744e+02 -9.634033e+00 0.000000e+00
    endloop
  endfacet
  facet normal -8.258759e-01 5.638520e-01 -3.130007e-17
    outer loop
      vertex 1.035744e+02 -9.634033e+00 0.000000e+00
      vertex 1.031060e+02 -1.032019e+01 1.500000e+01
      vertex 1.035744e+02 -9.634033e+00 1.500000e+01
    endloop
  endfacet
  facet normal -8.258759e-01 5.638520e-01 -3.130007e-17
    outer loop
      vertex 1.031060e+02 -1.032019e+01 1.500000e+01
      vertex 1.035744e+02 -9.634033e+00 0.000000e+00
      vertex 1.031060e+02 -1.032019e+01 0.000000e+00
    endloop
  endfacet
  facet normal -6.207191e-01 7.840332e-01 -4.352258e-17
    outer loop
      vertex 1.031060e+02 -1.032019e+01 1.500000e+01
      vertex 1.028187e+02 -1.054761e+01 0.000000e+00
      vertex 1.028187e+02 -1.054761e+01 1.500000e+01
    endloop
  endfacet
  facet normal -5.900170e-01 8.073908e-01 -4.481919e-17
    outer loop
      vertex 1.028187e+02 -1.054761e+01 0.000000e+00
      vertex 1.031060e+02 -1.032019e+01 1.500000e+01
      vertex 1.031060e+02 -1.032019e+01 0.000000e+00
    endloop
  endfacet
  facet normal -5.900170e-01 8.073908e-01 -4.481919e-17
    outer loop
      vertex 1.028187e+02 -1.054761e+01 1.500000e+01
      vertex 1.025147e+02 -1.075232e+01 0.000000e+00
      vertex 1.025147e+02 -1.075232e+01 1.500000e+01
    endloop
  endfacet
  facet normal -5.260258e-01 8.504686e-01 -4.721049e-17
    outer loop
      vertex 1.025147e+02 -1.075232e+01 0.000000e+00
      vertex 1.028187e+02 -1.054761e+01 1.500000e+01
      vertex 1.028187e+02 -1.054761e+01 0.000000e+00
    endloop
  endfacet
  facet normal -5.260258e-01 8.504686e-01 -4.721049e-17
    outer loop
      vertex 1.025147e+02 -1.075232e+01 1.500000e+01
      vertex 1.021959e+02 -1.093286e+01 0.000000e+00
      vertex 1.021959e+02 -1.093286e+01 1.500000e+01
    endloop
  endfacet
  facet normal -4.589044e-01 8.884857e-01 -4.932086e-17
    outer loop
      vertex 1.021959e+02 -1.093286e+01 0.000000e+00
      vertex 1.025147e+02 -1.075232e+01 1.500000e+01
      vertex 1.025147e+02 -1.075232e+01 0.000000e+00
    endloop
  endfacet
  facet normal -4.589044e-01 8.884857e-01 -4.932086e-17
    outer loop
      vertex 1.021959e+02 -1.093286e+01 1.500000e+01
      vertex 1.018641e+02 -1.108838e+01 0.000000e+00
      vertex 1.018641e+02 -1.108838e+01 1.500000e+01
    endloop
  endfacet
  facet normal -3.890522e-01 9.212157e-01 -5.113774e-17
    outer loop
      vertex 1.018641e+02 -1.108838e+01 0.000000e+00
      vertex 1.021959e+02 -1.093286e+01 1.500000e+01
      vertex 1.021959e+02 -1.093286e+01 0.000000e+00
    endloop
  endfacet
  facet normal -3.890522e-01 9.212157e-01 -5.113774e-17
    outer loop
      vertex 1.018641e+02 -1.108838e+01 1.500000e+01
      vertex 1.015213e+02 -1.121777e+01 0.000000e+00
      vertex 1.015213e+02 -1.121777e+01 1.500000e+01
    endloop
  endfacet
  facet normal -3.532315e-01 9.355360e-01 -5.193268e-17
    outer loop
      vertex 1.015213e+02 -1.121777e+01 0.000000e+00
      vertex 1.018641e+02 -1.108838e+01 1.500000e+01
      vertex 1.018641e+02 -1.108838e+01 0.000000e+00
    endloop
  endfacet
  facet normal -2.927378e-01 9.561927e-01 -5.307936e-17
    outer loop
      vertex 1.015213e+02 -1.121777e+01 1.500000e+01
      vertex 1.009552e+02 -1.139111e+01 0.000000e+00
      vertex 1.009552e+02 -1.139111e+01 1.500000e+01
    endloop
  endfacet
  facet normal -2.792188e-01 9.602275e-01 -5.330333e-17
    outer loop
      vertex 1.009552e+02 -1.139111e+01 0.000000e+00
      vertex 1.015213e+02 -1.121777e+01 1.500000e+01
      vertex 1.015213e+02 -1.121777e+01 0.000000e+00
    endloop
  endfacet
  facet normal -2.792188e-01 9.602275e-01 -5.330333e-17
    outer loop
      vertex 1.009552e+02 -1.139111e+01 1.500000e+01
      vertex 1.003844e+02 -1.154834e+01 0.000000e+00
      vertex 1.003844e+02 -1.154834e+01 1.500000e+01
    endloop
  endfacet
  facet normal -2.520168e-01 9.677228e-01 -5.371941e-17
    outer loop
      vertex 1.003844e+02 -1.154834e+01 0.000000e+00
      vertex 1.009552e+02 -1.139111e+01 1.500000e+01
      vertex 1.009552e+02 -1.139111e+01 0.000000e+00
    endloop
  endfacet
  facet normal -2.520168e-01 9.677228e-01 -5.371941e-17
    outer loop
      vertex 1.003844e+02 -1.154834e+01 1.500000e+01
      vertex 9.980939e+01 -1.168945e+01 0.000000e+00
      vertex 9.980939e+01 -1.168945e+01 1.500000e+01
    endloop
  endfacet
  facet normal -2.246142e-01 9.744478e-01 -5.409272e-17
    outer loop
      vertex 9.980939e+01 -1.168945e+01 0.000000e+00
      vertex 1.003844e+02 -1.154834e+01 1.500000e+01
      vertex 1.003844e+02 -1.154834e+01 0.000000e+00
    endloop
  endfacet
  facet normal -2.246142e-01 9.744478e-01 -5.409272e-17
    outer loop
      vertex 9.980939e+01 -1.168945e+01 1.500000e+01
      vertex 9.923063e+01 -1.181433e+01 0.000000e+00
      vertex 9.923063e+01 -1.181433e+01 1.500000e+01
    endloop
  endfacet
  facet normal -1.970327e-01 9.803969e-01 -5.442296e-17
    outer loop
      vertex 9.923063e+01 -1.181433e+01 0.000000e+00
      vertex 9.980939e+01 -1.168945e+01 1.500000e+01
      vertex 9.980939e+01 -1.168945e+01 0.000000e+00
    endloop
  endfacet
  facet normal -1.970327e-01 9.803969e-01 -5.442296e-17
    outer loop
      vertex 9.923063e+01 -1.181433e+01 1.500000e+01
      vertex 9.864860e+01 -1.192273e+01 0.000000e+00
      vertex 9.864860e+01 -1.192273e+01 1.500000e+01
    endloop
  endfacet
  facet normal -1.692944e-01 9.855655e-01 -5.470987e-17
    outer loop
      vertex 9.864860e+01 -1.192273e+01 0.000000e+00
      vertex 9.923063e+01 -1.181433e+01 1.500000e+01
      vertex 9.923063e+01 -1.181433e+01 0.000000e+00
    endloop
  endfacet
  facet normal -1.692944e-01 9.855655e-01 -5.470987e-17
    outer loop
      vertex 9.864860e+01 -1.192273e+01 1.500000e+01
      vertex 9.806373e+01 -1.201477e+01 0.000000e+00
      vertex 9.806373e+01 -1.201477e+01 1.500000e+01
    endloop
  endfacet
  facet normal -1.414214e-01 9.899495e-01 -5.495323e-17
    outer loop
      vertex 9.806373e+01 -1.201477e+01 0.000000e+00
      vertex 9.864860e+01 -1.192273e+01 1.500000e+01
      vertex 9.864860e+01 -1.192273e+01 0.000000e+00
    endloop
  endfacet
  facet normal -1.414214e-01 9.899495e-01 -5.495323e-17
    outer loop
      vertex 9.806373e+01 -1.201477e+01 1.500000e+01
      vertex 9.747648e+01 -1.209021e+01 0.000000e+00
      vertex 9.747648e+01 -1.209021e+01 1.500000e+01
    endloop
  endfacet
  facet normal -1.134357e-01 9.935454e-01 -5.515285e-17
    outer loop
      vertex 9.747648e+01 -1.209021e+01 0.000000e+00
      vertex 9.806373e+01 -1.201477e+01 1.500000e+01
      vertex 9.806373e+01 -1.201477e+01 0.000000e+00
    endloop
  endfacet
  facet normal -1.134357e-01 9.935454e-01 -5.515285e-17
    outer loop
      vertex 9.747648e+01 -1.209021e+01 1.500000e+01
      vertex 9.688737e+01 -1.214905e+01 0.000000e+00
      vertex 9.688737e+01 -1.214905e+01 1.500000e+01
    endloop
  endfacet
  facet normal -8.535969e-02 9.963502e-01 -5.530855e-17
    outer loop
      vertex 9.688737e+01 -1.214905e+01 0.000000e+00
      vertex 9.747648e+01 -1.209021e+01 1.500000e+01
      vertex 9.747648e+01 -1.209021e+01 0.000000e+00
    endloop
  endfacet
  facet normal -8.535969e-02 9.963502e-01 -5.530855e-17
    outer loop
      vertex 9.688737e+01 -1.214905e+01 1.500000e+01
      vertex 9.629682e+01 -1.219128e+01 0.000000e+00
      vertex 9.629682e+01 -1.219128e+01 1.500000e+01
    endloop
  endfacet
  facet normal -5.721575e-02 9.983618e-01 -5.542021e-17
    outer loop
      vertex 9.629682e+01 -1.219128e+01 0.000000e+00
      vertex 9.688737e+01 -1.214905e+01 1.500000e+01
      vertex 9.688737e+01 -1.214905e+01 0.000000e+00
    endloop
  endfacet
  facet normal -5.721575e-02 9.983618e-01 -5.542021e-17
    outer loop
      vertex 9.629682e+01 -1.219128e+01 1.500000e+01
      vertex 9.570530e+01 -1.221680e+01 0.000000e+00
      vertex 9.570530e+01 -1.221680e+01 1.500000e+01
    endloop
  endfacet
  facet normal -2.902626e-02 9.995787e-01 -5.548776e-17
    outer loop
      vertex 9.570530e+01 -1.221680e+01 0.000000e+00
      vertex 9.629682e+01 -1.219128e+01 1.500000e+01
      vertex 9.629682e+01 -1.219128e+01 0.000000e+00
    endloop
  endfacet
  facet normal -2.902626e-02 9.995787e-01 -5.548776e-17
    outer loop
      vertex 9.570530e+01 -1.221680e+01 1.500000e+01
      vertex 9.511332e+01 -1.222559e+01 0.000000e+00
      vertex 9.511332e+01 -1.222559e+01 1.500000e+01
    endloop
  endfacet
  facet normal -8.136508e-04 9.999996e-01 -5.551113e-17
    outer loop
      vertex 9.511332e+01 -1.222559e+01 0.000000e+00
      vertex 9.570530e+01 -1.221680e+01 1.500000e+01
      vertex 9.570530e+01 -1.221680e+01 0.000000e+00
    endloop
  endfacet
  facet normal -8.136508e-04 9.999996e-01 -5.551113e-17
    outer loop
      vertex 9.511332e+01 -1.222559e+01 1.500000e+01
      vertex 9.452131e+01 -1.221777e+01 0.000000e+00
      vertex 9.452131e+01 -1.221777e+01 1.500000e+01
    endloop
  endfacet
  facet normal 1.329430e-02 9.999116e-01 -5.550624e-17
    outer loop
      vertex 9.452131e+01 -1.221777e+01 0.000000e+00
      vertex 9.511332e+01 -1.222559e+01 1.500000e+01
      vertex 9.511332e+01 -1.222559e+01 0.000000e+00
    endloop
  endfacet
  facet normal 6.123234e-17 1.000000e+00 -5.551115e-17
    outer loop
      vertex 9.452131e+01 -1.221777e+01 1.500000e+01
      vertex 1.452129e+01 -1.221777e+01 0.000000e+00
      vertex 1.452129e+01 -1.221777e+01 1.500000e+01
    endloop
  endfacet
  facet normal 6.123234e-17 1.000000e+00 -5.551115e-17
    outer loop
      vertex 1.452129e+01 -1.221777e+01 0.000000e+00
      vertex 9.452131e+01 -1.221777e+01 1.500000e+01
      vertex 9.452131e+01 -1.221777e+01 0.000000e+00
    endloop
  endfacet
  facet normal 3.039965e-03 9.999954e-01 -5.551089e-17
    outer loop
      vertex 1.452129e+01 -1.221777e+01 1.500000e+01
      vertex 5.346611e+00 -1.218982e+01 0.000000e+00
      vertex 5.346611e+00 -1.218982e+01 1.500000e+01
    endloop
  endfacet
  facet normal 6.067900e-03 9.999816e-01 -5.551013e-17
    outer loop
      vertex 5.346611e+00 -1.218982e+01 0.000000e+00
      vertex 1.452129e+01 -1.221777e+01 1.500000e+01
      vertex 1.452129e+01 -1.221777e+01 0.000000e+00
    endloop
  endfacet
  facet normal 6.067900e-03 9.999816e-01 -5.551013e-17
    outer loop
      vertex 5.346611e+00 -1.218982e+01 1.500000e+01
      vertex -3.827736e+00 -1.210645e+01 0.000000e+00
      vertex -3.827736e+00 -1.210645e+01 1.500000e+01
    endloop
  endfacet
  facet normal 1.212358e-02 9.999265e-01 -5.550707e-17
    outer loop
      vertex -3.827736e+00 -1.210645e+01 0.000000e+00
      vertex 5.346611e+00 -1.218982e+01 1.500000e+01
      vertex 5.346611e+00 -1.218982e+01 0.000000e+00
    endloop
  endfacet
  facet normal 1.212358e-02 9.999265e-01 -5.550707e-17
    outer loop
      vertex -3.827736e+00 -1.210645e+01 1.500000e+01
      vertex -1.300141e+01 -1.196741e+01 0.000000e+00
      vertex -1.300141e+01 -1.196741e+01 1.500000e+01
    endloop
  endfacet
  facet normal 1.817881e-02 9.998348e-01 -5.550198e-17
    outer loop
      vertex -1.300141e+01 -1.196741e+01 0.000000e+00
      vertex -3.827736e+00 -1.210645e+01 1.500000e+01
      vertex -3.827736e+00 -1.210645e+01 0.000000e+00
    endloop
  endfacet
  facet normal -6.123234e-17 -1.000000e+00 5.551115e-17
    outer loop
      vertex -8.769007e+01 -2.110645e+01 0.000000e+00
      vertex -1.111901e+02 -2.110645e+01 1.500000e+01
      vertex -1.111901e+02 -2.110645e+01 0.000000e+00
    endloop
  endfacet
  facet normal -6.123234e-17 -1.000000e+00 5.551115e-17
    outer loop
      vertex -1.111901e+02 -2.110645e+01 1.500000e+01
      vertex -8.769007e+01 -2.110645e+01 0.000000e+00
      vertex -8.769007e+01 -2.110645e+01 1.500000e+01
    endloop
  endfacet
  facet normal 9.914449e-01 -1.305262e-01 7.245659e-18
    outer loop
      vertex -8.769007e+01 -2.110645e+01 0.000000e+00
      vertex -8.746859e+01 -1.942407e+01 1.500000e+01
      vertex -8.769007e+01 -2.110645e+01 1.500000e+01
    endloop
  endfacet
  facet normal 9.659258e-01 -2.588190e-01 1.436734e-17
    outer loop
      vertex -8.746859e+01 -1.942407e+01 1.500000e+01
      vertex -8.769007e+01 -2.110645e+01 0.000000e+00
      vertex -8.746859e+01 -1.942407e+01 0.000000e+00
    endloop
  endfacet
  facet normal 9.659258e-01 -2.588190e-01 1.436734e-17
    outer loop
      vertex -8.746859e+01 -1.942407e+01 0.000000e+00
      vertex -8.681924e+01 -1.785645e+01 1.500000e+01
      vertex -8.746859e+01 -1.942407e+01 1.500000e+01
    endloop
  endfacet
  facet normal 8.660254e-01 -5.000000e-01 2.775558e-17
    outer loop
      vertex -8.681924e+01 -1.785645e+01 1.500000e+01
      vertex -8.746859e+01 -1.942407e+01 0.000000e+00
      vertex -8.681924e+01 -1.785645e+01 0.000000e+00
    endloop
  endfacet
  facet normal 8.660254e-01 -5.000000e-01 2.775558e-17
    outer loop
      vertex -8.681924e+01 -1.785645e+01 0.000000e+00
      vertex -8.578626e+01 -1.651025e+01 1.500000e+01
      vertex -8.681924e+01 -1.785645e+01 1.500000e+01
    endloop
  endfacet
  facet normal 7.071068e-01 -7.071068e-01 3.925231e-17
    outer loop
      vertex -8.578626e+01 -1.651025e+01 1.500000e+01
      vertex -8.681924e+01 -1.785645e+01 0.000000e+00
      vertex -8.578626e+01 -1.651025e+01 0.000000e+00
    endloop
  endfacet
  facet normal 5.000000e-01 -8.660254e-01 4.807407e-17
    outer loop
      vertex -8.444007e+01 -1.547729e+01 0.000000e+00
      vertex -8.578626e+01 -1.651025e+01 1.500000e+01
      vertex -8.578626e+01 -1.651025e+01 0.000000e+00
    endloop
  endfacet
  facet normal 7.071068e-01 -7.071068e-01 3.925231e-17
    outer loop
      vertex -8.578626e+01 -1.651025e+01 1.500000e+01
      vertex -8.444007e+01 -1.547729e+01 0.000000e+00
      vertex -8.444007e+01 -1.547729e+01 1.500000e+01
    endloop
  endfacet
  facet normal 2.588190e-01 -9.659258e-01 5.361965e-17
    outer loop
      vertex -8.287240e+01 -1.482788e+01 0.000000e+00
      vertex -8.444007e+01 -1.547729e+01 1.500000e+01
      vertex -8.444007e+01 -1.547729e+01 0.000000e+00
    endloop
  endfacet
  facet normal 5.000000e-01 -8.660254e-01 4.807407e-17
    outer loop
      vertex -8.444007e+01 -1.547729e+01 1.500000e+01
      vertex -8.287240e+01 -1.482788e+01 0.000000e+00
      vertex -8.287240e+01 -1.482788e+01 1.500000e+01
    endloop
  endfacet
  facet normal 1.305262e-01 -9.914449e-01 5.503625e-17
    outer loop
      vertex -8.119007e+01 -1.460645e+01 0.000000e+00
      vertex -8.287240e+01 -1.482788e+01 1.500000e+01
      vertex -8.287240e+01 -1.482788e+01 0.000000e+00
    endloop
  endfacet
  facet normal 2.588190e-01 -9.659258e-01 5.361965e-17
    outer loop
      vertex -8.287240e+01 -1.482788e+01 1.500000e+01
      vertex -8.119007e+01 -1.460645e+01 0.000000e+00
      vertex -8.119007e+01 -1.460645e+01 1.500000e+01
    endloop
  endfacet
  facet normal -2.588190e-01 -9.659258e-01 5.361965e-17
    outer loop
      vertex -7.950774e+01 -1.482788e+01 0.000000e+00
      vertex -8.119007e+01 -1.460645e+01 1.500000e+01
      vertex -8.119007e+01 -1.460645e+01 0.000000e+00
    endloop
  endfacet
  facet normal -1.305262e-01 -9.914449e-01 5.503625e-17
    outer loop
      vertex -8.119007e+01 -1.460645e+01 1.500000e+01
      vertex -7.950774e+01 -1.482788e+01 0.000000e+00
      vertex -7.950774e+01 -1.482788e+01 1.500000e+01
    endloop
  endfacet
  facet normal -5.000000e-01 -8.660254e-01 4.807407e-17
    outer loop
      vertex -7.794007e+01 -1.547729e+01 0.000000e+00
      vertex -7.950774e+01 -1.482788e+01 1.500000e+01
      vertex -7.950774e+01 -1.482788e+01 0.000000e+00
    endloop
  endfacet
  facet normal -2.588190e-01 -9.659258e-01 5.361965e-17
    outer loop
      vertex -7.950774e+01 -1.482788e+01 1.500000e+01
      vertex -7.794007e+01 -1.547729e+01 0.000000e+00
      vertex -7.794007e+01 -1.547729e+01 1.500000e+01
    endloop
  endfacet
  facet normal -7.071068e-01 -7.071068e-01 3.925231e-17
    outer loop
      vertex -7.659388e+01 -1.651025e+01 0.000000e+00
      vertex -7.794007e+01 -1.547729e+01 1.500000e+01
      vertex -7.794007e+01 -1.547729e+01 0.000000e+00
    endloop
  endfacet
  facet normal -5.000000e-01 -8.660254e-01 4.807407e-17
    outer loop
      vertex -7.794007e+01 -1.547729e+01 1.500000e+01
      vertex -7.659388e+01 -1.651025e+01 0.000000e+00
      vertex -7.659388e+01 -1.651025e+01 1.500000e+01
    endloop
  endfacet
  facet normal -7.071068e-01 -7.071068e-01 3.925231e-17
    outer loop
      vertex -7.659388e+01 -1.651025e+01 0.000000e+00
      vertex -7.556091e+01 -1.785645e+01 1.500000e+01
      vertex -7.659388e+01 -1.651025e+01 1.500000e+01
    endloop
  endfacet
  facet normal -8.660254e-01 -5.000000e-01 2.775558e-17
    outer loop
      vertex -7.556091e+01 -1.785645e+01 1.500000e+01
      vertex -7.659388e+01 -1.651025e+01 0.000000e+00
      vertex -7.556091e+01 -1.785645e+01 0.000000e+00
    endloop
  endfacet
  facet normal -8.660254e-01 -5.000000e-01 2.775558e-17
    outer loop
      vertex -7.556091e+01 -1.785645e+01 0.000000e+00
      vertex -7.491155e+01 -1.942407e+01 1.500000e+01
      vertex -7.556091e+01 -1.785645e+01 1.500000e+01
    endloop
  endfacet
  facet normal -9.659258e-01 -2.588190e-01 1.436734e-17
    outer loop
      vertex -7.491155e+01 -1.942407e+01 1.500000e+01
      vertex -7.556091e+01 -1.785645e+01 0.000000e+00
      vertex -7.491155e+01 -1.942407e+01 0.000000e+00
    endloop
  endfacet
  facet normal -9.659258e-01 -2.588190e-01 1.436734e-17
    outer loop
      vertex -7.491155e+01 -1.942407e+01 0.000000e+00
      vertex -7.469007e+01 -2.110645e+01 1.500000e+01
      vertex -7.491155e+01 -1.942407e+01 1.500000e+01
    endloop
  endfacet
  facet normal -9.914449e-01 -1.305262e-01 7.245659e-18
    outer loop
      vertex -7.469007e+01 -2.110645e+01 1.500000e+01
      vertex -7.491155e+01 -1.942407e+01 0.000000e+00
      vertex -7.469007e+01 -2.110645e+01 0.000000e+00
    endloop
  endfacet
  facet normal 1.000000e+00 2.335717e-14 -1.299982e-30
    outer loop
      vertex 2.680993e+01 -1.700647e+01 0.000000e+00
      vertex 2.687807e+01 -1.648877e+01 1.500000e+01
      vertex 2.680993e+01 -1.700647e+01 1.500000e+01
    endloop
  endfacet
  facet normal 9.659258e-01 -2.588190e-01 1.436734e-17
    outer loop
      vertex 2.687807e+01 -1.648877e+01 1.500000e+01
      vertex 2.680993e+01 -1.700647e+01 0.000000e+00
      vertex 2.687807e+01 -1.648877e+01 0.000000e+00
    endloop
  endfacet
  facet normal -5.532022e-01 -8.330470e-01 4.624340e-17
    outer loop
      vertex -9.861027e+01 -1.385681e+01 0.000000e+00
      vertex -9.896195e+01 -1.368469e+01 1.500000e+01
      vertex -9.896195e+01 -1.368469e+01 0.000000e+00
    endloop
  endfacet
  facet normal -3.187439e-01 -9.478409e-01 5.261574e-17
    outer loop
      vertex -9.896195e+01 -1.368469e+01 1.500000e+01
      vertex -9.861027e+01 -1.385681e+01 0.000000e+00
      vertex -9.861027e+01 -1.385681e+01 1.500000e+01
    endloop
  endfacet
  facet normal 9.659258e-01 -2.588190e-01 1.436734e-17
    outer loop
      vertex 2.687807e+01 -1.648877e+01 0.000000e+00
      vertex 2.707787e+01 -1.600647e+01 1.500000e+01
      vertex 2.687807e+01 -1.648877e+01 1.500000e+01
    endloop
  endfacet
  facet normal 8.660254e-01 -5.000000e-01 2.775558e-17
    outer loop
      vertex 2.707787e+01 -1.600647e+01 1.500000e+01
      vertex 2.687807e+01 -1.648877e+01 0.000000e+00
      vertex 2.707787e+01 -1.600647e+01 0.000000e+00
    endloop
  endfacet
  facet normal -7.499607e-01 -6.614823e-01 3.671965e-17
    outer loop
      vertex -9.831513e+01 -1.411414e+01 0.000000e+00
      vertex -9.861027e+01 -1.385681e+01 1.500000e+01
      vertex -9.861027e+01 -1.385681e+01 0.000000e+00
    endloop
  endfacet
  facet normal -5.532022e-01 -8.330470e-01 4.624340e-17
    outer loop
      vertex -9.861027e+01 -1.385681e+01 1.500000e+01
      vertex -9.831513e+01 -1.411414e+01 0.000000e+00
      vertex -9.831513e+01 -1.411414e+01 1.500000e+01
    endloop
  endfacet
  facet normal -7.499607e-01 -6.614823e-01 3.671965e-17
    outer loop
      vertex -9.831513e+01 -1.411414e+01 0.000000e+00
      vertex -9.809666e+01 -1.443921e+01 1.500000e+01
      vertex -9.831513e+01 -1.411414e+01 1.500000e+01
    endloop
  endfacet
  facet normal -8.956107e-01 -4.448387e-01 2.469351e-17
    outer loop
      vertex -9.809666e+01 -1.443921e+01 1.500000e+01
      vertex -9.831513e+01 -1.411414e+01 0.000000e+00
      vertex -9.809666e+01 -1.443921e+01 0.000000e+00
    endloop
  endfacet
  facet normal 1.978801e-01 -9.802262e-01 5.441349e-17
    outer loop
      vertex -9.973689e+01 -1.363611e+01 0.000000e+00
      vertex -1.001073e+02 -1.376306e+01 1.500000e+01
      vertex -1.001073e+02 -1.376306e+01 0.000000e+00
    endloop
  endfacet
  facet normal 4.448387e-01 -8.956107e-01 4.971638e-17
    outer loop
      vertex -1.001073e+02 -1.376306e+01 1.500000e+01
      vertex -9.973689e+01 -1.363611e+01 0.000000e+00
      vertex -9.973689e+01 -1.363611e+01 1.500000e+01
    endloop
  endfacet
  facet normal 8.660254e-01 -5.000000e-01 2.775558e-17
    outer loop
      vertex 2.707787e+01 -1.600647e+01 0.000000e+00
      vertex 2.739571e+01 -1.559216e+01 1.500000e+01
      vertex 2.707787e+01 -1.600647e+01 1.500000e+01
    endloop
  endfacet
  facet normal 7.071068e-01 -7.071068e-01 3.925231e-17
    outer loop
      vertex 2.739571e+01 -1.559216e+01 1.500000e+01
      vertex 2.707787e+01 -1.600647e+01 0.000000e+00
      vertex 2.739571e+01 -1.559216e+01 0.000000e+00
    endloop
  endfacet
  facet normal -8.956107e-01 -4.448387e-01 2.469351e-17
    outer loop
      vertex -9.809666e+01 -1.443921e+01 0.000000e+00
      vertex -9.796973e+01 -1.480957e+01 1.500000e+01
      vertex -9.809666e+01 -1.443921e+01 1.500000e+01
    endloop
  endfacet
  facet normal -9.802262e-01 -1.978801e-01 1.098455e-17
    outer loop
      vertex -9.796973e+01 -1.480957e+01 1.500000e+01
      vertex -9.809666e+01 -1.443921e+01 0.000000e+00
      vertex -9.796973e+01 -1.480957e+01 0.000000e+00
    endloop
  endfacet
  facet normal -9.802262e-01 -1.978801e-01 1.098455e-17
    outer loop
      vertex -9.796973e+01 -1.480957e+01 0.000000e+00
      vertex -9.794301e+01 -1.520032e+01 1.500000e+01
      vertex -9.796973e+01 -1.480957e+01 1.500000e+01
    endloop
  endfacet
  facet normal -9.980410e-01 6.256369e-02 -3.472982e-18
    outer loop
      vertex -9.794301e+01 -1.520032e+01 1.500000e+01
      vertex -9.796973e+01 -1.480957e+01 0.000000e+00
      vertex -9.794301e+01 -1.520032e+01 0.000000e+00
    endloop
  endfacet
  facet normal -9.980410e-01 6.256369e-02 -3.472982e-18
    outer loop
      vertex -9.794301e+01 -1.520032e+01 0.000000e+00
      vertex -9.801831e+01 -1.558447e+01 1.500000e+01
      vertex -9.794301e+01 -1.520032e+01 1.500000e+01
    endloop
  endfacet
  facet normal -9.478409e-01 3.187439e-01 -1.769384e-17
    outer loop
      vertex -9.801831e+01 -1.558447e+01 1.500000e+01
      vertex -9.794301e+01 -1.520032e+01 0.000000e+00
      vertex -9.801831e+01 -1.558447e+01 0.000000e+00
    endloop
  endfacet
  facet normal -6.123234e-17 -1.000000e+00 5.551115e-17
    outer loop
      vertex 2.880993e+01 -1.500647e+01 0.000000e+00
      vertex 2.829229e+01 -1.507458e+01 1.500000e+01
      vertex 2.829229e+01 -1.507458e+01 0.000000e+00
    endloop
  endfacet
  facet normal 2.588190e-01 -9.659258e-01 5.361965e-17
    outer loop
      vertex 2.829229e+01 -1.507458e+01 1.500000e+01
      vertex 2.880993e+01 -1.500647e+01 0.000000e+00
      vertex 2.880993e+01 -1.500647e+01 1.500000e+01
    endloop
  endfacet
  facet normal -2.588190e-01 -9.659258e-01 5.361965e-17
    outer loop
      vertex 2.932757e+01 -1.507458e+01 0.000000e+00
      vertex 2.880993e+01 -1.500647e+01 1.500000e+01
      vertex 2.880993e+01 -1.500647e+01 0.000000e+00
    endloop
  endfacet
  facet normal -6.123234e-17 -1.000000e+00 5.551115e-17
    outer loop
      vertex 2.880993e+01 -1.500647e+01 1.500000e+01
      vertex 2.932757e+01 -1.507458e+01 0.000000e+00
      vertex 2.932757e+01 -1.507458e+01 1.500000e+01
    endloop
  endfacet
  facet normal -5.000000e-01 -8.660254e-01 4.807407e-17
    outer loop
      vertex 2.980993e+01 -1.527441e+01 0.000000e+00
      vertex 2.932757e+01 -1.507458e+01 1.500000e+01
      vertex 2.932757e+01 -1.507458e+01 0.000000e+00
    endloop
  endfacet
  facet normal -2.588190e-01 -9.659258e-01 5.361965e-17
    outer loop
      vertex 2.932757e+01 -1.507458e+01 1.500000e+01
      vertex 2.980993e+01 -1.527441e+01 0.000000e+00
      vertex 2.980993e+01 -1.527441e+01 1.500000e+01
    endloop
  endfacet
  facet normal -7.071068e-01 -7.071068e-01 3.925231e-17
    outer loop
      vertex 3.022414e+01 -1.559216e+01 0.000000e+00
      vertex 2.980993e+01 -1.527441e+01 1.500000e+01
      vertex 2.980993e+01 -1.527441e+01 0.000000e+00
    endloop
  endfacet
  facet normal -5.000000e-01 -8.660254e-01 4.807407e-17
    outer loop
      vertex 2.980993e+01 -1.527441e+01 1.500000e+01
      vertex 3.022414e+01 -1.559216e+01 0.000000e+00
      vertex 3.022414e+01 -1.559216e+01 1.500000e+01
    endloop
  endfacet
  facet normal -9.478409e-01 3.187439e-01 -1.769384e-17
    outer loop
      vertex -9.801831e+01 -1.558447e+01 0.000000e+00
      vertex -9.819050e+01 -1.593628e+01 1.500000e+01
      vertex -9.801831e+01 -1.558447e+01 1.500000e+01
    endloop
  endfacet
  facet normal -8.330470e-01 5.532022e-01 -3.070889e-17
    outer loop
      vertex -9.819050e+01 -1.593628e+01 1.500000e+01
      vertex -9.801831e+01 -1.558447e+01 0.000000e+00
      vertex -9.819050e+01 -1.593628e+01 0.000000e+00
    endloop
  endfacet
  facet normal -7.071068e-01 -7.071068e-01 3.925231e-17
    outer loop
      vertex 3.022414e+01 -1.559216e+01 0.000000e+00
      vertex 3.054198e+01 -1.600647e+01 1.500000e+01
      vertex 3.022414e+01 -1.559216e+01 1.500000e+01
    endloop
  endfacet
  facet normal -8.660254e-01 -5.000000e-01 2.775558e-17
    outer loop
      vertex 3.054198e+01 -1.600647e+01 1.500000e+01
      vertex 3.022414e+01 -1.559216e+01 0.000000e+00
      vertex 3.054198e+01 -1.600647e+01 0.000000e+00
    endloop
  endfacet
  facet normal -8.660254e-01 -5.000000e-01 2.775558e-17
    outer loop
      vertex 3.054198e+01 -1.600647e+01 0.000000e+00
      vertex 3.074178e+01 -1.648877e+01 1.500000e+01
      vertex 3.054198e+01 -1.600647e+01 1.500000e+01
    endloop
  endfacet
  facet normal -9.659258e-01 -2.588190e-01 1.436734e-17
    outer loop
      vertex 3.074178e+01 -1.648877e+01 1.500000e+01
      vertex 3.054198e+01 -1.600647e+01 0.000000e+00
      vertex 3.074178e+01 -1.648877e+01 0.000000e+00
    endloop
  endfacet
  facet normal -9.659258e-01 -2.588190e-01 1.436734e-17
    outer loop
      vertex 3.074178e+01 -1.648877e+01 0.000000e+00
      vertex 3.080993e+01 -1.700647e+01 1.500000e+01
      vertex 3.074178e+01 -1.648877e+01 1.500000e+01
    endloop
  endfacet
  facet normal -1.000000e+00 -2.335717e-14 1.299982e-30
    outer loop
      vertex 3.080993e+01 -1.700647e+01 1.500000e+01
      vertex 3.074178e+01 -1.648877e+01 0.000000e+00
      vertex 3.080993e+01 -1.700647e+01 0.000000e+00
    endloop
  endfacet
  facet normal -1.000000e+00 -1.935608e-14 1.077877e-30
    outer loop
      vertex 3.080993e+01 -1.700647e+01 0.000000e+00
      vertex 3.074178e+01 -1.752405e+01 1.500000e+01
      vertex 3.080993e+01 -1.700647e+01 1.500000e+01
    endloop
  endfacet
  facet normal -9.659258e-01 2.588190e-01 -1.436734e-17
    outer loop
      vertex 3.074178e+01 -1.752405e+01 1.500000e+01
      vertex 3.080993e+01 -1.700647e+01 0.000000e+00
      vertex 3.074178e+01 -1.752405e+01 0.000000e+00
    endloop
  endfacet
  facet normal -9.659258e-01 2.588190e-01 -1.436734e-17
    outer loop
      vertex 3.074178e+01 -1.752405e+01 0.000000e+00
      vertex 3.054198e+01 -1.800647e+01 1.500000e+01
      vertex 3.074178e+01 -1.752405e+01 1.500000e+01
    endloop
  endfacet
  facet normal -8.660254e-01 5.000000e-01 -2.775558e-17
    outer loop
      vertex 3.054198e+01 -1.800647e+01 1.500000e+01
      vertex 3.074178e+01 -1.752405e+01 0.000000e+00
      vertex 3.054198e+01 -1.800647e+01 0.000000e+00
    endloop
  endfacet
  facet normal -8.330470e-01 5.532022e-01 -3.070889e-17
    outer loop
      vertex -9.819050e+01 -1.593628e+01 0.000000e+00
      vertex -9.844785e+01 -1.623132e+01 1.500000e+01
      vertex -9.819050e+01 -1.593628e+01 1.500000e+01
    endloop
  endfacet
  facet normal -6.614823e-01 7.499607e-01 -4.163118e-17
    outer loop
      vertex -9.844785e+01 -1.623132e+01 1.500000e+01
      vertex -9.819050e+01 -1.593628e+01 0.000000e+00
      vertex -9.844785e+01 -1.623132e+01 0.000000e+00
    endloop
  endfacet
  facet normal -6.614823e-01 7.499607e-01 -4.163118e-17
    outer loop
      vertex -9.844785e+01 -1.623132e+01 1.500000e+01
      vertex -9.877281e+01 -1.644983e+01 0.000000e+00
      vertex -9.877281e+01 -1.644983e+01 1.500000e+01
    endloop
  endfacet
  facet normal -4.448387e-01 8.956107e-01 -4.971638e-17
    outer loop
      vertex -9.877281e+01 -1.644983e+01 0.000000e+00
      vertex -9.844785e+01 -1.623132e+01 1.500000e+01
      vertex -9.844785e+01 -1.623132e+01 0.000000e+00
    endloop
  endfacet
  facet normal -8.660254e-01 5.000000e-01 -2.775558e-17
    outer loop
      vertex 3.054198e+01 -1.800647e+01 0.000000e+00
      vertex 3.022414e+01 -1.842065e+01 1.500000e+01
      vertex 3.054198e+01 -1.800647e+01 1.500000e+01
    endloop
  endfacet
  facet normal -7.071068e-01 7.071068e-01 -3.925231e-17
    outer loop
      vertex 3.022414e+01 -1.842065e+01 1.500000e+01
      vertex 3.054198e+01 -1.800647e+01 0.000000e+00
      vertex 3.022414e+01 -1.842065e+01 0.000000e+00
    endloop
  endfacet
  facet normal -7.071068e-01 7.071068e-01 -3.925231e-17
    outer loop
      vertex 3.022414e+01 -1.842065e+01 1.500000e+01
      vertex 2.980993e+01 -1.873853e+01 0.000000e+00
      vertex 2.980993e+01 -1.873853e+01 1.500000e+01
    endloop
  endfacet
  facet normal -5.000000e-01 8.660254e-01 -4.807407e-17
    outer loop
      vertex 2.980993e+01 -1.873853e+01 0.000000e+00
      vertex 3.022414e+01 -1.842065e+01 1.500000e+01
      vertex 3.022414e+01 -1.842065e+01 0.000000e+00
    endloop
  endfacet
  facet normal -5.000000e-01 8.660254e-01 -4.807407e-17
    outer loop
      vertex 2.980993e+01 -1.873853e+01 1.500000e+01
      vertex 2.932757e+01 -1.893823e+01 0.000000e+00
      vertex 2.932757e+01 -1.893823e+01 1.500000e+01
    endloop
  endfacet
  facet normal -2.588190e-01 9.659258e-01 -5.361965e-17
    outer loop
      vertex 2.932757e+01 -1.893823e+01 0.000000e+00
      vertex 2.980993e+01 -1.873853e+01 1.500000e+01
      vertex 2.980993e+01 -1.873853e+01 0.000000e+00
    endloop
  endfacet
  facet normal -2.588190e-01 9.659258e-01 -5.361965e-17
    outer loop
      vertex 2.932757e+01 -1.893823e+01 1.500000e+01
      vertex 2.880993e+01 -1.900647e+01 0.000000e+00
      vertex 2.880993e+01 -1.900647e+01 1.500000e+01
    endloop
  endfacet
  facet normal 6.123234e-17 1.000000e+00 -5.551115e-17
    outer loop
      vertex 2.880993e+01 -1.900647e+01 0.000000e+00
      vertex 2.932757e+01 -1.893823e+01 1.500000e+01
      vertex 2.932757e+01 -1.893823e+01 0.000000e+00
    endloop
  endfacet
  facet normal 6.123234e-17 1.000000e+00 -5.551115e-17
    outer loop
      vertex 2.880993e+01 -1.900647e+01 1.500000e+01
      vertex 2.829229e+01 -1.893823e+01 0.000000e+00
      vertex 2.829229e+01 -1.893823e+01 1.500000e+01
    endloop
  endfacet
  facet normal 2.588190e-01 9.659258e-01 -5.361965e-17
    outer loop
      vertex 2.829229e+01 -1.893823e+01 0.000000e+00
      vertex 2.880993e+01 -1.900647e+01 1.500000e+01
      vertex 2.880993e+01 -1.900647e+01 0.000000e+00
    endloop
  endfacet
  facet normal 2.588190e-01 9.659258e-01 -5.361965e-17
    outer loop
      vertex 2.829229e+01 -1.893823e+01 1.500000e+01
      vertex 2.780993e+01 -1.873853e+01 0.000000e+00
      vertex 2.780993e+01 -1.873853e+01 1.500000e+01
    endloop
  endfacet
  facet normal 5.000000e-01 8.660254e-01 -4.807407e-17
    outer loop
      vertex 2.780993e+01 -1.873853e+01 0.000000e+00
      vertex 2.829229e+01 -1.893823e+01 1.500000e+01
      vertex 2.829229e+01 -1.893823e+01 0.000000e+00
    endloop
  endfacet
  facet normal 5.000000e-01 8.660254e-01 -4.807407e-17
    outer loop
      vertex 2.780993e+01 -1.873853e+01 1.500000e+01
      vertex 2.739571e+01 -1.842065e+01 0.000000e+00
      vertex 2.739571e+01 -1.842065e+01 1.500000e+01
    endloop
  endfacet
  facet normal 7.071068e-01 7.071068e-01 -3.925231e-17
    outer loop
      vertex 2.739571e+01 -1.842065e+01 0.000000e+00
      vertex 2.780993e+01 -1.873853e+01 1.500000e+01
      vertex 2.780993e+01 -1.873853e+01 0.000000e+00
    endloop
  endfacet
  facet normal 7.071068e-01 7.071068e-01 -3.925231e-17
    outer loop
      vertex 2.739571e+01 -1.842065e+01 0.000000e+00
      vertex 2.707787e+01 -1.800647e+01 1.500000e+01
      vertex 2.739571e+01 -1.842065e+01 1.500000e+01
    endloop
  endfacet
  facet normal 8.660254e-01 5.000000e-01 -2.775558e-17
    outer loop
      vertex 2.707787e+01 -1.800647e+01 1.500000e+01
      vertex 2.739571e+01 -1.842065e+01 0.000000e+00
      vertex 2.707787e+01 -1.800647e+01 0.000000e+00
    endloop
  endfacet
  facet normal 8.660254e-01 5.000000e-01 -2.775558e-17
    outer loop
      vertex 2.707787e+01 -1.800647e+01 0.000000e+00
      vertex 2.687807e+01 -1.752405e+01 1.500000e+01
      vertex 2.707787e+01 -1.800647e+01 1.500000e+01
    endloop
  endfacet
  facet normal 9.659258e-01 2.588190e-01 -1.436734e-17
    outer loop
      vertex 2.687807e+01 -1.752405e+01 1.500000e+01
      vertex 2.707787e+01 -1.800647e+01 0.000000e+00
      vertex 2.687807e+01 -1.752405e+01 0.000000e+00
    endloop
  endfacet
  facet normal 9.659258e-01 2.588190e-01 -1.436734e-17
    outer loop
      vertex 2.687807e+01 -1.752405e+01 0.000000e+00
      vertex 2.680993e+01 -1.700647e+01 1.500000e+01
      vertex 2.687807e+01 -1.752405e+01 1.500000e+01
    endloop
  endfacet
  facet normal 1.000000e+00 1.935608e-14 -1.077877e-30
    outer loop
      vertex 2.680993e+01 -1.700647e+01 1.500000e+01
      vertex 2.687807e+01 -1.752405e+01 0.000000e+00
      vertex 2.680993e+01 -1.700647e+01 0.000000e+00
    endloop
  endfacet
  facet normal 5.000000e-01 -8.660254e-01 4.807407e-17
    outer loop
      vertex 2.780993e+01 -1.527441e+01 0.000000e+00
      vertex 2.739571e+01 -1.559216e+01 1.500000e+01
      vertex 2.739571e+01 -1.559216e+01 0.000000e+00
    endloop
  endfacet
  facet normal 7.071068e-01 -7.071068e-01 3.925231e-17
    outer loop
      vertex 2.739571e+01 -1.559216e+01 1.500000e+01
      vertex 2.780993e+01 -1.527441e+01 0.000000e+00
      vertex 2.780993e+01 -1.527441e+01 1.500000e+01
    endloop
  endfacet
  facet normal 2.588190e-01 -9.659258e-01 5.361965e-17
    outer loop
      vertex 2.829229e+01 -1.507458e+01 0.000000e+00
      vertex 2.780993e+01 -1.527441e+01 1.500000e+01
      vertex 2.780993e+01 -1.527441e+01 0.000000e+00
    endloop
  endfacet
  facet normal 5.000000e-01 -8.660254e-01 4.807407e-17
    outer loop
      vertex 2.780993e+01 -1.527441e+01 1.500000e+01
      vertex 2.829229e+01 -1.507458e+01 0.000000e+00
      vertex 2.829229e+01 -1.507458e+01 1.500000e+01
    endloop
  endfacet
  facet normal 8.330470e-01 -5.532022e-01 3.070889e-17
    outer loop
      vertex -1.006896e+02 -1.427661e+01 0.000000e+00
      vertex -1.004323e+02 -1.398145e+01 1.500000e+01
      vertex -1.006896e+02 -1.427661e+01 1.500000e+01
    endloop
  endfacet
  facet normal 6.614823e-01 -7.499607e-01 4.163118e-17
    outer loop
      vertex -1.004323e+02 -1.398145e+01 1.500000e+01
      vertex -1.006896e+02 -1.427661e+01 0.000000e+00
      vertex -1.004323e+02 -1.398145e+01 0.000000e+00
    endloop
  endfacet
  facet normal 4.448387e-01 -8.956107e-01 4.971638e-17
    outer loop
      vertex -1.001073e+02 -1.376306e+01 0.000000e+00
      vertex -1.004323e+02 -1.398145e+01 1.500000e+01
      vertex -1.004323e+02 -1.398145e+01 0.000000e+00
    endloop
  endfacet
  facet normal 6.614823e-01 -7.499607e-01 4.163118e-17
    outer loop
      vertex -1.004323e+02 -1.398145e+01 1.500000e+01
      vertex -1.001073e+02 -1.376306e+01 0.000000e+00
      vertex -1.001073e+02 -1.376306e+01 1.500000e+01
    endloop
  endfacet
  facet normal -6.256369e-02 -9.980410e-01 5.540240e-17
    outer loop
      vertex -9.934622e+01 -1.360938e+01 0.000000e+00
      vertex -9.973689e+01 -1.363611e+01 1.500000e+01
      vertex -9.973689e+01 -1.363611e+01 0.000000e+00
    endloop
  endfacet
  facet normal 1.978801e-01 -9.802262e-01 5.441349e-17
    outer loop
      vertex -9.973689e+01 -1.363611e+01 1.500000e+01
      vertex -9.934622e+01 -1.360938e+01 0.000000e+00
      vertex -9.934622e+01 -1.360938e+01 1.500000e+01
    endloop
  endfacet
  facet normal -3.187439e-01 -9.478409e-01 5.261574e-17
    outer loop
      vertex -9.896195e+01 -1.368469e+01 0.000000e+00
      vertex -9.934622e+01 -1.360938e+01 1.500000e+01
      vertex -9.934622e+01 -1.360938e+01 0.000000e+00
    endloop
  endfacet
  facet normal -6.256369e-02 -9.980410e-01 5.540240e-17
    outer loop
      vertex -9.934622e+01 -1.360938e+01 1.500000e+01
      vertex -9.896195e+01 -1.368469e+01 0.000000e+00
      vertex -9.896195e+01 -1.368469e+01 1.500000e+01
    endloop
  endfacet
  facet normal -4.448387e-01 8.956107e-01 -4.971638e-17
    outer loop
      vertex -9.877281e+01 -1.644983e+01 1.500000e+01
      vertex -9.914325e+01 -1.657678e+01 0.000000e+00
      vertex -9.914325e+01 -1.657678e+01 1.500000e+01
    endloop
  endfacet
  facet normal -1.978801e-01 9.802262e-01 -5.441349e-17
    outer loop
      vertex -9.914325e+01 -1.657678e+01 0.000000e+00
      vertex -9.877281e+01 -1.644983e+01 1.500000e+01
      vertex -9.877281e+01 -1.644983e+01 0.000000e+00
    endloop
  endfacet
  facet normal -1.978801e-01 9.802262e-01 -5.441349e-17
    outer loop
      vertex -9.914325e+01 -1.657678e+01 1.500000e+01
      vertex -9.953392e+01 -1.660352e+01 0.000000e+00
      vertex -9.953392e+01 -1.660352e+01 1.500000e+01
    endloop
  endfacet
  facet normal 6.256369e-02 9.980410e-01 -5.540240e-17
    outer loop
      vertex -9.953392e+01 -1.660352e+01 0.000000e+00
      vertex -9.914325e+01 -1.657678e+01 1.500000e+01
      vertex -9.914325e+01 -1.657678e+01 0.000000e+00
    endloop
  endfacet
  facet normal 6.256369e-02 9.980410e-01 -5.540240e-17
    outer loop
      vertex -9.953392e+01 -1.660352e+01 1.500000e+01
      vertex -9.991819e+01 -1.652820e+01 0.000000e+00
      vertex -9.991819e+01 -1.652820e+01 1.500000e+01
    endloop
  endfacet
  facet normal 3.187439e-01 9.478409e-01 -5.261574e-17
    outer loop
      vertex -9.991819e+01 -1.652820e+01 0.000000e+00
      vertex -9.953392e+01 -1.660352e+01 1.500000e+01
      vertex -9.953392e+01 -1.660352e+01 0.000000e+00
    endloop
  endfacet
  facet normal 3.187439e-01 9.478409e-01 -5.261574e-17
    outer loop
      vertex -9.991819e+01 -1.652820e+01 1.500000e+01
      vertex -1.002699e+02 -1.635596e+01 0.000000e+00
      vertex -1.002699e+02 -1.635596e+01 1.500000e+01
    endloop
  endfacet
  facet normal 5.532022e-01 8.330470e-01 -4.624340e-17
    outer loop
      vertex -1.002699e+02 -1.635596e+01 0.000000e+00
      vertex -9.991819e+01 -1.652820e+01 1.500000e+01
      vertex -9.991819e+01 -1.652820e+01 0.000000e+00
    endloop
  endfacet
  facet normal 5.532022e-01 8.330470e-01 -4.624340e-17
    outer loop
      vertex -1.002699e+02 -1.635596e+01 1.500000e+01
      vertex -1.005650e+02 -1.609863e+01 0.000000e+00
      vertex -1.005650e+02 -1.609863e+01 1.500000e+01
    endloop
  endfacet
  facet normal 7.499607e-01 6.614823e-01 -3.671965e-17
    outer loop
      vertex -1.005650e+02 -1.609863e+01 0.000000e+00
      vertex -1.002699e+02 -1.635596e+01 1.500000e+01
      vertex -1.002699e+02 -1.635596e+01 0.000000e+00
    endloop
  endfacet
  facet normal 7.499607e-01 6.614823e-01 -3.671965e-17
    outer loop
      vertex -1.005650e+02 -1.609863e+01 0.000000e+00
      vertex -1.007835e+02 -1.577368e+01 1.500000e+01
      vertex -1.005650e+02 -1.609863e+01 1.500000e+01
    endloop
  endfacet
  facet normal 8.956107e-01 4.448387e-01 -2.469351e-17
    outer loop
      vertex -1.007835e+02 -1.577368e+01 1.500000e+01
      vertex -1.005650e+02 -1.609863e+01 0.000000e+00
      vertex -1.007835e+02 -1.577368e+01 0.000000e+00
    endloop
  endfacet
  facet normal 8.956107e-01 4.448387e-01 -2.469351e-17
    outer loop
      vertex -1.007835e+02 -1.577368e+01 0.000000e+00
      vertex -1.009104e+02 -1.540320e+01 1.500000e+01
      vertex -1.007835e+02 -1.577368e+01 1.500000e+01
    endloop
  endfacet
  facet normal 9.802262e-01 1.978801e-01 -1.098455e-17
    outer loop
      vertex -1.009104e+02 -1.540320e+01 1.500000e+01
      vertex -1.007835e+02 -1.577368e+01 0.000000e+00
      vertex -1.009104e+02 -1.540320e+01 0.000000e+00
    endloop
  endfacet
  facet normal 9.802262e-01 1.978801e-01 -1.098455e-17
    outer loop
      vertex -1.009104e+02 -1.540320e+01 0.000000e+00
      vertex -1.009371e+02 -1.501257e+01 1.500000e+01
      vertex -1.009104e+02 -1.540320e+01 1.500000e+01
    endloop
  endfacet
  facet normal 9.980410e-01 -6.256369e-02 3.472982e-18
    outer loop
      vertex -1.009371e+02 -1.501257e+01 1.500000e+01
      vertex -1.009104e+02 -1.540320e+01 0.000000e+00
      vertex -1.009371e+02 -1.501257e+01 0.000000e+00
    endloop
  endfacet
  facet normal 9.980410e-01 -6.256369e-02 3.472982e-18
    outer loop
      vertex -1.009371e+02 -1.501257e+01 0.000000e+00
      vertex -1.008618e+02 -1.462830e+01 1.500000e+01
      vertex -1.009371e+02 -1.501257e+01 1.500000e+01
    endloop
  endfacet
  facet normal 9.478409e-01 -3.187439e-01 1.769384e-17
    outer loop
      vertex -1.008618e+02 -1.462830e+01 1.500000e+01
      vertex -1.009371e+02 -1.501257e+01 0.000000e+00
      vertex -1.008618e+02 -1.462830e+01 0.000000e+00
    endloop
  endfacet
  facet normal 9.478409e-01 -3.187439e-01 1.769384e-17
    outer loop
      vertex -1.008618e+02 -1.462830e+01 0.000000e+00
      vertex -1.006896e+02 -1.427661e+01 1.500000e+01
      vertex -1.008618e+02 -1.462830e+01 1.500000e+01
    endloop
  endfacet
  facet normal 8.330470e-01 -5.532022e-01 3.070889e-17
    outer loop
      vertex -1.006896e+02 -1.427661e+01 1.500000e+01
      vertex -1.008618e+02 -1.462830e+01 0.000000e+00
      vertex -1.006896e+02 -1.427661e+01 0.000000e+00
    endloop
  endfacet
endsolid Default
