ISO-10303-21;
HEADER;
FILE_DESCRIPTION(('Open CASCADE Model'),'2;1');
FILE_NAME('Open CASCADE Shape Model','2026-06-04T19:11:31',('Author'),(
    'Open CASCADE'),'Open CASCADE STEP processor 7.8','Open CASCADE 7.8'
  ,'Unknown');
FILE_SCHEMA(('AUTOMOTIVE_DESIGN { 1 0 10303 214 1 1 1 1 }'));
ENDSEC;
DATA;
#1 = APPLICATION_PROTOCOL_DEFINITION('international standard',
  'automotive_design',2000,#2);
#2 = APPLICATION_CONTEXT(
  'core data for automotive mechanical design processes');
#3 = SHAPE_DEFINITION_REPRESENTATION(#4,#10);
#4 = PRODUCT_DEFINITION_SHAPE('','',#5);
#5 = PRODUCT_DEFINITION('design','',#6,#9);
#6 = PRODUCT_DEFINITION_FORMATION('','',#7);
#7 = PRODUCT('Open CASCADE STEP translator 7.8 2',
  'Open CASCADE STEP translator 7.8 2','',(#8));
#8 = PRODUCT_CONTEXT('',#2,'mechanical');
#9 = PRODUCT_DEFINITION_CONTEXT('part definition',#2,'design');
#10 = ADVANCED_BREP_SHAPE_REPRESENTATION('',(#11,#15),#2231);
#11 = AXIS2_PLACEMENT_3D('',#12,#13,#14);
#12 = CARTESIAN_POINT('',(0.,0.,0.));
#13 = DIRECTION('',(0.,0.,1.));
#14 = DIRECTION('',(1.,0.,-0.));
#15 = MANIFOLD_SOLID_BREP('',#16);
#16 = CLOSED_SHELL('',(#17,#137,#543,#593,#647,#917,#1001,#1076,#1185,
    #1290,#1340,#1389,#1443,#1544,#1598,#1649,#1676,#1703,#1753,#1807,
    #1834,#1888,#1942,#2035,#2086,#2093,#2170,#2197,#2224));
#17 = ADVANCED_FACE('',(#18),#32,.F.);
#18 = FACE_BOUND('',#19,.F.);
#19 = EDGE_LOOP('',(#20,#55,#83,#111));
#20 = ORIENTED_EDGE('',*,*,#21,.F.);
#21 = EDGE_CURVE('',#22,#24,#26,.T.);
#22 = VERTEX_POINT('',#23);
#23 = CARTESIAN_POINT('',(-22.5,-9.760550284563,37.5));
#24 = VERTEX_POINT('',#25);
#25 = CARTESIAN_POINT('',(-22.5,9.760550284563,37.5));
#26 = SURFACE_CURVE('',#27,(#31,#43),.PCURVE_S1.);
#27 = LINE('',#28,#29);
#28 = CARTESIAN_POINT('',(-22.5,-11.55,37.5));
#29 = VECTOR('',#30,1.);
#30 = DIRECTION('',(0.,1.,0.));
#31 = PCURVE('',#32,#37);
#32 = PLANE('',#33);
#33 = AXIS2_PLACEMENT_3D('',#34,#35,#36);
#34 = CARTESIAN_POINT('',(-22.5,-11.55,-37.5));
#35 = DIRECTION('',(1.,0.,0.));
#36 = DIRECTION('',(0.,0.,1.));
#37 = DEFINITIONAL_REPRESENTATION('',(#38),#42);
#38 = LINE('',#39,#40);
#39 = CARTESIAN_POINT('',(75.,0.));
#40 = VECTOR('',#41,1.);
#41 = DIRECTION('',(0.,-1.));
#42 = ( GEOMETRIC_REPRESENTATION_CONTEXT(2) 
PARAMETRIC_REPRESENTATION_CONTEXT() REPRESENTATION_CONTEXT('2D SPACE',''
  ) );
#43 = PCURVE('',#44,#49);
#44 = PLANE('',#45);
#45 = AXIS2_PLACEMENT_3D('',#46,#47,#48);
#46 = CARTESIAN_POINT('',(-22.5,-11.55,37.5));
#47 = DIRECTION('',(0.,0.,1.));
#48 = DIRECTION('',(1.,0.,0.));
#49 = DEFINITIONAL_REPRESENTATION('',(#50),#54);
#50 = LINE('',#51,#52);
#51 = CARTESIAN_POINT('',(0.,0.));
#52 = VECTOR('',#53,1.);
#53 = DIRECTION('',(0.,1.));
#54 = ( GEOMETRIC_REPRESENTATION_CONTEXT(2) 
PARAMETRIC_REPRESENTATION_CONTEXT() REPRESENTATION_CONTEXT('2D SPACE',''
  ) );
#55 = ORIENTED_EDGE('',*,*,#56,.F.);
#56 = EDGE_CURVE('',#57,#22,#59,.T.);
#57 = VERTEX_POINT('',#58);
#58 = CARTESIAN_POINT('',(-22.5,-9.760550284563,-37.5));
#59 = SURFACE_CURVE('',#60,(#64,#71),.PCURVE_S1.);
#60 = LINE('',#61,#62);
#61 = CARTESIAN_POINT('',(-22.5,-9.760550284563,-37.5));
#62 = VECTOR('',#63,1.);
#63 = DIRECTION('',(0.,0.,1.));
#64 = PCURVE('',#32,#65);
#65 = DEFINITIONAL_REPRESENTATION('',(#66),#70);
#66 = LINE('',#67,#68);
#67 = CARTESIAN_POINT('',(0.,-1.789449715437));
#68 = VECTOR('',#69,1.);
#69 = DIRECTION('',(1.,0.));
#70 = ( GEOMETRIC_REPRESENTATION_CONTEXT(2) 
PARAMETRIC_REPRESENTATION_CONTEXT() REPRESENTATION_CONTEXT('2D SPACE',''
  ) );
#71 = PCURVE('',#72,#77);
#72 = CYLINDRICAL_SURFACE('',#73,1.789449715437);
#73 = AXIS2_PLACEMENT_3D('',#74,#75,#76);
#74 = CARTESIAN_POINT('',(-20.71055028456,-9.760550284563,-37.5));
#75 = DIRECTION('',(0.,0.,1.));
#76 = DIRECTION('',(-1.,-0.,0.));
#77 = DEFINITIONAL_REPRESENTATION('',(#78),#82);
#78 = LINE('',#79,#80);
#79 = CARTESIAN_POINT('',(0.,0.));
#80 = VECTOR('',#81,1.);
#81 = DIRECTION('',(0.,1.));
#82 = ( GEOMETRIC_REPRESENTATION_CONTEXT(2) 
PARAMETRIC_REPRESENTATION_CONTEXT() REPRESENTATION_CONTEXT('2D SPACE',''
  ) );
#83 = ORIENTED_EDGE('',*,*,#84,.T.);
#84 = EDGE_CURVE('',#57,#85,#87,.T.);
#85 = VERTEX_POINT('',#86);
#86 = CARTESIAN_POINT('',(-22.5,9.760550284563,-37.5));
#87 = SURFACE_CURVE('',#88,(#92,#99),.PCURVE_S1.);
#88 = LINE('',#89,#90);
#89 = CARTESIAN_POINT('',(-22.5,-11.55,-37.5));
#90 = VECTOR('',#91,1.);
#91 = DIRECTION('',(0.,1.,0.));
#92 = PCURVE('',#32,#93);
#93 = DEFINITIONAL_REPRESENTATION('',(#94),#98);
#94 = LINE('',#95,#96);
#95 = CARTESIAN_POINT('',(0.,0.));
#96 = VECTOR('',#97,1.);
#97 = DIRECTION('',(0.,-1.));
#98 = ( GEOMETRIC_REPRESENTATION_CONTEXT(2) 
PARAMETRIC_REPRESENTATION_CONTEXT() REPRESENTATION_CONTEXT('2D SPACE',''
  ) );
#99 = PCURVE('',#100,#105);
#100 = PLANE('',#101);
#101 = AXIS2_PLACEMENT_3D('',#102,#103,#104);
#102 = CARTESIAN_POINT('',(-22.5,-11.55,-37.5));
#103 = DIRECTION('',(0.,0.,1.));
#104 = DIRECTION('',(1.,0.,0.));
#105 = DEFINITIONAL_REPRESENTATION('',(#106),#110);
#106 = LINE('',#107,#108);
#107 = CARTESIAN_POINT('',(0.,0.));
#108 = VECTOR('',#109,1.);
#109 = DIRECTION('',(0.,1.));
#110 = ( GEOMETRIC_REPRESENTATION_CONTEXT(2) 
PARAMETRIC_REPRESENTATION_CONTEXT() REPRESENTATION_CONTEXT('2D SPACE',''
  ) );
#111 = ORIENTED_EDGE('',*,*,#112,.T.);
#112 = EDGE_CURVE('',#85,#24,#113,.T.);
#113 = SURFACE_CURVE('',#114,(#118,#125),.PCURVE_S1.);
#114 = LINE('',#115,#116);
#115 = CARTESIAN_POINT('',(-22.5,9.760550284563,-37.5));
#116 = VECTOR('',#117,1.);
#117 = DIRECTION('',(0.,0.,1.));
#118 = PCURVE('',#32,#119);
#119 = DEFINITIONAL_REPRESENTATION('',(#120),#124);
#120 = LINE('',#121,#122);
#121 = CARTESIAN_POINT('',(0.,-21.31055028456));
#122 = VECTOR('',#123,1.);
#123 = DIRECTION('',(1.,0.));
#124 = ( GEOMETRIC_REPRESENTATION_CONTEXT(2) 
PARAMETRIC_REPRESENTATION_CONTEXT() REPRESENTATION_CONTEXT('2D SPACE',''
  ) );
#125 = PCURVE('',#126,#131);
#126 = CYLINDRICAL_SURFACE('',#127,1.789449715437);
#127 = AXIS2_PLACEMENT_3D('',#128,#129,#130);
#128 = CARTESIAN_POINT('',(-20.71055028456,9.760550284563,-37.5));
#129 = DIRECTION('',(0.,0.,1.));
#130 = DIRECTION('',(-1.,-0.,0.));
#131 = DEFINITIONAL_REPRESENTATION('',(#132),#136);
#132 = LINE('',#133,#134);
#133 = CARTESIAN_POINT('',(-0.,0.));
#134 = VECTOR('',#135,1.);
#135 = DIRECTION('',(-0.,1.));
#136 = ( GEOMETRIC_REPRESENTATION_CONTEXT(2) 
PARAMETRIC_REPRESENTATION_CONTEXT() REPRESENTATION_CONTEXT('2D SPACE',''
  ) );
#137 = ADVANCED_FACE('',(#138,#473,#508),#44,.T.);
#138 = FACE_BOUND('',#139,.T.);
#139 = EDGE_LOOP('',(#140,#141,#165,#193,#219,#247,#280,#308,#337,#365,
    #391,#419,#447));
#140 = ORIENTED_EDGE('',*,*,#21,.F.);
#141 = ORIENTED_EDGE('',*,*,#142,.T.);
#142 = EDGE_CURVE('',#22,#143,#145,.T.);
#143 = VERTEX_POINT('',#144);
#144 = CARTESIAN_POINT('',(-20.71055028456,-11.55,37.5));
#145 = SURFACE_CURVE('',#146,(#151,#158),.PCURVE_S1.);
#146 = CIRCLE('',#147,1.789449715437);
#147 = AXIS2_PLACEMENT_3D('',#148,#149,#150);
#148 = CARTESIAN_POINT('',(-20.71055028456,-9.760550284563,37.5));
#149 = DIRECTION('',(0.,0.,1.));
#150 = DIRECTION('',(0.,-1.,0.));
#151 = PCURVE('',#44,#152);
#152 = DEFINITIONAL_REPRESENTATION('',(#153),#157);
#153 = CIRCLE('',#154,1.789449715437);
#154 = AXIS2_PLACEMENT_2D('',#155,#156);
#155 = CARTESIAN_POINT('',(1.789449715437,1.789449715437));
#156 = DIRECTION('',(0.,-1.));
#157 = ( GEOMETRIC_REPRESENTATION_CONTEXT(2) 
PARAMETRIC_REPRESENTATION_CONTEXT() REPRESENTATION_CONTEXT('2D SPACE',''
  ) );
#158 = PCURVE('',#72,#159);
#159 = DEFINITIONAL_REPRESENTATION('',(#160),#164);
#160 = LINE('',#161,#162);
#161 = CARTESIAN_POINT('',(-4.712388980385,75.));
#162 = VECTOR('',#163,1.);
#163 = DIRECTION('',(1.,0.));
#164 = ( GEOMETRIC_REPRESENTATION_CONTEXT(2) 
PARAMETRIC_REPRESENTATION_CONTEXT() REPRESENTATION_CONTEXT('2D SPACE',''
  ) );
#165 = ORIENTED_EDGE('',*,*,#166,.T.);
#166 = EDGE_CURVE('',#143,#167,#169,.T.);
#167 = VERTEX_POINT('',#168);
#168 = CARTESIAN_POINT('',(-2.9,-11.55,37.5));
#169 = SURFACE_CURVE('',#170,(#174,#181),.PCURVE_S1.);
#170 = LINE('',#171,#172);
#171 = CARTESIAN_POINT('',(-22.5,-11.55,37.5));
#172 = VECTOR('',#173,1.);
#173 = DIRECTION('',(1.,0.,0.));
#174 = PCURVE('',#44,#175);
#175 = DEFINITIONAL_REPRESENTATION('',(#176),#180);
#176 = LINE('',#177,#178);
#177 = CARTESIAN_POINT('',(0.,0.));
#178 = VECTOR('',#179,1.);
#179 = DIRECTION('',(1.,0.));
#180 = ( GEOMETRIC_REPRESENTATION_CONTEXT(2) 
PARAMETRIC_REPRESENTATION_CONTEXT() REPRESENTATION_CONTEXT('2D SPACE',''
  ) );
#181 = PCURVE('',#182,#187);
#182 = PLANE('',#183);
#183 = AXIS2_PLACEMENT_3D('',#184,#185,#186);
#184 = CARTESIAN_POINT('',(-22.5,-11.55,-37.5));
#185 = DIRECTION('',(0.,1.,0.));
#186 = DIRECTION('',(0.,0.,1.));
#187 = DEFINITIONAL_REPRESENTATION('',(#188),#192);
#188 = LINE('',#189,#190);
#189 = CARTESIAN_POINT('',(75.,0.));
#190 = VECTOR('',#191,1.);
#191 = DIRECTION('',(0.,1.));
#192 = ( GEOMETRIC_REPRESENTATION_CONTEXT(2) 
PARAMETRIC_REPRESENTATION_CONTEXT() REPRESENTATION_CONTEXT('2D SPACE',''
  ) );
#193 = ORIENTED_EDGE('',*,*,#194,.F.);
#194 = EDGE_CURVE('',#195,#167,#197,.T.);
#195 = VERTEX_POINT('',#196);
#196 = CARTESIAN_POINT('',(-2.9,-4.75,37.5));
#197 = SURFACE_CURVE('',#198,(#202,#208),.PCURVE_S1.);
#198 = LINE('',#199,#200);
#199 = CARTESIAN_POINT('',(-2.9,25.45,37.5));
#200 = VECTOR('',#201,1.);
#201 = DIRECTION('',(0.,-1.,0.));
#202 = PCURVE('',#44,#203);
#203 = DEFINITIONAL_REPRESENTATION('',(#204),#207);
#204 = B_SPLINE_CURVE_WITH_KNOTS('',1,(#205,#206),.UNSPECIFIED.,.F.,.F.,
  (2,2),(11.59,39.31),.PIECEWISE_BEZIER_KNOTS.);
#205 = CARTESIAN_POINT('',(19.6,25.41));
#206 = CARTESIAN_POINT('',(19.6,-2.31));
#207 = ( GEOMETRIC_REPRESENTATION_CONTEXT(2) 
PARAMETRIC_REPRESENTATION_CONTEXT() REPRESENTATION_CONTEXT('2D SPACE',''
  ) );
#208 = PCURVE('',#209,#214);
#209 = CYLINDRICAL_SURFACE('',#210,2.9);
#210 = AXIS2_PLACEMENT_3D('',#211,#212,#213);
#211 = CARTESIAN_POINT('',(0.,25.45,37.5));
#212 = DIRECTION('',(0.,-1.,0.));
#213 = DIRECTION('',(1.,-0.,0.));
#214 = DEFINITIONAL_REPRESENTATION('',(#215),#218);
#215 = B_SPLINE_CURVE_WITH_KNOTS('',1,(#216,#217),.UNSPECIFIED.,.F.,.F.,
  (2,2),(11.59,39.31),.PIECEWISE_BEZIER_KNOTS.);
#216 = CARTESIAN_POINT('',(3.14159265359,11.59));
#217 = CARTESIAN_POINT('',(3.14159265359,39.31));
#218 = ( GEOMETRIC_REPRESENTATION_CONTEXT(2) 
PARAMETRIC_REPRESENTATION_CONTEXT() REPRESENTATION_CONTEXT('2D SPACE',''
  ) );
#219 = ORIENTED_EDGE('',*,*,#220,.F.);
#220 = EDGE_CURVE('',#221,#195,#223,.T.);
#221 = VERTEX_POINT('',#222);
#222 = CARTESIAN_POINT('',(-10.11055028456,-4.75,37.5));
#223 = SURFACE_CURVE('',#224,(#228,#235),.PCURVE_S1.);
#224 = LINE('',#225,#226);
#225 = CARTESIAN_POINT('',(-11.9,-4.75,37.5));
#226 = VECTOR('',#227,1.);
#227 = DIRECTION('',(1.,0.,0.));
#228 = PCURVE('',#44,#229);
#229 = DEFINITIONAL_REPRESENTATION('',(#230),#234);
#230 = LINE('',#231,#232);
#231 = CARTESIAN_POINT('',(10.6,6.8));
#232 = VECTOR('',#233,1.);
#233 = DIRECTION('',(1.,0.));
#234 = ( GEOMETRIC_REPRESENTATION_CONTEXT(2) 
PARAMETRIC_REPRESENTATION_CONTEXT() REPRESENTATION_CONTEXT('2D SPACE',''
  ) );
#235 = PCURVE('',#236,#241);
#236 = PLANE('',#237);
#237 = AXIS2_PLACEMENT_3D('',#238,#239,#240);
#238 = CARTESIAN_POINT('',(-11.9,-4.75,37.5));
#239 = DIRECTION('',(0.,-1.,0.));
#240 = DIRECTION('',(1.,0.,0.));
#241 = DEFINITIONAL_REPRESENTATION('',(#242),#246);
#242 = LINE('',#243,#244);
#243 = CARTESIAN_POINT('',(0.,0.));
#244 = VECTOR('',#245,1.);
#245 = DIRECTION('',(1.,0.));
#246 = ( GEOMETRIC_REPRESENTATION_CONTEXT(2) 
PARAMETRIC_REPRESENTATION_CONTEXT() REPRESENTATION_CONTEXT('2D SPACE',''
  ) );
#247 = ORIENTED_EDGE('',*,*,#248,.T.);
#248 = EDGE_CURVE('',#221,#249,#251,.T.);
#249 = VERTEX_POINT('',#250);
#250 = CARTESIAN_POINT('',(-11.9,-2.960550284563,37.5));
#251 = SURFACE_CURVE('',#252,(#257,#268),.PCURVE_S1.);
#252 = CIRCLE('',#253,1.789449715437);
#253 = AXIS2_PLACEMENT_3D('',#254,#255,#256);
#254 = CARTESIAN_POINT('',(-10.11055028456,-2.960550284563,37.5));
#255 = DIRECTION('',(0.,-0.,-1.));
#256 = DIRECTION('',(0.,1.,-0.));
#257 = PCURVE('',#44,#258);
#258 = DEFINITIONAL_REPRESENTATION('',(#259),#267);
#259 = ( BOUNDED_CURVE() B_SPLINE_CURVE(2,(#260,#261,#262,#263,#264,#265
,#266),.UNSPECIFIED.,.T.,.F.) B_SPLINE_CURVE_WITH_KNOTS((1,2,2,2,2,1),(
    -2.094395102393,0.,2.094395102393,4.188790204786,6.28318530718,
8.377580409573),.UNSPECIFIED.) CURVE() GEOMETRIC_REPRESENTATION_ITEM() 
RATIONAL_B_SPLINE_CURVE((1.,0.5,1.,0.5,1.,0.5,1.)) REPRESENTATION_ITEM(
  '') );
#260 = CARTESIAN_POINT('',(12.389449715437,10.378899430875));
#261 = CARTESIAN_POINT('',(15.488867540165,10.378899430875));
#262 = CARTESIAN_POINT('',(13.939158627801,7.694724857719));
#263 = CARTESIAN_POINT('',(12.389449715437,5.010550284563));
#264 = CARTESIAN_POINT('',(10.839740803074,7.694724857719));
#265 = CARTESIAN_POINT('',(9.29003189071,10.378899430875));
#266 = CARTESIAN_POINT('',(12.389449715437,10.378899430875));
#267 = ( GEOMETRIC_REPRESENTATION_CONTEXT(2) 
PARAMETRIC_REPRESENTATION_CONTEXT() REPRESENTATION_CONTEXT('2D SPACE',''
  ) );
#268 = PCURVE('',#269,#274);
#269 = CYLINDRICAL_SURFACE('',#270,1.789449715437);
#270 = AXIS2_PLACEMENT_3D('',#271,#272,#273);
#271 = CARTESIAN_POINT('',(-10.11055028456,-2.960550284563,37.5));
#272 = DIRECTION('',(-0.,-0.,-1.));
#273 = DIRECTION('',(0.,-1.,0.));
#274 = DEFINITIONAL_REPRESENTATION('',(#275),#279);
#275 = LINE('',#276,#277);
#276 = CARTESIAN_POINT('',(-3.14159265359,0.));
#277 = VECTOR('',#278,1.);
#278 = DIRECTION('',(1.,0.));
#279 = ( GEOMETRIC_REPRESENTATION_CONTEXT(2) 
PARAMETRIC_REPRESENTATION_CONTEXT() REPRESENTATION_CONTEXT('2D SPACE',''
  ) );
#280 = ORIENTED_EDGE('',*,*,#281,.F.);
#281 = EDGE_CURVE('',#282,#249,#284,.T.);
#282 = VERTEX_POINT('',#283);
#283 = CARTESIAN_POINT('',(-11.9,2.960550284563,37.5));
#284 = SURFACE_CURVE('',#285,(#289,#296),.PCURVE_S1.);
#285 = LINE('',#286,#287);
#286 = CARTESIAN_POINT('',(-11.9,4.75,37.5));
#287 = VECTOR('',#288,1.);
#288 = DIRECTION('',(0.,-1.,0.));
#289 = PCURVE('',#44,#290);
#290 = DEFINITIONAL_REPRESENTATION('',(#291),#295);
#291 = LINE('',#292,#293);
#292 = CARTESIAN_POINT('',(10.6,16.3));
#293 = VECTOR('',#294,1.);
#294 = DIRECTION('',(0.,-1.));
#295 = ( GEOMETRIC_REPRESENTATION_CONTEXT(2) 
PARAMETRIC_REPRESENTATION_CONTEXT() REPRESENTATION_CONTEXT('2D SPACE',''
  ) );
#296 = PCURVE('',#297,#302);
#297 = PLANE('',#298);
#298 = AXIS2_PLACEMENT_3D('',#299,#300,#301);
#299 = CARTESIAN_POINT('',(-11.9,4.75,37.5));
#300 = DIRECTION('',(-1.,0.,0.));
#301 = DIRECTION('',(0.,-1.,0.));
#302 = DEFINITIONAL_REPRESENTATION('',(#303),#307);
#303 = LINE('',#304,#305);
#304 = CARTESIAN_POINT('',(0.,0.));
#305 = VECTOR('',#306,1.);
#306 = DIRECTION('',(1.,0.));
#307 = ( GEOMETRIC_REPRESENTATION_CONTEXT(2) 
PARAMETRIC_REPRESENTATION_CONTEXT() REPRESENTATION_CONTEXT('2D SPACE',''
  ) );
#308 = ORIENTED_EDGE('',*,*,#309,.F.);
#309 = EDGE_CURVE('',#310,#282,#312,.T.);
#310 = VERTEX_POINT('',#311);
#311 = CARTESIAN_POINT('',(-10.11055028456,4.75,37.5));
#312 = SURFACE_CURVE('',#313,(#318,#325),.PCURVE_S1.);
#313 = CIRCLE('',#314,1.789449715437);
#314 = AXIS2_PLACEMENT_3D('',#315,#316,#317);
#315 = CARTESIAN_POINT('',(-10.11055028456,2.960550284563,37.5));
#316 = DIRECTION('',(0.,0.,1.));
#317 = DIRECTION('',(0.,1.,-0.));
#318 = PCURVE('',#44,#319);
#319 = DEFINITIONAL_REPRESENTATION('',(#320),#324);
#320 = CIRCLE('',#321,1.789449715437);
#321 = AXIS2_PLACEMENT_2D('',#322,#323);
#322 = CARTESIAN_POINT('',(12.389449715437,14.510550284563));
#323 = DIRECTION('',(0.,1.));
#324 = ( GEOMETRIC_REPRESENTATION_CONTEXT(2) 
PARAMETRIC_REPRESENTATION_CONTEXT() REPRESENTATION_CONTEXT('2D SPACE',''
  ) );
#325 = PCURVE('',#326,#331);
#326 = CYLINDRICAL_SURFACE('',#327,1.789449715437);
#327 = AXIS2_PLACEMENT_3D('',#328,#329,#330);
#328 = CARTESIAN_POINT('',(-10.11055028456,2.960550284563,37.5));
#329 = DIRECTION('',(-0.,-0.,-1.));
#330 = DIRECTION('',(0.,1.,-0.));
#331 = DEFINITIONAL_REPRESENTATION('',(#332),#336);
#332 = LINE('',#333,#334);
#333 = CARTESIAN_POINT('',(-0.,0.));
#334 = VECTOR('',#335,1.);
#335 = DIRECTION('',(-1.,0.));
#336 = ( GEOMETRIC_REPRESENTATION_CONTEXT(2) 
PARAMETRIC_REPRESENTATION_CONTEXT() REPRESENTATION_CONTEXT('2D SPACE',''
  ) );
#337 = ORIENTED_EDGE('',*,*,#338,.F.);
#338 = EDGE_CURVE('',#339,#310,#341,.T.);
#339 = VERTEX_POINT('',#340);
#340 = CARTESIAN_POINT('',(-2.9,4.75,37.5));
#341 = SURFACE_CURVE('',#342,(#346,#353),.PCURVE_S1.);
#342 = LINE('',#343,#344);
#343 = CARTESIAN_POINT('',(11.9,4.75,37.5));
#344 = VECTOR('',#345,1.);
#345 = DIRECTION('',(-1.,0.,0.));
#346 = PCURVE('',#44,#347);
#347 = DEFINITIONAL_REPRESENTATION('',(#348),#352);
#348 = LINE('',#349,#350);
#349 = CARTESIAN_POINT('',(34.4,16.3));
#350 = VECTOR('',#351,1.);
#351 = DIRECTION('',(-1.,0.));
#352 = ( GEOMETRIC_REPRESENTATION_CONTEXT(2) 
PARAMETRIC_REPRESENTATION_CONTEXT() REPRESENTATION_CONTEXT('2D SPACE',''
  ) );
#353 = PCURVE('',#354,#359);
#354 = PLANE('',#355);
#355 = AXIS2_PLACEMENT_3D('',#356,#357,#358);
#356 = CARTESIAN_POINT('',(11.9,4.75,37.5));
#357 = DIRECTION('',(0.,1.,-0.));
#358 = DIRECTION('',(-1.,0.,0.));
#359 = DEFINITIONAL_REPRESENTATION('',(#360),#364);
#360 = LINE('',#361,#362);
#361 = CARTESIAN_POINT('',(0.,0.));
#362 = VECTOR('',#363,1.);
#363 = DIRECTION('',(1.,0.));
#364 = ( GEOMETRIC_REPRESENTATION_CONTEXT(2) 
PARAMETRIC_REPRESENTATION_CONTEXT() REPRESENTATION_CONTEXT('2D SPACE',''
  ) );
#365 = ORIENTED_EDGE('',*,*,#366,.F.);
#366 = EDGE_CURVE('',#367,#339,#369,.T.);
#367 = VERTEX_POINT('',#368);
#368 = CARTESIAN_POINT('',(-2.9,11.55,37.5));
#369 = SURFACE_CURVE('',#370,(#374,#380),.PCURVE_S1.);
#370 = LINE('',#371,#372);
#371 = CARTESIAN_POINT('',(-2.9,25.45,37.5));
#372 = VECTOR('',#373,1.);
#373 = DIRECTION('',(0.,-1.,0.));
#374 = PCURVE('',#44,#375);
#375 = DEFINITIONAL_REPRESENTATION('',(#376),#379);
#376 = B_SPLINE_CURVE_WITH_KNOTS('',1,(#377,#378),.UNSPECIFIED.,.F.,.F.,
  (2,2),(11.59,39.31),.PIECEWISE_BEZIER_KNOTS.);
#377 = CARTESIAN_POINT('',(19.6,25.41));
#378 = CARTESIAN_POINT('',(19.6,-2.31));
#379 = ( GEOMETRIC_REPRESENTATION_CONTEXT(2) 
PARAMETRIC_REPRESENTATION_CONTEXT() REPRESENTATION_CONTEXT('2D SPACE',''
  ) );
#380 = PCURVE('',#381,#386);
#381 = CYLINDRICAL_SURFACE('',#382,2.9);
#382 = AXIS2_PLACEMENT_3D('',#383,#384,#385);
#383 = CARTESIAN_POINT('',(0.,25.45,37.5));
#384 = DIRECTION('',(0.,-1.,0.));
#385 = DIRECTION('',(1.,-0.,0.));
#386 = DEFINITIONAL_REPRESENTATION('',(#387),#390);
#387 = B_SPLINE_CURVE_WITH_KNOTS('',1,(#388,#389),.UNSPECIFIED.,.F.,.F.,
  (2,2),(11.59,39.31),.PIECEWISE_BEZIER_KNOTS.);
#388 = CARTESIAN_POINT('',(3.14159265359,11.59));
#389 = CARTESIAN_POINT('',(3.14159265359,39.31));
#390 = ( GEOMETRIC_REPRESENTATION_CONTEXT(2) 
PARAMETRIC_REPRESENTATION_CONTEXT() REPRESENTATION_CONTEXT('2D SPACE',''
  ) );
#391 = ORIENTED_EDGE('',*,*,#392,.F.);
#392 = EDGE_CURVE('',#393,#367,#395,.T.);
#393 = VERTEX_POINT('',#394);
#394 = CARTESIAN_POINT('',(-6.4,11.55,37.5));
#395 = SURFACE_CURVE('',#396,(#400,#407),.PCURVE_S1.);
#396 = LINE('',#397,#398);
#397 = CARTESIAN_POINT('',(-22.5,11.55,37.5));
#398 = VECTOR('',#399,1.);
#399 = DIRECTION('',(1.,0.,0.));
#400 = PCURVE('',#44,#401);
#401 = DEFINITIONAL_REPRESENTATION('',(#402),#406);
#402 = LINE('',#403,#404);
#403 = CARTESIAN_POINT('',(0.,23.1));
#404 = VECTOR('',#405,1.);
#405 = DIRECTION('',(1.,0.));
#406 = ( GEOMETRIC_REPRESENTATION_CONTEXT(2) 
PARAMETRIC_REPRESENTATION_CONTEXT() REPRESENTATION_CONTEXT('2D SPACE',''
  ) );
#407 = PCURVE('',#408,#413);
#408 = PLANE('',#409);
#409 = AXIS2_PLACEMENT_3D('',#410,#411,#412);
#410 = CARTESIAN_POINT('',(2.136625207093E-16,11.55,37.5));
#411 = DIRECTION('',(0.,1.,0.));
#412 = DIRECTION('',(0.,-0.,1.));
#413 = DEFINITIONAL_REPRESENTATION('',(#414),#418);
#414 = LINE('',#415,#416);
#415 = CARTESIAN_POINT('',(0.,-22.5));
#416 = VECTOR('',#417,1.);
#417 = DIRECTION('',(0.,1.));
#418 = ( GEOMETRIC_REPRESENTATION_CONTEXT(2) 
PARAMETRIC_REPRESENTATION_CONTEXT() REPRESENTATION_CONTEXT('2D SPACE',''
  ) );
#419 = ORIENTED_EDGE('',*,*,#420,.F.);
#420 = EDGE_CURVE('',#421,#393,#423,.T.);
#421 = VERTEX_POINT('',#422);
#422 = CARTESIAN_POINT('',(-20.71055028456,11.55,37.5));
#423 = SURFACE_CURVE('',#424,(#428,#435),.PCURVE_S1.);
#424 = LINE('',#425,#426);
#425 = CARTESIAN_POINT('',(-22.5,11.55,37.5));
#426 = VECTOR('',#427,1.);
#427 = DIRECTION('',(1.,0.,0.));
#428 = PCURVE('',#44,#429);
#429 = DEFINITIONAL_REPRESENTATION('',(#430),#434);
#430 = LINE('',#431,#432);
#431 = CARTESIAN_POINT('',(0.,23.1));
#432 = VECTOR('',#433,1.);
#433 = DIRECTION('',(1.,0.));
#434 = ( GEOMETRIC_REPRESENTATION_CONTEXT(2) 
PARAMETRIC_REPRESENTATION_CONTEXT() REPRESENTATION_CONTEXT('2D SPACE',''
  ) );
#435 = PCURVE('',#436,#441);
#436 = PLANE('',#437);
#437 = AXIS2_PLACEMENT_3D('',#438,#439,#440);
#438 = CARTESIAN_POINT('',(-22.5,11.55,-37.5));
#439 = DIRECTION('',(0.,1.,0.));
#440 = DIRECTION('',(0.,0.,1.));
#441 = DEFINITIONAL_REPRESENTATION('',(#442),#446);
#442 = LINE('',#443,#444);
#443 = CARTESIAN_POINT('',(75.,0.));
#444 = VECTOR('',#445,1.);
#445 = DIRECTION('',(0.,1.));
#446 = ( GEOMETRIC_REPRESENTATION_CONTEXT(2) 
PARAMETRIC_REPRESENTATION_CONTEXT() REPRESENTATION_CONTEXT('2D SPACE',''
  ) );
#447 = ORIENTED_EDGE('',*,*,#448,.F.);
#448 = EDGE_CURVE('',#24,#421,#449,.T.);
#449 = SURFACE_CURVE('',#450,(#455,#466),.PCURVE_S1.);
#450 = CIRCLE('',#451,1.789449715437);
#451 = AXIS2_PLACEMENT_3D('',#452,#453,#454);
#452 = CARTESIAN_POINT('',(-20.71055028456,9.760550284563,37.5));
#453 = DIRECTION('',(-0.,-0.,-1.));
#454 = DIRECTION('',(0.,-1.,0.));
#455 = PCURVE('',#44,#456);
#456 = DEFINITIONAL_REPRESENTATION('',(#457),#465);
#457 = ( BOUNDED_CURVE() B_SPLINE_CURVE(2,(#458,#459,#460,#461,#462,#463
,#464),.UNSPECIFIED.,.T.,.F.) B_SPLINE_CURVE_WITH_KNOTS((1,2,2,2,2,1),(
    -2.094395102393,0.,2.094395102393,4.188790204786,6.28318530718,
8.377580409573),.UNSPECIFIED.) CURVE() GEOMETRIC_REPRESENTATION_ITEM() 
RATIONAL_B_SPLINE_CURVE((1.,0.5,1.,0.5,1.,0.5,1.)) REPRESENTATION_ITEM(
  '') );
#458 = CARTESIAN_POINT('',(1.789449715437,19.521100569125));
#459 = CARTESIAN_POINT('',(-1.30996810929,19.521100569125));
#460 = CARTESIAN_POINT('',(0.239740803074,22.205275142281));
#461 = CARTESIAN_POINT('',(1.789449715437,24.889449715437));
#462 = CARTESIAN_POINT('',(3.339158627801,22.205275142281));
#463 = CARTESIAN_POINT('',(4.888867540165,19.521100569125));
#464 = CARTESIAN_POINT('',(1.789449715437,19.521100569125));
#465 = ( GEOMETRIC_REPRESENTATION_CONTEXT(2) 
PARAMETRIC_REPRESENTATION_CONTEXT() REPRESENTATION_CONTEXT('2D SPACE',''
  ) );
#466 = PCURVE('',#126,#467);
#467 = DEFINITIONAL_REPRESENTATION('',(#468),#472);
#468 = LINE('',#469,#470);
#469 = CARTESIAN_POINT('',(1.570796326795,75.));
#470 = VECTOR('',#471,1.);
#471 = DIRECTION('',(-1.,0.));
#472 = ( GEOMETRIC_REPRESENTATION_CONTEXT(2) 
PARAMETRIC_REPRESENTATION_CONTEXT() REPRESENTATION_CONTEXT('2D SPACE',''
  ) );
#473 = FACE_BOUND('',#474,.T.);
#474 = EDGE_LOOP('',(#475));
#475 = ORIENTED_EDGE('',*,*,#476,.T.);
#476 = EDGE_CURVE('',#477,#477,#479,.T.);
#477 = VERTEX_POINT('',#478);
#478 = CARTESIAN_POINT('',(-17.35,-8.085,37.5));
#479 = SURFACE_CURVE('',#480,(#485,#496),.PCURVE_S1.);
#480 = CIRCLE('',#481,1.6);
#481 = AXIS2_PLACEMENT_3D('',#482,#483,#484);
#482 = CARTESIAN_POINT('',(-15.75,-8.085,37.5));
#483 = DIRECTION('',(0.,0.,-1.));
#484 = DIRECTION('',(-1.,0.,0.));
#485 = PCURVE('',#44,#486);
#486 = DEFINITIONAL_REPRESENTATION('',(#487),#495);
#487 = ( BOUNDED_CURVE() B_SPLINE_CURVE(2,(#488,#489,#490,#491,#492,#493
,#494),.UNSPECIFIED.,.T.,.F.) B_SPLINE_CURVE_WITH_KNOTS((1,2,2,2,2,1),(
    -2.094395102393,0.,2.094395102393,4.188790204786,6.28318530718,
8.377580409573),.UNSPECIFIED.) CURVE() GEOMETRIC_REPRESENTATION_ITEM() 
RATIONAL_B_SPLINE_CURVE((1.,0.5,1.,0.5,1.,0.5,1.)) REPRESENTATION_ITEM(
  '') );
#488 = CARTESIAN_POINT('',(5.15,3.465));
#489 = CARTESIAN_POINT('',(5.15,6.23628129211));
#490 = CARTESIAN_POINT('',(7.55,4.850640646055));
#491 = CARTESIAN_POINT('',(9.95,3.465));
#492 = CARTESIAN_POINT('',(7.55,2.079359353945));
#493 = CARTESIAN_POINT('',(5.15,0.69371870789));
#494 = CARTESIAN_POINT('',(5.15,3.465));
#495 = ( GEOMETRIC_REPRESENTATION_CONTEXT(2) 
PARAMETRIC_REPRESENTATION_CONTEXT() REPRESENTATION_CONTEXT('2D SPACE',''
  ) );
#496 = PCURVE('',#497,#502);
#497 = CYLINDRICAL_SURFACE('',#498,1.6);
#498 = AXIS2_PLACEMENT_3D('',#499,#500,#501);
#499 = CARTESIAN_POINT('',(-15.75,-8.085,37.5));
#500 = DIRECTION('',(0.,0.,-1.));
#501 = DIRECTION('',(-1.,0.,0.));
#502 = DEFINITIONAL_REPRESENTATION('',(#503),#507);
#503 = LINE('',#504,#505);
#504 = CARTESIAN_POINT('',(0.,0.));
#505 = VECTOR('',#506,1.);
#506 = DIRECTION('',(1.,0.));
#507 = ( GEOMETRIC_REPRESENTATION_CONTEXT(2) 
PARAMETRIC_REPRESENTATION_CONTEXT() REPRESENTATION_CONTEXT('2D SPACE',''
  ) );
#508 = FACE_BOUND('',#509,.T.);
#509 = EDGE_LOOP('',(#510));
#510 = ORIENTED_EDGE('',*,*,#511,.T.);
#511 = EDGE_CURVE('',#512,#512,#514,.T.);
#512 = VERTEX_POINT('',#513);
#513 = CARTESIAN_POINT('',(-17.35,8.085,37.5));
#514 = SURFACE_CURVE('',#515,(#520,#531),.PCURVE_S1.);
#515 = CIRCLE('',#516,1.6);
#516 = AXIS2_PLACEMENT_3D('',#517,#518,#519);
#517 = CARTESIAN_POINT('',(-15.75,8.085,37.5));
#518 = DIRECTION('',(0.,0.,-1.));
#519 = DIRECTION('',(-1.,0.,0.));
#520 = PCURVE('',#44,#521);
#521 = DEFINITIONAL_REPRESENTATION('',(#522),#530);
#522 = ( BOUNDED_CURVE() B_SPLINE_CURVE(2,(#523,#524,#525,#526,#527,#528
,#529),.UNSPECIFIED.,.T.,.F.) B_SPLINE_CURVE_WITH_KNOTS((1,2,2,2,2,1),(
    -2.094395102393,0.,2.094395102393,4.188790204786,6.28318530718,
8.377580409573),.UNSPECIFIED.) CURVE() GEOMETRIC_REPRESENTATION_ITEM() 
RATIONAL_B_SPLINE_CURVE((1.,0.5,1.,0.5,1.,0.5,1.)) REPRESENTATION_ITEM(
  '') );
#523 = CARTESIAN_POINT('',(5.15,19.635));
#524 = CARTESIAN_POINT('',(5.15,22.40628129211));
#525 = CARTESIAN_POINT('',(7.55,21.020640646055));
#526 = CARTESIAN_POINT('',(9.95,19.635));
#527 = CARTESIAN_POINT('',(7.55,18.249359353945));
#528 = CARTESIAN_POINT('',(5.15,16.86371870789));
#529 = CARTESIAN_POINT('',(5.15,19.635));
#530 = ( GEOMETRIC_REPRESENTATION_CONTEXT(2) 
PARAMETRIC_REPRESENTATION_CONTEXT() REPRESENTATION_CONTEXT('2D SPACE',''
  ) );
#531 = PCURVE('',#532,#537);
#532 = CYLINDRICAL_SURFACE('',#533,1.6);
#533 = AXIS2_PLACEMENT_3D('',#534,#535,#536);
#534 = CARTESIAN_POINT('',(-15.75,8.085,37.5));
#535 = DIRECTION('',(0.,0.,-1.));
#536 = DIRECTION('',(-1.,0.,0.));
#537 = DEFINITIONAL_REPRESENTATION('',(#538),#542);
#538 = LINE('',#539,#540);
#539 = CARTESIAN_POINT('',(0.,0.));
#540 = VECTOR('',#541,1.);
#541 = DIRECTION('',(1.,0.));
#542 = ( GEOMETRIC_REPRESENTATION_CONTEXT(2) 
PARAMETRIC_REPRESENTATION_CONTEXT() REPRESENTATION_CONTEXT('2D SPACE',''
  ) );
#543 = ADVANCED_FACE('',(#544),#72,.T.);
#544 = FACE_BOUND('',#545,.T.);
#545 = EDGE_LOOP('',(#546,#570,#591,#592));
#546 = ORIENTED_EDGE('',*,*,#547,.T.);
#547 = EDGE_CURVE('',#57,#548,#550,.T.);
#548 = VERTEX_POINT('',#549);
#549 = CARTESIAN_POINT('',(-20.71055028456,-11.55,-37.5));
#550 = SURFACE_CURVE('',#551,(#556,#563),.PCURVE_S1.);
#551 = CIRCLE('',#552,1.789449715437);
#552 = AXIS2_PLACEMENT_3D('',#553,#554,#555);
#553 = CARTESIAN_POINT('',(-20.71055028456,-9.760550284563,-37.5));
#554 = DIRECTION('',(0.,0.,1.));
#555 = DIRECTION('',(0.,-1.,0.));
#556 = PCURVE('',#72,#557);
#557 = DEFINITIONAL_REPRESENTATION('',(#558),#562);
#558 = LINE('',#559,#560);
#559 = CARTESIAN_POINT('',(-4.712388980385,0.));
#560 = VECTOR('',#561,1.);
#561 = DIRECTION('',(1.,0.));
#562 = ( GEOMETRIC_REPRESENTATION_CONTEXT(2) 
PARAMETRIC_REPRESENTATION_CONTEXT() REPRESENTATION_CONTEXT('2D SPACE',''
  ) );
#563 = PCURVE('',#100,#564);
#564 = DEFINITIONAL_REPRESENTATION('',(#565),#569);
#565 = CIRCLE('',#566,1.789449715437);
#566 = AXIS2_PLACEMENT_2D('',#567,#568);
#567 = CARTESIAN_POINT('',(1.789449715437,1.789449715437));
#568 = DIRECTION('',(0.,-1.));
#569 = ( GEOMETRIC_REPRESENTATION_CONTEXT(2) 
PARAMETRIC_REPRESENTATION_CONTEXT() REPRESENTATION_CONTEXT('2D SPACE',''
  ) );
#570 = ORIENTED_EDGE('',*,*,#571,.T.);
#571 = EDGE_CURVE('',#548,#143,#572,.T.);
#572 = SURFACE_CURVE('',#573,(#577,#584),.PCURVE_S1.);
#573 = LINE('',#574,#575);
#574 = CARTESIAN_POINT('',(-20.71055028456,-11.55,-37.5));
#575 = VECTOR('',#576,1.);
#576 = DIRECTION('',(0.,0.,1.));
#577 = PCURVE('',#72,#578);
#578 = DEFINITIONAL_REPRESENTATION('',(#579),#583);
#579 = LINE('',#580,#581);
#580 = CARTESIAN_POINT('',(1.570796326795,0.));
#581 = VECTOR('',#582,1.);
#582 = DIRECTION('',(0.,1.));
#583 = ( GEOMETRIC_REPRESENTATION_CONTEXT(2) 
PARAMETRIC_REPRESENTATION_CONTEXT() REPRESENTATION_CONTEXT('2D SPACE',''
  ) );
#584 = PCURVE('',#182,#585);
#585 = DEFINITIONAL_REPRESENTATION('',(#586),#590);
#586 = LINE('',#587,#588);
#587 = CARTESIAN_POINT('',(0.,1.789449715437));
#588 = VECTOR('',#589,1.);
#589 = DIRECTION('',(1.,0.));
#590 = ( GEOMETRIC_REPRESENTATION_CONTEXT(2) 
PARAMETRIC_REPRESENTATION_CONTEXT() REPRESENTATION_CONTEXT('2D SPACE',''
  ) );
#591 = ORIENTED_EDGE('',*,*,#142,.F.);
#592 = ORIENTED_EDGE('',*,*,#56,.F.);
#593 = ADVANCED_FACE('',(#594),#126,.T.);
#594 = FACE_BOUND('',#595,.F.);
#595 = EDGE_LOOP('',(#596,#624,#645,#646));
#596 = ORIENTED_EDGE('',*,*,#597,.T.);
#597 = EDGE_CURVE('',#85,#598,#600,.T.);
#598 = VERTEX_POINT('',#599);
#599 = CARTESIAN_POINT('',(-20.71055028456,11.55,-37.5));
#600 = SURFACE_CURVE('',#601,(#606,#613),.PCURVE_S1.);
#601 = CIRCLE('',#602,1.789449715437);
#602 = AXIS2_PLACEMENT_3D('',#603,#604,#605);
#603 = CARTESIAN_POINT('',(-20.71055028456,9.760550284563,-37.5));
#604 = DIRECTION('',(-0.,-0.,-1.));
#605 = DIRECTION('',(0.,-1.,0.));
#606 = PCURVE('',#126,#607);
#607 = DEFINITIONAL_REPRESENTATION('',(#608),#612);
#608 = LINE('',#609,#610);
#609 = CARTESIAN_POINT('',(1.570796326795,-0.));
#610 = VECTOR('',#611,1.);
#611 = DIRECTION('',(-1.,0.));
#612 = ( GEOMETRIC_REPRESENTATION_CONTEXT(2) 
PARAMETRIC_REPRESENTATION_CONTEXT() REPRESENTATION_CONTEXT('2D SPACE',''
  ) );
#613 = PCURVE('',#100,#614);
#614 = DEFINITIONAL_REPRESENTATION('',(#615),#623);
#615 = ( BOUNDED_CURVE() B_SPLINE_CURVE(2,(#616,#617,#618,#619,#620,#621
,#622),.UNSPECIFIED.,.T.,.F.) B_SPLINE_CURVE_WITH_KNOTS((1,2,2,2,2,1),(
    -2.094395102393,0.,2.094395102393,4.188790204786,6.28318530718,
8.377580409573),.UNSPECIFIED.) CURVE() GEOMETRIC_REPRESENTATION_ITEM() 
RATIONAL_B_SPLINE_CURVE((1.,0.5,1.,0.5,1.,0.5,1.)) REPRESENTATION_ITEM(
  '') );
#616 = CARTESIAN_POINT('',(1.789449715437,19.521100569125));
#617 = CARTESIAN_POINT('',(-1.30996810929,19.521100569125));
#618 = CARTESIAN_POINT('',(0.239740803074,22.205275142281));
#619 = CARTESIAN_POINT('',(1.789449715437,24.889449715437));
#620 = CARTESIAN_POINT('',(3.339158627801,22.205275142281));
#621 = CARTESIAN_POINT('',(4.888867540165,19.521100569125));
#622 = CARTESIAN_POINT('',(1.789449715437,19.521100569125));
#623 = ( GEOMETRIC_REPRESENTATION_CONTEXT(2) 
PARAMETRIC_REPRESENTATION_CONTEXT() REPRESENTATION_CONTEXT('2D SPACE',''
  ) );
#624 = ORIENTED_EDGE('',*,*,#625,.T.);
#625 = EDGE_CURVE('',#598,#421,#626,.T.);
#626 = SURFACE_CURVE('',#627,(#631,#638),.PCURVE_S1.);
#627 = LINE('',#628,#629);
#628 = CARTESIAN_POINT('',(-20.71055028456,11.55,-37.5));
#629 = VECTOR('',#630,1.);
#630 = DIRECTION('',(0.,0.,1.));
#631 = PCURVE('',#126,#632);
#632 = DEFINITIONAL_REPRESENTATION('',(#633),#637);
#633 = LINE('',#634,#635);
#634 = CARTESIAN_POINT('',(-1.570796326795,0.));
#635 = VECTOR('',#636,1.);
#636 = DIRECTION('',(-0.,1.));
#637 = ( GEOMETRIC_REPRESENTATION_CONTEXT(2) 
PARAMETRIC_REPRESENTATION_CONTEXT() REPRESENTATION_CONTEXT('2D SPACE',''
  ) );
#638 = PCURVE('',#436,#639);
#639 = DEFINITIONAL_REPRESENTATION('',(#640),#644);
#640 = LINE('',#641,#642);
#641 = CARTESIAN_POINT('',(0.,1.789449715437));
#642 = VECTOR('',#643,1.);
#643 = DIRECTION('',(1.,0.));
#644 = ( GEOMETRIC_REPRESENTATION_CONTEXT(2) 
PARAMETRIC_REPRESENTATION_CONTEXT() REPRESENTATION_CONTEXT('2D SPACE',''
  ) );
#645 = ORIENTED_EDGE('',*,*,#448,.F.);
#646 = ORIENTED_EDGE('',*,*,#112,.F.);
#647 = ADVANCED_FACE('',(#648,#787,#817,#852,#882),#100,.F.);
#648 = FACE_BOUND('',#649,.F.);
#649 = EDGE_LOOP('',(#650,#651,#652,#675,#704,#732,#765,#786));
#650 = ORIENTED_EDGE('',*,*,#84,.F.);
#651 = ORIENTED_EDGE('',*,*,#547,.T.);
#652 = ORIENTED_EDGE('',*,*,#653,.T.);
#653 = EDGE_CURVE('',#548,#654,#656,.T.);
#654 = VERTEX_POINT('',#655);
#655 = CARTESIAN_POINT('',(20.710550284563,-11.55,-37.5));
#656 = SURFACE_CURVE('',#657,(#661,#668),.PCURVE_S1.);
#657 = LINE('',#658,#659);
#658 = CARTESIAN_POINT('',(-22.5,-11.55,-37.5));
#659 = VECTOR('',#660,1.);
#660 = DIRECTION('',(1.,0.,0.));
#661 = PCURVE('',#100,#662);
#662 = DEFINITIONAL_REPRESENTATION('',(#663),#667);
#663 = LINE('',#664,#665);
#664 = CARTESIAN_POINT('',(0.,0.));
#665 = VECTOR('',#666,1.);
#666 = DIRECTION('',(1.,0.));
#667 = ( GEOMETRIC_REPRESENTATION_CONTEXT(2) 
PARAMETRIC_REPRESENTATION_CONTEXT() REPRESENTATION_CONTEXT('2D SPACE',''
  ) );
#668 = PCURVE('',#182,#669);
#669 = DEFINITIONAL_REPRESENTATION('',(#670),#674);
#670 = LINE('',#671,#672);
#671 = CARTESIAN_POINT('',(0.,0.));
#672 = VECTOR('',#673,1.);
#673 = DIRECTION('',(0.,1.));
#674 = ( GEOMETRIC_REPRESENTATION_CONTEXT(2) 
PARAMETRIC_REPRESENTATION_CONTEXT() REPRESENTATION_CONTEXT('2D SPACE',''
  ) );
#675 = ORIENTED_EDGE('',*,*,#676,.T.);
#676 = EDGE_CURVE('',#654,#677,#679,.T.);
#677 = VERTEX_POINT('',#678);
#678 = CARTESIAN_POINT('',(22.5,-9.760550284563,-37.5));
#679 = SURFACE_CURVE('',#680,(#685,#692),.PCURVE_S1.);
#680 = CIRCLE('',#681,1.789449715437);
#681 = AXIS2_PLACEMENT_3D('',#682,#683,#684);
#682 = CARTESIAN_POINT('',(20.710550284563,-9.760550284563,-37.5));
#683 = DIRECTION('',(0.,0.,1.));
#684 = DIRECTION('',(0.,-1.,0.));
#685 = PCURVE('',#100,#686);
#686 = DEFINITIONAL_REPRESENTATION('',(#687),#691);
#687 = CIRCLE('',#688,1.789449715437);
#688 = AXIS2_PLACEMENT_2D('',#689,#690);
#689 = CARTESIAN_POINT('',(43.210550284563,1.789449715437));
#690 = DIRECTION('',(0.,-1.));
#691 = ( GEOMETRIC_REPRESENTATION_CONTEXT(2) 
PARAMETRIC_REPRESENTATION_CONTEXT() REPRESENTATION_CONTEXT('2D SPACE',''
  ) );
#692 = PCURVE('',#693,#698);
#693 = CYLINDRICAL_SURFACE('',#694,1.789449715437);
#694 = AXIS2_PLACEMENT_3D('',#695,#696,#697);
#695 = CARTESIAN_POINT('',(20.710550284563,-9.760550284563,-37.5));
#696 = DIRECTION('',(0.,0.,1.));
#697 = DIRECTION('',(0.,-1.,0.));
#698 = DEFINITIONAL_REPRESENTATION('',(#699),#703);
#699 = LINE('',#700,#701);
#700 = CARTESIAN_POINT('',(0.,0.));
#701 = VECTOR('',#702,1.);
#702 = DIRECTION('',(1.,0.));
#703 = ( GEOMETRIC_REPRESENTATION_CONTEXT(2) 
PARAMETRIC_REPRESENTATION_CONTEXT() REPRESENTATION_CONTEXT('2D SPACE',''
  ) );
#704 = ORIENTED_EDGE('',*,*,#705,.T.);
#705 = EDGE_CURVE('',#677,#706,#708,.T.);
#706 = VERTEX_POINT('',#707);
#707 = CARTESIAN_POINT('',(22.5,9.760550284563,-37.5));
#708 = SURFACE_CURVE('',#709,(#713,#720),.PCURVE_S1.);
#709 = LINE('',#710,#711);
#710 = CARTESIAN_POINT('',(22.5,-11.55,-37.5));
#711 = VECTOR('',#712,1.);
#712 = DIRECTION('',(0.,1.,0.));
#713 = PCURVE('',#100,#714);
#714 = DEFINITIONAL_REPRESENTATION('',(#715),#719);
#715 = LINE('',#716,#717);
#716 = CARTESIAN_POINT('',(45.,0.));
#717 = VECTOR('',#718,1.);
#718 = DIRECTION('',(0.,1.));
#719 = ( GEOMETRIC_REPRESENTATION_CONTEXT(2) 
PARAMETRIC_REPRESENTATION_CONTEXT() REPRESENTATION_CONTEXT('2D SPACE',''
  ) );
#720 = PCURVE('',#721,#726);
#721 = PLANE('',#722);
#722 = AXIS2_PLACEMENT_3D('',#723,#724,#725);
#723 = CARTESIAN_POINT('',(22.5,-11.55,-37.5));
#724 = DIRECTION('',(1.,0.,0.));
#725 = DIRECTION('',(0.,0.,1.));
#726 = DEFINITIONAL_REPRESENTATION('',(#727),#731);
#727 = LINE('',#728,#729);
#728 = CARTESIAN_POINT('',(0.,0.));
#729 = VECTOR('',#730,1.);
#730 = DIRECTION('',(0.,-1.));
#731 = ( GEOMETRIC_REPRESENTATION_CONTEXT(2) 
PARAMETRIC_REPRESENTATION_CONTEXT() REPRESENTATION_CONTEXT('2D SPACE',''
  ) );
#732 = ORIENTED_EDGE('',*,*,#733,.F.);
#733 = EDGE_CURVE('',#734,#706,#736,.T.);
#734 = VERTEX_POINT('',#735);
#735 = CARTESIAN_POINT('',(20.710550284563,11.55,-37.5));
#736 = SURFACE_CURVE('',#737,(#742,#753),.PCURVE_S1.);
#737 = CIRCLE('',#738,1.789449715437);
#738 = AXIS2_PLACEMENT_3D('',#739,#740,#741);
#739 = CARTESIAN_POINT('',(20.710550284563,9.760550284563,-37.5));
#740 = DIRECTION('',(-0.,-0.,-1.));
#741 = DIRECTION('',(0.,-1.,0.));
#742 = PCURVE('',#100,#743);
#743 = DEFINITIONAL_REPRESENTATION('',(#744),#752);
#744 = ( BOUNDED_CURVE() B_SPLINE_CURVE(2,(#745,#746,#747,#748,#749,#750
,#751),.UNSPECIFIED.,.T.,.F.) B_SPLINE_CURVE_WITH_KNOTS((1,2,2,2,2,1),(
    -2.094395102393,0.,2.094395102393,4.188790204786,6.28318530718,
8.377580409573),.UNSPECIFIED.) CURVE() GEOMETRIC_REPRESENTATION_ITEM() 
RATIONAL_B_SPLINE_CURVE((1.,0.5,1.,0.5,1.,0.5,1.)) REPRESENTATION_ITEM(
  '') );
#745 = CARTESIAN_POINT('',(43.210550284563,19.521100569125));
#746 = CARTESIAN_POINT('',(40.111132459835,19.521100569125));
#747 = CARTESIAN_POINT('',(41.660841372199,22.205275142281));
#748 = CARTESIAN_POINT('',(43.210550284563,24.889449715437));
#749 = CARTESIAN_POINT('',(44.760259196926,22.205275142281));
#750 = CARTESIAN_POINT('',(46.30996810929,19.521100569125));
#751 = CARTESIAN_POINT('',(43.210550284563,19.521100569125));
#752 = ( GEOMETRIC_REPRESENTATION_CONTEXT(2) 
PARAMETRIC_REPRESENTATION_CONTEXT() REPRESENTATION_CONTEXT('2D SPACE',''
  ) );
#753 = PCURVE('',#754,#759);
#754 = CYLINDRICAL_SURFACE('',#755,1.789449715437);
#755 = AXIS2_PLACEMENT_3D('',#756,#757,#758);
#756 = CARTESIAN_POINT('',(20.710550284563,9.760550284563,-37.5));
#757 = DIRECTION('',(0.,0.,1.));
#758 = DIRECTION('',(0.,1.,0.));
#759 = DEFINITIONAL_REPRESENTATION('',(#760),#764);
#760 = LINE('',#761,#762);
#761 = CARTESIAN_POINT('',(3.14159265359,-0.));
#762 = VECTOR('',#763,1.);
#763 = DIRECTION('',(-1.,0.));
#764 = ( GEOMETRIC_REPRESENTATION_CONTEXT(2) 
PARAMETRIC_REPRESENTATION_CONTEXT() REPRESENTATION_CONTEXT('2D SPACE',''
  ) );
#765 = ORIENTED_EDGE('',*,*,#766,.F.);
#766 = EDGE_CURVE('',#598,#734,#767,.T.);
#767 = SURFACE_CURVE('',#768,(#772,#779),.PCURVE_S1.);
#768 = LINE('',#769,#770);
#769 = CARTESIAN_POINT('',(-22.5,11.55,-37.5));
#770 = VECTOR('',#771,1.);
#771 = DIRECTION('',(1.,0.,0.));
#772 = PCURVE('',#100,#773);
#773 = DEFINITIONAL_REPRESENTATION('',(#774),#778);
#774 = LINE('',#775,#776);
#775 = CARTESIAN_POINT('',(0.,23.1));
#776 = VECTOR('',#777,1.);
#777 = DIRECTION('',(1.,0.));
#778 = ( GEOMETRIC_REPRESENTATION_CONTEXT(2) 
PARAMETRIC_REPRESENTATION_CONTEXT() REPRESENTATION_CONTEXT('2D SPACE',''
  ) );
#779 = PCURVE('',#436,#780);
#780 = DEFINITIONAL_REPRESENTATION('',(#781),#785);
#781 = LINE('',#782,#783);
#782 = CARTESIAN_POINT('',(0.,0.));
#783 = VECTOR('',#784,1.);
#784 = DIRECTION('',(0.,1.));
#785 = ( GEOMETRIC_REPRESENTATION_CONTEXT(2) 
PARAMETRIC_REPRESENTATION_CONTEXT() REPRESENTATION_CONTEXT('2D SPACE',''
  ) );
#786 = ORIENTED_EDGE('',*,*,#597,.F.);
#787 = FACE_BOUND('',#788,.F.);
#788 = EDGE_LOOP('',(#789));
#789 = ORIENTED_EDGE('',*,*,#790,.T.);
#790 = EDGE_CURVE('',#791,#791,#793,.T.);
#791 = VERTEX_POINT('',#792);
#792 = CARTESIAN_POINT('',(-17.35,-8.085,-37.5));
#793 = SURFACE_CURVE('',#794,(#799,#810),.PCURVE_S1.);
#794 = CIRCLE('',#795,1.6);
#795 = AXIS2_PLACEMENT_3D('',#796,#797,#798);
#796 = CARTESIAN_POINT('',(-15.75,-8.085,-37.5));
#797 = DIRECTION('',(0.,0.,-1.));
#798 = DIRECTION('',(-1.,0.,0.));
#799 = PCURVE('',#100,#800);
#800 = DEFINITIONAL_REPRESENTATION('',(#801),#809);
#801 = ( BOUNDED_CURVE() B_SPLINE_CURVE(2,(#802,#803,#804,#805,#806,#807
,#808),.UNSPECIFIED.,.T.,.F.) B_SPLINE_CURVE_WITH_KNOTS((1,2,2,2,2,1),(
    -2.094395102393,0.,2.094395102393,4.188790204786,6.28318530718,
8.377580409573),.UNSPECIFIED.) CURVE() GEOMETRIC_REPRESENTATION_ITEM() 
RATIONAL_B_SPLINE_CURVE((1.,0.5,1.,0.5,1.,0.5,1.)) REPRESENTATION_ITEM(
  '') );
#802 = CARTESIAN_POINT('',(5.15,3.465));
#803 = CARTESIAN_POINT('',(5.15,6.23628129211));
#804 = CARTESIAN_POINT('',(7.55,4.850640646055));
#805 = CARTESIAN_POINT('',(9.95,3.465));
#806 = CARTESIAN_POINT('',(7.55,2.079359353945));
#807 = CARTESIAN_POINT('',(5.15,0.69371870789));
#808 = CARTESIAN_POINT('',(5.15,3.465));
#809 = ( GEOMETRIC_REPRESENTATION_CONTEXT(2) 
PARAMETRIC_REPRESENTATION_CONTEXT() REPRESENTATION_CONTEXT('2D SPACE',''
  ) );
#810 = PCURVE('',#497,#811);
#811 = DEFINITIONAL_REPRESENTATION('',(#812),#816);
#812 = LINE('',#813,#814);
#813 = CARTESIAN_POINT('',(0.,75.));
#814 = VECTOR('',#815,1.);
#815 = DIRECTION('',(1.,0.));
#816 = ( GEOMETRIC_REPRESENTATION_CONTEXT(2) 
PARAMETRIC_REPRESENTATION_CONTEXT() REPRESENTATION_CONTEXT('2D SPACE',''
  ) );
#817 = FACE_BOUND('',#818,.F.);
#818 = EDGE_LOOP('',(#819));
#819 = ORIENTED_EDGE('',*,*,#820,.T.);
#820 = EDGE_CURVE('',#821,#821,#823,.T.);
#821 = VERTEX_POINT('',#822);
#822 = CARTESIAN_POINT('',(14.15,-8.085,-37.5));
#823 = SURFACE_CURVE('',#824,(#829,#840),.PCURVE_S1.);
#824 = CIRCLE('',#825,1.6);
#825 = AXIS2_PLACEMENT_3D('',#826,#827,#828);
#826 = CARTESIAN_POINT('',(15.75,-8.085,-37.5));
#827 = DIRECTION('',(0.,0.,-1.));
#828 = DIRECTION('',(-1.,0.,0.));
#829 = PCURVE('',#100,#830);
#830 = DEFINITIONAL_REPRESENTATION('',(#831),#839);
#831 = ( BOUNDED_CURVE() B_SPLINE_CURVE(2,(#832,#833,#834,#835,#836,#837
,#838),.UNSPECIFIED.,.T.,.F.) B_SPLINE_CURVE_WITH_KNOTS((1,2,2,2,2,1),(
    -2.094395102393,0.,2.094395102393,4.188790204786,6.28318530718,
8.377580409573),.UNSPECIFIED.) CURVE() GEOMETRIC_REPRESENTATION_ITEM() 
RATIONAL_B_SPLINE_CURVE((1.,0.5,1.,0.5,1.,0.5,1.)) REPRESENTATION_ITEM(
  '') );
#832 = CARTESIAN_POINT('',(36.65,3.465));
#833 = CARTESIAN_POINT('',(36.65,6.23628129211));
#834 = CARTESIAN_POINT('',(39.05,4.850640646055));
#835 = CARTESIAN_POINT('',(41.45,3.465));
#836 = CARTESIAN_POINT('',(39.05,2.079359353945));
#837 = CARTESIAN_POINT('',(36.65,0.69371870789));
#838 = CARTESIAN_POINT('',(36.65,3.465));
#839 = ( GEOMETRIC_REPRESENTATION_CONTEXT(2) 
PARAMETRIC_REPRESENTATION_CONTEXT() REPRESENTATION_CONTEXT('2D SPACE',''
  ) );
#840 = PCURVE('',#841,#846);
#841 = CYLINDRICAL_SURFACE('',#842,1.6);
#842 = AXIS2_PLACEMENT_3D('',#843,#844,#845);
#843 = CARTESIAN_POINT('',(15.75,-8.085,37.5));
#844 = DIRECTION('',(0.,0.,-1.));
#845 = DIRECTION('',(-1.,0.,0.));
#846 = DEFINITIONAL_REPRESENTATION('',(#847),#851);
#847 = LINE('',#848,#849);
#848 = CARTESIAN_POINT('',(0.,75.));
#849 = VECTOR('',#850,1.);
#850 = DIRECTION('',(1.,0.));
#851 = ( GEOMETRIC_REPRESENTATION_CONTEXT(2) 
PARAMETRIC_REPRESENTATION_CONTEXT() REPRESENTATION_CONTEXT('2D SPACE',''
  ) );
#852 = FACE_BOUND('',#853,.F.);
#853 = EDGE_LOOP('',(#854));
#854 = ORIENTED_EDGE('',*,*,#855,.T.);
#855 = EDGE_CURVE('',#856,#856,#858,.T.);
#856 = VERTEX_POINT('',#857);
#857 = CARTESIAN_POINT('',(-17.35,8.085,-37.5));
#858 = SURFACE_CURVE('',#859,(#864,#875),.PCURVE_S1.);
#859 = CIRCLE('',#860,1.6);
#860 = AXIS2_PLACEMENT_3D('',#861,#862,#863);
#861 = CARTESIAN_POINT('',(-15.75,8.085,-37.5));
#862 = DIRECTION('',(0.,0.,-1.));
#863 = DIRECTION('',(-1.,0.,0.));
#864 = PCURVE('',#100,#865);
#865 = DEFINITIONAL_REPRESENTATION('',(#866),#874);
#866 = ( BOUNDED_CURVE() B_SPLINE_CURVE(2,(#867,#868,#869,#870,#871,#872
,#873),.UNSPECIFIED.,.T.,.F.) B_SPLINE_CURVE_WITH_KNOTS((1,2,2,2,2,1),(
    -2.094395102393,0.,2.094395102393,4.188790204786,6.28318530718,
8.377580409573),.UNSPECIFIED.) CURVE() GEOMETRIC_REPRESENTATION_ITEM() 
RATIONAL_B_SPLINE_CURVE((1.,0.5,1.,0.5,1.,0.5,1.)) REPRESENTATION_ITEM(
  '') );
#867 = CARTESIAN_POINT('',(5.15,19.635));
#868 = CARTESIAN_POINT('',(5.15,22.40628129211));
#869 = CARTESIAN_POINT('',(7.55,21.020640646055));
#870 = CARTESIAN_POINT('',(9.95,19.635));
#871 = CARTESIAN_POINT('',(7.55,18.249359353945));
#872 = CARTESIAN_POINT('',(5.15,16.86371870789));
#873 = CARTESIAN_POINT('',(5.15,19.635));
#874 = ( GEOMETRIC_REPRESENTATION_CONTEXT(2) 
PARAMETRIC_REPRESENTATION_CONTEXT() REPRESENTATION_CONTEXT('2D SPACE',''
  ) );
#875 = PCURVE('',#532,#876);
#876 = DEFINITIONAL_REPRESENTATION('',(#877),#881);
#877 = LINE('',#878,#879);
#878 = CARTESIAN_POINT('',(0.,75.));
#879 = VECTOR('',#880,1.);
#880 = DIRECTION('',(1.,0.));
#881 = ( GEOMETRIC_REPRESENTATION_CONTEXT(2) 
PARAMETRIC_REPRESENTATION_CONTEXT() REPRESENTATION_CONTEXT('2D SPACE',''
  ) );
#882 = FACE_BOUND('',#883,.F.);
#883 = EDGE_LOOP('',(#884));
#884 = ORIENTED_EDGE('',*,*,#885,.T.);
#885 = EDGE_CURVE('',#886,#886,#888,.T.);
#886 = VERTEX_POINT('',#887);
#887 = CARTESIAN_POINT('',(14.15,8.085,-37.5));
#888 = SURFACE_CURVE('',#889,(#894,#905),.PCURVE_S1.);
#889 = CIRCLE('',#890,1.6);
#890 = AXIS2_PLACEMENT_3D('',#891,#892,#893);
#891 = CARTESIAN_POINT('',(15.75,8.085,-37.5));
#892 = DIRECTION('',(0.,0.,-1.));
#893 = DIRECTION('',(-1.,0.,0.));
#894 = PCURVE('',#100,#895);
#895 = DEFINITIONAL_REPRESENTATION('',(#896),#904);
#896 = ( BOUNDED_CURVE() B_SPLINE_CURVE(2,(#897,#898,#899,#900,#901,#902
,#903),.UNSPECIFIED.,.T.,.F.) B_SPLINE_CURVE_WITH_KNOTS((1,2,2,2,2,1),(
    -2.094395102393,0.,2.094395102393,4.188790204786,6.28318530718,
8.377580409573),.UNSPECIFIED.) CURVE() GEOMETRIC_REPRESENTATION_ITEM() 
RATIONAL_B_SPLINE_CURVE((1.,0.5,1.,0.5,1.,0.5,1.)) REPRESENTATION_ITEM(
  '') );
#897 = CARTESIAN_POINT('',(36.65,19.635));
#898 = CARTESIAN_POINT('',(36.65,22.40628129211));
#899 = CARTESIAN_POINT('',(39.05,21.020640646055));
#900 = CARTESIAN_POINT('',(41.45,19.635));
#901 = CARTESIAN_POINT('',(39.05,18.249359353945));
#902 = CARTESIAN_POINT('',(36.65,16.86371870789));
#903 = CARTESIAN_POINT('',(36.65,19.635));
#904 = ( GEOMETRIC_REPRESENTATION_CONTEXT(2) 
PARAMETRIC_REPRESENTATION_CONTEXT() REPRESENTATION_CONTEXT('2D SPACE',''
  ) );
#905 = PCURVE('',#906,#911);
#906 = CYLINDRICAL_SURFACE('',#907,1.6);
#907 = AXIS2_PLACEMENT_3D('',#908,#909,#910);
#908 = CARTESIAN_POINT('',(15.75,8.085,37.5));
#909 = DIRECTION('',(0.,0.,-1.));
#910 = DIRECTION('',(-1.,0.,0.));
#911 = DEFINITIONAL_REPRESENTATION('',(#912),#916);
#912 = LINE('',#913,#914);
#913 = CARTESIAN_POINT('',(0.,75.));
#914 = VECTOR('',#915,1.);
#915 = DIRECTION('',(1.,0.));
#916 = ( GEOMETRIC_REPRESENTATION_CONTEXT(2) 
PARAMETRIC_REPRESENTATION_CONTEXT() REPRESENTATION_CONTEXT('2D SPACE',''
  ) );
#917 = ADVANCED_FACE('',(#918),#436,.T.);
#918 = FACE_BOUND('',#919,.T.);
#919 = EDGE_LOOP('',(#920,#921,#922,#923,#952,#980));
#920 = ORIENTED_EDGE('',*,*,#766,.F.);
#921 = ORIENTED_EDGE('',*,*,#625,.T.);
#922 = ORIENTED_EDGE('',*,*,#420,.T.);
#923 = ORIENTED_EDGE('',*,*,#924,.F.);
#924 = EDGE_CURVE('',#925,#393,#927,.T.);
#925 = VERTEX_POINT('',#926);
#926 = CARTESIAN_POINT('',(6.4,11.55,37.5));
#927 = SURFACE_CURVE('',#928,(#933,#940),.PCURVE_S1.);
#928 = CIRCLE('',#929,6.4);
#929 = AXIS2_PLACEMENT_3D('',#930,#931,#932);
#930 = CARTESIAN_POINT('',(0.,11.55,37.5));
#931 = DIRECTION('',(0.,1.,-0.));
#932 = DIRECTION('',(-1.,0.,0.));
#933 = PCURVE('',#436,#934);
#934 = DEFINITIONAL_REPRESENTATION('',(#935),#939);
#935 = CIRCLE('',#936,6.4);
#936 = AXIS2_PLACEMENT_2D('',#937,#938);
#937 = CARTESIAN_POINT('',(75.,22.5));
#938 = DIRECTION('',(0.,-1.));
#939 = ( GEOMETRIC_REPRESENTATION_CONTEXT(2) 
PARAMETRIC_REPRESENTATION_CONTEXT() REPRESENTATION_CONTEXT('2D SPACE',''
  ) );
#940 = PCURVE('',#941,#946);
#941 = CYLINDRICAL_SURFACE('',#942,6.4);
#942 = AXIS2_PLACEMENT_3D('',#943,#944,#945);
#943 = CARTESIAN_POINT('',(0.,11.55,37.5));
#944 = DIRECTION('',(-0.,-1.,0.));
#945 = DIRECTION('',(-1.,0.,0.));
#946 = DEFINITIONAL_REPRESENTATION('',(#947),#951);
#947 = LINE('',#948,#949);
#948 = CARTESIAN_POINT('',(-0.,0.));
#949 = VECTOR('',#950,1.);
#950 = DIRECTION('',(-1.,0.));
#951 = ( GEOMETRIC_REPRESENTATION_CONTEXT(2) 
PARAMETRIC_REPRESENTATION_CONTEXT() REPRESENTATION_CONTEXT('2D SPACE',''
  ) );
#952 = ORIENTED_EDGE('',*,*,#953,.T.);
#953 = EDGE_CURVE('',#925,#954,#956,.T.);
#954 = VERTEX_POINT('',#955);
#955 = CARTESIAN_POINT('',(20.710550284563,11.55,37.5));
#956 = SURFACE_CURVE('',#957,(#961,#968),.PCURVE_S1.);
#957 = LINE('',#958,#959);
#958 = CARTESIAN_POINT('',(-22.5,11.55,37.5));
#959 = VECTOR('',#960,1.);
#960 = DIRECTION('',(1.,0.,0.));
#961 = PCURVE('',#436,#962);
#962 = DEFINITIONAL_REPRESENTATION('',(#963),#967);
#963 = LINE('',#964,#965);
#964 = CARTESIAN_POINT('',(75.,0.));
#965 = VECTOR('',#966,1.);
#966 = DIRECTION('',(0.,1.));
#967 = ( GEOMETRIC_REPRESENTATION_CONTEXT(2) 
PARAMETRIC_REPRESENTATION_CONTEXT() REPRESENTATION_CONTEXT('2D SPACE',''
  ) );
#968 = PCURVE('',#969,#974);
#969 = PLANE('',#970);
#970 = AXIS2_PLACEMENT_3D('',#971,#972,#973);
#971 = CARTESIAN_POINT('',(-22.5,-11.55,37.5));
#972 = DIRECTION('',(0.,0.,1.));
#973 = DIRECTION('',(1.,0.,0.));
#974 = DEFINITIONAL_REPRESENTATION('',(#975),#979);
#975 = LINE('',#976,#977);
#976 = CARTESIAN_POINT('',(0.,23.1));
#977 = VECTOR('',#978,1.);
#978 = DIRECTION('',(1.,0.));
#979 = ( GEOMETRIC_REPRESENTATION_CONTEXT(2) 
PARAMETRIC_REPRESENTATION_CONTEXT() REPRESENTATION_CONTEXT('2D SPACE',''
  ) );
#980 = ORIENTED_EDGE('',*,*,#981,.F.);
#981 = EDGE_CURVE('',#734,#954,#982,.T.);
#982 = SURFACE_CURVE('',#983,(#987,#994),.PCURVE_S1.);
#983 = LINE('',#984,#985);
#984 = CARTESIAN_POINT('',(20.710550284563,11.55,-37.5));
#985 = VECTOR('',#986,1.);
#986 = DIRECTION('',(0.,0.,1.));
#987 = PCURVE('',#436,#988);
#988 = DEFINITIONAL_REPRESENTATION('',(#989),#993);
#989 = LINE('',#990,#991);
#990 = CARTESIAN_POINT('',(0.,43.210550284563));
#991 = VECTOR('',#992,1.);
#992 = DIRECTION('',(1.,0.));
#993 = ( GEOMETRIC_REPRESENTATION_CONTEXT(2) 
PARAMETRIC_REPRESENTATION_CONTEXT() REPRESENTATION_CONTEXT('2D SPACE',''
  ) );
#994 = PCURVE('',#754,#995);
#995 = DEFINITIONAL_REPRESENTATION('',(#996),#1000);
#996 = LINE('',#997,#998);
#997 = CARTESIAN_POINT('',(-0.,0.));
#998 = VECTOR('',#999,1.);
#999 = DIRECTION('',(-0.,1.));
#1000 = ( GEOMETRIC_REPRESENTATION_CONTEXT(2) 
PARAMETRIC_REPRESENTATION_CONTEXT() REPRESENTATION_CONTEXT('2D SPACE',''
  ) );
#1001 = ADVANCED_FACE('',(#1002),#408,.F.);
#1002 = FACE_BOUND('',#1003,.F.);
#1003 = EDGE_LOOP('',(#1004,#1027,#1053,#1054));
#1004 = ORIENTED_EDGE('',*,*,#1005,.F.);
#1005 = EDGE_CURVE('',#1006,#925,#1008,.T.);
#1006 = VERTEX_POINT('',#1007);
#1007 = CARTESIAN_POINT('',(2.9,11.55,37.5));
#1008 = SURFACE_CURVE('',#1009,(#1013,#1020),.PCURVE_S1.);
#1009 = LINE('',#1010,#1011);
#1010 = CARTESIAN_POINT('',(-22.5,11.55,37.5));
#1011 = VECTOR('',#1012,1.);
#1012 = DIRECTION('',(1.,0.,0.));
#1013 = PCURVE('',#408,#1014);
#1014 = DEFINITIONAL_REPRESENTATION('',(#1015),#1019);
#1015 = LINE('',#1016,#1017);
#1016 = CARTESIAN_POINT('',(0.,-22.5));
#1017 = VECTOR('',#1018,1.);
#1018 = DIRECTION('',(0.,1.));
#1019 = ( GEOMETRIC_REPRESENTATION_CONTEXT(2) 
PARAMETRIC_REPRESENTATION_CONTEXT() REPRESENTATION_CONTEXT('2D SPACE',''
  ) );
#1020 = PCURVE('',#969,#1021);
#1021 = DEFINITIONAL_REPRESENTATION('',(#1022),#1026);
#1022 = LINE('',#1023,#1024);
#1023 = CARTESIAN_POINT('',(0.,23.1));
#1024 = VECTOR('',#1025,1.);
#1025 = DIRECTION('',(1.,0.));
#1026 = ( GEOMETRIC_REPRESENTATION_CONTEXT(2) 
PARAMETRIC_REPRESENTATION_CONTEXT() REPRESENTATION_CONTEXT('2D SPACE',''
  ) );
#1027 = ORIENTED_EDGE('',*,*,#1028,.T.);
#1028 = EDGE_CURVE('',#1006,#367,#1029,.T.);
#1029 = SURFACE_CURVE('',#1030,(#1035,#1046),.PCURVE_S1.);
#1030 = CIRCLE('',#1031,2.9);
#1031 = AXIS2_PLACEMENT_3D('',#1032,#1033,#1034);
#1032 = CARTESIAN_POINT('',(0.,11.55,37.5));
#1033 = DIRECTION('',(0.,-1.,0.));
#1034 = DIRECTION('',(1.,0.,0.));
#1035 = PCURVE('',#408,#1036);
#1036 = DEFINITIONAL_REPRESENTATION('',(#1037),#1045);
#1037 = ( BOUNDED_CURVE() B_SPLINE_CURVE(2,(#1038,#1039,#1040,#1041,
#1042,#1043,#1044),.UNSPECIFIED.,.T.,.F.) B_SPLINE_CURVE_WITH_KNOTS((1,2
    ,2,2,2,1),(-2.094395102393,0.,2.094395102393,4.188790204786,
6.28318530718,8.377580409573),.UNSPECIFIED.) CURVE() 
GEOMETRIC_REPRESENTATION_ITEM() RATIONAL_B_SPLINE_CURVE((1.,0.5,1.,0.5,
1.,0.5,1.)) REPRESENTATION_ITEM('') );
#1038 = CARTESIAN_POINT('',(0.,2.9));
#1039 = CARTESIAN_POINT('',(5.02294734195,2.9));
#1040 = CARTESIAN_POINT('',(2.511473670975,-1.45));
#1041 = CARTESIAN_POINT('',(7.102951435055E-16,-5.8));
#1042 = CARTESIAN_POINT('',(-2.511473670975,-1.45));
#1043 = CARTESIAN_POINT('',(-5.02294734195,2.9));
#1044 = CARTESIAN_POINT('',(0.,2.9));
#1045 = ( GEOMETRIC_REPRESENTATION_CONTEXT(2) 
PARAMETRIC_REPRESENTATION_CONTEXT() REPRESENTATION_CONTEXT('2D SPACE',''
  ) );
#1046 = PCURVE('',#381,#1047);
#1047 = DEFINITIONAL_REPRESENTATION('',(#1048),#1052);
#1048 = LINE('',#1049,#1050);
#1049 = CARTESIAN_POINT('',(0.,13.9));
#1050 = VECTOR('',#1051,1.);
#1051 = DIRECTION('',(1.,0.));
#1052 = ( GEOMETRIC_REPRESENTATION_CONTEXT(2) 
PARAMETRIC_REPRESENTATION_CONTEXT() REPRESENTATION_CONTEXT('2D SPACE',''
  ) );
#1053 = ORIENTED_EDGE('',*,*,#392,.F.);
#1054 = ORIENTED_EDGE('',*,*,#1055,.T.);
#1055 = EDGE_CURVE('',#393,#925,#1056,.T.);
#1056 = SURFACE_CURVE('',#1057,(#1062,#1069),.PCURVE_S1.);
#1057 = CIRCLE('',#1058,6.4);
#1058 = AXIS2_PLACEMENT_3D('',#1059,#1060,#1061);
#1059 = CARTESIAN_POINT('',(0.,11.55,37.5));
#1060 = DIRECTION('',(0.,1.,-0.));
#1061 = DIRECTION('',(-1.,0.,0.));
#1062 = PCURVE('',#408,#1063);
#1063 = DEFINITIONAL_REPRESENTATION('',(#1064),#1068);
#1064 = CIRCLE('',#1065,6.4);
#1065 = AXIS2_PLACEMENT_2D('',#1066,#1067);
#1066 = CARTESIAN_POINT('',(0.,-2.136625207093E-16));
#1067 = DIRECTION('',(0.,-1.));
#1068 = ( GEOMETRIC_REPRESENTATION_CONTEXT(2) 
PARAMETRIC_REPRESENTATION_CONTEXT() REPRESENTATION_CONTEXT('2D SPACE',''
  ) );
#1069 = PCURVE('',#941,#1070);
#1070 = DEFINITIONAL_REPRESENTATION('',(#1071),#1075);
#1071 = LINE('',#1072,#1073);
#1072 = CARTESIAN_POINT('',(-0.,0.));
#1073 = VECTOR('',#1074,1.);
#1074 = DIRECTION('',(-1.,0.));
#1075 = ( GEOMETRIC_REPRESENTATION_CONTEXT(2) 
PARAMETRIC_REPRESENTATION_CONTEXT() REPRESENTATION_CONTEXT('2D SPACE',''
  ) );
#1076 = ADVANCED_FACE('',(#1077),#381,.F.);
#1077 = FACE_BOUND('',#1078,.F.);
#1078 = EDGE_LOOP('',(#1079,#1102,#1128,#1129,#1130,#1153,#1184));
#1079 = ORIENTED_EDGE('',*,*,#1080,.T.);
#1080 = EDGE_CURVE('',#1006,#1081,#1083,.T.);
#1081 = VERTEX_POINT('',#1082);
#1082 = CARTESIAN_POINT('',(2.9,4.75,37.5));
#1083 = SURFACE_CURVE('',#1084,(#1088,#1095),.PCURVE_S1.);
#1084 = LINE('',#1085,#1086);
#1085 = CARTESIAN_POINT('',(2.9,25.45,37.5));
#1086 = VECTOR('',#1087,1.);
#1087 = DIRECTION('',(0.,-1.,0.));
#1088 = PCURVE('',#381,#1089);
#1089 = DEFINITIONAL_REPRESENTATION('',(#1090),#1094);
#1090 = LINE('',#1091,#1092);
#1091 = CARTESIAN_POINT('',(6.28318530718,-0.));
#1092 = VECTOR('',#1093,1.);
#1093 = DIRECTION('',(0.,1.));
#1094 = ( GEOMETRIC_REPRESENTATION_CONTEXT(2) 
PARAMETRIC_REPRESENTATION_CONTEXT() REPRESENTATION_CONTEXT('2D SPACE',''
  ) );
#1095 = PCURVE('',#969,#1096);
#1096 = DEFINITIONAL_REPRESENTATION('',(#1097),#1101);
#1097 = LINE('',#1098,#1099);
#1098 = CARTESIAN_POINT('',(25.4,37.));
#1099 = VECTOR('',#1100,1.);
#1100 = DIRECTION('',(0.,-1.));
#1101 = ( GEOMETRIC_REPRESENTATION_CONTEXT(2) 
PARAMETRIC_REPRESENTATION_CONTEXT() REPRESENTATION_CONTEXT('2D SPACE',''
  ) );
#1102 = ORIENTED_EDGE('',*,*,#1103,.F.);
#1103 = EDGE_CURVE('',#339,#1081,#1104,.T.);
#1104 = SURFACE_CURVE('',#1105,(#1110,#1117),.PCURVE_S1.);
#1105 = CIRCLE('',#1106,2.9);
#1106 = AXIS2_PLACEMENT_3D('',#1107,#1108,#1109);
#1107 = CARTESIAN_POINT('',(0.,4.75,37.5));
#1108 = DIRECTION('',(0.,-1.,0.));
#1109 = DIRECTION('',(1.,0.,0.));
#1110 = PCURVE('',#381,#1111);
#1111 = DEFINITIONAL_REPRESENTATION('',(#1112),#1116);
#1112 = LINE('',#1113,#1114);
#1113 = CARTESIAN_POINT('',(0.,20.7));
#1114 = VECTOR('',#1115,1.);
#1115 = DIRECTION('',(1.,0.));
#1116 = ( GEOMETRIC_REPRESENTATION_CONTEXT(2) 
PARAMETRIC_REPRESENTATION_CONTEXT() REPRESENTATION_CONTEXT('2D SPACE',''
  ) );
#1117 = PCURVE('',#354,#1118);
#1118 = DEFINITIONAL_REPRESENTATION('',(#1119),#1127);
#1119 = ( BOUNDED_CURVE() B_SPLINE_CURVE(2,(#1120,#1121,#1122,#1123,
#1124,#1125,#1126),.UNSPECIFIED.,.T.,.F.) B_SPLINE_CURVE_WITH_KNOTS((1,2
    ,2,2,2,1),(-2.094395102393,0.,2.094395102393,4.188790204786,
6.28318530718,8.377580409573),.UNSPECIFIED.) CURVE() 
GEOMETRIC_REPRESENTATION_ITEM() RATIONAL_B_SPLINE_CURVE((1.,0.5,1.,0.5,
1.,0.5,1.)) REPRESENTATION_ITEM('') );
#1120 = CARTESIAN_POINT('',(9.,0.));
#1121 = CARTESIAN_POINT('',(9.,5.02294734195));
#1122 = CARTESIAN_POINT('',(13.35,2.511473670975));
#1123 = CARTESIAN_POINT('',(17.7,7.102951435055E-16));
#1124 = CARTESIAN_POINT('',(13.35,-2.511473670975));
#1125 = CARTESIAN_POINT('',(9.,-5.02294734195));
#1126 = CARTESIAN_POINT('',(9.,0.));
#1127 = ( GEOMETRIC_REPRESENTATION_CONTEXT(2) 
PARAMETRIC_REPRESENTATION_CONTEXT() REPRESENTATION_CONTEXT('2D SPACE',''
  ) );
#1128 = ORIENTED_EDGE('',*,*,#366,.F.);
#1129 = ORIENTED_EDGE('',*,*,#1028,.F.);
#1130 = ORIENTED_EDGE('',*,*,#1131,.F.);
#1131 = EDGE_CURVE('',#1132,#1006,#1134,.T.);
#1132 = VERTEX_POINT('',#1133);
#1133 = CARTESIAN_POINT('',(2.9,25.45,37.5));
#1134 = SEAM_CURVE('',#1135,(#1139,#1146),.PCURVE_S1.);
#1135 = LINE('',#1136,#1137);
#1136 = CARTESIAN_POINT('',(2.9,25.45,37.5));
#1137 = VECTOR('',#1138,1.);
#1138 = DIRECTION('',(0.,-1.,0.));
#1139 = PCURVE('',#381,#1140);
#1140 = DEFINITIONAL_REPRESENTATION('',(#1141),#1145);
#1141 = LINE('',#1142,#1143);
#1142 = CARTESIAN_POINT('',(6.28318530718,-0.));
#1143 = VECTOR('',#1144,1.);
#1144 = DIRECTION('',(0.,1.));
#1145 = ( GEOMETRIC_REPRESENTATION_CONTEXT(2) 
PARAMETRIC_REPRESENTATION_CONTEXT() REPRESENTATION_CONTEXT('2D SPACE',''
  ) );
#1146 = PCURVE('',#381,#1147);
#1147 = DEFINITIONAL_REPRESENTATION('',(#1148),#1152);
#1148 = LINE('',#1149,#1150);
#1149 = CARTESIAN_POINT('',(0.,-0.));
#1150 = VECTOR('',#1151,1.);
#1151 = DIRECTION('',(0.,1.));
#1152 = ( GEOMETRIC_REPRESENTATION_CONTEXT(2) 
PARAMETRIC_REPRESENTATION_CONTEXT() REPRESENTATION_CONTEXT('2D SPACE',''
  ) );
#1153 = ORIENTED_EDGE('',*,*,#1154,.T.);
#1154 = EDGE_CURVE('',#1132,#1132,#1155,.T.);
#1155 = SURFACE_CURVE('',#1156,(#1161,#1168),.PCURVE_S1.);
#1156 = CIRCLE('',#1157,2.9);
#1157 = AXIS2_PLACEMENT_3D('',#1158,#1159,#1160);
#1158 = CARTESIAN_POINT('',(0.,25.45,37.5));
#1159 = DIRECTION('',(-0.,-1.,0.));
#1160 = DIRECTION('',(1.,-0.,0.));
#1161 = PCURVE('',#381,#1162);
#1162 = DEFINITIONAL_REPRESENTATION('',(#1163),#1167);
#1163 = LINE('',#1164,#1165);
#1164 = CARTESIAN_POINT('',(0.,0.));
#1165 = VECTOR('',#1166,1.);
#1166 = DIRECTION('',(1.,0.));
#1167 = ( GEOMETRIC_REPRESENTATION_CONTEXT(2) 
PARAMETRIC_REPRESENTATION_CONTEXT() REPRESENTATION_CONTEXT('2D SPACE',''
  ) );
#1168 = PCURVE('',#1169,#1174);
#1169 = PLANE('',#1170);
#1170 = AXIS2_PLACEMENT_3D('',#1171,#1172,#1173);
#1171 = CARTESIAN_POINT('',(2.136625207093E-16,25.45,37.5));
#1172 = DIRECTION('',(0.,1.,0.));
#1173 = DIRECTION('',(0.,-0.,1.));
#1174 = DEFINITIONAL_REPRESENTATION('',(#1175),#1183);
#1175 = ( BOUNDED_CURVE() B_SPLINE_CURVE(2,(#1176,#1177,#1178,#1179,
#1180,#1181,#1182),.UNSPECIFIED.,.T.,.F.) B_SPLINE_CURVE_WITH_KNOTS((1,2
    ,2,2,2,1),(-2.094395102393,0.,2.094395102393,4.188790204786,
6.28318530718,8.377580409573),.UNSPECIFIED.) CURVE() 
GEOMETRIC_REPRESENTATION_ITEM() RATIONAL_B_SPLINE_CURVE((1.,0.5,1.,0.5,
1.,0.5,1.)) REPRESENTATION_ITEM('') );
#1176 = CARTESIAN_POINT('',(0.,2.9));
#1177 = CARTESIAN_POINT('',(5.02294734195,2.9));
#1178 = CARTESIAN_POINT('',(2.511473670975,-1.45));
#1179 = CARTESIAN_POINT('',(7.102951435055E-16,-5.8));
#1180 = CARTESIAN_POINT('',(-2.511473670975,-1.45));
#1181 = CARTESIAN_POINT('',(-5.02294734195,2.9));
#1182 = CARTESIAN_POINT('',(0.,2.9));
#1183 = ( GEOMETRIC_REPRESENTATION_CONTEXT(2) 
PARAMETRIC_REPRESENTATION_CONTEXT() REPRESENTATION_CONTEXT('2D SPACE',''
  ) );
#1184 = ORIENTED_EDGE('',*,*,#1131,.T.);
#1185 = ADVANCED_FACE('',(#1186),#354,.F.);
#1186 = FACE_BOUND('',#1187,.F.);
#1187 = EDGE_LOOP('',(#1188,#1211,#1239,#1267,#1288,#1289));
#1188 = ORIENTED_EDGE('',*,*,#1189,.F.);
#1189 = EDGE_CURVE('',#1190,#1081,#1192,.T.);
#1190 = VERTEX_POINT('',#1191);
#1191 = CARTESIAN_POINT('',(10.110550284563,4.75,37.5));
#1192 = SURFACE_CURVE('',#1193,(#1197,#1204),.PCURVE_S1.);
#1193 = LINE('',#1194,#1195);
#1194 = CARTESIAN_POINT('',(11.9,4.75,37.5));
#1195 = VECTOR('',#1196,1.);
#1196 = DIRECTION('',(-1.,0.,0.));
#1197 = PCURVE('',#354,#1198);
#1198 = DEFINITIONAL_REPRESENTATION('',(#1199),#1203);
#1199 = LINE('',#1200,#1201);
#1200 = CARTESIAN_POINT('',(0.,0.));
#1201 = VECTOR('',#1202,1.);
#1202 = DIRECTION('',(1.,0.));
#1203 = ( GEOMETRIC_REPRESENTATION_CONTEXT(2) 
PARAMETRIC_REPRESENTATION_CONTEXT() REPRESENTATION_CONTEXT('2D SPACE',''
  ) );
#1204 = PCURVE('',#969,#1205);
#1205 = DEFINITIONAL_REPRESENTATION('',(#1206),#1210);
#1206 = LINE('',#1207,#1208);
#1207 = CARTESIAN_POINT('',(34.4,16.3));
#1208 = VECTOR('',#1209,1.);
#1209 = DIRECTION('',(-1.,0.));
#1210 = ( GEOMETRIC_REPRESENTATION_CONTEXT(2) 
PARAMETRIC_REPRESENTATION_CONTEXT() REPRESENTATION_CONTEXT('2D SPACE',''
  ) );
#1211 = ORIENTED_EDGE('',*,*,#1212,.T.);
#1212 = EDGE_CURVE('',#1190,#1213,#1215,.T.);
#1213 = VERTEX_POINT('',#1214);
#1214 = CARTESIAN_POINT('',(10.110550284563,4.75,13.6));
#1215 = SURFACE_CURVE('',#1216,(#1220,#1227),.PCURVE_S1.);
#1216 = LINE('',#1217,#1218);
#1217 = CARTESIAN_POINT('',(10.110550284563,4.75,37.5));
#1218 = VECTOR('',#1219,1.);
#1219 = DIRECTION('',(-0.,-0.,-1.));
#1220 = PCURVE('',#354,#1221);
#1221 = DEFINITIONAL_REPRESENTATION('',(#1222),#1226);
#1222 = LINE('',#1223,#1224);
#1223 = CARTESIAN_POINT('',(1.789449715437,0.));
#1224 = VECTOR('',#1225,1.);
#1225 = DIRECTION('',(0.,-1.));
#1226 = ( GEOMETRIC_REPRESENTATION_CONTEXT(2) 
PARAMETRIC_REPRESENTATION_CONTEXT() REPRESENTATION_CONTEXT('2D SPACE',''
  ) );
#1227 = PCURVE('',#1228,#1233);
#1228 = CYLINDRICAL_SURFACE('',#1229,1.789449715437);
#1229 = AXIS2_PLACEMENT_3D('',#1230,#1231,#1232);
#1230 = CARTESIAN_POINT('',(10.110550284563,2.960550284563,37.5));
#1231 = DIRECTION('',(-0.,-0.,-1.));
#1232 = DIRECTION('',(1.,0.,0.));
#1233 = DEFINITIONAL_REPRESENTATION('',(#1234),#1238);
#1234 = LINE('',#1235,#1236);
#1235 = CARTESIAN_POINT('',(-1.570796326795,0.));
#1236 = VECTOR('',#1237,1.);
#1237 = DIRECTION('',(-0.,1.));
#1238 = ( GEOMETRIC_REPRESENTATION_CONTEXT(2) 
PARAMETRIC_REPRESENTATION_CONTEXT() REPRESENTATION_CONTEXT('2D SPACE',''
  ) );
#1239 = ORIENTED_EDGE('',*,*,#1240,.T.);
#1240 = EDGE_CURVE('',#1213,#1241,#1243,.T.);
#1241 = VERTEX_POINT('',#1242);
#1242 = CARTESIAN_POINT('',(-10.11055028456,4.75,13.6));
#1243 = SURFACE_CURVE('',#1244,(#1248,#1255),.PCURVE_S1.);
#1244 = LINE('',#1245,#1246);
#1245 = CARTESIAN_POINT('',(11.9,4.75,13.6));
#1246 = VECTOR('',#1247,1.);
#1247 = DIRECTION('',(-1.,0.,0.));
#1248 = PCURVE('',#354,#1249);
#1249 = DEFINITIONAL_REPRESENTATION('',(#1250),#1254);
#1250 = LINE('',#1251,#1252);
#1251 = CARTESIAN_POINT('',(0.,-23.9));
#1252 = VECTOR('',#1253,1.);
#1253 = DIRECTION('',(1.,0.));
#1254 = ( GEOMETRIC_REPRESENTATION_CONTEXT(2) 
PARAMETRIC_REPRESENTATION_CONTEXT() REPRESENTATION_CONTEXT('2D SPACE',''
  ) );
#1255 = PCURVE('',#1256,#1261);
#1256 = PLANE('',#1257);
#1257 = AXIS2_PLACEMENT_3D('',#1258,#1259,#1260);
#1258 = CARTESIAN_POINT('',(2.13376196925E-16,-2.13376196925E-16,13.6));
#1259 = DIRECTION('',(0.,0.,1.));
#1260 = DIRECTION('',(1.,0.,-0.));
#1261 = DEFINITIONAL_REPRESENTATION('',(#1262),#1266);
#1262 = LINE('',#1263,#1264);
#1263 = CARTESIAN_POINT('',(11.9,4.75));
#1264 = VECTOR('',#1265,1.);
#1265 = DIRECTION('',(-1.,0.));
#1266 = ( GEOMETRIC_REPRESENTATION_CONTEXT(2) 
PARAMETRIC_REPRESENTATION_CONTEXT() REPRESENTATION_CONTEXT('2D SPACE',''
  ) );
#1267 = ORIENTED_EDGE('',*,*,#1268,.F.);
#1268 = EDGE_CURVE('',#310,#1241,#1269,.T.);
#1269 = SURFACE_CURVE('',#1270,(#1274,#1281),.PCURVE_S1.);
#1270 = LINE('',#1271,#1272);
#1271 = CARTESIAN_POINT('',(-10.11055028456,4.75,37.5));
#1272 = VECTOR('',#1273,1.);
#1273 = DIRECTION('',(-0.,-0.,-1.));
#1274 = PCURVE('',#354,#1275);
#1275 = DEFINITIONAL_REPRESENTATION('',(#1276),#1280);
#1276 = LINE('',#1277,#1278);
#1277 = CARTESIAN_POINT('',(22.010550284563,0.));
#1278 = VECTOR('',#1279,1.);
#1279 = DIRECTION('',(0.,-1.));
#1280 = ( GEOMETRIC_REPRESENTATION_CONTEXT(2) 
PARAMETRIC_REPRESENTATION_CONTEXT() REPRESENTATION_CONTEXT('2D SPACE',''
  ) );
#1281 = PCURVE('',#326,#1282);
#1282 = DEFINITIONAL_REPRESENTATION('',(#1283),#1287);
#1283 = LINE('',#1284,#1285);
#1284 = CARTESIAN_POINT('',(-0.,0.));
#1285 = VECTOR('',#1286,1.);
#1286 = DIRECTION('',(-0.,1.));
#1287 = ( GEOMETRIC_REPRESENTATION_CONTEXT(2) 
PARAMETRIC_REPRESENTATION_CONTEXT() REPRESENTATION_CONTEXT('2D SPACE',''
  ) );
#1288 = ORIENTED_EDGE('',*,*,#338,.F.);
#1289 = ORIENTED_EDGE('',*,*,#1103,.T.);
#1290 = ADVANCED_FACE('',(#1291),#326,.F.);
#1291 = FACE_BOUND('',#1292,.T.);
#1292 = EDGE_LOOP('',(#1293,#1294,#1317,#1339));
#1293 = ORIENTED_EDGE('',*,*,#309,.T.);
#1294 = ORIENTED_EDGE('',*,*,#1295,.T.);
#1295 = EDGE_CURVE('',#282,#1296,#1298,.T.);
#1296 = VERTEX_POINT('',#1297);
#1297 = CARTESIAN_POINT('',(-11.9,2.960550284563,13.6));
#1298 = SURFACE_CURVE('',#1299,(#1303,#1310),.PCURVE_S1.);
#1299 = LINE('',#1300,#1301);
#1300 = CARTESIAN_POINT('',(-11.9,2.960550284563,37.5));
#1301 = VECTOR('',#1302,1.);
#1302 = DIRECTION('',(-0.,-0.,-1.));
#1303 = PCURVE('',#326,#1304);
#1304 = DEFINITIONAL_REPRESENTATION('',(#1305),#1309);
#1305 = LINE('',#1306,#1307);
#1306 = CARTESIAN_POINT('',(-1.570796326795,0.));
#1307 = VECTOR('',#1308,1.);
#1308 = DIRECTION('',(-0.,1.));
#1309 = ( GEOMETRIC_REPRESENTATION_CONTEXT(2) 
PARAMETRIC_REPRESENTATION_CONTEXT() REPRESENTATION_CONTEXT('2D SPACE',''
  ) );
#1310 = PCURVE('',#297,#1311);
#1311 = DEFINITIONAL_REPRESENTATION('',(#1312),#1316);
#1312 = LINE('',#1313,#1314);
#1313 = CARTESIAN_POINT('',(1.789449715437,0.));
#1314 = VECTOR('',#1315,1.);
#1315 = DIRECTION('',(0.,-1.));
#1316 = ( GEOMETRIC_REPRESENTATION_CONTEXT(2) 
PARAMETRIC_REPRESENTATION_CONTEXT() REPRESENTATION_CONTEXT('2D SPACE',''
  ) );
#1317 = ORIENTED_EDGE('',*,*,#1318,.F.);
#1318 = EDGE_CURVE('',#1241,#1296,#1319,.T.);
#1319 = SURFACE_CURVE('',#1320,(#1325,#1332),.PCURVE_S1.);
#1320 = CIRCLE('',#1321,1.789449715437);
#1321 = AXIS2_PLACEMENT_3D('',#1322,#1323,#1324);
#1322 = CARTESIAN_POINT('',(-10.11055028456,2.960550284563,13.6));
#1323 = DIRECTION('',(0.,0.,1.));
#1324 = DIRECTION('',(0.,1.,-0.));
#1325 = PCURVE('',#326,#1326);
#1326 = DEFINITIONAL_REPRESENTATION('',(#1327),#1331);
#1327 = LINE('',#1328,#1329);
#1328 = CARTESIAN_POINT('',(-0.,23.9));
#1329 = VECTOR('',#1330,1.);
#1330 = DIRECTION('',(-1.,0.));
#1331 = ( GEOMETRIC_REPRESENTATION_CONTEXT(2) 
PARAMETRIC_REPRESENTATION_CONTEXT() REPRESENTATION_CONTEXT('2D SPACE',''
  ) );
#1332 = PCURVE('',#1256,#1333);
#1333 = DEFINITIONAL_REPRESENTATION('',(#1334),#1338);
#1334 = CIRCLE('',#1335,1.789449715437);
#1335 = AXIS2_PLACEMENT_2D('',#1336,#1337);
#1336 = CARTESIAN_POINT('',(-10.11055028456,2.960550284563));
#1337 = DIRECTION('',(0.,1.));
#1338 = ( GEOMETRIC_REPRESENTATION_CONTEXT(2) 
PARAMETRIC_REPRESENTATION_CONTEXT() REPRESENTATION_CONTEXT('2D SPACE',''
  ) );
#1339 = ORIENTED_EDGE('',*,*,#1268,.F.);
#1340 = ADVANCED_FACE('',(#1341),#297,.F.);
#1341 = FACE_BOUND('',#1342,.F.);
#1342 = EDGE_LOOP('',(#1343,#1344,#1345,#1368));
#1343 = ORIENTED_EDGE('',*,*,#281,.F.);
#1344 = ORIENTED_EDGE('',*,*,#1295,.T.);
#1345 = ORIENTED_EDGE('',*,*,#1346,.T.);
#1346 = EDGE_CURVE('',#1296,#1347,#1349,.T.);
#1347 = VERTEX_POINT('',#1348);
#1348 = CARTESIAN_POINT('',(-11.9,-2.960550284563,13.6));
#1349 = SURFACE_CURVE('',#1350,(#1354,#1361),.PCURVE_S1.);
#1350 = LINE('',#1351,#1352);
#1351 = CARTESIAN_POINT('',(-11.9,4.75,13.6));
#1352 = VECTOR('',#1353,1.);
#1353 = DIRECTION('',(0.,-1.,0.));
#1354 = PCURVE('',#297,#1355);
#1355 = DEFINITIONAL_REPRESENTATION('',(#1356),#1360);
#1356 = LINE('',#1357,#1358);
#1357 = CARTESIAN_POINT('',(0.,-23.9));
#1358 = VECTOR('',#1359,1.);
#1359 = DIRECTION('',(1.,0.));
#1360 = ( GEOMETRIC_REPRESENTATION_CONTEXT(2) 
PARAMETRIC_REPRESENTATION_CONTEXT() REPRESENTATION_CONTEXT('2D SPACE',''
  ) );
#1361 = PCURVE('',#1256,#1362);
#1362 = DEFINITIONAL_REPRESENTATION('',(#1363),#1367);
#1363 = LINE('',#1364,#1365);
#1364 = CARTESIAN_POINT('',(-11.9,4.75));
#1365 = VECTOR('',#1366,1.);
#1366 = DIRECTION('',(0.,-1.));
#1367 = ( GEOMETRIC_REPRESENTATION_CONTEXT(2) 
PARAMETRIC_REPRESENTATION_CONTEXT() REPRESENTATION_CONTEXT('2D SPACE',''
  ) );
#1368 = ORIENTED_EDGE('',*,*,#1369,.F.);
#1369 = EDGE_CURVE('',#249,#1347,#1370,.T.);
#1370 = SURFACE_CURVE('',#1371,(#1375,#1382),.PCURVE_S1.);
#1371 = LINE('',#1372,#1373);
#1372 = CARTESIAN_POINT('',(-11.9,-2.960550284563,37.5));
#1373 = VECTOR('',#1374,1.);
#1374 = DIRECTION('',(-0.,-0.,-1.));
#1375 = PCURVE('',#297,#1376);
#1376 = DEFINITIONAL_REPRESENTATION('',(#1377),#1381);
#1377 = LINE('',#1378,#1379);
#1378 = CARTESIAN_POINT('',(7.710550284563,0.));
#1379 = VECTOR('',#1380,1.);
#1380 = DIRECTION('',(0.,-1.));
#1381 = ( GEOMETRIC_REPRESENTATION_CONTEXT(2) 
PARAMETRIC_REPRESENTATION_CONTEXT() REPRESENTATION_CONTEXT('2D SPACE',''
  ) );
#1382 = PCURVE('',#269,#1383);
#1383 = DEFINITIONAL_REPRESENTATION('',(#1384),#1388);
#1384 = LINE('',#1385,#1386);
#1385 = CARTESIAN_POINT('',(1.570796326795,0.));
#1386 = VECTOR('',#1387,1.);
#1387 = DIRECTION('',(0.,1.));
#1388 = ( GEOMETRIC_REPRESENTATION_CONTEXT(2) 
PARAMETRIC_REPRESENTATION_CONTEXT() REPRESENTATION_CONTEXT('2D SPACE',''
  ) );
#1389 = ADVANCED_FACE('',(#1390),#269,.F.);
#1390 = FACE_BOUND('',#1391,.F.);
#1391 = EDGE_LOOP('',(#1392,#1393,#1394,#1422));
#1392 = ORIENTED_EDGE('',*,*,#248,.T.);
#1393 = ORIENTED_EDGE('',*,*,#1369,.T.);
#1394 = ORIENTED_EDGE('',*,*,#1395,.F.);
#1395 = EDGE_CURVE('',#1396,#1347,#1398,.T.);
#1396 = VERTEX_POINT('',#1397);
#1397 = CARTESIAN_POINT('',(-10.11055028456,-4.75,13.6));
#1398 = SURFACE_CURVE('',#1399,(#1404,#1411),.PCURVE_S1.);
#1399 = CIRCLE('',#1400,1.789449715437);
#1400 = AXIS2_PLACEMENT_3D('',#1401,#1402,#1403);
#1401 = CARTESIAN_POINT('',(-10.11055028456,-2.960550284563,13.6));
#1402 = DIRECTION('',(0.,-0.,-1.));
#1403 = DIRECTION('',(0.,1.,-0.));
#1404 = PCURVE('',#269,#1405);
#1405 = DEFINITIONAL_REPRESENTATION('',(#1406),#1410);
#1406 = LINE('',#1407,#1408);
#1407 = CARTESIAN_POINT('',(-3.14159265359,23.9));
#1408 = VECTOR('',#1409,1.);
#1409 = DIRECTION('',(1.,0.));
#1410 = ( GEOMETRIC_REPRESENTATION_CONTEXT(2) 
PARAMETRIC_REPRESENTATION_CONTEXT() REPRESENTATION_CONTEXT('2D SPACE',''
  ) );
#1411 = PCURVE('',#1256,#1412);
#1412 = DEFINITIONAL_REPRESENTATION('',(#1413),#1421);
#1413 = ( BOUNDED_CURVE() B_SPLINE_CURVE(2,(#1414,#1415,#1416,#1417,
#1418,#1419,#1420),.UNSPECIFIED.,.T.,.F.) B_SPLINE_CURVE_WITH_KNOTS((1,2
    ,2,2,2,1),(-2.094395102393,0.,2.094395102393,4.188790204786,
6.28318530718,8.377580409573),.UNSPECIFIED.) CURVE() 
GEOMETRIC_REPRESENTATION_ITEM() RATIONAL_B_SPLINE_CURVE((1.,0.5,1.,0.5,
1.,0.5,1.)) REPRESENTATION_ITEM('') );
#1414 = CARTESIAN_POINT('',(-10.11055028456,-1.171100569125));
#1415 = CARTESIAN_POINT('',(-7.011132459835,-1.171100569125));
#1416 = CARTESIAN_POINT('',(-8.560841372199,-3.855275142281));
#1417 = CARTESIAN_POINT('',(-10.11055028456,-6.539449715437));
#1418 = CARTESIAN_POINT('',(-11.66025919692,-3.855275142281));
#1419 = CARTESIAN_POINT('',(-13.20996810929,-1.171100569125));
#1420 = CARTESIAN_POINT('',(-10.11055028456,-1.171100569125));
#1421 = ( GEOMETRIC_REPRESENTATION_CONTEXT(2) 
PARAMETRIC_REPRESENTATION_CONTEXT() REPRESENTATION_CONTEXT('2D SPACE',''
  ) );
#1422 = ORIENTED_EDGE('',*,*,#1423,.F.);
#1423 = EDGE_CURVE('',#221,#1396,#1424,.T.);
#1424 = SURFACE_CURVE('',#1425,(#1429,#1436),.PCURVE_S1.);
#1425 = LINE('',#1426,#1427);
#1426 = CARTESIAN_POINT('',(-10.11055028456,-4.75,37.5));
#1427 = VECTOR('',#1428,1.);
#1428 = DIRECTION('',(-0.,-0.,-1.));
#1429 = PCURVE('',#269,#1430);
#1430 = DEFINITIONAL_REPRESENTATION('',(#1431),#1435);
#1431 = LINE('',#1432,#1433);
#1432 = CARTESIAN_POINT('',(0.,0.));
#1433 = VECTOR('',#1434,1.);
#1434 = DIRECTION('',(0.,1.));
#1435 = ( GEOMETRIC_REPRESENTATION_CONTEXT(2) 
PARAMETRIC_REPRESENTATION_CONTEXT() REPRESENTATION_CONTEXT('2D SPACE',''
  ) );
#1436 = PCURVE('',#236,#1437);
#1437 = DEFINITIONAL_REPRESENTATION('',(#1438),#1442);
#1438 = LINE('',#1439,#1440);
#1439 = CARTESIAN_POINT('',(1.789449715437,0.));
#1440 = VECTOR('',#1441,1.);
#1441 = DIRECTION('',(-0.,-1.));
#1442 = ( GEOMETRIC_REPRESENTATION_CONTEXT(2) 
PARAMETRIC_REPRESENTATION_CONTEXT() REPRESENTATION_CONTEXT('2D SPACE',''
  ) );
#1443 = ADVANCED_FACE('',(#1444),#236,.F.);
#1444 = FACE_BOUND('',#1445,.F.);
#1445 = EDGE_LOOP('',(#1446,#1471,#1493,#1494,#1495,#1518));
#1446 = ORIENTED_EDGE('',*,*,#1447,.F.);
#1447 = EDGE_CURVE('',#1448,#1450,#1452,.T.);
#1448 = VERTEX_POINT('',#1449);
#1449 = CARTESIAN_POINT('',(2.9,-4.75,37.5));
#1450 = VERTEX_POINT('',#1451);
#1451 = CARTESIAN_POINT('',(10.110550284563,-4.75,37.5));
#1452 = SURFACE_CURVE('',#1453,(#1457,#1464),.PCURVE_S1.);
#1453 = LINE('',#1454,#1455);
#1454 = CARTESIAN_POINT('',(-11.9,-4.75,37.5));
#1455 = VECTOR('',#1456,1.);
#1456 = DIRECTION('',(1.,0.,0.));
#1457 = PCURVE('',#236,#1458);
#1458 = DEFINITIONAL_REPRESENTATION('',(#1459),#1463);
#1459 = LINE('',#1460,#1461);
#1460 = CARTESIAN_POINT('',(0.,0.));
#1461 = VECTOR('',#1462,1.);
#1462 = DIRECTION('',(1.,0.));
#1463 = ( GEOMETRIC_REPRESENTATION_CONTEXT(2) 
PARAMETRIC_REPRESENTATION_CONTEXT() REPRESENTATION_CONTEXT('2D SPACE',''
  ) );
#1464 = PCURVE('',#969,#1465);
#1465 = DEFINITIONAL_REPRESENTATION('',(#1466),#1470);
#1466 = LINE('',#1467,#1468);
#1467 = CARTESIAN_POINT('',(10.6,6.8));
#1468 = VECTOR('',#1469,1.);
#1469 = DIRECTION('',(1.,0.));
#1470 = ( GEOMETRIC_REPRESENTATION_CONTEXT(2) 
PARAMETRIC_REPRESENTATION_CONTEXT() REPRESENTATION_CONTEXT('2D SPACE',''
  ) );
#1471 = ORIENTED_EDGE('',*,*,#1472,.F.);
#1472 = EDGE_CURVE('',#195,#1448,#1473,.T.);
#1473 = SURFACE_CURVE('',#1474,(#1479,#1486),.PCURVE_S1.);
#1474 = CIRCLE('',#1475,2.9);
#1475 = AXIS2_PLACEMENT_3D('',#1476,#1477,#1478);
#1476 = CARTESIAN_POINT('',(0.,-4.75,37.5));
#1477 = DIRECTION('',(0.,-1.,0.));
#1478 = DIRECTION('',(1.,0.,0.));
#1479 = PCURVE('',#236,#1480);
#1480 = DEFINITIONAL_REPRESENTATION('',(#1481),#1485);
#1481 = CIRCLE('',#1482,2.9);
#1482 = AXIS2_PLACEMENT_2D('',#1483,#1484);
#1483 = CARTESIAN_POINT('',(11.9,0.));
#1484 = DIRECTION('',(1.,0.));
#1485 = ( GEOMETRIC_REPRESENTATION_CONTEXT(2) 
PARAMETRIC_REPRESENTATION_CONTEXT() REPRESENTATION_CONTEXT('2D SPACE',''
  ) );
#1486 = PCURVE('',#209,#1487);
#1487 = DEFINITIONAL_REPRESENTATION('',(#1488),#1492);
#1488 = LINE('',#1489,#1490);
#1489 = CARTESIAN_POINT('',(0.,30.2));
#1490 = VECTOR('',#1491,1.);
#1491 = DIRECTION('',(1.,0.));
#1492 = ( GEOMETRIC_REPRESENTATION_CONTEXT(2) 
PARAMETRIC_REPRESENTATION_CONTEXT() REPRESENTATION_CONTEXT('2D SPACE',''
  ) );
#1493 = ORIENTED_EDGE('',*,*,#220,.F.);
#1494 = ORIENTED_EDGE('',*,*,#1423,.T.);
#1495 = ORIENTED_EDGE('',*,*,#1496,.T.);
#1496 = EDGE_CURVE('',#1396,#1497,#1499,.T.);
#1497 = VERTEX_POINT('',#1498);
#1498 = CARTESIAN_POINT('',(10.110550284563,-4.75,13.6));
#1499 = SURFACE_CURVE('',#1500,(#1504,#1511),.PCURVE_S1.);
#1500 = LINE('',#1501,#1502);
#1501 = CARTESIAN_POINT('',(-11.9,-4.75,13.6));
#1502 = VECTOR('',#1503,1.);
#1503 = DIRECTION('',(1.,0.,0.));
#1504 = PCURVE('',#236,#1505);
#1505 = DEFINITIONAL_REPRESENTATION('',(#1506),#1510);
#1506 = LINE('',#1507,#1508);
#1507 = CARTESIAN_POINT('',(0.,-23.9));
#1508 = VECTOR('',#1509,1.);
#1509 = DIRECTION('',(1.,0.));
#1510 = ( GEOMETRIC_REPRESENTATION_CONTEXT(2) 
PARAMETRIC_REPRESENTATION_CONTEXT() REPRESENTATION_CONTEXT('2D SPACE',''
  ) );
#1511 = PCURVE('',#1256,#1512);
#1512 = DEFINITIONAL_REPRESENTATION('',(#1513),#1517);
#1513 = LINE('',#1514,#1515);
#1514 = CARTESIAN_POINT('',(-11.9,-4.75));
#1515 = VECTOR('',#1516,1.);
#1516 = DIRECTION('',(1.,0.));
#1517 = ( GEOMETRIC_REPRESENTATION_CONTEXT(2) 
PARAMETRIC_REPRESENTATION_CONTEXT() REPRESENTATION_CONTEXT('2D SPACE',''
  ) );
#1518 = ORIENTED_EDGE('',*,*,#1519,.F.);
#1519 = EDGE_CURVE('',#1450,#1497,#1520,.T.);
#1520 = SURFACE_CURVE('',#1521,(#1525,#1532),.PCURVE_S1.);
#1521 = LINE('',#1522,#1523);
#1522 = CARTESIAN_POINT('',(10.110550284563,-4.75,37.5));
#1523 = VECTOR('',#1524,1.);
#1524 = DIRECTION('',(-0.,-0.,-1.));
#1525 = PCURVE('',#236,#1526);
#1526 = DEFINITIONAL_REPRESENTATION('',(#1527),#1531);
#1527 = LINE('',#1528,#1529);
#1528 = CARTESIAN_POINT('',(22.010550284563,0.));
#1529 = VECTOR('',#1530,1.);
#1530 = DIRECTION('',(-0.,-1.));
#1531 = ( GEOMETRIC_REPRESENTATION_CONTEXT(2) 
PARAMETRIC_REPRESENTATION_CONTEXT() REPRESENTATION_CONTEXT('2D SPACE',''
  ) );
#1532 = PCURVE('',#1533,#1538);
#1533 = CYLINDRICAL_SURFACE('',#1534,1.789449715437);
#1534 = AXIS2_PLACEMENT_3D('',#1535,#1536,#1537);
#1535 = CARTESIAN_POINT('',(10.110550284563,-2.960550284563,37.5));
#1536 = DIRECTION('',(-0.,-0.,-1.));
#1537 = DIRECTION('',(0.,-1.,0.));
#1538 = DEFINITIONAL_REPRESENTATION('',(#1539),#1543);
#1539 = LINE('',#1540,#1541);
#1540 = CARTESIAN_POINT('',(-0.,0.));
#1541 = VECTOR('',#1542,1.);
#1542 = DIRECTION('',(-0.,1.));
#1543 = ( GEOMETRIC_REPRESENTATION_CONTEXT(2) 
PARAMETRIC_REPRESENTATION_CONTEXT() REPRESENTATION_CONTEXT('2D SPACE',''
  ) );
#1544 = ADVANCED_FACE('',(#1545),#209,.F.);
#1545 = FACE_BOUND('',#1546,.F.);
#1546 = EDGE_LOOP('',(#1547,#1570,#1596,#1597));
#1547 = ORIENTED_EDGE('',*,*,#1548,.T.);
#1548 = EDGE_CURVE('',#1448,#1549,#1551,.T.);
#1549 = VERTEX_POINT('',#1550);
#1550 = CARTESIAN_POINT('',(2.9,-11.55,37.5));
#1551 = SURFACE_CURVE('',#1552,(#1556,#1563),.PCURVE_S1.);
#1552 = LINE('',#1553,#1554);
#1553 = CARTESIAN_POINT('',(2.9,25.45,37.5));
#1554 = VECTOR('',#1555,1.);
#1555 = DIRECTION('',(0.,-1.,0.));
#1556 = PCURVE('',#209,#1557);
#1557 = DEFINITIONAL_REPRESENTATION('',(#1558),#1562);
#1558 = LINE('',#1559,#1560);
#1559 = CARTESIAN_POINT('',(6.28318530718,-0.));
#1560 = VECTOR('',#1561,1.);
#1561 = DIRECTION('',(0.,1.));
#1562 = ( GEOMETRIC_REPRESENTATION_CONTEXT(2) 
PARAMETRIC_REPRESENTATION_CONTEXT() REPRESENTATION_CONTEXT('2D SPACE',''
  ) );
#1563 = PCURVE('',#969,#1564);
#1564 = DEFINITIONAL_REPRESENTATION('',(#1565),#1569);
#1565 = LINE('',#1566,#1567);
#1566 = CARTESIAN_POINT('',(25.4,37.));
#1567 = VECTOR('',#1568,1.);
#1568 = DIRECTION('',(0.,-1.));
#1569 = ( GEOMETRIC_REPRESENTATION_CONTEXT(2) 
PARAMETRIC_REPRESENTATION_CONTEXT() REPRESENTATION_CONTEXT('2D SPACE',''
  ) );
#1570 = ORIENTED_EDGE('',*,*,#1571,.F.);
#1571 = EDGE_CURVE('',#167,#1549,#1572,.T.);
#1572 = SURFACE_CURVE('',#1573,(#1578,#1585),.PCURVE_S1.);
#1573 = CIRCLE('',#1574,2.9);
#1574 = AXIS2_PLACEMENT_3D('',#1575,#1576,#1577);
#1575 = CARTESIAN_POINT('',(0.,-11.55,37.5));
#1576 = DIRECTION('',(0.,-1.,0.));
#1577 = DIRECTION('',(1.,0.,0.));
#1578 = PCURVE('',#209,#1579);
#1579 = DEFINITIONAL_REPRESENTATION('',(#1580),#1584);
#1580 = LINE('',#1581,#1582);
#1581 = CARTESIAN_POINT('',(0.,37.));
#1582 = VECTOR('',#1583,1.);
#1583 = DIRECTION('',(1.,0.));
#1584 = ( GEOMETRIC_REPRESENTATION_CONTEXT(2) 
PARAMETRIC_REPRESENTATION_CONTEXT() REPRESENTATION_CONTEXT('2D SPACE',''
  ) );
#1585 = PCURVE('',#182,#1586);
#1586 = DEFINITIONAL_REPRESENTATION('',(#1587),#1595);
#1587 = ( BOUNDED_CURVE() B_SPLINE_CURVE(2,(#1588,#1589,#1590,#1591,
#1592,#1593,#1594),.UNSPECIFIED.,.T.,.F.) B_SPLINE_CURVE_WITH_KNOTS((1,2
    ,2,2,2,1),(-2.094395102393,0.,2.094395102393,4.188790204786,
6.28318530718,8.377580409573),.UNSPECIFIED.) CURVE() 
GEOMETRIC_REPRESENTATION_ITEM() RATIONAL_B_SPLINE_CURVE((1.,0.5,1.,0.5,
1.,0.5,1.)) REPRESENTATION_ITEM('') );
#1588 = CARTESIAN_POINT('',(75.,25.4));
#1589 = CARTESIAN_POINT('',(80.02294734195,25.4));
#1590 = CARTESIAN_POINT('',(77.511473670975,21.05));
#1591 = CARTESIAN_POINT('',(75.,16.7));
#1592 = CARTESIAN_POINT('',(72.488526329025,21.05));
#1593 = CARTESIAN_POINT('',(69.97705265805,25.4));
#1594 = CARTESIAN_POINT('',(75.,25.4));
#1595 = ( GEOMETRIC_REPRESENTATION_CONTEXT(2) 
PARAMETRIC_REPRESENTATION_CONTEXT() REPRESENTATION_CONTEXT('2D SPACE',''
  ) );
#1596 = ORIENTED_EDGE('',*,*,#194,.F.);
#1597 = ORIENTED_EDGE('',*,*,#1472,.T.);
#1598 = ADVANCED_FACE('',(#1599),#182,.F.);
#1599 = FACE_BOUND('',#1600,.F.);
#1600 = EDGE_LOOP('',(#1601,#1602,#1603,#1604,#1605,#1628));
#1601 = ORIENTED_EDGE('',*,*,#653,.F.);
#1602 = ORIENTED_EDGE('',*,*,#571,.T.);
#1603 = ORIENTED_EDGE('',*,*,#166,.T.);
#1604 = ORIENTED_EDGE('',*,*,#1571,.T.);
#1605 = ORIENTED_EDGE('',*,*,#1606,.T.);
#1606 = EDGE_CURVE('',#1549,#1607,#1609,.T.);
#1607 = VERTEX_POINT('',#1608);
#1608 = CARTESIAN_POINT('',(20.710550284563,-11.55,37.5));
#1609 = SURFACE_CURVE('',#1610,(#1614,#1621),.PCURVE_S1.);
#1610 = LINE('',#1611,#1612);
#1611 = CARTESIAN_POINT('',(-22.5,-11.55,37.5));
#1612 = VECTOR('',#1613,1.);
#1613 = DIRECTION('',(1.,0.,0.));
#1614 = PCURVE('',#182,#1615);
#1615 = DEFINITIONAL_REPRESENTATION('',(#1616),#1620);
#1616 = LINE('',#1617,#1618);
#1617 = CARTESIAN_POINT('',(75.,0.));
#1618 = VECTOR('',#1619,1.);
#1619 = DIRECTION('',(0.,1.));
#1620 = ( GEOMETRIC_REPRESENTATION_CONTEXT(2) 
PARAMETRIC_REPRESENTATION_CONTEXT() REPRESENTATION_CONTEXT('2D SPACE',''
  ) );
#1621 = PCURVE('',#969,#1622);
#1622 = DEFINITIONAL_REPRESENTATION('',(#1623),#1627);
#1623 = LINE('',#1624,#1625);
#1624 = CARTESIAN_POINT('',(0.,0.));
#1625 = VECTOR('',#1626,1.);
#1626 = DIRECTION('',(1.,0.));
#1627 = ( GEOMETRIC_REPRESENTATION_CONTEXT(2) 
PARAMETRIC_REPRESENTATION_CONTEXT() REPRESENTATION_CONTEXT('2D SPACE',''
  ) );
#1628 = ORIENTED_EDGE('',*,*,#1629,.F.);
#1629 = EDGE_CURVE('',#654,#1607,#1630,.T.);
#1630 = SURFACE_CURVE('',#1631,(#1635,#1642),.PCURVE_S1.);
#1631 = LINE('',#1632,#1633);
#1632 = CARTESIAN_POINT('',(20.710550284563,-11.55,-37.5));
#1633 = VECTOR('',#1634,1.);
#1634 = DIRECTION('',(0.,0.,1.));
#1635 = PCURVE('',#182,#1636);
#1636 = DEFINITIONAL_REPRESENTATION('',(#1637),#1641);
#1637 = LINE('',#1638,#1639);
#1638 = CARTESIAN_POINT('',(0.,43.210550284563));
#1639 = VECTOR('',#1640,1.);
#1640 = DIRECTION('',(1.,0.));
#1641 = ( GEOMETRIC_REPRESENTATION_CONTEXT(2) 
PARAMETRIC_REPRESENTATION_CONTEXT() REPRESENTATION_CONTEXT('2D SPACE',''
  ) );
#1642 = PCURVE('',#693,#1643);
#1643 = DEFINITIONAL_REPRESENTATION('',(#1644),#1648);
#1644 = LINE('',#1645,#1646);
#1645 = CARTESIAN_POINT('',(0.,0.));
#1646 = VECTOR('',#1647,1.);
#1647 = DIRECTION('',(0.,1.));
#1648 = ( GEOMETRIC_REPRESENTATION_CONTEXT(2) 
PARAMETRIC_REPRESENTATION_CONTEXT() REPRESENTATION_CONTEXT('2D SPACE',''
  ) );
#1649 = ADVANCED_FACE('',(#1650),#497,.F.);
#1650 = FACE_BOUND('',#1651,.F.);
#1651 = EDGE_LOOP('',(#1652,#1653,#1674,#1675));
#1652 = ORIENTED_EDGE('',*,*,#790,.F.);
#1653 = ORIENTED_EDGE('',*,*,#1654,.F.);
#1654 = EDGE_CURVE('',#477,#791,#1655,.T.);
#1655 = SEAM_CURVE('',#1656,(#1660,#1667),.PCURVE_S1.);
#1656 = LINE('',#1657,#1658);
#1657 = CARTESIAN_POINT('',(-17.35,-8.085,37.5));
#1658 = VECTOR('',#1659,1.);
#1659 = DIRECTION('',(0.,0.,-1.));
#1660 = PCURVE('',#497,#1661);
#1661 = DEFINITIONAL_REPRESENTATION('',(#1662),#1666);
#1662 = LINE('',#1663,#1664);
#1663 = CARTESIAN_POINT('',(6.28318530718,-0.));
#1664 = VECTOR('',#1665,1.);
#1665 = DIRECTION('',(0.,1.));
#1666 = ( GEOMETRIC_REPRESENTATION_CONTEXT(2) 
PARAMETRIC_REPRESENTATION_CONTEXT() REPRESENTATION_CONTEXT('2D SPACE',''
  ) );
#1667 = PCURVE('',#497,#1668);
#1668 = DEFINITIONAL_REPRESENTATION('',(#1669),#1673);
#1669 = LINE('',#1670,#1671);
#1670 = CARTESIAN_POINT('',(0.,-0.));
#1671 = VECTOR('',#1672,1.);
#1672 = DIRECTION('',(0.,1.));
#1673 = ( GEOMETRIC_REPRESENTATION_CONTEXT(2) 
PARAMETRIC_REPRESENTATION_CONTEXT() REPRESENTATION_CONTEXT('2D SPACE',''
  ) );
#1674 = ORIENTED_EDGE('',*,*,#476,.T.);
#1675 = ORIENTED_EDGE('',*,*,#1654,.T.);
#1676 = ADVANCED_FACE('',(#1677),#532,.F.);
#1677 = FACE_BOUND('',#1678,.F.);
#1678 = EDGE_LOOP('',(#1679,#1680,#1701,#1702));
#1679 = ORIENTED_EDGE('',*,*,#855,.F.);
#1680 = ORIENTED_EDGE('',*,*,#1681,.F.);
#1681 = EDGE_CURVE('',#512,#856,#1682,.T.);
#1682 = SEAM_CURVE('',#1683,(#1687,#1694),.PCURVE_S1.);
#1683 = LINE('',#1684,#1685);
#1684 = CARTESIAN_POINT('',(-17.35,8.085,37.5));
#1685 = VECTOR('',#1686,1.);
#1686 = DIRECTION('',(0.,0.,-1.));
#1687 = PCURVE('',#532,#1688);
#1688 = DEFINITIONAL_REPRESENTATION('',(#1689),#1693);
#1689 = LINE('',#1690,#1691);
#1690 = CARTESIAN_POINT('',(6.28318530718,-0.));
#1691 = VECTOR('',#1692,1.);
#1692 = DIRECTION('',(0.,1.));
#1693 = ( GEOMETRIC_REPRESENTATION_CONTEXT(2) 
PARAMETRIC_REPRESENTATION_CONTEXT() REPRESENTATION_CONTEXT('2D SPACE',''
  ) );
#1694 = PCURVE('',#532,#1695);
#1695 = DEFINITIONAL_REPRESENTATION('',(#1696),#1700);
#1696 = LINE('',#1697,#1698);
#1697 = CARTESIAN_POINT('',(0.,-0.));
#1698 = VECTOR('',#1699,1.);
#1699 = DIRECTION('',(0.,1.));
#1700 = ( GEOMETRIC_REPRESENTATION_CONTEXT(2) 
PARAMETRIC_REPRESENTATION_CONTEXT() REPRESENTATION_CONTEXT('2D SPACE',''
  ) );
#1701 = ORIENTED_EDGE('',*,*,#511,.T.);
#1702 = ORIENTED_EDGE('',*,*,#1681,.T.);
#1703 = ADVANCED_FACE('',(#1704),#693,.T.);
#1704 = FACE_BOUND('',#1705,.T.);
#1705 = EDGE_LOOP('',(#1706,#1707,#1730,#1752));
#1706 = ORIENTED_EDGE('',*,*,#676,.T.);
#1707 = ORIENTED_EDGE('',*,*,#1708,.T.);
#1708 = EDGE_CURVE('',#677,#1709,#1711,.T.);
#1709 = VERTEX_POINT('',#1710);
#1710 = CARTESIAN_POINT('',(22.5,-9.760550284563,37.5));
#1711 = SURFACE_CURVE('',#1712,(#1716,#1723),.PCURVE_S1.);
#1712 = LINE('',#1713,#1714);
#1713 = CARTESIAN_POINT('',(22.5,-9.760550284563,-37.5));
#1714 = VECTOR('',#1715,1.);
#1715 = DIRECTION('',(0.,0.,1.));
#1716 = PCURVE('',#693,#1717);
#1717 = DEFINITIONAL_REPRESENTATION('',(#1718),#1722);
#1718 = LINE('',#1719,#1720);
#1719 = CARTESIAN_POINT('',(1.570796326795,0.));
#1720 = VECTOR('',#1721,1.);
#1721 = DIRECTION('',(0.,1.));
#1722 = ( GEOMETRIC_REPRESENTATION_CONTEXT(2) 
PARAMETRIC_REPRESENTATION_CONTEXT() REPRESENTATION_CONTEXT('2D SPACE',''
  ) );
#1723 = PCURVE('',#721,#1724);
#1724 = DEFINITIONAL_REPRESENTATION('',(#1725),#1729);
#1725 = LINE('',#1726,#1727);
#1726 = CARTESIAN_POINT('',(0.,-1.789449715437));
#1727 = VECTOR('',#1728,1.);
#1728 = DIRECTION('',(1.,0.));
#1729 = ( GEOMETRIC_REPRESENTATION_CONTEXT(2) 
PARAMETRIC_REPRESENTATION_CONTEXT() REPRESENTATION_CONTEXT('2D SPACE',''
  ) );
#1730 = ORIENTED_EDGE('',*,*,#1731,.F.);
#1731 = EDGE_CURVE('',#1607,#1709,#1732,.T.);
#1732 = SURFACE_CURVE('',#1733,(#1738,#1745),.PCURVE_S1.);
#1733 = CIRCLE('',#1734,1.789449715437);
#1734 = AXIS2_PLACEMENT_3D('',#1735,#1736,#1737);
#1735 = CARTESIAN_POINT('',(20.710550284563,-9.760550284563,37.5));
#1736 = DIRECTION('',(0.,0.,1.));
#1737 = DIRECTION('',(0.,-1.,0.));
#1738 = PCURVE('',#693,#1739);
#1739 = DEFINITIONAL_REPRESENTATION('',(#1740),#1744);
#1740 = LINE('',#1741,#1742);
#1741 = CARTESIAN_POINT('',(0.,75.));
#1742 = VECTOR('',#1743,1.);
#1743 = DIRECTION('',(1.,0.));
#1744 = ( GEOMETRIC_REPRESENTATION_CONTEXT(2) 
PARAMETRIC_REPRESENTATION_CONTEXT() REPRESENTATION_CONTEXT('2D SPACE',''
  ) );
#1745 = PCURVE('',#969,#1746);
#1746 = DEFINITIONAL_REPRESENTATION('',(#1747),#1751);
#1747 = CIRCLE('',#1748,1.789449715437);
#1748 = AXIS2_PLACEMENT_2D('',#1749,#1750);
#1749 = CARTESIAN_POINT('',(43.210550284563,1.789449715437));
#1750 = DIRECTION('',(0.,-1.));
#1751 = ( GEOMETRIC_REPRESENTATION_CONTEXT(2) 
PARAMETRIC_REPRESENTATION_CONTEXT() REPRESENTATION_CONTEXT('2D SPACE',''
  ) );
#1752 = ORIENTED_EDGE('',*,*,#1629,.F.);
#1753 = ADVANCED_FACE('',(#1754),#754,.T.);
#1754 = FACE_BOUND('',#1755,.F.);
#1755 = EDGE_LOOP('',(#1756,#1757,#1780,#1806));
#1756 = ORIENTED_EDGE('',*,*,#733,.T.);
#1757 = ORIENTED_EDGE('',*,*,#1758,.T.);
#1758 = EDGE_CURVE('',#706,#1759,#1761,.T.);
#1759 = VERTEX_POINT('',#1760);
#1760 = CARTESIAN_POINT('',(22.5,9.760550284563,37.5));
#1761 = SURFACE_CURVE('',#1762,(#1766,#1773),.PCURVE_S1.);
#1762 = LINE('',#1763,#1764);
#1763 = CARTESIAN_POINT('',(22.5,9.760550284563,-37.5));
#1764 = VECTOR('',#1765,1.);
#1765 = DIRECTION('',(0.,0.,1.));
#1766 = PCURVE('',#754,#1767);
#1767 = DEFINITIONAL_REPRESENTATION('',(#1768),#1772);
#1768 = LINE('',#1769,#1770);
#1769 = CARTESIAN_POINT('',(-1.570796326795,0.));
#1770 = VECTOR('',#1771,1.);
#1771 = DIRECTION('',(-0.,1.));
#1772 = ( GEOMETRIC_REPRESENTATION_CONTEXT(2) 
PARAMETRIC_REPRESENTATION_CONTEXT() REPRESENTATION_CONTEXT('2D SPACE',''
  ) );
#1773 = PCURVE('',#721,#1774);
#1774 = DEFINITIONAL_REPRESENTATION('',(#1775),#1779);
#1775 = LINE('',#1776,#1777);
#1776 = CARTESIAN_POINT('',(0.,-21.31055028456));
#1777 = VECTOR('',#1778,1.);
#1778 = DIRECTION('',(1.,0.));
#1779 = ( GEOMETRIC_REPRESENTATION_CONTEXT(2) 
PARAMETRIC_REPRESENTATION_CONTEXT() REPRESENTATION_CONTEXT('2D SPACE',''
  ) );
#1780 = ORIENTED_EDGE('',*,*,#1781,.F.);
#1781 = EDGE_CURVE('',#954,#1759,#1782,.T.);
#1782 = SURFACE_CURVE('',#1783,(#1788,#1795),.PCURVE_S1.);
#1783 = CIRCLE('',#1784,1.789449715437);
#1784 = AXIS2_PLACEMENT_3D('',#1785,#1786,#1787);
#1785 = CARTESIAN_POINT('',(20.710550284563,9.760550284563,37.5));
#1786 = DIRECTION('',(-0.,-0.,-1.));
#1787 = DIRECTION('',(0.,-1.,0.));
#1788 = PCURVE('',#754,#1789);
#1789 = DEFINITIONAL_REPRESENTATION('',(#1790),#1794);
#1790 = LINE('',#1791,#1792);
#1791 = CARTESIAN_POINT('',(3.14159265359,75.));
#1792 = VECTOR('',#1793,1.);
#1793 = DIRECTION('',(-1.,0.));
#1794 = ( GEOMETRIC_REPRESENTATION_CONTEXT(2) 
PARAMETRIC_REPRESENTATION_CONTEXT() REPRESENTATION_CONTEXT('2D SPACE',''
  ) );
#1795 = PCURVE('',#969,#1796);
#1796 = DEFINITIONAL_REPRESENTATION('',(#1797),#1805);
#1797 = ( BOUNDED_CURVE() B_SPLINE_CURVE(2,(#1798,#1799,#1800,#1801,
#1802,#1803,#1804),.UNSPECIFIED.,.T.,.F.) B_SPLINE_CURVE_WITH_KNOTS((1,2
    ,2,2,2,1),(-2.094395102393,0.,2.094395102393,4.188790204786,
6.28318530718,8.377580409573),.UNSPECIFIED.) CURVE() 
GEOMETRIC_REPRESENTATION_ITEM() RATIONAL_B_SPLINE_CURVE((1.,0.5,1.,0.5,
1.,0.5,1.)) REPRESENTATION_ITEM('') );
#1798 = CARTESIAN_POINT('',(43.210550284563,19.521100569125));
#1799 = CARTESIAN_POINT('',(40.111132459835,19.521100569125));
#1800 = CARTESIAN_POINT('',(41.660841372199,22.205275142281));
#1801 = CARTESIAN_POINT('',(43.210550284563,24.889449715437));
#1802 = CARTESIAN_POINT('',(44.760259196926,22.205275142281));
#1803 = CARTESIAN_POINT('',(46.30996810929,19.521100569125));
#1804 = CARTESIAN_POINT('',(43.210550284563,19.521100569125));
#1805 = ( GEOMETRIC_REPRESENTATION_CONTEXT(2) 
PARAMETRIC_REPRESENTATION_CONTEXT() REPRESENTATION_CONTEXT('2D SPACE',''
  ) );
#1806 = ORIENTED_EDGE('',*,*,#981,.F.);
#1807 = ADVANCED_FACE('',(#1808),#721,.T.);
#1808 = FACE_BOUND('',#1809,.T.);
#1809 = EDGE_LOOP('',(#1810,#1831,#1832,#1833));
#1810 = ORIENTED_EDGE('',*,*,#1811,.F.);
#1811 = EDGE_CURVE('',#1709,#1759,#1812,.T.);
#1812 = SURFACE_CURVE('',#1813,(#1817,#1824),.PCURVE_S1.);
#1813 = LINE('',#1814,#1815);
#1814 = CARTESIAN_POINT('',(22.5,-11.55,37.5));
#1815 = VECTOR('',#1816,1.);
#1816 = DIRECTION('',(0.,1.,0.));
#1817 = PCURVE('',#721,#1818);
#1818 = DEFINITIONAL_REPRESENTATION('',(#1819),#1823);
#1819 = LINE('',#1820,#1821);
#1820 = CARTESIAN_POINT('',(75.,0.));
#1821 = VECTOR('',#1822,1.);
#1822 = DIRECTION('',(0.,-1.));
#1823 = ( GEOMETRIC_REPRESENTATION_CONTEXT(2) 
PARAMETRIC_REPRESENTATION_CONTEXT() REPRESENTATION_CONTEXT('2D SPACE',''
  ) );
#1824 = PCURVE('',#969,#1825);
#1825 = DEFINITIONAL_REPRESENTATION('',(#1826),#1830);
#1826 = LINE('',#1827,#1828);
#1827 = CARTESIAN_POINT('',(45.,0.));
#1828 = VECTOR('',#1829,1.);
#1829 = DIRECTION('',(0.,1.));
#1830 = ( GEOMETRIC_REPRESENTATION_CONTEXT(2) 
PARAMETRIC_REPRESENTATION_CONTEXT() REPRESENTATION_CONTEXT('2D SPACE',''
  ) );
#1831 = ORIENTED_EDGE('',*,*,#1708,.F.);
#1832 = ORIENTED_EDGE('',*,*,#705,.T.);
#1833 = ORIENTED_EDGE('',*,*,#1758,.T.);
#1834 = ADVANCED_FACE('',(#1835),#841,.F.);
#1835 = FACE_BOUND('',#1836,.F.);
#1836 = EDGE_LOOP('',(#1837,#1838,#1861,#1887));
#1837 = ORIENTED_EDGE('',*,*,#820,.F.);
#1838 = ORIENTED_EDGE('',*,*,#1839,.F.);
#1839 = EDGE_CURVE('',#1840,#821,#1842,.T.);
#1840 = VERTEX_POINT('',#1841);
#1841 = CARTESIAN_POINT('',(14.15,-8.085,37.5));
#1842 = SEAM_CURVE('',#1843,(#1847,#1854),.PCURVE_S1.);
#1843 = LINE('',#1844,#1845);
#1844 = CARTESIAN_POINT('',(14.15,-8.085,37.5));
#1845 = VECTOR('',#1846,1.);
#1846 = DIRECTION('',(0.,0.,-1.));
#1847 = PCURVE('',#841,#1848);
#1848 = DEFINITIONAL_REPRESENTATION('',(#1849),#1853);
#1849 = LINE('',#1850,#1851);
#1850 = CARTESIAN_POINT('',(6.28318530718,-0.));
#1851 = VECTOR('',#1852,1.);
#1852 = DIRECTION('',(0.,1.));
#1853 = ( GEOMETRIC_REPRESENTATION_CONTEXT(2) 
PARAMETRIC_REPRESENTATION_CONTEXT() REPRESENTATION_CONTEXT('2D SPACE',''
  ) );
#1854 = PCURVE('',#841,#1855);
#1855 = DEFINITIONAL_REPRESENTATION('',(#1856),#1860);
#1856 = LINE('',#1857,#1858);
#1857 = CARTESIAN_POINT('',(0.,-0.));
#1858 = VECTOR('',#1859,1.);
#1859 = DIRECTION('',(0.,1.));
#1860 = ( GEOMETRIC_REPRESENTATION_CONTEXT(2) 
PARAMETRIC_REPRESENTATION_CONTEXT() REPRESENTATION_CONTEXT('2D SPACE',''
  ) );
#1861 = ORIENTED_EDGE('',*,*,#1862,.T.);
#1862 = EDGE_CURVE('',#1840,#1840,#1863,.T.);
#1863 = SURFACE_CURVE('',#1864,(#1869,#1876),.PCURVE_S1.);
#1864 = CIRCLE('',#1865,1.6);
#1865 = AXIS2_PLACEMENT_3D('',#1866,#1867,#1868);
#1866 = CARTESIAN_POINT('',(15.75,-8.085,37.5));
#1867 = DIRECTION('',(0.,0.,-1.));
#1868 = DIRECTION('',(-1.,0.,0.));
#1869 = PCURVE('',#841,#1870);
#1870 = DEFINITIONAL_REPRESENTATION('',(#1871),#1875);
#1871 = LINE('',#1872,#1873);
#1872 = CARTESIAN_POINT('',(0.,0.));
#1873 = VECTOR('',#1874,1.);
#1874 = DIRECTION('',(1.,0.));
#1875 = ( GEOMETRIC_REPRESENTATION_CONTEXT(2) 
PARAMETRIC_REPRESENTATION_CONTEXT() REPRESENTATION_CONTEXT('2D SPACE',''
  ) );
#1876 = PCURVE('',#969,#1877);
#1877 = DEFINITIONAL_REPRESENTATION('',(#1878),#1886);
#1878 = ( BOUNDED_CURVE() B_SPLINE_CURVE(2,(#1879,#1880,#1881,#1882,
#1883,#1884,#1885),.UNSPECIFIED.,.T.,.F.) B_SPLINE_CURVE_WITH_KNOTS((1,2
    ,2,2,2,1),(-2.094395102393,0.,2.094395102393,4.188790204786,
6.28318530718,8.377580409573),.UNSPECIFIED.) CURVE() 
GEOMETRIC_REPRESENTATION_ITEM() RATIONAL_B_SPLINE_CURVE((1.,0.5,1.,0.5,
1.,0.5,1.)) REPRESENTATION_ITEM('') );
#1879 = CARTESIAN_POINT('',(36.65,3.465));
#1880 = CARTESIAN_POINT('',(36.65,6.23628129211));
#1881 = CARTESIAN_POINT('',(39.05,4.850640646055));
#1882 = CARTESIAN_POINT('',(41.45,3.465));
#1883 = CARTESIAN_POINT('',(39.05,2.079359353945));
#1884 = CARTESIAN_POINT('',(36.65,0.69371870789));
#1885 = CARTESIAN_POINT('',(36.65,3.465));
#1886 = ( GEOMETRIC_REPRESENTATION_CONTEXT(2) 
PARAMETRIC_REPRESENTATION_CONTEXT() REPRESENTATION_CONTEXT('2D SPACE',''
  ) );
#1887 = ORIENTED_EDGE('',*,*,#1839,.T.);
#1888 = ADVANCED_FACE('',(#1889),#906,.F.);
#1889 = FACE_BOUND('',#1890,.F.);
#1890 = EDGE_LOOP('',(#1891,#1892,#1915,#1941));
#1891 = ORIENTED_EDGE('',*,*,#885,.F.);
#1892 = ORIENTED_EDGE('',*,*,#1893,.F.);
#1893 = EDGE_CURVE('',#1894,#886,#1896,.T.);
#1894 = VERTEX_POINT('',#1895);
#1895 = CARTESIAN_POINT('',(14.15,8.085,37.5));
#1896 = SEAM_CURVE('',#1897,(#1901,#1908),.PCURVE_S1.);
#1897 = LINE('',#1898,#1899);
#1898 = CARTESIAN_POINT('',(14.15,8.085,37.5));
#1899 = VECTOR('',#1900,1.);
#1900 = DIRECTION('',(0.,0.,-1.));
#1901 = PCURVE('',#906,#1902);
#1902 = DEFINITIONAL_REPRESENTATION('',(#1903),#1907);
#1903 = LINE('',#1904,#1905);
#1904 = CARTESIAN_POINT('',(6.28318530718,-0.));
#1905 = VECTOR('',#1906,1.);
#1906 = DIRECTION('',(0.,1.));
#1907 = ( GEOMETRIC_REPRESENTATION_CONTEXT(2) 
PARAMETRIC_REPRESENTATION_CONTEXT() REPRESENTATION_CONTEXT('2D SPACE',''
  ) );
#1908 = PCURVE('',#906,#1909);
#1909 = DEFINITIONAL_REPRESENTATION('',(#1910),#1914);
#1910 = LINE('',#1911,#1912);
#1911 = CARTESIAN_POINT('',(0.,-0.));
#1912 = VECTOR('',#1913,1.);
#1913 = DIRECTION('',(0.,1.));
#1914 = ( GEOMETRIC_REPRESENTATION_CONTEXT(2) 
PARAMETRIC_REPRESENTATION_CONTEXT() REPRESENTATION_CONTEXT('2D SPACE',''
  ) );
#1915 = ORIENTED_EDGE('',*,*,#1916,.T.);
#1916 = EDGE_CURVE('',#1894,#1894,#1917,.T.);
#1917 = SURFACE_CURVE('',#1918,(#1923,#1930),.PCURVE_S1.);
#1918 = CIRCLE('',#1919,1.6);
#1919 = AXIS2_PLACEMENT_3D('',#1920,#1921,#1922);
#1920 = CARTESIAN_POINT('',(15.75,8.085,37.5));
#1921 = DIRECTION('',(0.,0.,-1.));
#1922 = DIRECTION('',(-1.,0.,0.));
#1923 = PCURVE('',#906,#1924);
#1924 = DEFINITIONAL_REPRESENTATION('',(#1925),#1929);
#1925 = LINE('',#1926,#1927);
#1926 = CARTESIAN_POINT('',(0.,0.));
#1927 = VECTOR('',#1928,1.);
#1928 = DIRECTION('',(1.,0.));
#1929 = ( GEOMETRIC_REPRESENTATION_CONTEXT(2) 
PARAMETRIC_REPRESENTATION_CONTEXT() REPRESENTATION_CONTEXT('2D SPACE',''
  ) );
#1930 = PCURVE('',#969,#1931);
#1931 = DEFINITIONAL_REPRESENTATION('',(#1932),#1940);
#1932 = ( BOUNDED_CURVE() B_SPLINE_CURVE(2,(#1933,#1934,#1935,#1936,
#1937,#1938,#1939),.UNSPECIFIED.,.T.,.F.) B_SPLINE_CURVE_WITH_KNOTS((1,2
    ,2,2,2,1),(-2.094395102393,0.,2.094395102393,4.188790204786,
6.28318530718,8.377580409573),.UNSPECIFIED.) CURVE() 
GEOMETRIC_REPRESENTATION_ITEM() RATIONAL_B_SPLINE_CURVE((1.,0.5,1.,0.5,
1.,0.5,1.)) REPRESENTATION_ITEM('') );
#1933 = CARTESIAN_POINT('',(36.65,19.635));
#1934 = CARTESIAN_POINT('',(36.65,22.40628129211));
#1935 = CARTESIAN_POINT('',(39.05,21.020640646055));
#1936 = CARTESIAN_POINT('',(41.45,19.635));
#1937 = CARTESIAN_POINT('',(39.05,18.249359353945));
#1938 = CARTESIAN_POINT('',(36.65,16.86371870789));
#1939 = CARTESIAN_POINT('',(36.65,19.635));
#1940 = ( GEOMETRIC_REPRESENTATION_CONTEXT(2) 
PARAMETRIC_REPRESENTATION_CONTEXT() REPRESENTATION_CONTEXT('2D SPACE',''
  ) );
#1941 = ORIENTED_EDGE('',*,*,#1893,.T.);
#1942 = ADVANCED_FACE('',(#1943,#2029,#2032),#969,.T.);
#1943 = FACE_BOUND('',#1944,.T.);
#1944 = EDGE_LOOP('',(#1945,#1946,#1947,#1948,#1949,#1950,#1951,#1952,
    #1953,#1954,#1978,#2006,#2028));
#1945 = ORIENTED_EDGE('',*,*,#1548,.T.);
#1946 = ORIENTED_EDGE('',*,*,#1606,.T.);
#1947 = ORIENTED_EDGE('',*,*,#1731,.T.);
#1948 = ORIENTED_EDGE('',*,*,#1811,.T.);
#1949 = ORIENTED_EDGE('',*,*,#1781,.F.);
#1950 = ORIENTED_EDGE('',*,*,#953,.F.);
#1951 = ORIENTED_EDGE('',*,*,#1005,.F.);
#1952 = ORIENTED_EDGE('',*,*,#1080,.T.);
#1953 = ORIENTED_EDGE('',*,*,#1189,.F.);
#1954 = ORIENTED_EDGE('',*,*,#1955,.F.);
#1955 = EDGE_CURVE('',#1956,#1190,#1958,.T.);
#1956 = VERTEX_POINT('',#1957);
#1957 = CARTESIAN_POINT('',(11.9,2.960550284563,37.5));
#1958 = SURFACE_CURVE('',#1959,(#1964,#1971),.PCURVE_S1.);
#1959 = CIRCLE('',#1960,1.789449715437);
#1960 = AXIS2_PLACEMENT_3D('',#1961,#1962,#1963);
#1961 = CARTESIAN_POINT('',(10.110550284563,2.960550284563,37.5));
#1962 = DIRECTION('',(0.,0.,1.));
#1963 = DIRECTION('',(0.,1.,-0.));
#1964 = PCURVE('',#969,#1965);
#1965 = DEFINITIONAL_REPRESENTATION('',(#1966),#1970);
#1966 = CIRCLE('',#1967,1.789449715437);
#1967 = AXIS2_PLACEMENT_2D('',#1968,#1969);
#1968 = CARTESIAN_POINT('',(32.610550284563,14.510550284563));
#1969 = DIRECTION('',(0.,1.));
#1970 = ( GEOMETRIC_REPRESENTATION_CONTEXT(2) 
PARAMETRIC_REPRESENTATION_CONTEXT() REPRESENTATION_CONTEXT('2D SPACE',''
  ) );
#1971 = PCURVE('',#1228,#1972);
#1972 = DEFINITIONAL_REPRESENTATION('',(#1973),#1977);
#1973 = LINE('',#1974,#1975);
#1974 = CARTESIAN_POINT('',(4.712388980385,-0.));
#1975 = VECTOR('',#1976,1.);
#1976 = DIRECTION('',(-1.,0.));
#1977 = ( GEOMETRIC_REPRESENTATION_CONTEXT(2) 
PARAMETRIC_REPRESENTATION_CONTEXT() REPRESENTATION_CONTEXT('2D SPACE',''
  ) );
#1978 = ORIENTED_EDGE('',*,*,#1979,.F.);
#1979 = EDGE_CURVE('',#1980,#1956,#1982,.T.);
#1980 = VERTEX_POINT('',#1981);
#1981 = CARTESIAN_POINT('',(11.9,-2.960550284563,37.5));
#1982 = SURFACE_CURVE('',#1983,(#1987,#1994),.PCURVE_S1.);
#1983 = LINE('',#1984,#1985);
#1984 = CARTESIAN_POINT('',(11.9,-4.75,37.5));
#1985 = VECTOR('',#1986,1.);
#1986 = DIRECTION('',(0.,1.,0.));
#1987 = PCURVE('',#969,#1988);
#1988 = DEFINITIONAL_REPRESENTATION('',(#1989),#1993);
#1989 = LINE('',#1990,#1991);
#1990 = CARTESIAN_POINT('',(34.4,6.8));
#1991 = VECTOR('',#1992,1.);
#1992 = DIRECTION('',(0.,1.));
#1993 = ( GEOMETRIC_REPRESENTATION_CONTEXT(2) 
PARAMETRIC_REPRESENTATION_CONTEXT() REPRESENTATION_CONTEXT('2D SPACE',''
  ) );
#1994 = PCURVE('',#1995,#2000);
#1995 = PLANE('',#1996);
#1996 = AXIS2_PLACEMENT_3D('',#1997,#1998,#1999);
#1997 = CARTESIAN_POINT('',(11.9,-4.75,37.5));
#1998 = DIRECTION('',(1.,0.,0.));
#1999 = DIRECTION('',(-0.,1.,0.));
#2000 = DEFINITIONAL_REPRESENTATION('',(#2001),#2005);
#2001 = LINE('',#2002,#2003);
#2002 = CARTESIAN_POINT('',(0.,0.));
#2003 = VECTOR('',#2004,1.);
#2004 = DIRECTION('',(1.,0.));
#2005 = ( GEOMETRIC_REPRESENTATION_CONTEXT(2) 
PARAMETRIC_REPRESENTATION_CONTEXT() REPRESENTATION_CONTEXT('2D SPACE',''
  ) );
#2006 = ORIENTED_EDGE('',*,*,#2007,.F.);
#2007 = EDGE_CURVE('',#1450,#1980,#2008,.T.);
#2008 = SURFACE_CURVE('',#2009,(#2014,#2021),.PCURVE_S1.);
#2009 = CIRCLE('',#2010,1.789449715437);
#2010 = AXIS2_PLACEMENT_3D('',#2011,#2012,#2013);
#2011 = CARTESIAN_POINT('',(10.110550284563,-2.960550284563,37.5));
#2012 = DIRECTION('',(0.,0.,1.));
#2013 = DIRECTION('',(0.,1.,-0.));
#2014 = PCURVE('',#969,#2015);
#2015 = DEFINITIONAL_REPRESENTATION('',(#2016),#2020);
#2016 = CIRCLE('',#2017,1.789449715437);
#2017 = AXIS2_PLACEMENT_2D('',#2018,#2019);
#2018 = CARTESIAN_POINT('',(32.610550284563,8.589449715437));
#2019 = DIRECTION('',(0.,1.));
#2020 = ( GEOMETRIC_REPRESENTATION_CONTEXT(2) 
PARAMETRIC_REPRESENTATION_CONTEXT() REPRESENTATION_CONTEXT('2D SPACE',''
  ) );
#2021 = PCURVE('',#1533,#2022);
#2022 = DEFINITIONAL_REPRESENTATION('',(#2023),#2027);
#2023 = LINE('',#2024,#2025);
#2024 = CARTESIAN_POINT('',(3.14159265359,-0.));
#2025 = VECTOR('',#2026,1.);
#2026 = DIRECTION('',(-1.,0.));
#2027 = ( GEOMETRIC_REPRESENTATION_CONTEXT(2) 
PARAMETRIC_REPRESENTATION_CONTEXT() REPRESENTATION_CONTEXT('2D SPACE',''
  ) );
#2028 = ORIENTED_EDGE('',*,*,#1447,.F.);
#2029 = FACE_BOUND('',#2030,.T.);
#2030 = EDGE_LOOP('',(#2031));
#2031 = ORIENTED_EDGE('',*,*,#1862,.T.);
#2032 = FACE_BOUND('',#2033,.T.);
#2033 = EDGE_LOOP('',(#2034));
#2034 = ORIENTED_EDGE('',*,*,#1916,.T.);
#2035 = ADVANCED_FACE('',(#2036),#941,.T.);
#2036 = FACE_BOUND('',#2037,.F.);
#2037 = EDGE_LOOP('',(#2038,#2039,#2062,#2084,#2085));
#2038 = ORIENTED_EDGE('',*,*,#1055,.F.);
#2039 = ORIENTED_EDGE('',*,*,#2040,.T.);
#2040 = EDGE_CURVE('',#393,#2041,#2043,.T.);
#2041 = VERTEX_POINT('',#2042);
#2042 = CARTESIAN_POINT('',(-6.4,25.45,37.5));
#2043 = SEAM_CURVE('',#2044,(#2048,#2055),.PCURVE_S1.);
#2044 = LINE('',#2045,#2046);
#2045 = CARTESIAN_POINT('',(-6.4,11.55,37.5));
#2046 = VECTOR('',#2047,1.);
#2047 = DIRECTION('',(0.,1.,0.));
#2048 = PCURVE('',#941,#2049);
#2049 = DEFINITIONAL_REPRESENTATION('',(#2050),#2054);
#2050 = LINE('',#2051,#2052);
#2051 = CARTESIAN_POINT('',(-6.28318530718,0.));
#2052 = VECTOR('',#2053,1.);
#2053 = DIRECTION('',(-0.,-1.));
#2054 = ( GEOMETRIC_REPRESENTATION_CONTEXT(2) 
PARAMETRIC_REPRESENTATION_CONTEXT() REPRESENTATION_CONTEXT('2D SPACE',''
  ) );
#2055 = PCURVE('',#941,#2056);
#2056 = DEFINITIONAL_REPRESENTATION('',(#2057),#2061);
#2057 = LINE('',#2058,#2059);
#2058 = CARTESIAN_POINT('',(-0.,0.));
#2059 = VECTOR('',#2060,1.);
#2060 = DIRECTION('',(-0.,-1.));
#2061 = ( GEOMETRIC_REPRESENTATION_CONTEXT(2) 
PARAMETRIC_REPRESENTATION_CONTEXT() REPRESENTATION_CONTEXT('2D SPACE',''
  ) );
#2062 = ORIENTED_EDGE('',*,*,#2063,.T.);
#2063 = EDGE_CURVE('',#2041,#2041,#2064,.T.);
#2064 = SURFACE_CURVE('',#2065,(#2070,#2077),.PCURVE_S1.);
#2065 = CIRCLE('',#2066,6.4);
#2066 = AXIS2_PLACEMENT_3D('',#2067,#2068,#2069);
#2067 = CARTESIAN_POINT('',(0.,25.45,37.5));
#2068 = DIRECTION('',(0.,1.,-0.));
#2069 = DIRECTION('',(-1.,0.,0.));
#2070 = PCURVE('',#941,#2071);
#2071 = DEFINITIONAL_REPRESENTATION('',(#2072),#2076);
#2072 = LINE('',#2073,#2074);
#2073 = CARTESIAN_POINT('',(-0.,-13.9));
#2074 = VECTOR('',#2075,1.);
#2075 = DIRECTION('',(-1.,0.));
#2076 = ( GEOMETRIC_REPRESENTATION_CONTEXT(2) 
PARAMETRIC_REPRESENTATION_CONTEXT() REPRESENTATION_CONTEXT('2D SPACE',''
  ) );
#2077 = PCURVE('',#1169,#2078);
#2078 = DEFINITIONAL_REPRESENTATION('',(#2079),#2083);
#2079 = CIRCLE('',#2080,6.4);
#2080 = AXIS2_PLACEMENT_2D('',#2081,#2082);
#2081 = CARTESIAN_POINT('',(0.,-2.136625207093E-16));
#2082 = DIRECTION('',(0.,-1.));
#2083 = ( GEOMETRIC_REPRESENTATION_CONTEXT(2) 
PARAMETRIC_REPRESENTATION_CONTEXT() REPRESENTATION_CONTEXT('2D SPACE',''
  ) );
#2084 = ORIENTED_EDGE('',*,*,#2040,.F.);
#2085 = ORIENTED_EDGE('',*,*,#924,.F.);
#2086 = ADVANCED_FACE('',(#2087,#2090),#1169,.T.);
#2087 = FACE_BOUND('',#2088,.T.);
#2088 = EDGE_LOOP('',(#2089));
#2089 = ORIENTED_EDGE('',*,*,#2063,.T.);
#2090 = FACE_BOUND('',#2091,.T.);
#2091 = EDGE_LOOP('',(#2092));
#2092 = ORIENTED_EDGE('',*,*,#1154,.T.);
#2093 = ADVANCED_FACE('',(#2094),#1256,.T.);
#2094 = FACE_BOUND('',#2095,.T.);
#2095 = EDGE_LOOP('',(#2096,#2097,#2121,#2144,#2166,#2167,#2168,#2169));
#2096 = ORIENTED_EDGE('',*,*,#1496,.T.);
#2097 = ORIENTED_EDGE('',*,*,#2098,.T.);
#2098 = EDGE_CURVE('',#1497,#2099,#2101,.T.);
#2099 = VERTEX_POINT('',#2100);
#2100 = CARTESIAN_POINT('',(11.9,-2.960550284563,13.6));
#2101 = SURFACE_CURVE('',#2102,(#2107,#2114),.PCURVE_S1.);
#2102 = CIRCLE('',#2103,1.789449715437);
#2103 = AXIS2_PLACEMENT_3D('',#2104,#2105,#2106);
#2104 = CARTESIAN_POINT('',(10.110550284563,-2.960550284563,13.6));
#2105 = DIRECTION('',(0.,0.,1.));
#2106 = DIRECTION('',(0.,1.,-0.));
#2107 = PCURVE('',#1256,#2108);
#2108 = DEFINITIONAL_REPRESENTATION('',(#2109),#2113);
#2109 = CIRCLE('',#2110,1.789449715437);
#2110 = AXIS2_PLACEMENT_2D('',#2111,#2112);
#2111 = CARTESIAN_POINT('',(10.110550284563,-2.960550284563));
#2112 = DIRECTION('',(0.,1.));
#2113 = ( GEOMETRIC_REPRESENTATION_CONTEXT(2) 
PARAMETRIC_REPRESENTATION_CONTEXT() REPRESENTATION_CONTEXT('2D SPACE',''
  ) );
#2114 = PCURVE('',#1533,#2115);
#2115 = DEFINITIONAL_REPRESENTATION('',(#2116),#2120);
#2116 = LINE('',#2117,#2118);
#2117 = CARTESIAN_POINT('',(3.14159265359,23.9));
#2118 = VECTOR('',#2119,1.);
#2119 = DIRECTION('',(-1.,0.));
#2120 = ( GEOMETRIC_REPRESENTATION_CONTEXT(2) 
PARAMETRIC_REPRESENTATION_CONTEXT() REPRESENTATION_CONTEXT('2D SPACE',''
  ) );
#2121 = ORIENTED_EDGE('',*,*,#2122,.T.);
#2122 = EDGE_CURVE('',#2099,#2123,#2125,.T.);
#2123 = VERTEX_POINT('',#2124);
#2124 = CARTESIAN_POINT('',(11.9,2.960550284563,13.6));
#2125 = SURFACE_CURVE('',#2126,(#2130,#2137),.PCURVE_S1.);
#2126 = LINE('',#2127,#2128);
#2127 = CARTESIAN_POINT('',(11.9,-4.75,13.6));
#2128 = VECTOR('',#2129,1.);
#2129 = DIRECTION('',(0.,1.,0.));
#2130 = PCURVE('',#1256,#2131);
#2131 = DEFINITIONAL_REPRESENTATION('',(#2132),#2136);
#2132 = LINE('',#2133,#2134);
#2133 = CARTESIAN_POINT('',(11.9,-4.75));
#2134 = VECTOR('',#2135,1.);
#2135 = DIRECTION('',(0.,1.));
#2136 = ( GEOMETRIC_REPRESENTATION_CONTEXT(2) 
PARAMETRIC_REPRESENTATION_CONTEXT() REPRESENTATION_CONTEXT('2D SPACE',''
  ) );
#2137 = PCURVE('',#1995,#2138);
#2138 = DEFINITIONAL_REPRESENTATION('',(#2139),#2143);
#2139 = LINE('',#2140,#2141);
#2140 = CARTESIAN_POINT('',(0.,-23.9));
#2141 = VECTOR('',#2142,1.);
#2142 = DIRECTION('',(1.,0.));
#2143 = ( GEOMETRIC_REPRESENTATION_CONTEXT(2) 
PARAMETRIC_REPRESENTATION_CONTEXT() REPRESENTATION_CONTEXT('2D SPACE',''
  ) );
#2144 = ORIENTED_EDGE('',*,*,#2145,.T.);
#2145 = EDGE_CURVE('',#2123,#1213,#2146,.T.);
#2146 = SURFACE_CURVE('',#2147,(#2152,#2159),.PCURVE_S1.);
#2147 = CIRCLE('',#2148,1.789449715437);
#2148 = AXIS2_PLACEMENT_3D('',#2149,#2150,#2151);
#2149 = CARTESIAN_POINT('',(10.110550284563,2.960550284563,13.6));
#2150 = DIRECTION('',(0.,0.,1.));
#2151 = DIRECTION('',(0.,1.,-0.));
#2152 = PCURVE('',#1256,#2153);
#2153 = DEFINITIONAL_REPRESENTATION('',(#2154),#2158);
#2154 = CIRCLE('',#2155,1.789449715437);
#2155 = AXIS2_PLACEMENT_2D('',#2156,#2157);
#2156 = CARTESIAN_POINT('',(10.110550284563,2.960550284563));
#2157 = DIRECTION('',(0.,1.));
#2158 = ( GEOMETRIC_REPRESENTATION_CONTEXT(2) 
PARAMETRIC_REPRESENTATION_CONTEXT() REPRESENTATION_CONTEXT('2D SPACE',''
  ) );
#2159 = PCURVE('',#1228,#2160);
#2160 = DEFINITIONAL_REPRESENTATION('',(#2161),#2165);
#2161 = LINE('',#2162,#2163);
#2162 = CARTESIAN_POINT('',(4.712388980385,23.9));
#2163 = VECTOR('',#2164,1.);
#2164 = DIRECTION('',(-1.,0.));
#2165 = ( GEOMETRIC_REPRESENTATION_CONTEXT(2) 
PARAMETRIC_REPRESENTATION_CONTEXT() REPRESENTATION_CONTEXT('2D SPACE',''
  ) );
#2166 = ORIENTED_EDGE('',*,*,#1240,.T.);
#2167 = ORIENTED_EDGE('',*,*,#1318,.T.);
#2168 = ORIENTED_EDGE('',*,*,#1346,.T.);
#2169 = ORIENTED_EDGE('',*,*,#1395,.F.);
#2170 = ADVANCED_FACE('',(#2171),#1228,.F.);
#2171 = FACE_BOUND('',#2172,.T.);
#2172 = EDGE_LOOP('',(#2173,#2174,#2175,#2176));
#2173 = ORIENTED_EDGE('',*,*,#1955,.T.);
#2174 = ORIENTED_EDGE('',*,*,#1212,.T.);
#2175 = ORIENTED_EDGE('',*,*,#2145,.F.);
#2176 = ORIENTED_EDGE('',*,*,#2177,.F.);
#2177 = EDGE_CURVE('',#1956,#2123,#2178,.T.);
#2178 = SURFACE_CURVE('',#2179,(#2183,#2190),.PCURVE_S1.);
#2179 = LINE('',#2180,#2181);
#2180 = CARTESIAN_POINT('',(11.9,2.960550284563,37.5));
#2181 = VECTOR('',#2182,1.);
#2182 = DIRECTION('',(-0.,-0.,-1.));
#2183 = PCURVE('',#1228,#2184);
#2184 = DEFINITIONAL_REPRESENTATION('',(#2185),#2189);
#2185 = LINE('',#2186,#2187);
#2186 = CARTESIAN_POINT('',(-0.,0.));
#2187 = VECTOR('',#2188,1.);
#2188 = DIRECTION('',(-0.,1.));
#2189 = ( GEOMETRIC_REPRESENTATION_CONTEXT(2) 
PARAMETRIC_REPRESENTATION_CONTEXT() REPRESENTATION_CONTEXT('2D SPACE',''
  ) );
#2190 = PCURVE('',#1995,#2191);
#2191 = DEFINITIONAL_REPRESENTATION('',(#2192),#2196);
#2192 = LINE('',#2193,#2194);
#2193 = CARTESIAN_POINT('',(7.710550284563,0.));
#2194 = VECTOR('',#2195,1.);
#2195 = DIRECTION('',(0.,-1.));
#2196 = ( GEOMETRIC_REPRESENTATION_CONTEXT(2) 
PARAMETRIC_REPRESENTATION_CONTEXT() REPRESENTATION_CONTEXT('2D SPACE',''
  ) );
#2197 = ADVANCED_FACE('',(#2198),#1533,.F.);
#2198 = FACE_BOUND('',#2199,.T.);
#2199 = EDGE_LOOP('',(#2200,#2201,#2222,#2223));
#2200 = ORIENTED_EDGE('',*,*,#2007,.T.);
#2201 = ORIENTED_EDGE('',*,*,#2202,.T.);
#2202 = EDGE_CURVE('',#1980,#2099,#2203,.T.);
#2203 = SURFACE_CURVE('',#2204,(#2208,#2215),.PCURVE_S1.);
#2204 = LINE('',#2205,#2206);
#2205 = CARTESIAN_POINT('',(11.9,-2.960550284563,37.5));
#2206 = VECTOR('',#2207,1.);
#2207 = DIRECTION('',(-0.,-0.,-1.));
#2208 = PCURVE('',#1533,#2209);
#2209 = DEFINITIONAL_REPRESENTATION('',(#2210),#2214);
#2210 = LINE('',#2211,#2212);
#2211 = CARTESIAN_POINT('',(-1.570796326795,0.));
#2212 = VECTOR('',#2213,1.);
#2213 = DIRECTION('',(-0.,1.));
#2214 = ( GEOMETRIC_REPRESENTATION_CONTEXT(2) 
PARAMETRIC_REPRESENTATION_CONTEXT() REPRESENTATION_CONTEXT('2D SPACE',''
  ) );
#2215 = PCURVE('',#1995,#2216);
#2216 = DEFINITIONAL_REPRESENTATION('',(#2217),#2221);
#2217 = LINE('',#2218,#2219);
#2218 = CARTESIAN_POINT('',(1.789449715437,0.));
#2219 = VECTOR('',#2220,1.);
#2220 = DIRECTION('',(0.,-1.));
#2221 = ( GEOMETRIC_REPRESENTATION_CONTEXT(2) 
PARAMETRIC_REPRESENTATION_CONTEXT() REPRESENTATION_CONTEXT('2D SPACE',''
  ) );
#2222 = ORIENTED_EDGE('',*,*,#2098,.F.);
#2223 = ORIENTED_EDGE('',*,*,#1519,.F.);
#2224 = ADVANCED_FACE('',(#2225),#1995,.F.);
#2225 = FACE_BOUND('',#2226,.F.);
#2226 = EDGE_LOOP('',(#2227,#2228,#2229,#2230));
#2227 = ORIENTED_EDGE('',*,*,#1979,.F.);
#2228 = ORIENTED_EDGE('',*,*,#2202,.T.);
#2229 = ORIENTED_EDGE('',*,*,#2122,.T.);
#2230 = ORIENTED_EDGE('',*,*,#2177,.F.);
#2231 = ( GEOMETRIC_REPRESENTATION_CONTEXT(3) 
GLOBAL_UNCERTAINTY_ASSIGNED_CONTEXT((#2235)) 
GLOBAL_UNIT_ASSIGNED_CONTEXT((#2232,#2233,#2234)) REPRESENTATION_CONTEXT
('Context #1','3D Context with UNIT and UNCERTAINTY') );
#2232 = ( LENGTH_UNIT() NAMED_UNIT(*) SI_UNIT(.MILLI.,.METRE.) );
#2233 = ( NAMED_UNIT(*) PLANE_ANGLE_UNIT() SI_UNIT($,.RADIAN.) );
#2234 = ( NAMED_UNIT(*) SI_UNIT($,.STERADIAN.) SOLID_ANGLE_UNIT() );
#2235 = UNCERTAINTY_MEASURE_WITH_UNIT(LENGTH_MEASURE(1.E-07),#2232,
  'distance_accuracy_value','confusion accuracy');
#2236 = PRODUCT_RELATED_PRODUCT_CATEGORY('part',$,(#7));
ENDSEC;
END-ISO-10303-21;
