ISO-10303-21;
HEADER;
FILE_DESCRIPTION(('Open CASCADE Model'),'2;1');
FILE_NAME('Open CASCADE Shape Model','2026-06-05T01:25:11',('Author'),(
    'Open CASCADE'),'Open CASCADE STEP processor 7.8','Open CASCADE 7.8'
  ,'Unknown');
FILE_SCHEMA(('AUTOMOTIVE_DESIGN { 1 0 10303 214 1 1 1 1 }'));
ENDSEC;
DATA;
#1 = APPLICATION_PROTOCOL_DEFINITION('international standard',
  'automotive_design',2000,#2);
#2 = APPLICATION_CONTEXT(
  'core data for automotive mechanical design processes');
#3 = SHAPE_DEFINITION_REPRESENTATION(#4,#10);
#4 = PRODUCT_DEFINITION_SHAPE('','',#5);
#5 = PRODUCT_DEFINITION('design','',#6,#9);
#6 = PRODUCT_DEFINITION_FORMATION('','',#7);
#7 = PRODUCT('Open CASCADE STEP translator 7.8 26',
  'Open CASCADE STEP translator 7.8 26','',(#8));
#8 = PRODUCT_CONTEXT('',#2,'mechanical');
#9 = PRODUCT_DEFINITION_CONTEXT('part definition',#2,'design');
#10 = ADVANCED_BREP_SHAPE_REPRESENTATION('',(#11,#15),#3735);
#11 = AXIS2_PLACEMENT_3D('',#12,#13,#14);
#12 = CARTESIAN_POINT('',(0.,0.,0.));
#13 = DIRECTION('',(0.,0.,1.));
#14 = DIRECTION('',(1.,0.,-0.));
#15 = MANIFOLD_SOLID_BREP('',#16);
#16 = CLOSED_SHELL('',(#17,#137,#327,#446,#619,#706,#713,#789,#838,#887,
    #914,#2141,#3444,#3522,#3600,#3658,#3716));
#17 = ADVANCED_FACE('',(#18),#32,.F.);
#18 = FACE_BOUND('',#19,.F.);
#19 = EDGE_LOOP('',(#20,#55,#83,#111));
#20 = ORIENTED_EDGE('',*,*,#21,.F.);
#21 = EDGE_CURVE('',#22,#24,#26,.T.);
#22 = VERTEX_POINT('',#23);
#23 = CARTESIAN_POINT('',(-30.,-38.55,-18.4));
#24 = VERTEX_POINT('',#25);
#25 = CARTESIAN_POINT('',(-30.,-38.55,18.4));
#26 = SURFACE_CURVE('',#27,(#31,#43),.PCURVE_S1.);
#27 = LINE('',#28,#29);
#28 = CARTESIAN_POINT('',(-30.,-38.55,-18.4));
#29 = VECTOR('',#30,1.);
#30 = DIRECTION('',(0.,0.,1.));
#31 = PCURVE('',#32,#37);
#32 = PLANE('',#33);
#33 = AXIS2_PLACEMENT_3D('',#34,#35,#36);
#34 = CARTESIAN_POINT('',(-30.,-38.55,-18.4));
#35 = DIRECTION('',(1.,0.,0.));
#36 = DIRECTION('',(0.,0.,1.));
#37 = DEFINITIONAL_REPRESENTATION('',(#38),#42);
#38 = LINE('',#39,#40);
#39 = CARTESIAN_POINT('',(0.,0.));
#40 = VECTOR('',#41,1.);
#41 = DIRECTION('',(1.,0.));
#42 = ( GEOMETRIC_REPRESENTATION_CONTEXT(2) 
PARAMETRIC_REPRESENTATION_CONTEXT() REPRESENTATION_CONTEXT('2D SPACE',''
  ) );
#43 = PCURVE('',#44,#49);
#44 = PLANE('',#45);
#45 = AXIS2_PLACEMENT_3D('',#46,#47,#48);
#46 = CARTESIAN_POINT('',(-30.,-38.55,-18.4));
#47 = DIRECTION('',(0.,1.,0.));
#48 = DIRECTION('',(0.,0.,1.));
#49 = DEFINITIONAL_REPRESENTATION('',(#50),#54);
#50 = LINE('',#51,#52);
#51 = CARTESIAN_POINT('',(0.,0.));
#52 = VECTOR('',#53,1.);
#53 = DIRECTION('',(1.,0.));
#54 = ( GEOMETRIC_REPRESENTATION_CONTEXT(2) 
PARAMETRIC_REPRESENTATION_CONTEXT() REPRESENTATION_CONTEXT('2D SPACE',''
  ) );
#55 = ORIENTED_EDGE('',*,*,#56,.T.);
#56 = EDGE_CURVE('',#22,#57,#59,.T.);
#57 = VERTEX_POINT('',#58);
#58 = CARTESIAN_POINT('',(-30.,38.55,-18.4));
#59 = SURFACE_CURVE('',#60,(#64,#71),.PCURVE_S1.);
#60 = LINE('',#61,#62);
#61 = CARTESIAN_POINT('',(-30.,-38.55,-18.4));
#62 = VECTOR('',#63,1.);
#63 = DIRECTION('',(0.,1.,0.));
#64 = PCURVE('',#32,#65);
#65 = DEFINITIONAL_REPRESENTATION('',(#66),#70);
#66 = LINE('',#67,#68);
#67 = CARTESIAN_POINT('',(0.,0.));
#68 = VECTOR('',#69,1.);
#69 = DIRECTION('',(0.,-1.));
#70 = ( GEOMETRIC_REPRESENTATION_CONTEXT(2) 
PARAMETRIC_REPRESENTATION_CONTEXT() REPRESENTATION_CONTEXT('2D SPACE',''
  ) );
#71 = PCURVE('',#72,#77);
#72 = PLANE('',#73);
#73 = AXIS2_PLACEMENT_3D('',#74,#75,#76);
#74 = CARTESIAN_POINT('',(-30.,-38.55,-18.4));
#75 = DIRECTION('',(0.,0.,1.));
#76 = DIRECTION('',(1.,0.,0.));
#77 = DEFINITIONAL_REPRESENTATION('',(#78),#82);
#78 = LINE('',#79,#80);
#79 = CARTESIAN_POINT('',(0.,0.));
#80 = VECTOR('',#81,1.);
#81 = DIRECTION('',(0.,1.));
#82 = ( GEOMETRIC_REPRESENTATION_CONTEXT(2) 
PARAMETRIC_REPRESENTATION_CONTEXT() REPRESENTATION_CONTEXT('2D SPACE',''
  ) );
#83 = ORIENTED_EDGE('',*,*,#84,.T.);
#84 = EDGE_CURVE('',#57,#85,#87,.T.);
#85 = VERTEX_POINT('',#86);
#86 = CARTESIAN_POINT('',(-30.,38.55,18.4));
#87 = SURFACE_CURVE('',#88,(#92,#99),.PCURVE_S1.);
#88 = LINE('',#89,#90);
#89 = CARTESIAN_POINT('',(-30.,38.55,-18.4));
#90 = VECTOR('',#91,1.);
#91 = DIRECTION('',(0.,0.,1.));
#92 = PCURVE('',#32,#93);
#93 = DEFINITIONAL_REPRESENTATION('',(#94),#98);
#94 = LINE('',#95,#96);
#95 = CARTESIAN_POINT('',(0.,-77.1));
#96 = VECTOR('',#97,1.);
#97 = DIRECTION('',(1.,0.));
#98 = ( GEOMETRIC_REPRESENTATION_CONTEXT(2) 
PARAMETRIC_REPRESENTATION_CONTEXT() REPRESENTATION_CONTEXT('2D SPACE',''
  ) );
#99 = PCURVE('',#100,#105);
#100 = PLANE('',#101);
#101 = AXIS2_PLACEMENT_3D('',#102,#103,#104);
#102 = CARTESIAN_POINT('',(-30.,38.55,-18.4));
#103 = DIRECTION('',(0.,1.,0.));
#104 = DIRECTION('',(0.,0.,1.));
#105 = DEFINITIONAL_REPRESENTATION('',(#106),#110);
#106 = LINE('',#107,#108);
#107 = CARTESIAN_POINT('',(0.,0.));
#108 = VECTOR('',#109,1.);
#109 = DIRECTION('',(1.,0.));
#110 = ( GEOMETRIC_REPRESENTATION_CONTEXT(2) 
PARAMETRIC_REPRESENTATION_CONTEXT() REPRESENTATION_CONTEXT('2D SPACE',''
  ) );
#111 = ORIENTED_EDGE('',*,*,#112,.F.);
#112 = EDGE_CURVE('',#24,#85,#113,.T.);
#113 = SURFACE_CURVE('',#114,(#118,#125),.PCURVE_S1.);
#114 = LINE('',#115,#116);
#115 = CARTESIAN_POINT('',(-30.,-38.55,18.4));
#116 = VECTOR('',#117,1.);
#117 = DIRECTION('',(0.,1.,0.));
#118 = PCURVE('',#32,#119);
#119 = DEFINITIONAL_REPRESENTATION('',(#120),#124);
#120 = LINE('',#121,#122);
#121 = CARTESIAN_POINT('',(36.8,0.));
#122 = VECTOR('',#123,1.);
#123 = DIRECTION('',(0.,-1.));
#124 = ( GEOMETRIC_REPRESENTATION_CONTEXT(2) 
PARAMETRIC_REPRESENTATION_CONTEXT() REPRESENTATION_CONTEXT('2D SPACE',''
  ) );
#125 = PCURVE('',#126,#131);
#126 = PLANE('',#127);
#127 = AXIS2_PLACEMENT_3D('',#128,#129,#130);
#128 = CARTESIAN_POINT('',(-30.,-38.55,18.4));
#129 = DIRECTION('',(0.,0.,1.));
#130 = DIRECTION('',(1.,0.,0.));
#131 = DEFINITIONAL_REPRESENTATION('',(#132),#136);
#132 = LINE('',#133,#134);
#133 = CARTESIAN_POINT('',(0.,0.));
#134 = VECTOR('',#135,1.);
#135 = DIRECTION('',(0.,1.));
#136 = ( GEOMETRIC_REPRESENTATION_CONTEXT(2) 
PARAMETRIC_REPRESENTATION_CONTEXT() REPRESENTATION_CONTEXT('2D SPACE',''
  ) );
#137 = ADVANCED_FACE('',(#138,#213),#44,.F.);
#138 = FACE_BOUND('',#139,.F.);
#139 = EDGE_LOOP('',(#140,#163,#164,#187));
#140 = ORIENTED_EDGE('',*,*,#141,.F.);
#141 = EDGE_CURVE('',#22,#142,#144,.T.);
#142 = VERTEX_POINT('',#143);
#143 = CARTESIAN_POINT('',(30.,-38.55,-18.4));
#144 = SURFACE_CURVE('',#145,(#149,#156),.PCURVE_S1.);
#145 = LINE('',#146,#147);
#146 = CARTESIAN_POINT('',(-30.,-38.55,-18.4));
#147 = VECTOR('',#148,1.);
#148 = DIRECTION('',(1.,0.,0.));
#149 = PCURVE('',#44,#150);
#150 = DEFINITIONAL_REPRESENTATION('',(#151),#155);
#151 = LINE('',#152,#153);
#152 = CARTESIAN_POINT('',(0.,0.));
#153 = VECTOR('',#154,1.);
#154 = DIRECTION('',(0.,1.));
#155 = ( GEOMETRIC_REPRESENTATION_CONTEXT(2) 
PARAMETRIC_REPRESENTATION_CONTEXT() REPRESENTATION_CONTEXT('2D SPACE',''
  ) );
#156 = PCURVE('',#72,#157);
#157 = DEFINITIONAL_REPRESENTATION('',(#158),#162);
#158 = LINE('',#159,#160);
#159 = CARTESIAN_POINT('',(0.,0.));
#160 = VECTOR('',#161,1.);
#161 = DIRECTION('',(1.,0.));
#162 = ( GEOMETRIC_REPRESENTATION_CONTEXT(2) 
PARAMETRIC_REPRESENTATION_CONTEXT() REPRESENTATION_CONTEXT('2D SPACE',''
  ) );
#163 = ORIENTED_EDGE('',*,*,#21,.T.);
#164 = ORIENTED_EDGE('',*,*,#165,.T.);
#165 = EDGE_CURVE('',#24,#166,#168,.T.);
#166 = VERTEX_POINT('',#167);
#167 = CARTESIAN_POINT('',(30.,-38.55,18.4));
#168 = SURFACE_CURVE('',#169,(#173,#180),.PCURVE_S1.);
#169 = LINE('',#170,#171);
#170 = CARTESIAN_POINT('',(-30.,-38.55,18.4));
#171 = VECTOR('',#172,1.);
#172 = DIRECTION('',(1.,0.,0.));
#173 = PCURVE('',#44,#174);
#174 = DEFINITIONAL_REPRESENTATION('',(#175),#179);
#175 = LINE('',#176,#177);
#176 = CARTESIAN_POINT('',(36.8,0.));
#177 = VECTOR('',#178,1.);
#178 = DIRECTION('',(0.,1.));
#179 = ( GEOMETRIC_REPRESENTATION_CONTEXT(2) 
PARAMETRIC_REPRESENTATION_CONTEXT() REPRESENTATION_CONTEXT('2D SPACE',''
  ) );
#180 = PCURVE('',#126,#181);
#181 = DEFINITIONAL_REPRESENTATION('',(#182),#186);
#182 = LINE('',#183,#184);
#183 = CARTESIAN_POINT('',(0.,0.));
#184 = VECTOR('',#185,1.);
#185 = DIRECTION('',(1.,0.));
#186 = ( GEOMETRIC_REPRESENTATION_CONTEXT(2) 
PARAMETRIC_REPRESENTATION_CONTEXT() REPRESENTATION_CONTEXT('2D SPACE',''
  ) );
#187 = ORIENTED_EDGE('',*,*,#188,.F.);
#188 = EDGE_CURVE('',#142,#166,#189,.T.);
#189 = SURFACE_CURVE('',#190,(#194,#201),.PCURVE_S1.);
#190 = LINE('',#191,#192);
#191 = CARTESIAN_POINT('',(30.,-38.55,-18.4));
#192 = VECTOR('',#193,1.);
#193 = DIRECTION('',(0.,0.,1.));
#194 = PCURVE('',#44,#195);
#195 = DEFINITIONAL_REPRESENTATION('',(#196),#200);
#196 = LINE('',#197,#198);
#197 = CARTESIAN_POINT('',(0.,60.));
#198 = VECTOR('',#199,1.);
#199 = DIRECTION('',(1.,0.));
#200 = ( GEOMETRIC_REPRESENTATION_CONTEXT(2) 
PARAMETRIC_REPRESENTATION_CONTEXT() REPRESENTATION_CONTEXT('2D SPACE',''
  ) );
#201 = PCURVE('',#202,#207);
#202 = PLANE('',#203);
#203 = AXIS2_PLACEMENT_3D('',#204,#205,#206);
#204 = CARTESIAN_POINT('',(30.,-38.55,-18.4));
#205 = DIRECTION('',(1.,0.,0.));
#206 = DIRECTION('',(0.,0.,1.));
#207 = DEFINITIONAL_REPRESENTATION('',(#208),#212);
#208 = LINE('',#209,#210);
#209 = CARTESIAN_POINT('',(0.,0.));
#210 = VECTOR('',#211,1.);
#211 = DIRECTION('',(1.,0.));
#212 = ( GEOMETRIC_REPRESENTATION_CONTEXT(2) 
PARAMETRIC_REPRESENTATION_CONTEXT() REPRESENTATION_CONTEXT('2D SPACE',''
  ) );
#213 = FACE_BOUND('',#214,.F.);
#214 = EDGE_LOOP('',(#215,#245,#273,#301));
#215 = ORIENTED_EDGE('',*,*,#216,.T.);
#216 = EDGE_CURVE('',#217,#219,#221,.T.);
#217 = VERTEX_POINT('',#218);
#218 = CARTESIAN_POINT('',(-29.25,-38.55,14.15));
#219 = VERTEX_POINT('',#220);
#220 = CARTESIAN_POINT('',(-29.25,-38.55,-14.15));
#221 = SURFACE_CURVE('',#222,(#226,#233),.PCURVE_S1.);
#222 = LINE('',#223,#224);
#223 = CARTESIAN_POINT('',(-29.25,-38.55,14.15));
#224 = VECTOR('',#225,1.);
#225 = DIRECTION('',(0.,-0.,-1.));
#226 = PCURVE('',#44,#227);
#227 = DEFINITIONAL_REPRESENTATION('',(#228),#232);
#228 = LINE('',#229,#230);
#229 = CARTESIAN_POINT('',(32.55,0.75));
#230 = VECTOR('',#231,1.);
#231 = DIRECTION('',(-1.,0.));
#232 = ( GEOMETRIC_REPRESENTATION_CONTEXT(2) 
PARAMETRIC_REPRESENTATION_CONTEXT() REPRESENTATION_CONTEXT('2D SPACE',''
  ) );
#233 = PCURVE('',#234,#239);
#234 = PLANE('',#235);
#235 = AXIS2_PLACEMENT_3D('',#236,#237,#238);
#236 = CARTESIAN_POINT('',(-29.25,-38.55,14.15));
#237 = DIRECTION('',(1.,-0.,0.));
#238 = DIRECTION('',(0.,-0.,-1.));
#239 = DEFINITIONAL_REPRESENTATION('',(#240),#244);
#240 = LINE('',#241,#242);
#241 = CARTESIAN_POINT('',(0.,0.));
#242 = VECTOR('',#243,1.);
#243 = DIRECTION('',(1.,0.));
#244 = ( GEOMETRIC_REPRESENTATION_CONTEXT(2) 
PARAMETRIC_REPRESENTATION_CONTEXT() REPRESENTATION_CONTEXT('2D SPACE',''
  ) );
#245 = ORIENTED_EDGE('',*,*,#246,.T.);
#246 = EDGE_CURVE('',#219,#247,#249,.T.);
#247 = VERTEX_POINT('',#248);
#248 = CARTESIAN_POINT('',(29.25,-38.55,-14.15));
#249 = SURFACE_CURVE('',#250,(#254,#261),.PCURVE_S1.);
#250 = LINE('',#251,#252);
#251 = CARTESIAN_POINT('',(-29.25,-38.55,-14.15));
#252 = VECTOR('',#253,1.);
#253 = DIRECTION('',(1.,0.,0.));
#254 = PCURVE('',#44,#255);
#255 = DEFINITIONAL_REPRESENTATION('',(#256),#260);
#256 = LINE('',#257,#258);
#257 = CARTESIAN_POINT('',(4.25,0.75));
#258 = VECTOR('',#259,1.);
#259 = DIRECTION('',(0.,1.));
#260 = ( GEOMETRIC_REPRESENTATION_CONTEXT(2) 
PARAMETRIC_REPRESENTATION_CONTEXT() REPRESENTATION_CONTEXT('2D SPACE',''
  ) );
#261 = PCURVE('',#262,#267);
#262 = PLANE('',#263);
#263 = AXIS2_PLACEMENT_3D('',#264,#265,#266);
#264 = CARTESIAN_POINT('',(-29.25,-38.55,-14.15));
#265 = DIRECTION('',(0.,0.,1.));
#266 = DIRECTION('',(1.,0.,-0.));
#267 = DEFINITIONAL_REPRESENTATION('',(#268),#272);
#268 = LINE('',#269,#270);
#269 = CARTESIAN_POINT('',(0.,0.));
#270 = VECTOR('',#271,1.);
#271 = DIRECTION('',(1.,0.));
#272 = ( GEOMETRIC_REPRESENTATION_CONTEXT(2) 
PARAMETRIC_REPRESENTATION_CONTEXT() REPRESENTATION_CONTEXT('2D SPACE',''
  ) );
#273 = ORIENTED_EDGE('',*,*,#274,.T.);
#274 = EDGE_CURVE('',#247,#275,#277,.T.);
#275 = VERTEX_POINT('',#276);
#276 = CARTESIAN_POINT('',(29.25,-38.55,14.15));
#277 = SURFACE_CURVE('',#278,(#282,#289),.PCURVE_S1.);
#278 = LINE('',#279,#280);
#279 = CARTESIAN_POINT('',(29.25,-38.55,-14.15));
#280 = VECTOR('',#281,1.);
#281 = DIRECTION('',(0.,0.,1.));
#282 = PCURVE('',#44,#283);
#283 = DEFINITIONAL_REPRESENTATION('',(#284),#288);
#284 = LINE('',#285,#286);
#285 = CARTESIAN_POINT('',(4.25,59.25));
#286 = VECTOR('',#287,1.);
#287 = DIRECTION('',(1.,0.));
#288 = ( GEOMETRIC_REPRESENTATION_CONTEXT(2) 
PARAMETRIC_REPRESENTATION_CONTEXT() REPRESENTATION_CONTEXT('2D SPACE',''
  ) );
#289 = PCURVE('',#290,#295);
#290 = PLANE('',#291);
#291 = AXIS2_PLACEMENT_3D('',#292,#293,#294);
#292 = CARTESIAN_POINT('',(29.25,-38.55,-14.15));
#293 = DIRECTION('',(-1.,0.,0.));
#294 = DIRECTION('',(0.,0.,1.));
#295 = DEFINITIONAL_REPRESENTATION('',(#296),#300);
#296 = LINE('',#297,#298);
#297 = CARTESIAN_POINT('',(0.,0.));
#298 = VECTOR('',#299,1.);
#299 = DIRECTION('',(1.,0.));
#300 = ( GEOMETRIC_REPRESENTATION_CONTEXT(2) 
PARAMETRIC_REPRESENTATION_CONTEXT() REPRESENTATION_CONTEXT('2D SPACE',''
  ) );
#301 = ORIENTED_EDGE('',*,*,#302,.T.);
#302 = EDGE_CURVE('',#275,#217,#303,.T.);
#303 = SURFACE_CURVE('',#304,(#308,#315),.PCURVE_S1.);
#304 = LINE('',#305,#306);
#305 = CARTESIAN_POINT('',(29.25,-38.55,14.15));
#306 = VECTOR('',#307,1.);
#307 = DIRECTION('',(-1.,0.,0.));
#308 = PCURVE('',#44,#309);
#309 = DEFINITIONAL_REPRESENTATION('',(#310),#314);
#310 = LINE('',#311,#312);
#311 = CARTESIAN_POINT('',(32.55,59.25));
#312 = VECTOR('',#313,1.);
#313 = DIRECTION('',(0.,-1.));
#314 = ( GEOMETRIC_REPRESENTATION_CONTEXT(2) 
PARAMETRIC_REPRESENTATION_CONTEXT() REPRESENTATION_CONTEXT('2D SPACE',''
  ) );
#315 = PCURVE('',#316,#321);
#316 = PLANE('',#317);
#317 = AXIS2_PLACEMENT_3D('',#318,#319,#320);
#318 = CARTESIAN_POINT('',(29.25,-38.55,14.15));
#319 = DIRECTION('',(0.,0.,-1.));
#320 = DIRECTION('',(-1.,0.,0.));
#321 = DEFINITIONAL_REPRESENTATION('',(#322),#326);
#322 = LINE('',#323,#324);
#323 = CARTESIAN_POINT('',(0.,0.));
#324 = VECTOR('',#325,1.);
#325 = DIRECTION('',(1.,0.));
#326 = ( GEOMETRIC_REPRESENTATION_CONTEXT(2) 
PARAMETRIC_REPRESENTATION_CONTEXT() REPRESENTATION_CONTEXT('2D SPACE',''
  ) );
#327 = ADVANCED_FACE('',(#328,#376,#411),#126,.T.);
#328 = FACE_BOUND('',#329,.T.);
#329 = EDGE_LOOP('',(#330,#331,#332,#355));
#330 = ORIENTED_EDGE('',*,*,#112,.F.);
#331 = ORIENTED_EDGE('',*,*,#165,.T.);
#332 = ORIENTED_EDGE('',*,*,#333,.T.);
#333 = EDGE_CURVE('',#166,#334,#336,.T.);
#334 = VERTEX_POINT('',#335);
#335 = CARTESIAN_POINT('',(30.,38.55,18.4));
#336 = SURFACE_CURVE('',#337,(#341,#348),.PCURVE_S1.);
#337 = LINE('',#338,#339);
#338 = CARTESIAN_POINT('',(30.,-38.55,18.4));
#339 = VECTOR('',#340,1.);
#340 = DIRECTION('',(0.,1.,0.));
#341 = PCURVE('',#126,#342);
#342 = DEFINITIONAL_REPRESENTATION('',(#343),#347);
#343 = LINE('',#344,#345);
#344 = CARTESIAN_POINT('',(60.,0.));
#345 = VECTOR('',#346,1.);
#346 = DIRECTION('',(0.,1.));
#347 = ( GEOMETRIC_REPRESENTATION_CONTEXT(2) 
PARAMETRIC_REPRESENTATION_CONTEXT() REPRESENTATION_CONTEXT('2D SPACE',''
  ) );
#348 = PCURVE('',#202,#349);
#349 = DEFINITIONAL_REPRESENTATION('',(#350),#354);
#350 = LINE('',#351,#352);
#351 = CARTESIAN_POINT('',(36.8,0.));
#352 = VECTOR('',#353,1.);
#353 = DIRECTION('',(0.,-1.));
#354 = ( GEOMETRIC_REPRESENTATION_CONTEXT(2) 
PARAMETRIC_REPRESENTATION_CONTEXT() REPRESENTATION_CONTEXT('2D SPACE',''
  ) );
#355 = ORIENTED_EDGE('',*,*,#356,.F.);
#356 = EDGE_CURVE('',#85,#334,#357,.T.);
#357 = SURFACE_CURVE('',#358,(#362,#369),.PCURVE_S1.);
#358 = LINE('',#359,#360);
#359 = CARTESIAN_POINT('',(-30.,38.55,18.4));
#360 = VECTOR('',#361,1.);
#361 = DIRECTION('',(1.,0.,0.));
#362 = PCURVE('',#126,#363);
#363 = DEFINITIONAL_REPRESENTATION('',(#364),#368);
#364 = LINE('',#365,#366);
#365 = CARTESIAN_POINT('',(0.,77.1));
#366 = VECTOR('',#367,1.);
#367 = DIRECTION('',(1.,0.));
#368 = ( GEOMETRIC_REPRESENTATION_CONTEXT(2) 
PARAMETRIC_REPRESENTATION_CONTEXT() REPRESENTATION_CONTEXT('2D SPACE',''
  ) );
#369 = PCURVE('',#100,#370);
#370 = DEFINITIONAL_REPRESENTATION('',(#371),#375);
#371 = LINE('',#372,#373);
#372 = CARTESIAN_POINT('',(36.8,0.));
#373 = VECTOR('',#374,1.);
#374 = DIRECTION('',(0.,1.));
#375 = ( GEOMETRIC_REPRESENTATION_CONTEXT(2) 
PARAMETRIC_REPRESENTATION_CONTEXT() REPRESENTATION_CONTEXT('2D SPACE',''
  ) );
#376 = FACE_BOUND('',#377,.T.);
#377 = EDGE_LOOP('',(#378));
#378 = ORIENTED_EDGE('',*,*,#379,.T.);
#379 = EDGE_CURVE('',#380,#380,#382,.T.);
#380 = VERTEX_POINT('',#381);
#381 = CARTESIAN_POINT('',(-26.25,-21.565,18.4));
#382 = SURFACE_CURVE('',#383,(#388,#399),.PCURVE_S1.);
#383 = CIRCLE('',#384,5.25);
#384 = AXIS2_PLACEMENT_3D('',#385,#386,#387);
#385 = CARTESIAN_POINT('',(-21.,-21.565,18.4));
#386 = DIRECTION('',(0.,0.,-1.));
#387 = DIRECTION('',(-1.,0.,0.));
#388 = PCURVE('',#126,#389);
#389 = DEFINITIONAL_REPRESENTATION('',(#390),#398);
#390 = ( BOUNDED_CURVE() B_SPLINE_CURVE(2,(#391,#392,#393,#394,#395,#396
,#397),.UNSPECIFIED.,.T.,.F.) B_SPLINE_CURVE_WITH_KNOTS((1,2,2,2,2,1),(
    -2.094395102393,0.,2.094395102393,4.188790204786,6.28318530718,
8.377580409573),.UNSPECIFIED.) CURVE() GEOMETRIC_REPRESENTATION_ITEM() 
RATIONAL_B_SPLINE_CURVE((1.,0.5,1.,0.5,1.,0.5,1.)) REPRESENTATION_ITEM(
  '') );
#391 = CARTESIAN_POINT('',(3.75,16.985));
#392 = CARTESIAN_POINT('',(3.75,26.078266739737));
#393 = CARTESIAN_POINT('',(11.625,21.531633369868));
#394 = CARTESIAN_POINT('',(19.5,16.985));
#395 = CARTESIAN_POINT('',(11.625,12.438366630132));
#396 = CARTESIAN_POINT('',(3.75,7.891733260263));
#397 = CARTESIAN_POINT('',(3.75,16.985));
#398 = ( GEOMETRIC_REPRESENTATION_CONTEXT(2) 
PARAMETRIC_REPRESENTATION_CONTEXT() REPRESENTATION_CONTEXT('2D SPACE',''
  ) );
#399 = PCURVE('',#400,#405);
#400 = CYLINDRICAL_SURFACE('',#401,5.25);
#401 = AXIS2_PLACEMENT_3D('',#402,#403,#404);
#402 = CARTESIAN_POINT('',(-21.,-21.565,18.4));
#403 = DIRECTION('',(0.,0.,-1.));
#404 = DIRECTION('',(-1.,0.,0.));
#405 = DEFINITIONAL_REPRESENTATION('',(#406),#410);
#406 = LINE('',#407,#408);
#407 = CARTESIAN_POINT('',(0.,0.));
#408 = VECTOR('',#409,1.);
#409 = DIRECTION('',(1.,0.));
#410 = ( GEOMETRIC_REPRESENTATION_CONTEXT(2) 
PARAMETRIC_REPRESENTATION_CONTEXT() REPRESENTATION_CONTEXT('2D SPACE',''
  ) );
#411 = FACE_BOUND('',#412,.T.);
#412 = EDGE_LOOP('',(#413));
#413 = ORIENTED_EDGE('',*,*,#414,.T.);
#414 = EDGE_CURVE('',#415,#415,#417,.T.);
#415 = VERTEX_POINT('',#416);
#416 = CARTESIAN_POINT('',(15.75,-21.565,18.4));
#417 = SURFACE_CURVE('',#418,(#423,#434),.PCURVE_S1.);
#418 = CIRCLE('',#419,5.25);
#419 = AXIS2_PLACEMENT_3D('',#420,#421,#422);
#420 = CARTESIAN_POINT('',(21.,-21.565,18.4));
#421 = DIRECTION('',(0.,0.,-1.));
#422 = DIRECTION('',(-1.,0.,0.));
#423 = PCURVE('',#126,#424);
#424 = DEFINITIONAL_REPRESENTATION('',(#425),#433);
#425 = ( BOUNDED_CURVE() B_SPLINE_CURVE(2,(#426,#427,#428,#429,#430,#431
,#432),.UNSPECIFIED.,.T.,.F.) B_SPLINE_CURVE_WITH_KNOTS((1,2,2,2,2,1),(
    -2.094395102393,0.,2.094395102393,4.188790204786,6.28318530718,
8.377580409573),.UNSPECIFIED.) CURVE() GEOMETRIC_REPRESENTATION_ITEM() 
RATIONAL_B_SPLINE_CURVE((1.,0.5,1.,0.5,1.,0.5,1.)) REPRESENTATION_ITEM(
  '') );
#426 = CARTESIAN_POINT('',(45.75,16.985));
#427 = CARTESIAN_POINT('',(45.75,26.078266739737));
#428 = CARTESIAN_POINT('',(53.625,21.531633369868));
#429 = CARTESIAN_POINT('',(61.5,16.985));
#430 = CARTESIAN_POINT('',(53.625,12.438366630132));
#431 = CARTESIAN_POINT('',(45.75,7.891733260263));
#432 = CARTESIAN_POINT('',(45.75,16.985));
#433 = ( GEOMETRIC_REPRESENTATION_CONTEXT(2) 
PARAMETRIC_REPRESENTATION_CONTEXT() REPRESENTATION_CONTEXT('2D SPACE',''
  ) );
#434 = PCURVE('',#435,#440);
#435 = CYLINDRICAL_SURFACE('',#436,5.25);
#436 = AXIS2_PLACEMENT_3D('',#437,#438,#439);
#437 = CARTESIAN_POINT('',(21.,-21.565,18.4));
#438 = DIRECTION('',(0.,0.,-1.));
#439 = DIRECTION('',(-1.,0.,0.));
#440 = DEFINITIONAL_REPRESENTATION('',(#441),#445);
#441 = LINE('',#442,#443);
#442 = CARTESIAN_POINT('',(0.,0.));
#443 = VECTOR('',#444,1.);
#444 = DIRECTION('',(1.,0.));
#445 = ( GEOMETRIC_REPRESENTATION_CONTEXT(2) 
PARAMETRIC_REPRESENTATION_CONTEXT() REPRESENTATION_CONTEXT('2D SPACE',''
  ) );
#446 = ADVANCED_FACE('',(#447,#495,#526,#557,#588),#100,.T.);
#447 = FACE_BOUND('',#448,.T.);
#448 = EDGE_LOOP('',(#449,#472,#473,#474));
#449 = ORIENTED_EDGE('',*,*,#450,.F.);
#450 = EDGE_CURVE('',#57,#451,#453,.T.);
#451 = VERTEX_POINT('',#452);
#452 = CARTESIAN_POINT('',(30.,38.55,-18.4));
#453 = SURFACE_CURVE('',#454,(#458,#465),.PCURVE_S1.);
#454 = LINE('',#455,#456);
#455 = CARTESIAN_POINT('',(-30.,38.55,-18.4));
#456 = VECTOR('',#457,1.);
#457 = DIRECTION('',(1.,0.,0.));
#458 = PCURVE('',#100,#459);
#459 = DEFINITIONAL_REPRESENTATION('',(#460),#464);
#460 = LINE('',#461,#462);
#461 = CARTESIAN_POINT('',(0.,0.));
#462 = VECTOR('',#463,1.);
#463 = DIRECTION('',(0.,1.));
#464 = ( GEOMETRIC_REPRESENTATION_CONTEXT(2) 
PARAMETRIC_REPRESENTATION_CONTEXT() REPRESENTATION_CONTEXT('2D SPACE',''
  ) );
#465 = PCURVE('',#72,#466);
#466 = DEFINITIONAL_REPRESENTATION('',(#467),#471);
#467 = LINE('',#468,#469);
#468 = CARTESIAN_POINT('',(0.,77.1));
#469 = VECTOR('',#470,1.);
#470 = DIRECTION('',(1.,0.));
#471 = ( GEOMETRIC_REPRESENTATION_CONTEXT(2) 
PARAMETRIC_REPRESENTATION_CONTEXT() REPRESENTATION_CONTEXT('2D SPACE',''
  ) );
#472 = ORIENTED_EDGE('',*,*,#84,.T.);
#473 = ORIENTED_EDGE('',*,*,#356,.T.);
#474 = ORIENTED_EDGE('',*,*,#475,.F.);
#475 = EDGE_CURVE('',#451,#334,#476,.T.);
#476 = SURFACE_CURVE('',#477,(#481,#488),.PCURVE_S1.);
#477 = LINE('',#478,#479);
#478 = CARTESIAN_POINT('',(30.,38.55,-18.4));
#479 = VECTOR('',#480,1.);
#480 = DIRECTION('',(0.,0.,1.));
#481 = PCURVE('',#100,#482);
#482 = DEFINITIONAL_REPRESENTATION('',(#483),#487);
#483 = LINE('',#484,#485);
#484 = CARTESIAN_POINT('',(0.,60.));
#485 = VECTOR('',#486,1.);
#486 = DIRECTION('',(1.,0.));
#487 = ( GEOMETRIC_REPRESENTATION_CONTEXT(2) 
PARAMETRIC_REPRESENTATION_CONTEXT() REPRESENTATION_CONTEXT('2D SPACE',''
  ) );
#488 = PCURVE('',#202,#489);
#489 = DEFINITIONAL_REPRESENTATION('',(#490),#494);
#490 = LINE('',#491,#492);
#491 = CARTESIAN_POINT('',(0.,-77.1));
#492 = VECTOR('',#493,1.);
#493 = DIRECTION('',(1.,0.));
#494 = ( GEOMETRIC_REPRESENTATION_CONTEXT(2) 
PARAMETRIC_REPRESENTATION_CONTEXT() REPRESENTATION_CONTEXT('2D SPACE',''
  ) );
#495 = FACE_BOUND('',#496,.T.);
#496 = EDGE_LOOP('',(#497));
#497 = ORIENTED_EDGE('',*,*,#498,.F.);
#498 = EDGE_CURVE('',#499,#499,#501,.T.);
#499 = VERTEX_POINT('',#500);
#500 = CARTESIAN_POINT('',(-20.2,38.55,-8.49));
#501 = SURFACE_CURVE('',#502,(#507,#514),.PCURVE_S1.);
#502 = CIRCLE('',#503,2.65);
#503 = AXIS2_PLACEMENT_3D('',#504,#505,#506);
#504 = CARTESIAN_POINT('',(-17.55,38.55,-8.49));
#505 = DIRECTION('',(0.,1.,0.));
#506 = DIRECTION('',(-1.,0.,0.));
#507 = PCURVE('',#100,#508);
#508 = DEFINITIONAL_REPRESENTATION('',(#509),#513);
#509 = CIRCLE('',#510,2.65);
#510 = AXIS2_PLACEMENT_2D('',#511,#512);
#511 = CARTESIAN_POINT('',(9.91,12.45));
#512 = DIRECTION('',(0.,-1.));
#513 = ( GEOMETRIC_REPRESENTATION_CONTEXT(2) 
PARAMETRIC_REPRESENTATION_CONTEXT() REPRESENTATION_CONTEXT('2D SPACE',''
  ) );
#514 = PCURVE('',#515,#520);
#515 = CYLINDRICAL_SURFACE('',#516,2.65);
#516 = AXIS2_PLACEMENT_3D('',#517,#518,#519);
#517 = CARTESIAN_POINT('',(-17.55,-48.55,-8.49));
#518 = DIRECTION('',(0.,1.,0.));
#519 = DIRECTION('',(-1.,0.,0.));
#520 = DEFINITIONAL_REPRESENTATION('',(#521),#525);
#521 = LINE('',#522,#523);
#522 = CARTESIAN_POINT('',(0.,87.1));
#523 = VECTOR('',#524,1.);
#524 = DIRECTION('',(1.,0.));
#525 = ( GEOMETRIC_REPRESENTATION_CONTEXT(2) 
PARAMETRIC_REPRESENTATION_CONTEXT() REPRESENTATION_CONTEXT('2D SPACE',''
  ) );
#526 = FACE_BOUND('',#527,.T.);
#527 = EDGE_LOOP('',(#528));
#528 = ORIENTED_EDGE('',*,*,#529,.F.);
#529 = EDGE_CURVE('',#530,#530,#532,.T.);
#530 = VERTEX_POINT('',#531);
#531 = CARTESIAN_POINT('',(-20.2,38.55,8.49));
#532 = SURFACE_CURVE('',#533,(#538,#545),.PCURVE_S1.);
#533 = CIRCLE('',#534,2.65);
#534 = AXIS2_PLACEMENT_3D('',#535,#536,#537);
#535 = CARTESIAN_POINT('',(-17.55,38.55,8.49));
#536 = DIRECTION('',(0.,1.,0.));
#537 = DIRECTION('',(-1.,0.,0.));
#538 = PCURVE('',#100,#539);
#539 = DEFINITIONAL_REPRESENTATION('',(#540),#544);
#540 = CIRCLE('',#541,2.65);
#541 = AXIS2_PLACEMENT_2D('',#542,#543);
#542 = CARTESIAN_POINT('',(26.89,12.45));
#543 = DIRECTION('',(0.,-1.));
#544 = ( GEOMETRIC_REPRESENTATION_CONTEXT(2) 
PARAMETRIC_REPRESENTATION_CONTEXT() REPRESENTATION_CONTEXT('2D SPACE',''
  ) );
#545 = PCURVE('',#546,#551);
#546 = CYLINDRICAL_SURFACE('',#547,2.65);
#547 = AXIS2_PLACEMENT_3D('',#548,#549,#550);
#548 = CARTESIAN_POINT('',(-17.55,-48.55,8.49));
#549 = DIRECTION('',(0.,1.,0.));
#550 = DIRECTION('',(-1.,0.,0.));
#551 = DEFINITIONAL_REPRESENTATION('',(#552),#556);
#552 = LINE('',#553,#554);
#553 = CARTESIAN_POINT('',(0.,87.1));
#554 = VECTOR('',#555,1.);
#555 = DIRECTION('',(1.,0.));
#556 = ( GEOMETRIC_REPRESENTATION_CONTEXT(2) 
PARAMETRIC_REPRESENTATION_CONTEXT() REPRESENTATION_CONTEXT('2D SPACE',''
  ) );
#557 = FACE_BOUND('',#558,.T.);
#558 = EDGE_LOOP('',(#559));
#559 = ORIENTED_EDGE('',*,*,#560,.F.);
#560 = EDGE_CURVE('',#561,#561,#563,.T.);
#561 = VERTEX_POINT('',#562);
#562 = CARTESIAN_POINT('',(14.9,38.55,-8.49));
#563 = SURFACE_CURVE('',#564,(#569,#576),.PCURVE_S1.);
#564 = CIRCLE('',#565,2.65);
#565 = AXIS2_PLACEMENT_3D('',#566,#567,#568);
#566 = CARTESIAN_POINT('',(17.55,38.55,-8.49));
#567 = DIRECTION('',(0.,1.,0.));
#568 = DIRECTION('',(-1.,0.,0.));
#569 = PCURVE('',#100,#570);
#570 = DEFINITIONAL_REPRESENTATION('',(#571),#575);
#571 = CIRCLE('',#572,2.65);
#572 = AXIS2_PLACEMENT_2D('',#573,#574);
#573 = CARTESIAN_POINT('',(9.91,47.55));
#574 = DIRECTION('',(0.,-1.));
#575 = ( GEOMETRIC_REPRESENTATION_CONTEXT(2) 
PARAMETRIC_REPRESENTATION_CONTEXT() REPRESENTATION_CONTEXT('2D SPACE',''
  ) );
#576 = PCURVE('',#577,#582);
#577 = CYLINDRICAL_SURFACE('',#578,2.65);
#578 = AXIS2_PLACEMENT_3D('',#579,#580,#581);
#579 = CARTESIAN_POINT('',(17.55,-48.55,-8.49));
#580 = DIRECTION('',(0.,1.,0.));
#581 = DIRECTION('',(-1.,0.,0.));
#582 = DEFINITIONAL_REPRESENTATION('',(#583),#587);
#583 = LINE('',#584,#585);
#584 = CARTESIAN_POINT('',(0.,87.1));
#585 = VECTOR('',#586,1.);
#586 = DIRECTION('',(1.,0.));
#587 = ( GEOMETRIC_REPRESENTATION_CONTEXT(2) 
PARAMETRIC_REPRESENTATION_CONTEXT() REPRESENTATION_CONTEXT('2D SPACE',''
  ) );
#588 = FACE_BOUND('',#589,.T.);
#589 = EDGE_LOOP('',(#590));
#590 = ORIENTED_EDGE('',*,*,#591,.F.);
#591 = EDGE_CURVE('',#592,#592,#594,.T.);
#592 = VERTEX_POINT('',#593);
#593 = CARTESIAN_POINT('',(14.9,38.55,8.49));
#594 = SURFACE_CURVE('',#595,(#600,#607),.PCURVE_S1.);
#595 = CIRCLE('',#596,2.65);
#596 = AXIS2_PLACEMENT_3D('',#597,#598,#599);
#597 = CARTESIAN_POINT('',(17.55,38.55,8.49));
#598 = DIRECTION('',(0.,1.,0.));
#599 = DIRECTION('',(-1.,0.,0.));
#600 = PCURVE('',#100,#601);
#601 = DEFINITIONAL_REPRESENTATION('',(#602),#606);
#602 = CIRCLE('',#603,2.65);
#603 = AXIS2_PLACEMENT_2D('',#604,#605);
#604 = CARTESIAN_POINT('',(26.89,47.55));
#605 = DIRECTION('',(0.,-1.));
#606 = ( GEOMETRIC_REPRESENTATION_CONTEXT(2) 
PARAMETRIC_REPRESENTATION_CONTEXT() REPRESENTATION_CONTEXT('2D SPACE',''
  ) );
#607 = PCURVE('',#608,#613);
#608 = CYLINDRICAL_SURFACE('',#609,2.65);
#609 = AXIS2_PLACEMENT_3D('',#610,#611,#612);
#610 = CARTESIAN_POINT('',(17.55,-48.55,8.49));
#611 = DIRECTION('',(0.,1.,0.));
#612 = DIRECTION('',(-1.,0.,0.));
#613 = DEFINITIONAL_REPRESENTATION('',(#614),#618);
#614 = LINE('',#615,#616);
#615 = CARTESIAN_POINT('',(0.,87.1));
#616 = VECTOR('',#617,1.);
#617 = DIRECTION('',(1.,0.));
#618 = ( GEOMETRIC_REPRESENTATION_CONTEXT(2) 
PARAMETRIC_REPRESENTATION_CONTEXT() REPRESENTATION_CONTEXT('2D SPACE',''
  ) );
#619 = ADVANCED_FACE('',(#620,#646,#676),#72,.F.);
#620 = FACE_BOUND('',#621,.F.);
#621 = EDGE_LOOP('',(#622,#623,#624,#645));
#622 = ORIENTED_EDGE('',*,*,#56,.F.);
#623 = ORIENTED_EDGE('',*,*,#141,.T.);
#624 = ORIENTED_EDGE('',*,*,#625,.T.);
#625 = EDGE_CURVE('',#142,#451,#626,.T.);
#626 = SURFACE_CURVE('',#627,(#631,#638),.PCURVE_S1.);
#627 = LINE('',#628,#629);
#628 = CARTESIAN_POINT('',(30.,-38.55,-18.4));
#629 = VECTOR('',#630,1.);
#630 = DIRECTION('',(0.,1.,0.));
#631 = PCURVE('',#72,#632);
#632 = DEFINITIONAL_REPRESENTATION('',(#633),#637);
#633 = LINE('',#634,#635);
#634 = CARTESIAN_POINT('',(60.,0.));
#635 = VECTOR('',#636,1.);
#636 = DIRECTION('',(0.,1.));
#637 = ( GEOMETRIC_REPRESENTATION_CONTEXT(2) 
PARAMETRIC_REPRESENTATION_CONTEXT() REPRESENTATION_CONTEXT('2D SPACE',''
  ) );
#638 = PCURVE('',#202,#639);
#639 = DEFINITIONAL_REPRESENTATION('',(#640),#644);
#640 = LINE('',#641,#642);
#641 = CARTESIAN_POINT('',(0.,0.));
#642 = VECTOR('',#643,1.);
#643 = DIRECTION('',(0.,-1.));
#644 = ( GEOMETRIC_REPRESENTATION_CONTEXT(2) 
PARAMETRIC_REPRESENTATION_CONTEXT() REPRESENTATION_CONTEXT('2D SPACE',''
  ) );
#645 = ORIENTED_EDGE('',*,*,#450,.F.);
#646 = FACE_BOUND('',#647,.F.);
#647 = EDGE_LOOP('',(#648));
#648 = ORIENTED_EDGE('',*,*,#649,.T.);
#649 = EDGE_CURVE('',#650,#650,#652,.T.);
#650 = VERTEX_POINT('',#651);
#651 = CARTESIAN_POINT('',(-26.25,-21.565,-18.4));
#652 = SURFACE_CURVE('',#653,(#658,#669),.PCURVE_S1.);
#653 = CIRCLE('',#654,5.25);
#654 = AXIS2_PLACEMENT_3D('',#655,#656,#657);
#655 = CARTESIAN_POINT('',(-21.,-21.565,-18.4));
#656 = DIRECTION('',(0.,0.,-1.));
#657 = DIRECTION('',(-1.,0.,0.));
#658 = PCURVE('',#72,#659);
#659 = DEFINITIONAL_REPRESENTATION('',(#660),#668);
#660 = ( BOUNDED_CURVE() B_SPLINE_CURVE(2,(#661,#662,#663,#664,#665,#666
,#667),.UNSPECIFIED.,.T.,.F.) B_SPLINE_CURVE_WITH_KNOTS((1,2,2,2,2,1),(
    -2.094395102393,0.,2.094395102393,4.188790204786,6.28318530718,
8.377580409573),.UNSPECIFIED.) CURVE() GEOMETRIC_REPRESENTATION_ITEM() 
RATIONAL_B_SPLINE_CURVE((1.,0.5,1.,0.5,1.,0.5,1.)) REPRESENTATION_ITEM(
  '') );
#661 = CARTESIAN_POINT('',(3.75,16.985));
#662 = CARTESIAN_POINT('',(3.75,26.078266739737));
#663 = CARTESIAN_POINT('',(11.625,21.531633369868));
#664 = CARTESIAN_POINT('',(19.5,16.985));
#665 = CARTESIAN_POINT('',(11.625,12.438366630132));
#666 = CARTESIAN_POINT('',(3.75,7.891733260263));
#667 = CARTESIAN_POINT('',(3.75,16.985));
#668 = ( GEOMETRIC_REPRESENTATION_CONTEXT(2) 
PARAMETRIC_REPRESENTATION_CONTEXT() REPRESENTATION_CONTEXT('2D SPACE',''
  ) );
#669 = PCURVE('',#400,#670);
#670 = DEFINITIONAL_REPRESENTATION('',(#671),#675);
#671 = LINE('',#672,#673);
#672 = CARTESIAN_POINT('',(0.,36.8));
#673 = VECTOR('',#674,1.);
#674 = DIRECTION('',(1.,0.));
#675 = ( GEOMETRIC_REPRESENTATION_CONTEXT(2) 
PARAMETRIC_REPRESENTATION_CONTEXT() REPRESENTATION_CONTEXT('2D SPACE',''
  ) );
#676 = FACE_BOUND('',#677,.F.);
#677 = EDGE_LOOP('',(#678));
#678 = ORIENTED_EDGE('',*,*,#679,.T.);
#679 = EDGE_CURVE('',#680,#680,#682,.T.);
#680 = VERTEX_POINT('',#681);
#681 = CARTESIAN_POINT('',(15.75,-21.565,-18.4));
#682 = SURFACE_CURVE('',#683,(#688,#699),.PCURVE_S1.);
#683 = CIRCLE('',#684,5.25);
#684 = AXIS2_PLACEMENT_3D('',#685,#686,#687);
#685 = CARTESIAN_POINT('',(21.,-21.565,-18.4));
#686 = DIRECTION('',(0.,0.,-1.));
#687 = DIRECTION('',(-1.,0.,0.));
#688 = PCURVE('',#72,#689);
#689 = DEFINITIONAL_REPRESENTATION('',(#690),#698);
#690 = ( BOUNDED_CURVE() B_SPLINE_CURVE(2,(#691,#692,#693,#694,#695,#696
,#697),.UNSPECIFIED.,.T.,.F.) B_SPLINE_CURVE_WITH_KNOTS((1,2,2,2,2,1),(
    -2.094395102393,0.,2.094395102393,4.188790204786,6.28318530718,
8.377580409573),.UNSPECIFIED.) CURVE() GEOMETRIC_REPRESENTATION_ITEM() 
RATIONAL_B_SPLINE_CURVE((1.,0.5,1.,0.5,1.,0.5,1.)) REPRESENTATION_ITEM(
  '') );
#691 = CARTESIAN_POINT('',(45.75,16.985));
#692 = CARTESIAN_POINT('',(45.75,26.078266739737));
#693 = CARTESIAN_POINT('',(53.625,21.531633369868));
#694 = CARTESIAN_POINT('',(61.5,16.985));
#695 = CARTESIAN_POINT('',(53.625,12.438366630132));
#696 = CARTESIAN_POINT('',(45.75,7.891733260263));
#697 = CARTESIAN_POINT('',(45.75,16.985));
#698 = ( GEOMETRIC_REPRESENTATION_CONTEXT(2) 
PARAMETRIC_REPRESENTATION_CONTEXT() REPRESENTATION_CONTEXT('2D SPACE',''
  ) );
#699 = PCURVE('',#435,#700);
#700 = DEFINITIONAL_REPRESENTATION('',(#701),#705);
#701 = LINE('',#702,#703);
#702 = CARTESIAN_POINT('',(0.,36.8));
#703 = VECTOR('',#704,1.);
#704 = DIRECTION('',(1.,0.));
#705 = ( GEOMETRIC_REPRESENTATION_CONTEXT(2) 
PARAMETRIC_REPRESENTATION_CONTEXT() REPRESENTATION_CONTEXT('2D SPACE',''
  ) );
#706 = ADVANCED_FACE('',(#707),#202,.T.);
#707 = FACE_BOUND('',#708,.T.);
#708 = EDGE_LOOP('',(#709,#710,#711,#712));
#709 = ORIENTED_EDGE('',*,*,#188,.F.);
#710 = ORIENTED_EDGE('',*,*,#625,.T.);
#711 = ORIENTED_EDGE('',*,*,#475,.T.);
#712 = ORIENTED_EDGE('',*,*,#333,.F.);
#713 = ADVANCED_FACE('',(#714),#234,.F.);
#714 = FACE_BOUND('',#715,.F.);
#715 = EDGE_LOOP('',(#716,#739,#767,#788));
#716 = ORIENTED_EDGE('',*,*,#717,.T.);
#717 = EDGE_CURVE('',#217,#718,#720,.T.);
#718 = VERTEX_POINT('',#719);
#719 = CARTESIAN_POINT('',(-29.25,-48.55,14.15));
#720 = SURFACE_CURVE('',#721,(#725,#732),.PCURVE_S1.);
#721 = LINE('',#722,#723);
#722 = CARTESIAN_POINT('',(-29.25,-38.55,14.15));
#723 = VECTOR('',#724,1.);
#724 = DIRECTION('',(-0.,-1.,-0.));
#725 = PCURVE('',#234,#726);
#726 = DEFINITIONAL_REPRESENTATION('',(#727),#731);
#727 = LINE('',#728,#729);
#728 = CARTESIAN_POINT('',(0.,0.));
#729 = VECTOR('',#730,1.);
#730 = DIRECTION('',(0.,-1.));
#731 = ( GEOMETRIC_REPRESENTATION_CONTEXT(2) 
PARAMETRIC_REPRESENTATION_CONTEXT() REPRESENTATION_CONTEXT('2D SPACE',''
  ) );
#732 = PCURVE('',#316,#733);
#733 = DEFINITIONAL_REPRESENTATION('',(#734),#738);
#734 = LINE('',#735,#736);
#735 = CARTESIAN_POINT('',(58.5,0.));
#736 = VECTOR('',#737,1.);
#737 = DIRECTION('',(0.,-1.));
#738 = ( GEOMETRIC_REPRESENTATION_CONTEXT(2) 
PARAMETRIC_REPRESENTATION_CONTEXT() REPRESENTATION_CONTEXT('2D SPACE',''
  ) );
#739 = ORIENTED_EDGE('',*,*,#740,.T.);
#740 = EDGE_CURVE('',#718,#741,#743,.T.);
#741 = VERTEX_POINT('',#742);
#742 = CARTESIAN_POINT('',(-29.25,-48.55,-14.15));
#743 = SURFACE_CURVE('',#744,(#748,#755),.PCURVE_S1.);
#744 = LINE('',#745,#746);
#745 = CARTESIAN_POINT('',(-29.25,-48.55,14.15));
#746 = VECTOR('',#747,1.);
#747 = DIRECTION('',(0.,-0.,-1.));
#748 = PCURVE('',#234,#749);
#749 = DEFINITIONAL_REPRESENTATION('',(#750),#754);
#750 = LINE('',#751,#752);
#751 = CARTESIAN_POINT('',(0.,-10.));
#752 = VECTOR('',#753,1.);
#753 = DIRECTION('',(1.,0.));
#754 = ( GEOMETRIC_REPRESENTATION_CONTEXT(2) 
PARAMETRIC_REPRESENTATION_CONTEXT() REPRESENTATION_CONTEXT('2D SPACE',''
  ) );
#755 = PCURVE('',#756,#761);
#756 = PLANE('',#757);
#757 = AXIS2_PLACEMENT_3D('',#758,#759,#760);
#758 = CARTESIAN_POINT('',(6.548780974747E-16,-48.55,0.));
#759 = DIRECTION('',(-0.,-1.,-0.));
#760 = DIRECTION('',(0.,0.,-1.));
#761 = DEFINITIONAL_REPRESENTATION('',(#762),#766);
#762 = LINE('',#763,#764);
#763 = CARTESIAN_POINT('',(-14.15,-29.25));
#764 = VECTOR('',#765,1.);
#765 = DIRECTION('',(1.,0.));
#766 = ( GEOMETRIC_REPRESENTATION_CONTEXT(2) 
PARAMETRIC_REPRESENTATION_CONTEXT() REPRESENTATION_CONTEXT('2D SPACE',''
  ) );
#767 = ORIENTED_EDGE('',*,*,#768,.F.);
#768 = EDGE_CURVE('',#219,#741,#769,.T.);
#769 = SURFACE_CURVE('',#770,(#774,#781),.PCURVE_S1.);
#770 = LINE('',#771,#772);
#771 = CARTESIAN_POINT('',(-29.25,-38.55,-14.15));
#772 = VECTOR('',#773,1.);
#773 = DIRECTION('',(-0.,-1.,-0.));
#774 = PCURVE('',#234,#775);
#775 = DEFINITIONAL_REPRESENTATION('',(#776),#780);
#776 = LINE('',#777,#778);
#777 = CARTESIAN_POINT('',(28.3,0.));
#778 = VECTOR('',#779,1.);
#779 = DIRECTION('',(0.,-1.));
#780 = ( GEOMETRIC_REPRESENTATION_CONTEXT(2) 
PARAMETRIC_REPRESENTATION_CONTEXT() REPRESENTATION_CONTEXT('2D SPACE',''
  ) );
#781 = PCURVE('',#262,#782);
#782 = DEFINITIONAL_REPRESENTATION('',(#783),#787);
#783 = LINE('',#784,#785);
#784 = CARTESIAN_POINT('',(0.,0.));
#785 = VECTOR('',#786,1.);
#786 = DIRECTION('',(0.,-1.));
#787 = ( GEOMETRIC_REPRESENTATION_CONTEXT(2) 
PARAMETRIC_REPRESENTATION_CONTEXT() REPRESENTATION_CONTEXT('2D SPACE',''
  ) );
#788 = ORIENTED_EDGE('',*,*,#216,.F.);
#789 = ADVANCED_FACE('',(#790),#316,.F.);
#790 = FACE_BOUND('',#791,.F.);
#791 = EDGE_LOOP('',(#792,#815,#836,#837));
#792 = ORIENTED_EDGE('',*,*,#793,.T.);
#793 = EDGE_CURVE('',#275,#794,#796,.T.);
#794 = VERTEX_POINT('',#795);
#795 = CARTESIAN_POINT('',(29.25,-48.55,14.15));
#796 = SURFACE_CURVE('',#797,(#801,#808),.PCURVE_S1.);
#797 = LINE('',#798,#799);
#798 = CARTESIAN_POINT('',(29.25,-38.55,14.15));
#799 = VECTOR('',#800,1.);
#800 = DIRECTION('',(-0.,-1.,-0.));
#801 = PCURVE('',#316,#802);
#802 = DEFINITIONAL_REPRESENTATION('',(#803),#807);
#803 = LINE('',#804,#805);
#804 = CARTESIAN_POINT('',(0.,0.));
#805 = VECTOR('',#806,1.);
#806 = DIRECTION('',(0.,-1.));
#807 = ( GEOMETRIC_REPRESENTATION_CONTEXT(2) 
PARAMETRIC_REPRESENTATION_CONTEXT() REPRESENTATION_CONTEXT('2D SPACE',''
  ) );
#808 = PCURVE('',#290,#809);
#809 = DEFINITIONAL_REPRESENTATION('',(#810),#814);
#810 = LINE('',#811,#812);
#811 = CARTESIAN_POINT('',(28.3,0.));
#812 = VECTOR('',#813,1.);
#813 = DIRECTION('',(0.,-1.));
#814 = ( GEOMETRIC_REPRESENTATION_CONTEXT(2) 
PARAMETRIC_REPRESENTATION_CONTEXT() REPRESENTATION_CONTEXT('2D SPACE',''
  ) );
#815 = ORIENTED_EDGE('',*,*,#816,.T.);
#816 = EDGE_CURVE('',#794,#718,#817,.T.);
#817 = SURFACE_CURVE('',#818,(#822,#829),.PCURVE_S1.);
#818 = LINE('',#819,#820);
#819 = CARTESIAN_POINT('',(29.25,-48.55,14.15));
#820 = VECTOR('',#821,1.);
#821 = DIRECTION('',(-1.,0.,0.));
#822 = PCURVE('',#316,#823);
#823 = DEFINITIONAL_REPRESENTATION('',(#824),#828);
#824 = LINE('',#825,#826);
#825 = CARTESIAN_POINT('',(0.,-10.));
#826 = VECTOR('',#827,1.);
#827 = DIRECTION('',(1.,0.));
#828 = ( GEOMETRIC_REPRESENTATION_CONTEXT(2) 
PARAMETRIC_REPRESENTATION_CONTEXT() REPRESENTATION_CONTEXT('2D SPACE',''
  ) );
#829 = PCURVE('',#756,#830);
#830 = DEFINITIONAL_REPRESENTATION('',(#831),#835);
#831 = LINE('',#832,#833);
#832 = CARTESIAN_POINT('',(-14.15,29.25));
#833 = VECTOR('',#834,1.);
#834 = DIRECTION('',(0.,-1.));
#835 = ( GEOMETRIC_REPRESENTATION_CONTEXT(2) 
PARAMETRIC_REPRESENTATION_CONTEXT() REPRESENTATION_CONTEXT('2D SPACE',''
  ) );
#836 = ORIENTED_EDGE('',*,*,#717,.F.);
#837 = ORIENTED_EDGE('',*,*,#302,.F.);
#838 = ADVANCED_FACE('',(#839),#290,.F.);
#839 = FACE_BOUND('',#840,.F.);
#840 = EDGE_LOOP('',(#841,#864,#885,#886));
#841 = ORIENTED_EDGE('',*,*,#842,.T.);
#842 = EDGE_CURVE('',#247,#843,#845,.T.);
#843 = VERTEX_POINT('',#844);
#844 = CARTESIAN_POINT('',(29.25,-48.55,-14.15));
#845 = SURFACE_CURVE('',#846,(#850,#857),.PCURVE_S1.);
#846 = LINE('',#847,#848);
#847 = CARTESIAN_POINT('',(29.25,-38.55,-14.15));
#848 = VECTOR('',#849,1.);
#849 = DIRECTION('',(-0.,-1.,-0.));
#850 = PCURVE('',#290,#851);
#851 = DEFINITIONAL_REPRESENTATION('',(#852),#856);
#852 = LINE('',#853,#854);
#853 = CARTESIAN_POINT('',(0.,0.));
#854 = VECTOR('',#855,1.);
#855 = DIRECTION('',(0.,-1.));
#856 = ( GEOMETRIC_REPRESENTATION_CONTEXT(2) 
PARAMETRIC_REPRESENTATION_CONTEXT() REPRESENTATION_CONTEXT('2D SPACE',''
  ) );
#857 = PCURVE('',#262,#858);
#858 = DEFINITIONAL_REPRESENTATION('',(#859),#863);
#859 = LINE('',#860,#861);
#860 = CARTESIAN_POINT('',(58.5,0.));
#861 = VECTOR('',#862,1.);
#862 = DIRECTION('',(0.,-1.));
#863 = ( GEOMETRIC_REPRESENTATION_CONTEXT(2) 
PARAMETRIC_REPRESENTATION_CONTEXT() REPRESENTATION_CONTEXT('2D SPACE',''
  ) );
#864 = ORIENTED_EDGE('',*,*,#865,.T.);
#865 = EDGE_CURVE('',#843,#794,#866,.T.);
#866 = SURFACE_CURVE('',#867,(#871,#878),.PCURVE_S1.);
#867 = LINE('',#868,#869);
#868 = CARTESIAN_POINT('',(29.25,-48.55,-14.15));
#869 = VECTOR('',#870,1.);
#870 = DIRECTION('',(0.,0.,1.));
#871 = PCURVE('',#290,#872);
#872 = DEFINITIONAL_REPRESENTATION('',(#873),#877);
#873 = LINE('',#874,#875);
#874 = CARTESIAN_POINT('',(0.,-10.));
#875 = VECTOR('',#876,1.);
#876 = DIRECTION('',(1.,0.));
#877 = ( GEOMETRIC_REPRESENTATION_CONTEXT(2) 
PARAMETRIC_REPRESENTATION_CONTEXT() REPRESENTATION_CONTEXT('2D SPACE',''
  ) );
#878 = PCURVE('',#756,#879);
#879 = DEFINITIONAL_REPRESENTATION('',(#880),#884);
#880 = LINE('',#881,#882);
#881 = CARTESIAN_POINT('',(14.15,29.25));
#882 = VECTOR('',#883,1.);
#883 = DIRECTION('',(-1.,0.));
#884 = ( GEOMETRIC_REPRESENTATION_CONTEXT(2) 
PARAMETRIC_REPRESENTATION_CONTEXT() REPRESENTATION_CONTEXT('2D SPACE',''
  ) );
#885 = ORIENTED_EDGE('',*,*,#793,.F.);
#886 = ORIENTED_EDGE('',*,*,#274,.F.);
#887 = ADVANCED_FACE('',(#888),#262,.F.);
#888 = FACE_BOUND('',#889,.F.);
#889 = EDGE_LOOP('',(#890,#891,#912,#913));
#890 = ORIENTED_EDGE('',*,*,#768,.T.);
#891 = ORIENTED_EDGE('',*,*,#892,.T.);
#892 = EDGE_CURVE('',#741,#843,#893,.T.);
#893 = SURFACE_CURVE('',#894,(#898,#905),.PCURVE_S1.);
#894 = LINE('',#895,#896);
#895 = CARTESIAN_POINT('',(-29.25,-48.55,-14.15));
#896 = VECTOR('',#897,1.);
#897 = DIRECTION('',(1.,0.,0.));
#898 = PCURVE('',#262,#899);
#899 = DEFINITIONAL_REPRESENTATION('',(#900),#904);
#900 = LINE('',#901,#902);
#901 = CARTESIAN_POINT('',(0.,-10.));
#902 = VECTOR('',#903,1.);
#903 = DIRECTION('',(1.,0.));
#904 = ( GEOMETRIC_REPRESENTATION_CONTEXT(2) 
PARAMETRIC_REPRESENTATION_CONTEXT() REPRESENTATION_CONTEXT('2D SPACE',''
  ) );
#905 = PCURVE('',#756,#906);
#906 = DEFINITIONAL_REPRESENTATION('',(#907),#911);
#907 = LINE('',#908,#909);
#908 = CARTESIAN_POINT('',(14.15,-29.25));
#909 = VECTOR('',#910,1.);
#910 = DIRECTION('',(0.,1.));
#911 = ( GEOMETRIC_REPRESENTATION_CONTEXT(2) 
PARAMETRIC_REPRESENTATION_CONTEXT() REPRESENTATION_CONTEXT('2D SPACE',''
  ) );
#912 = ORIENTED_EDGE('',*,*,#842,.F.);
#913 = ORIENTED_EDGE('',*,*,#246,.F.);
#914 = ADVANCED_FACE('',(#915,#941,#1541),#400,.F.);
#915 = FACE_BOUND('',#916,.F.);
#916 = EDGE_LOOP('',(#917,#918,#939,#940));
#917 = ORIENTED_EDGE('',*,*,#649,.F.);
#918 = ORIENTED_EDGE('',*,*,#919,.F.);
#919 = EDGE_CURVE('',#380,#650,#920,.T.);
#920 = SEAM_CURVE('',#921,(#925,#932),.PCURVE_S1.);
#921 = LINE('',#922,#923);
#922 = CARTESIAN_POINT('',(-26.25,-21.565,18.4));
#923 = VECTOR('',#924,1.);
#924 = DIRECTION('',(0.,0.,-1.));
#925 = PCURVE('',#400,#926);
#926 = DEFINITIONAL_REPRESENTATION('',(#927),#931);
#927 = LINE('',#928,#929);
#928 = CARTESIAN_POINT('',(6.28318530718,-0.));
#929 = VECTOR('',#930,1.);
#930 = DIRECTION('',(0.,1.));
#931 = ( GEOMETRIC_REPRESENTATION_CONTEXT(2) 
PARAMETRIC_REPRESENTATION_CONTEXT() REPRESENTATION_CONTEXT('2D SPACE',''
  ) );
#932 = PCURVE('',#400,#933);
#933 = DEFINITIONAL_REPRESENTATION('',(#934),#938);
#934 = LINE('',#935,#936);
#935 = CARTESIAN_POINT('',(0.,-0.));
#936 = VECTOR('',#937,1.);
#937 = DIRECTION('',(0.,1.));
#938 = ( GEOMETRIC_REPRESENTATION_CONTEXT(2) 
PARAMETRIC_REPRESENTATION_CONTEXT() REPRESENTATION_CONTEXT('2D SPACE',''
  ) );
#939 = ORIENTED_EDGE('',*,*,#379,.T.);
#940 = ORIENTED_EDGE('',*,*,#919,.T.);
#941 = FACE_BOUND('',#942,.F.);
#942 = EDGE_LOOP('',(#943,#1253));
#943 = ORIENTED_EDGE('',*,*,#944,.F.);
#944 = EDGE_CURVE('',#945,#947,#949,.T.);
#945 = VERTEX_POINT('',#946);
#946 = CARTESIAN_POINT('',(-20.2,-16.37631037736,8.49));
#947 = VERTEX_POINT('',#948);
#948 = CARTESIAN_POINT('',(-20.2,-26.75368962263,8.49));
#949 = SURFACE_CURVE('',#950,(#1049,#1151),.PCURVE_S1.);
#950 = B_SPLINE_CURVE_WITH_KNOTS('',7,(#951,#952,#953,#954,#955,#956,
    #957,#958,#959,#960,#961,#962,#963,#964,#965,#966,#967,#968,#969,
    #970,#971,#972,#973,#974,#975,#976,#977,#978,#979,#980,#981,#982,
    #983,#984,#985,#986,#987,#988,#989,#990,#991,#992,#993,#994,#995,
    #996,#997,#998,#999,#1000,#1001,#1002,#1003,#1004,#1005,#1006,#1007,
    #1008,#1009,#1010,#1011,#1012,#1013,#1014,#1015,#1016,#1017,#1018,
    #1019,#1020,#1021,#1022,#1023,#1024,#1025,#1026,#1027,#1028,#1029,
    #1030,#1031,#1032,#1033,#1034,#1035,#1036,#1037,#1038,#1039,#1040,
    #1041,#1042,#1043,#1044,#1045,#1046,#1047,#1048),.UNSPECIFIED.,.F.,
  .F.,(8,6,6,6,6,6,6,6,6,6,6,6,6,6,6,6,8),(0.,0.10823481108,0.1315573154
    ,0.171941525344,0.218170524241,0.281995187181,0.371681685663,
    0.438408006684,0.499502392684,0.560596778684,0.627323099706,
    0.752658917936,0.795450780399,0.827404455578,0.855349477264,
    0.891345731114,1.),.UNSPECIFIED.);
#951 = CARTESIAN_POINT('',(-20.2,-16.37631037736,8.49));
#952 = CARTESIAN_POINT('',(-20.2,-16.37631037736,8.744177761886));
#953 = CARTESIAN_POINT('',(-20.17155755242,-16.38069612543,
    8.998755333814));
#954 = CARTESIAN_POINT('',(-20.1145081992,-16.38949109844,9.251376956584
    ));
#955 = CARTESIAN_POINT('',(-20.02835769103,-16.40377876375,
    9.499491757401));
#956 = CARTESIAN_POINT('',(-19.91241618472,-16.42571577278,
    9.740065435403));
#957 = CARTESIAN_POINT('',(-19.76605102733,-16.4587650678,9.969327614079
    ));
#958 = CARTESIAN_POINT('',(-19.55091958651,-16.51879016093,
    10.228501200071));
#959 = CARTESIAN_POINT('',(-19.5113901959,-16.530181193,10.273665367488)
  );
#960 = CARTESIAN_POINT('',(-19.47049563546,-16.54236551687,
    10.317973998848));
#961 = CARTESIAN_POINT('',(-19.42826569093,-16.55538790159,
    10.361357243425));
#962 = CARTESIAN_POINT('',(-19.38473395597,-16.56929409262,
    10.403748727738));
#963 = CARTESIAN_POINT('',(-19.33993753509,-16.58413053826,
    10.445085519561));
#964 = CARTESIAN_POINT('',(-19.21422919793,-16.6273262029,
    10.554955707137));
#965 = CARTESIAN_POINT('',(-19.13078091129,-16.65766861661,
    10.621340987324));
#966 = CARTESIAN_POINT('',(-19.04397776206,-16.69115483209,
    10.683956799694));
#967 = CARTESIAN_POINT('',(-18.95428371335,-16.72793709652,
    10.742403940198));
#968 = CARTESIAN_POINT('',(-18.86220474679,-16.76812454854,
    10.796386919602));
#969 = CARTESIAN_POINT('',(-18.76827279348,-16.81177133749,
    10.845709749558));
#970 = CARTESIAN_POINT('',(-18.56400204042,-16.91277395571,
    10.941283143451));
#971 = CARTESIAN_POINT('',(-18.45359681134,-16.97103142081,
    10.985896333984));
#972 = CARTESIAN_POINT('',(-18.34263138411,-17.03357699315,
    11.024038126829));
#973 = CARTESIAN_POINT('',(-18.23193081294,-17.10023546552,
    11.055787371921));
#974 = CARTESIAN_POINT('',(-18.12231449589,-17.17069815817,
    11.081363160456));
#975 = CARTESIAN_POINT('',(-18.01458287091,-17.24450450854,
    11.101113042761));
#976 = CARTESIAN_POINT('',(-17.76443031513,-17.4266675046,
    11.135365882101));
#977 = CARTESIAN_POINT('',(-17.62439962285,-17.53749275594,
    11.14501253219));
#978 = CARTESIAN_POINT('',(-17.48999959962,-17.65288843341,
    11.145855358942));
#979 = CARTESIAN_POINT('',(-17.36162963981,-17.77221379156,
    11.139176923178));
#980 = CARTESIAN_POINT('',(-17.2395542267,-17.89481721094,
    11.126158118963));
#981 = CARTESIAN_POINT('',(-17.12393686165,-18.02004429002,
    11.107895147088));
#982 = CARTESIAN_POINT('',(-16.86157221741,-18.325963884,11.053798273727
    ));
#983 = CARTESIAN_POINT('',(-16.72056383555,-18.50930591422,
    11.013713718604));
#984 = CARTESIAN_POINT('',(-16.59147622126,-18.69637166791,
    10.967685106912));
#985 = CARTESIAN_POINT('',(-16.47380814924,-18.88655574447,10.9177580077
    ));
#986 = CARTESIAN_POINT('',(-16.3670223054,-19.0795453236,10.865652024755
    ));
#987 = CARTESIAN_POINT('',(-16.27063921265,-19.27532074474,
    10.81290402761));
#988 = CARTESIAN_POINT('',(-16.12008713813,-19.62207494698,
    10.722367788889));
#989 = CARTESIAN_POINT('',(-16.06144114347,-19.77166111578,
    10.684214909901));
#990 = CARTESIAN_POINT('',(-16.00832226344,-19.92280225453,
    10.647196605378));
#991 = CARTESIAN_POINT('',(-15.96069624976,-20.07541153094,
    10.611970737661));
#992 = CARTESIAN_POINT('',(-15.91854224565,-20.22943488636,
    10.579188365879));
#993 = CARTESIAN_POINT('',(-15.88185905501,-20.3848648147,
    10.549479671778));
#994 = CARTESIAN_POINT('',(-15.82213838214,-20.6853989163,
    10.499571612352));
#995 = CARTESIAN_POINT('',(-15.79818400908,-20.83040072948,10.4787591884
    ));
#996 = CARTESIAN_POINT('',(-15.77895250505,-20.97635144703,
    10.461520135636));
#997 = CARTESIAN_POINT('',(-15.76449687934,-21.12296383421,
    10.448282110318));
#998 = CARTESIAN_POINT('',(-15.75483960247,-21.27003738534,
    10.439344148781));
#999 = CARTESIAN_POINT('',(-15.75,-21.41742511749,10.434865033878));
#1000 = CARTESIAN_POINT('',(-15.75,-21.7125748825,10.434865033878));
#1001 = CARTESIAN_POINT('',(-15.75483960247,-21.85996261465,
    10.439344148781));
#1002 = CARTESIAN_POINT('',(-15.76449687934,-22.00703616578,
    10.448282110319));
#1003 = CARTESIAN_POINT('',(-15.77895250505,-22.15364855296,
    10.461520135636));
#1004 = CARTESIAN_POINT('',(-15.79818400908,-22.29959927051,
    10.4787591884));
#1005 = CARTESIAN_POINT('',(-15.82213838214,-22.44460108369,
    10.499571612352));
#1006 = CARTESIAN_POINT('',(-15.88185905501,-22.74513518529,
    10.549479671778));
#1007 = CARTESIAN_POINT('',(-15.91854224565,-22.90056511363,
    10.579188365879));
#1008 = CARTESIAN_POINT('',(-15.96069624976,-23.05458846905,
    10.611970737661));
#1009 = CARTESIAN_POINT('',(-16.00832226344,-23.20719774547,
    10.647196605378));
#1010 = CARTESIAN_POINT('',(-16.06144114347,-23.35833888421,
    10.684214909901));
#1011 = CARTESIAN_POINT('',(-16.12008713813,-23.50792505301,
    10.722367788889));
#1012 = CARTESIAN_POINT('',(-16.30495276227,-23.93371082996,
    10.833538879237));
#1013 = CARTESIAN_POINT('',(-16.4449514935,-24.20495762697,
    10.907548056478));
#1014 = CARTESIAN_POINT('',(-16.6054981246,-24.47132962029,
    10.979218925823));
#1015 = CARTESIAN_POINT('',(-16.78834195316,-24.73250176122,
    11.044446432529));
#1016 = CARTESIAN_POINT('',(-16.99496419637,-24.98675784016,
    11.097835479782));
#1017 = CARTESIAN_POINT('',(-17.22631116168,-25.23105965513,
    11.132515923238));
#1018 = CARTESIAN_POINT('',(-17.56862593518,-25.54016698526,
    11.141367398922));
#1019 = CARTESIAN_POINT('',(-17.65864462367,-25.61732695001,
    11.14035001061));
#1020 = CARTESIAN_POINT('',(-17.7513212987,-25.69261783697,
    11.135667595571));
#1021 = CARTESIAN_POINT('',(-17.84639197072,-25.76572747741,
    11.126937423131));
#1022 = CARTESIAN_POINT('',(-17.94356369634,-25.8363861371,
    11.113789246551));
#1023 = CARTESIAN_POINT('',(-18.0425148787,-25.9043660842,
    11.095865757078));
#1024 = CARTESIAN_POINT('',(-18.21785215422,-26.01810409082,
    11.055616505773));
#1025 = CARTESIAN_POINT('',(-18.29355123723,-26.06509429978,
    11.035567974651));
#1026 = CARTESIAN_POINT('',(-18.36970655796,-26.11028835038,
    11.012572895295));
#1027 = CARTESIAN_POINT('',(-18.44602544317,-26.15356161041,
    10.986560988067));
#1028 = CARTESIAN_POINT('',(-18.52221304942,-26.19482553056,
    10.957497965911));
#1029 = CARTESIAN_POINT('',(-18.59797660719,-26.23402492589,
    10.925387257214));
#1030 = CARTESIAN_POINT('',(-18.73866716419,-26.30359002222,
    10.859561514567));
#1031 = CARTESIAN_POINT('',(-18.80371606184,-26.33442463261,
    10.826574227164));
#1032 = CARTESIAN_POINT('',(-18.86798427062,-26.36362536585,
    10.791344944812));
#1033 = CARTESIAN_POINT('',(-18.93128241938,-26.39119561681,
    10.753932955535));
#1034 = CARTESIAN_POINT('',(-18.99342663976,-26.41715391753,
    10.714422541827));
#1035 = CARTESIAN_POINT('',(-19.05424135263,-26.44153195692,
    10.672923765437));
#1036 = CARTESIAN_POINT('',(-19.189973627,-26.49379385526,
    10.573733034956));
#1037 = CARTESIAN_POINT('',(-19.26386170638,-26.52064702349,
    10.514852882977));
#1038 = CARTESIAN_POINT('',(-19.33502496329,-26.54508454739,
    10.453125449031));
#1039 = CARTESIAN_POINT('',(-19.40327851233,-26.56726437443,
    10.388770448493));
#1040 = CARTESIAN_POINT('',(-19.46845769345,-26.58734668922,
    10.322035217444));
#1041 = CARTESIAN_POINT('',(-19.53042185331,-26.60549064553,
    10.253195270819));
#1042 = CARTESIAN_POINT('',(-19.76605102822,-26.67123493244,
    9.969327612999));
#1043 = CARTESIAN_POINT('',(-19.91241618306,-26.70428422677,
    9.740065438478));
#1044 = CARTESIAN_POINT('',(-20.02835769146,-26.72622123635,
    9.499491755136));
#1045 = CARTESIAN_POINT('',(-20.11450820033,-26.74050890185,
    9.251376954748));
#1046 = CARTESIAN_POINT('',(-20.17155755161,-26.74930387436,
    8.998755337416));
#1047 = CARTESIAN_POINT('',(-20.2,-26.75368962263,8.744177760241));
#1048 = CARTESIAN_POINT('',(-20.2,-26.75368962263,8.49));
#1049 = PCURVE('',#400,#1050);
#1050 = DEFINITIONAL_REPRESENTATION('',(#1051),#1150);
#1051 = B_SPLINE_CURVE_WITH_KNOTS('',7,(#1052,#1053,#1054,#1055,#1056,
    #1057,#1058,#1059,#1060,#1061,#1062,#1063,#1064,#1065,#1066,#1067,
    #1068,#1069,#1070,#1071,#1072,#1073,#1074,#1075,#1076,#1077,#1078,
    #1079,#1080,#1081,#1082,#1083,#1084,#1085,#1086,#1087,#1088,#1089,
    #1090,#1091,#1092,#1093,#1094,#1095,#1096,#1097,#1098,#1099,#1100,
    #1101,#1102,#1103,#1104,#1105,#1106,#1107,#1108,#1109,#1110,#1111,
    #1112,#1113,#1114,#1115,#1116,#1117,#1118,#1119,#1120,#1121,#1122,
    #1123,#1124,#1125,#1126,#1127,#1128,#1129,#1130,#1131,#1132,#1133,
    #1134,#1135,#1136,#1137,#1138,#1139,#1140,#1141,#1142,#1143,#1144,
    #1145,#1146,#1147,#1148,#1149),.UNSPECIFIED.,.F.,.F.,(8,6,6,6,6,6,6,
    6,6,6,6,6,6,6,6,6,8),(0.,0.10823481108,0.1315573154,0.171941525344,
    0.218170524241,0.281995187181,0.371681685663,0.438408006684,
    0.499502392684,0.560596778684,0.627323099706,0.752658917936,
    0.795450780399,0.827404455578,0.855349477264,0.891345731114,1.),
  .UNSPECIFIED.);
#1052 = CARTESIAN_POINT('',(1.723773240746,9.91));
#1053 = CARTESIAN_POINT('',(1.723773240746,9.655822238114));
#1054 = CARTESIAN_POINT('',(1.729255280374,9.401244666186));
#1055 = CARTESIAN_POINT('',(1.740248895031,9.148623043416));
#1056 = CARTESIAN_POINT('',(1.756883048374,8.900508242599));
#1057 = CARTESIAN_POINT('',(1.779345998293,8.659934564597));
#1058 = CARTESIAN_POINT('',(1.8078916282,8.430672385921));
#1059 = CARTESIAN_POINT('',(1.850434197999,8.171498799929));
#1060 = CARTESIAN_POINT('',(1.858269711144,8.126334632512));
#1061 = CARTESIAN_POINT('',(1.866396999328,8.082026001152));
#1062 = CARTESIAN_POINT('',(1.874813836378,8.038642756575));
#1063 = CARTESIAN_POINT('',(1.883517635987,7.996251272262));
#1064 = CARTESIAN_POINT('',(1.892505534,7.954914480439));
#1065 = CARTESIAN_POINT('',(1.917824148754,7.845044292863));
#1066 = CARTESIAN_POINT('',(1.93473457927,7.778659012676));
#1067 = CARTESIAN_POINT('',(1.952450525925,7.716043200306));
#1068 = CARTESIAN_POINT('',(1.970908131395,7.657596059802));
#1069 = CARTESIAN_POINT('',(1.990036573969,7.603613080398));
#1070 = CARTESIAN_POINT('',(2.009759724163,7.554290250442));
#1071 = CARTESIAN_POINT('',(2.053164926497,7.458716856549));
#1072 = CARTESIAN_POINT('',(2.076934475721,7.414103666016));
#1073 = CARTESIAN_POINT('',(2.101181702432,7.375961873171));
#1074 = CARTESIAN_POINT('',(2.125776532375,7.344212628079));
#1075 = CARTESIAN_POINT('',(2.150580602881,7.318636839544));
#1076 = CARTESIAN_POINT('',(2.175444302145,7.298886957239));
#1077 = CARTESIAN_POINT('',(2.234387268789,7.264634117899));
#1078 = CARTESIAN_POINT('',(2.268375168982,7.25498746781));
#1079 = CARTESIAN_POINT('',(2.302073859418,7.254144641058));
#1080 = CARTESIAN_POINT('',(2.335411663232,7.260823076822));
#1081 = CARTESIAN_POINT('',(2.368328952158,7.273841881037));
#1082 = CARTESIAN_POINT('',(2.400771604128,7.292104852912));
#1083 = CARTESIAN_POINT('',(2.477536582096,7.346201726273));
#1084 = CARTESIAN_POINT('',(2.521530339099,7.386286281396));
#1085 = CARTESIAN_POINT('',(2.564731697255,7.432314893088));
#1086 = CARTESIAN_POINT('',(2.607237162648,7.4822419923));
#1087 = CARTESIAN_POINT('',(2.649171692033,7.534347975245));
#1088 = CARTESIAN_POINT('',(2.69068880345,7.58709597239));
#1089 = CARTESIAN_POINT('',(2.762693944087,7.677632211111));
#1090 = CARTESIAN_POINT('',(2.793278267854,7.715785090099));
#1091 = CARTESIAN_POINT('',(2.823762301732,7.752803394622));
#1092 = CARTESIAN_POINT('',(2.854179064867,7.788029262339));
#1093 = CARTESIAN_POINT('',(2.884565332932,7.820811634121));
#1094 = CARTESIAN_POINT('',(2.914965121042,7.850520328222));
#1095 = CARTESIAN_POINT('',(2.97332899798,7.900428387648));
#1096 = CARTESIAN_POINT('',(3.001307997647,7.9212408116));
#1097 = CARTESIAN_POINT('',(3.029324456605,7.938479864364));
#1098 = CARTESIAN_POINT('',(3.057358979238,7.951717889682));
#1099 = CARTESIAN_POINT('',(3.08540931045,7.960655851219));
#1100 = CARTESIAN_POINT('',(3.11348315216,7.965134966122));
#1101 = CARTESIAN_POINT('',(3.16970215502,7.965134966122));
#1102 = CARTESIAN_POINT('',(3.19777599673,7.960655851219));
#1103 = CARTESIAN_POINT('',(3.225826327942,7.951717889681));
#1104 = CARTESIAN_POINT('',(3.253860850575,7.938479864364));
#1105 = CARTESIAN_POINT('',(3.281877309532,7.9212408116));
#1106 = CARTESIAN_POINT('',(3.309856309199,7.900428387648));
#1107 = CARTESIAN_POINT('',(3.368220186137,7.850520328222));
#1108 = CARTESIAN_POINT('',(3.398619974248,7.820811634121));
#1109 = CARTESIAN_POINT('',(3.429006242313,7.788029262339));
#1110 = CARTESIAN_POINT('',(3.459423005447,7.752803394622));
#1111 = CARTESIAN_POINT('',(3.489907039325,7.715785090099));
#1112 = CARTESIAN_POINT('',(3.520491363092,7.677632211111));
#1113 = CARTESIAN_POINT('',(3.608907781847,7.566461120763));
#1114 = CARTESIAN_POINT('',(3.666919995855,7.492451943522));
#1115 = CARTESIAN_POINT('',(3.72595174983,7.420781074177));
#1116 = CARTESIAN_POINT('',(3.786413083467,7.355553567471));
#1117 = CARTESIAN_POINT('',(3.848540018509,7.302164520218));
#1118 = CARTESIAN_POINT('',(3.912431653434,7.267484076762));
#1119 = CARTESIAN_POINT('',(4.00028367201,7.258632601078));
#1120 = CARTESIAN_POINT('',(4.022859438274,7.25964998939));
#1121 = CARTESIAN_POINT('',(4.045590620807,7.264332404429));
#1122 = CARTESIAN_POINT('',(4.068419901877,7.273062576869));
#1123 = CARTESIAN_POINT('',(4.091291669132,7.286210753449));
#1124 = CARTESIAN_POINT('',(4.114150787189,7.304134242922));
#1125 = CARTESIAN_POINT('',(4.153959624885,7.344383494227));
#1126 = CARTESIAN_POINT('',(4.170927268832,7.364432025349));
#1127 = CARTESIAN_POINT('',(4.187789724587,7.387427104705));
#1128 = CARTESIAN_POINT('',(4.20449507259,7.413439011933));
#1129 = CARTESIAN_POINT('',(4.220993972941,7.442502034089));
#1130 = CARTESIAN_POINT('',(4.237239588145,7.474612742786));
#1131 = CARTESIAN_POINT('',(4.267134724877,7.540438485433));
#1132 = CARTESIAN_POINT('',(4.280844653143,7.573425772836));
#1133 = CARTESIAN_POINT('',(4.294287798219,7.608655055188));
#1134 = CARTESIAN_POINT('',(4.307435826904,7.646067044465));
#1135 = CARTESIAN_POINT('',(4.320261801455,7.685577458173));
#1136 = CARTESIAN_POINT('',(4.332740415813,7.727076234563));
#1137 = CARTESIAN_POINT('',(4.360444427213,7.826266965044));
#1138 = CARTESIAN_POINT('',(4.375416285571,7.885147117023));
#1139 = CARTESIAN_POINT('',(4.389744680492,7.946874550969));
#1140 = CARTESIAN_POINT('',(4.403411482228,8.011229551507));
#1141 = CARTESIAN_POINT('',(4.416400371155,8.077964782556));
#1142 = CARTESIAN_POINT('',(4.428697651246,8.146804729181));
#1143 = CARTESIAN_POINT('',(4.475293679157,8.430672387001));
#1144 = CARTESIAN_POINT('',(4.503839308558,8.659934561522));
#1145 = CARTESIAN_POINT('',(4.52630225889,8.900508244864));
#1146 = CARTESIAN_POINT('',(4.542936412371,9.148623045252));
#1147 = CARTESIAN_POINT('',(4.553930026647,9.401244662584));
#1148 = CARTESIAN_POINT('',(4.559412066434,9.655822239759));
#1149 = CARTESIAN_POINT('',(4.559412066434,9.91));
#1150 = ( GEOMETRIC_REPRESENTATION_CONTEXT(2) 
PARAMETRIC_REPRESENTATION_CONTEXT() REPRESENTATION_CONTEXT('2D SPACE',''
  ) );
#1151 = PCURVE('',#546,#1152);
#1152 = DEFINITIONAL_REPRESENTATION('',(#1153),#1252);
#1153 = B_SPLINE_CURVE_WITH_KNOTS('',7,(#1154,#1155,#1156,#1157,#1158,
    #1159,#1160,#1161,#1162,#1163,#1164,#1165,#1166,#1167,#1168,#1169,
    #1170,#1171,#1172,#1173,#1174,#1175,#1176,#1177,#1178,#1179,#1180,
    #1181,#1182,#1183,#1184,#1185,#1186,#1187,#1188,#1189,#1190,#1191,
    #1192,#1193,#1194,#1195,#1196,#1197,#1198,#1199,#1200,#1201,#1202,
    #1203,#1204,#1205,#1206,#1207,#1208,#1209,#1210,#1211,#1212,#1213,
    #1214,#1215,#1216,#1217,#1218,#1219,#1220,#1221,#1222,#1223,#1224,
    #1225,#1226,#1227,#1228,#1229,#1230,#1231,#1232,#1233,#1234,#1235,
    #1236,#1237,#1238,#1239,#1240,#1241,#1242,#1243,#1244,#1245,#1246,
    #1247,#1248,#1249,#1250,#1251),.UNSPECIFIED.,.F.,.F.,(8,6,6,6,6,6,6,
    6,6,6,6,6,6,6,6,6,8),(0.,0.10823481108,0.1315573154,0.171941525344,
    0.218170524241,0.281995187181,0.371681685663,0.438408006684,
    0.499502392684,0.560596778684,0.627323099706,0.752658917936,
    0.795450780399,0.827404455578,0.855349477264,0.891345731114,1.),
  .UNSPECIFIED.);
#1154 = CARTESIAN_POINT('',(0.,32.173689622631));
#1155 = CARTESIAN_POINT('',(9.591613656082E-02,32.173689622631));
#1156 = CARTESIAN_POINT('',(0.191983528967,32.169303874567));
#1157 = CARTESIAN_POINT('',(0.288752385724,32.160508901553));
#1158 = CARTESIAN_POINT('',(0.386726860819,32.146221236247));
#1159 = CARTESIAN_POINT('',(0.486390129563,32.124284227216));
#1160 = CARTESIAN_POINT('',(0.588236063506,32.091234932197));
#1161 = CARTESIAN_POINT('',(0.715340623498,32.031209839068));
#1162 = CARTESIAN_POINT('',(0.737981849973,32.019818807));
#1163 = CARTESIAN_POINT('',(0.760722385946,32.007634483125));
#1164 = CARTESIAN_POINT('',(0.783554255964,31.99461209841));
#1165 = CARTESIAN_POINT('',(0.806470190941,31.980705907374));
#1166 = CARTESIAN_POINT('',(0.829463512062,31.965869461734));
#1167 = CARTESIAN_POINT('',(0.892465480364,31.922673797097));
#1168 = CARTESIAN_POINT('',(0.932661196858,31.892331383383));
#1169 = CARTESIAN_POINT('',(0.97297851539,31.858845167907));
#1170 = CARTESIAN_POINT('',(1.013295875105,31.822062903477));
#1171 = CARTESIAN_POINT('',(1.053502879526,31.781875451456));
#1172 = CARTESIAN_POINT('',(1.093496373026,31.738228662502));
#1173 = CARTESIAN_POINT('',(1.178599551394,31.637226044286));
#1174 = CARTESIAN_POINT('',(1.22347000008,31.578968579189));
#1175 = CARTESIAN_POINT('',(1.267650829932,31.51642300685));
#1176 = CARTESIAN_POINT('',(1.311007724608,31.449764534472));
#1177 = CARTESIAN_POINT('',(1.353403484799,31.379301841827));
#1178 = CARTESIAN_POINT('',(1.39469242818,31.305495491455));
#1179 = CARTESIAN_POINT('',(1.489970446481,31.1233324954));
#1180 = CARTESIAN_POINT('',(1.542817645678,31.012507244059));
#1181 = CARTESIAN_POINT('',(1.593384107675,30.897111566582));
#1182 = CARTESIAN_POINT('',(1.641755021828,30.777786208437));
#1183 = CARTESIAN_POINT('',(1.687985200414,30.655182789058));
#1184 = CARTESIAN_POINT('',(1.732107330644,30.529955709976));
#1185 = CARTESIAN_POINT('',(1.833195520401,30.224036115992));
#1186 = CARTESIAN_POINT('',(1.888364856061,30.040694085771));
#1187 = CARTESIAN_POINT('',(1.93991655563,29.853628332087));
#1188 = CARTESIAN_POINT('',(1.988021263672,29.663444255523));
#1189 = CARTESIAN_POINT('',(2.03277645909,29.470454676391));
#1190 = CARTESIAN_POINT('',(2.074203944849,29.27467925526));
#1191 = CARTESIAN_POINT('',(2.140497506105,28.927925053016));
#1192 = CARTESIAN_POINT('',(2.166882624491,28.778338884211));
#1193 = CARTESIAN_POINT('',(2.191296578906,28.62719774547));
#1194 = CARTESIAN_POINT('',(2.213637369879,28.474588469056));
#1195 = CARTESIAN_POINT('',(2.233782023888,28.32056511364));
#1196 = CARTESIAN_POINT('',(2.251592933536,28.165135185296));
#1197 = CARTESIAN_POINT('',(2.280962415795,27.864601083694));
#1198 = CARTESIAN_POINT('',(2.292934805653,27.71959927052));
#1199 = CARTESIAN_POINT('',(2.302679635203,27.573648552968));
#1200 = CARTESIAN_POINT('',(2.310076129231,27.427036165787));
#1201 = CARTESIAN_POINT('',(2.315041749331,27.279962614651));
#1202 = CARTESIAN_POINT('',(2.317530122447,27.132574882508));
#1203 = CARTESIAN_POINT('',(2.317530122447,26.837425117492));
#1204 = CARTESIAN_POINT('',(2.315041749331,26.690037385349));
#1205 = CARTESIAN_POINT('',(2.310076129231,26.542963834213));
#1206 = CARTESIAN_POINT('',(2.302679635203,26.396351447032));
#1207 = CARTESIAN_POINT('',(2.292934805653,26.250400729481));
#1208 = CARTESIAN_POINT('',(2.280962415794,26.105398916305));
#1209 = CARTESIAN_POINT('',(2.251592933536,25.804864814704));
#1210 = CARTESIAN_POINT('',(2.233782023888,25.649434886361));
#1211 = CARTESIAN_POINT('',(2.213637369879,25.495411530943));
#1212 = CARTESIAN_POINT('',(2.191296578906,25.342802254529));
#1213 = CARTESIAN_POINT('',(2.166882624491,25.19166111579));
#1214 = CARTESIAN_POINT('',(2.140497506105,25.042074946984));
#1215 = CARTESIAN_POINT('',(2.059094439311,24.616289170032));
#1216 = CARTESIAN_POINT('',(1.999428324883,24.345042373022));
#1217 = CARTESIAN_POINT('',(1.933323853439,24.078670379707));
#1218 = CARTESIAN_POINT('',(1.860510288577,23.817498238777));
#1219 = CARTESIAN_POINT('',(1.780588625754,23.563242159836));
#1220 = CARTESIAN_POINT('',(1.692978125659,23.318940344861));
#1221 = CARTESIAN_POINT('',(1.563759561957,23.009833014733));
#1222 = CARTESIAN_POINT('',(1.529811550628,22.932673049989));
#1223 = CARTESIAN_POINT('',(1.494838430058,22.857382163026));
#1224 = CARTESIAN_POINT('',(1.458868655916,22.784272522582));
#1225 = CARTESIAN_POINT('',(1.421923724854,22.713613862891));
#1226 = CARTESIAN_POINT('',(1.3840169491,22.645633915792));
#1227 = CARTESIAN_POINT('',(1.316131045598,22.531895909172));
#1228 = CARTESIAN_POINT('',(1.286596794597,22.484905700219));
#1229 = CARTESIAN_POINT('',(1.256606152754,22.439711649618));
#1230 = CARTESIAN_POINT('',(1.226214380327,22.396438389582));
#1231 = CARTESIAN_POINT('',(1.19547593512,22.355174469432));
#1232 = CARTESIAN_POINT('',(1.164445084479,22.315975074107));
#1233 = CARTESIAN_POINT('',(1.105830655406,22.246409977771));
#1234 = CARTESIAN_POINT('',(1.078321810276,22.215575367388));
#1235 = CARTESIAN_POINT('',(1.050687918217,22.186374634148));
#1236 = CARTESIAN_POINT('',(1.022967908272,22.158804383188));
#1237 = CARTESIAN_POINT('',(0.995202327476,22.132846082468));
#1238 = CARTESIAN_POINT('',(0.967433966127,22.108468043078));
#1239 = CARTESIAN_POINT('',(0.903995019021,22.056206144734));
#1240 = CARTESIAN_POINT('',(0.868373521909,22.029352976509));
#1241 = CARTESIAN_POINT('',(0.832873950833,22.004915452601));
#1242 = CARTESIAN_POINT('',(0.797528738505,21.982735625562));
#1243 = CARTESIAN_POINT('',(0.762374068347,21.962653310774));
#1244 = CARTESIAN_POINT('',(0.727451151602,21.944509354463));
#1245 = CARTESIAN_POINT('',(0.588236062976,21.878765067553));
#1246 = CARTESIAN_POINT('',(0.486390130937,21.84571577323));
#1247 = CARTESIAN_POINT('',(0.386726859919,21.823778763649));
#1248 = CARTESIAN_POINT('',(0.288752384889,21.80949109815));
#1249 = CARTESIAN_POINT('',(0.191983530421,21.800696125638));
#1250 = CARTESIAN_POINT('',(9.591613594018E-02,21.796310377369));
#1251 = CARTESIAN_POINT('',(0.,21.796310377369));
#1252 = ( GEOMETRIC_REPRESENTATION_CONTEXT(2) 
PARAMETRIC_REPRESENTATION_CONTEXT() REPRESENTATION_CONTEXT('2D SPACE',''
  ) );
#1253 = ORIENTED_EDGE('',*,*,#1254,.F.);
#1254 = EDGE_CURVE('',#947,#945,#1255,.T.);
#1255 = SURFACE_CURVE('',#1256,(#1349,#1445),.PCURVE_S1.);
#1256 = B_SPLINE_CURVE_WITH_KNOTS('',7,(#1257,#1258,#1259,#1260,#1261,
    #1262,#1263,#1264,#1265,#1266,#1267,#1268,#1269,#1270,#1271,#1272,
    #1273,#1274,#1275,#1276,#1277,#1278,#1279,#1280,#1281,#1282,#1283,
    #1284,#1285,#1286,#1287,#1288,#1289,#1290,#1291,#1292,#1293,#1294,
    #1295,#1296,#1297,#1298,#1299,#1300,#1301,#1302,#1303,#1304,#1305,
    #1306,#1307,#1308,#1309,#1310,#1311,#1312,#1313,#1314,#1315,#1316,
    #1317,#1318,#1319,#1320,#1321,#1322,#1323,#1324,#1325,#1326,#1327,
    #1328,#1329,#1330,#1331,#1332,#1333,#1334,#1335,#1336,#1337,#1338,
    #1339,#1340,#1341,#1342,#1343,#1344,#1345,#1346,#1347,#1348),
  .UNSPECIFIED.,.F.,.F.,(8,6,6,6,6,6,6,6,6,6,6,6,6,6,6,8),(0.,
    0.108004497262,0.131631009418,0.17186570075,0.216586675429,
    0.280781482699,0.37207849402,0.43666537329,0.499388151526,
    0.562110929762,0.626697809031,0.752778127085,0.796339674459,
    0.867660615394,0.891414274147,1.),.UNSPECIFIED.);
#1257 = CARTESIAN_POINT('',(-20.2,-26.75368962263,8.49));
#1258 = CARTESIAN_POINT('',(-20.2,-26.75368962263,8.236302281826));
#1259 = CARTESIAN_POINT('',(-20.17166486872,-26.74932045366,
    7.982213064152));
#1260 = CARTESIAN_POINT('',(-20.11483389137,-26.74055904376,
    7.730069219348));
#1261 = CARTESIAN_POINT('',(-20.02901510225,-26.72633022126,
    7.482402918794));
#1262 = CARTESIAN_POINT('',(-19.91352132193,-26.70449336743,
    7.24222858071));
#1263 = CARTESIAN_POINT('',(-19.76772228699,-26.67161217589,
    7.013292616499));
#1264 = CARTESIAN_POINT('',(-19.55284432544,-26.61176563498,
    6.75368973082));
#1265 = CARTESIAN_POINT('',(-19.51284692086,-26.60025603232,
    6.707893418173));
#1266 = CARTESIAN_POINT('',(-19.47144718528,-26.58793348452,
    6.662973390547));
#1267 = CARTESIAN_POINT('',(-19.428675973,-26.57475143682,6.619002309732
    ));
#1268 = CARTESIAN_POINT('',(-19.38456814977,-26.56066229743,
    6.576049184603));
#1269 = CARTESIAN_POINT('',(-19.33916227642,-26.54561772879,
    6.534179409295));
#1270 = CARTESIAN_POINT('',(-19.21303742054,-26.50223870491,
    6.42410296402));
#1271 = CARTESIAN_POINT('',(-19.12984487834,-26.47196653095,
    6.357996303531));
#1272 = CARTESIAN_POINT('',(-19.0433249334,-26.43857117486,
    6.295635768427));
#1273 = CARTESIAN_POINT('',(-18.95393703356,-26.40190229437,
    6.237415868146));
#1274 = CARTESIAN_POINT('',(-18.86218201093,-26.36185212239,
    6.183628816505));
#1275 = CARTESIAN_POINT('',(-18.76858628579,-26.31836714226,
    6.134468675167));
#1276 = CARTESIAN_POINT('',(-18.56820420906,-26.21932207658,
    6.040647892357));
#1277 = CARTESIAN_POINT('',(-18.46141524016,-26.16310656551,
    5.997242940254));
#1278 = CARTESIAN_POINT('',(-18.35406584794,-26.10286883779,
    5.959893612808));
#1279 = CARTESIAN_POINT('',(-18.24691051711,-26.03876681496,
    5.928537072261));
#1280 = CARTESIAN_POINT('',(-18.14069982692,-25.97107671957,
    5.902984884951));
#1281 = CARTESIAN_POINT('',(-18.03616874522,-25.90020906249,
    5.882933235197));
#1282 = CARTESIAN_POINT('',(-17.78740238015,-25.72124126387,
    5.846498641212));
#1283 = CARTESIAN_POINT('',(-17.64576312918,-25.61041161727,
    5.835524697074));
#1284 = CARTESIAN_POINT('',(-17.50974077795,-25.49485663966,
    5.833612960828));
#1285 = CARTESIAN_POINT('',(-17.37977384031,-25.37523538192,
    5.839453763707));
#1286 = CARTESIAN_POINT('',(-17.25616067542,-25.25222584485,
    5.851835884253));
#1287 = CARTESIAN_POINT('',(-17.13909404067,-25.12651731321,
    5.869629901262));
#1288 = CARTESIAN_POINT('',(-16.87163911563,-24.81719645104,
    5.923294004046));
#1289 = CARTESIAN_POINT('',(-16.72734853551,-24.6307333655,
    5.963763933776));
#1290 = CARTESIAN_POINT('',(-16.59544337912,-24.44038332562,
    6.010491389745));
#1291 = CARTESIAN_POINT('',(-16.47539625079,-24.24679880601,
    6.061305194229));
#1292 = CARTESIAN_POINT('',(-16.36663654154,-24.0503153913,
    6.114388584111));
#1293 = CARTESIAN_POINT('',(-16.26865459642,-23.85094923911,
    6.168122908256));
#1294 = CARTESIAN_POINT('',(-16.119136748,-23.50511424479,6.258326888812
    ));
#1295 = CARTESIAN_POINT('',(-16.06241863173,-23.36027880876,
    6.295236261668));
#1296 = CARTESIAN_POINT('',(-16.01088176811,-23.21398755816,
    6.331079342749));
#1297 = CARTESIAN_POINT('',(-15.9644937453,-23.06631600214,6.36526007636
    ));
#1298 = CARTESIAN_POINT('',(-15.92323490906,-22.91731145728,
    6.397188135072));
#1299 = CARTESIAN_POINT('',(-15.88710330365,-22.7669813741,
    6.426290539501));
#1300 = CARTESIAN_POINT('',(-15.82604921104,-22.46796251658,
    6.477036127671));
#1301 = CARTESIAN_POINT('',(-15.80079974397,-22.31918704324,
    6.498898208348));
#1302 = CARTESIAN_POINT('',(-15.78052682163,-22.16939621274,
    6.517038656097));
#1303 = CARTESIAN_POINT('',(-15.76528722855,-22.01889733172,
    6.530986402117));
#1304 = CARTESIAN_POINT('',(-15.75510446004,-21.86790132847,
    6.540410725602));
#1305 = CARTESIAN_POINT('',(-15.75,-21.71655937885,6.545134966122));
#1306 = CARTESIAN_POINT('',(-15.75,-21.41344062114,6.545134966122));
#1307 = CARTESIAN_POINT('',(-15.75510446004,-21.26209867152,
    6.540410725602));
#1308 = CARTESIAN_POINT('',(-15.76528722855,-21.11110266827,
    6.530986402117));
#1309 = CARTESIAN_POINT('',(-15.78052682163,-20.96060378725,
    6.517038656097));
#1310 = CARTESIAN_POINT('',(-15.80079974397,-20.81081295675,
    6.498898208348));
#1311 = CARTESIAN_POINT('',(-15.82604921104,-20.66203748341,
    6.477036127671));
#1312 = CARTESIAN_POINT('',(-15.88710330365,-20.36301862589,
    6.426290539501));
#1313 = CARTESIAN_POINT('',(-15.92323490906,-20.21268854271,
    6.397188135072));
#1314 = CARTESIAN_POINT('',(-15.9644937453,-20.06368399785,6.36526007636
    ));
#1315 = CARTESIAN_POINT('',(-16.01088176811,-19.91601244183,
    6.331079342749));
#1316 = CARTESIAN_POINT('',(-16.06241863173,-19.76972119123,
    6.295236261668));
#1317 = CARTESIAN_POINT('',(-16.119136748,-19.6248857552,6.258326888813)
  );
#1318 = CARTESIAN_POINT('',(-16.30201741001,-19.20188252598,
    6.147995153475));
#1319 = CARTESIAN_POINT('',(-16.44252338228,-18.92889461619,
    6.073484402065));
#1320 = CARTESIAN_POINT('',(-16.60381835594,-18.66080320134,
    6.001278070095));
#1321 = CARTESIAN_POINT('',(-16.78769777847,-18.39793762689,
    5.935544559661));
#1322 = CARTESIAN_POINT('',(-16.99566602316,-18.14206514355,
    5.88178706028));
#1323 = CARTESIAN_POINT('',(-17.22866704769,-17.89630928453,
    5.847014187174));
#1324 = CARTESIAN_POINT('',(-17.57456947352,-17.58464573444,5.8386248002
    ));
#1325 = CARTESIAN_POINT('',(-17.66639576569,-17.50618458598,
    5.839873861474));
#1326 = CARTESIAN_POINT('',(-17.7609710071,-17.42967422057,
    5.844944664295));
#1327 = CARTESIAN_POINT('',(-17.85800886664,-17.35544803577,
    5.854241275124));
#1328 = CARTESIAN_POINT('',(-17.95719190468,-17.28379214788,
    5.868152791159));
#1329 = CARTESIAN_POINT('',(-18.05817213129,-17.21494600789,
    5.88705271312));
#1330 = CARTESIAN_POINT('',(-18.32822456075,-17.0413018875,
    5.950994322004));
#1331 = CARTESIAN_POINT('',(-18.49933711214,-16.94177265493,
    6.004938282336));
#1332 = CARTESIAN_POINT('',(-18.67063005477,-16.8523261609,
    6.074223106717));
#1333 = CARTESIAN_POINT('',(-18.83873376127,-16.77376910989,
    6.159058734925));
#1334 = CARTESIAN_POINT('',(-19.00033258337,-16.70607682505,
    6.258670541665));
#1335 = CARTESIAN_POINT('',(-19.15239654597,-16.64861794484,
    6.371178170857));
#1336 = CARTESIAN_POINT('',(-19.33916227643,-16.5843822712,
    6.534179409296));
#1337 = CARTESIAN_POINT('',(-19.38456814977,-16.56933770256,
    6.576049184603));
#1338 = CARTESIAN_POINT('',(-19.428675973,-16.55524856317,6.619002309731
    ));
#1339 = CARTESIAN_POINT('',(-19.47144718527,-16.54206651547,
    6.662973390545));
#1340 = CARTESIAN_POINT('',(-19.51284692086,-16.52974396767,
    6.707893418174));
#1341 = CARTESIAN_POINT('',(-19.55284432545,-16.51823436501,
    6.753689730822));
#1342 = CARTESIAN_POINT('',(-19.76772228699,-16.4583878241,
    7.013292616499));
#1343 = CARTESIAN_POINT('',(-19.91352132193,-16.42550663257,
    7.24222858071));
#1344 = CARTESIAN_POINT('',(-20.02901510225,-16.40366977873,
    7.482402918794));
#1345 = CARTESIAN_POINT('',(-20.11483389137,-16.38944095623,
    7.730069219348));
#1346 = CARTESIAN_POINT('',(-20.17166486872,-16.38067954633,
    7.982213064152));
#1347 = CARTESIAN_POINT('',(-20.2,-16.37631037736,8.236302281826));
#1348 = CARTESIAN_POINT('',(-20.2,-16.37631037736,8.49));
#1349 = PCURVE('',#400,#1350);
#1350 = DEFINITIONAL_REPRESENTATION('',(#1351),#1444);
#1351 = B_SPLINE_CURVE_WITH_KNOTS('',7,(#1352,#1353,#1354,#1355,#1356,
    #1357,#1358,#1359,#1360,#1361,#1362,#1363,#1364,#1365,#1366,#1367,
    #1368,#1369,#1370,#1371,#1372,#1373,#1374,#1375,#1376,#1377,#1378,
    #1379,#1380,#1381,#1382,#1383,#1384,#1385,#1386,#1387,#1388,#1389,
    #1390,#1391,#1392,#1393,#1394,#1395,#1396,#1397,#1398,#1399,#1400,
    #1401,#1402,#1403,#1404,#1405,#1406,#1407,#1408,#1409,#1410,#1411,
    #1412,#1413,#1414,#1415,#1416,#1417,#1418,#1419,#1420,#1421,#1422,
    #1423,#1424,#1425,#1426,#1427,#1428,#1429,#1430,#1431,#1432,#1433,
    #1434,#1435,#1436,#1437,#1438,#1439,#1440,#1441,#1442,#1443),
  .UNSPECIFIED.,.F.,.F.,(8,6,6,6,6,6,6,6,6,6,6,6,6,6,6,8),(0.,
    0.108004497262,0.131631009418,0.17186570075,0.216586675429,
    0.280781482699,0.37207849402,0.43666537329,0.499388151526,
    0.562110929762,0.626697809031,0.752778127085,0.796339674459,
    0.867660615394,0.891414274147,1.),.UNSPECIFIED.);
#1352 = CARTESIAN_POINT('',(4.559412066434,9.91));
#1353 = CARTESIAN_POINT('',(4.559412066434,10.163697718174));
#1354 = CARTESIAN_POINT('',(4.55395071613,10.417786935848));
#1355 = CARTESIAN_POINT('',(4.542999167089,10.669930780652));
#1356 = CARTESIAN_POINT('',(4.526429189399,10.917597081206));
#1357 = CARTESIAN_POINT('',(4.504053431274,11.15777141929));
#1358 = CARTESIAN_POINT('',(4.475619617659,11.386707383501));
#1359 = CARTESIAN_POINT('',(4.43313268892,11.64631026918));
#1360 = CARTESIAN_POINT('',(4.425205270963,11.692106581827));
#1361 = CARTESIAN_POINT('',(4.41697826639,11.737026609453));
#1362 = CARTESIAN_POINT('',(4.40845397478,11.780997690268));
#1363 = CARTESIAN_POINT('',(4.399635075112,11.823950815397));
#1364 = CARTESIAN_POINT('',(4.390524538005,11.865820590705));
#1365 = CARTESIAN_POINT('',(4.365119541632,11.97589703598));
#1366 = CARTESIAN_POINT('',(4.348259443565,12.042003696469));
#1367 = CARTESIAN_POINT('',(4.330600001873,12.104364231573));
#1368 = CARTESIAN_POINT('',(4.312204466078,12.162584131854));
#1369 = CARTESIAN_POINT('',(4.293142949452,12.216371183495));
#1370 = CARTESIAN_POINT('',(4.273490801373,12.265531324833));
#1371 = CARTESIAN_POINT('',(4.230914834123,12.359352107643));
#1372 = CARTESIAN_POINT('',(4.207935228881,12.402757059746));
#1373 = CARTESIAN_POINT('',(4.184502320467,12.440106387192));
#1374 = CARTESIAN_POINT('',(4.160735245739,12.471462927739));
#1375 = CARTESIAN_POINT('',(4.136760603848,12.497015115049));
#1376 = CARTESIAN_POINT('',(4.112714938154,12.517066764803));
#1377 = CARTESIAN_POINT('',(4.054342709385,12.553501358788));
#1378 = CARTESIAN_POINT('',(4.020114030219,12.564475302926));
#1379 = CARTESIAN_POINT('',(3.986161615177,12.566387039172));
#1380 = CARTESIAN_POINT('',(3.952563349759,12.560546236293));
#1381 = CARTESIAN_POINT('',(3.919385151517,12.548164115747));
#1382 = CARTESIAN_POINT('',(3.886688046231,12.530370098738));
#1383 = CARTESIAN_POINT('',(3.808799461882,12.476705995954));
#1384 = CARTESIAN_POINT('',(3.763956930111,12.436236066224));
#1385 = CARTESIAN_POINT('',(3.719941088741,12.389508610255));
#1386 = CARTESIAN_POINT('',(3.676651577148,12.338694805771));
#1387 = CARTESIAN_POINT('',(3.633956926066,12.285611415889));
#1388 = CARTESIAN_POINT('',(3.591694299294,12.231877091744));
#1389 = CARTESIAN_POINT('',(3.519928130674,12.141673111188));
#1390 = CARTESIAN_POINT('',(3.490318466423,12.104763738332));
#1391 = CARTESIAN_POINT('',(3.460803003463,12.068920657251));
#1392 = CARTESIAN_POINT('',(3.431351096716,12.03473992364));
#1393 = CARTESIAN_POINT('',(3.401928960374,12.002811864928));
#1394 = CARTESIAN_POINT('',(3.372496684804,11.973709460499));
#1395 = CARTESIAN_POINT('',(3.314365585995,11.922963872329));
#1396 = CARTESIAN_POINT('',(3.285638131114,11.901101791652));
#1397 = CARTESIAN_POINT('',(3.256872381091,11.882961343903));
#1398 = CARTESIAN_POINT('',(3.228088621904,11.869013597883));
#1399 = CARTESIAN_POINT('',(3.199288129683,11.859589274398));
#1400 = CARTESIAN_POINT('',(3.170461106705,11.854865033878));
#1401 = CARTESIAN_POINT('',(3.112724200474,11.854865033878));
#1402 = CARTESIAN_POINT('',(3.083897177497,11.859589274398));
#1403 = CARTESIAN_POINT('',(3.055096685275,11.869013597883));
#1404 = CARTESIAN_POINT('',(3.026312926089,11.882961343903));
#1405 = CARTESIAN_POINT('',(2.997547176066,11.901101791652));
#1406 = CARTESIAN_POINT('',(2.968819721185,11.922963872329));
#1407 = CARTESIAN_POINT('',(2.910688622376,11.973709460499));
#1408 = CARTESIAN_POINT('',(2.881256346806,12.002811864928));
#1409 = CARTESIAN_POINT('',(2.851834210463,12.03473992364));
#1410 = CARTESIAN_POINT('',(2.822382303716,12.068920657251));
#1411 = CARTESIAN_POINT('',(2.792866840756,12.104763738332));
#1412 = CARTESIAN_POINT('',(2.763257176505,12.141673111187));
#1413 = CARTESIAN_POINT('',(2.67547739258,12.252004846525));
#1414 = CARTESIAN_POINT('',(2.617128485622,12.326515597935));
#1415 = CARTESIAN_POINT('',(2.557746138449,12.398721929905));
#1416 = CARTESIAN_POINT('',(2.49691234543,12.464455440338));
#1417 = CARTESIAN_POINT('',(2.434390367401,12.51821293972));
#1418 = CARTESIAN_POINT('',(2.37008477367,12.552985812826));
#1419 = CARTESIAN_POINT('',(2.281399203254,12.5613751998));
#1420 = CARTESIAN_POINT('',(2.258401122236,12.560126138526));
#1421 = CARTESIAN_POINT('',(2.235243480111,12.555055335705));
#1422 = CARTESIAN_POINT('',(2.211988294099,12.545758724876));
#1423 = CARTESIAN_POINT('',(2.188695592277,12.531847208841));
#1424 = CARTESIAN_POINT('',(2.165424771048,12.51294728688));
#1425 = CARTESIAN_POINT('',(2.104270167458,12.449005677996));
#1426 = CARTESIAN_POINT('',(2.066602200287,12.395061717664));
#1427 = CARTESIAN_POINT('',(2.029854963678,12.325776893283));
#1428 = CARTESIAN_POINT('',(1.994567359034,12.240941265075));
#1429 = CARTESIAN_POINT('',(1.961229930054,12.141329458335));
#1430 = CARTESIAN_POINT('',(1.930280496637,12.028821829143));
#1431 = CARTESIAN_POINT('',(1.892660769174,11.865820590704));
#1432 = CARTESIAN_POINT('',(1.883550232067,11.823950815397));
#1433 = CARTESIAN_POINT('',(1.8747313324,11.780997690269));
#1434 = CARTESIAN_POINT('',(1.866207040789,11.737026609455));
#1435 = CARTESIAN_POINT('',(1.857980036217,11.692106581826));
#1436 = CARTESIAN_POINT('',(1.850052618259,11.646310269178));
#1437 = CARTESIAN_POINT('',(1.807565689521,11.386707383501));
#1438 = CARTESIAN_POINT('',(1.779131875906,11.15777141929));
#1439 = CARTESIAN_POINT('',(1.756756117781,10.917597081206));
#1440 = CARTESIAN_POINT('',(1.740186140091,10.669930780652));
#1441 = CARTESIAN_POINT('',(1.729234591049,10.417786935848));
#1442 = CARTESIAN_POINT('',(1.723773240746,10.163697718174));
#1443 = CARTESIAN_POINT('',(1.723773240746,9.91));
#1444 = ( GEOMETRIC_REPRESENTATION_CONTEXT(2) 
PARAMETRIC_REPRESENTATION_CONTEXT() REPRESENTATION_CONTEXT('2D SPACE',''
  ) );
#1445 = PCURVE('',#546,#1446);
#1446 = DEFINITIONAL_REPRESENTATION('',(#1447),#1540);
#1447 = B_SPLINE_CURVE_WITH_KNOTS('',7,(#1448,#1449,#1450,#1451,#1452,
    #1453,#1454,#1455,#1456,#1457,#1458,#1459,#1460,#1461,#1462,#1463,
    #1464,#1465,#1466,#1467,#1468,#1469,#1470,#1471,#1472,#1473,#1474,
    #1475,#1476,#1477,#1478,#1479,#1480,#1481,#1482,#1483,#1484,#1485,
    #1486,#1487,#1488,#1489,#1490,#1491,#1492,#1493,#1494,#1495,#1496,
    #1497,#1498,#1499,#1500,#1501,#1502,#1503,#1504,#1505,#1506,#1507,
    #1508,#1509,#1510,#1511,#1512,#1513,#1514,#1515,#1516,#1517,#1518,
    #1519,#1520,#1521,#1522,#1523,#1524,#1525,#1526,#1527,#1528,#1529,
    #1530,#1531,#1532,#1533,#1534,#1535,#1536,#1537,#1538,#1539),
  .UNSPECIFIED.,.F.,.F.,(8,6,6,6,6,6,6,6,6,6,6,6,6,6,6,8),(0.,
    0.108004497262,0.131631009418,0.17186570075,0.216586675429,
    0.280781482699,0.37207849402,0.43666537329,0.499388151526,
    0.562110929762,0.626697809031,0.752778127085,0.796339674459,
    0.867660615394,0.891414274147,1.),.UNSPECIFIED.);
#1448 = CARTESIAN_POINT('',(6.28318530718,21.796310377369));
#1449 = CARTESIAN_POINT('',(6.187450319189,21.796310377369));
#1450 = CARTESIAN_POINT('',(6.091567212583,21.800679546334));
#1451 = CARTESIAN_POINT('',(5.99498679554,21.809440956234));
#1452 = CARTESIAN_POINT('',(5.897206525914,21.823669778735));
#1453 = CARTESIAN_POINT('',(5.797745506112,21.84550663257));
#1454 = CARTESIAN_POINT('',(5.696112962379,21.878387824101));
#1455 = CARTESIAN_POINT('',(5.568944720626,21.938234365011));
#1456 = CARTESIAN_POINT('',(5.546007968077,21.949743967677));
#1457 = CARTESIAN_POINT('',(5.522969098028,21.962066515477));
#1458 = CARTESIAN_POINT('',(5.499836390137,21.975248563173));
#1459 = CARTESIAN_POINT('',(5.476617380213,21.989337702569));
#1460 = CARTESIAN_POINT('',(5.45331898389,22.004382271209));
#1461 = CARTESIAN_POINT('',(5.390147433366,22.047761295081));
#1462 = CARTESIAN_POINT('',(5.350092247232,22.078033469046));
#1463 = CARTESIAN_POINT('',(5.309917201027,22.11142882514));
#1464 = CARTESIAN_POINT('',(5.269742580323,22.148097705629));
#1465 = CARTESIAN_POINT('',(5.229677672135,22.188147877605));
#1466 = CARTESIAN_POINT('',(5.189824619936,22.231632857733));
#1467 = CARTESIAN_POINT('',(5.106330853052,22.330677923415));
#1468 = CARTESIAN_POINT('',(5.062890231795,22.386893434481));
#1469 = CARTESIAN_POINT('',(5.020087761876,22.447131162209));
#1470 = CARTESIAN_POINT('',(4.97804811892,22.511233185034));
#1471 = CARTESIAN_POINT('',(4.936898224988,22.578923280427));
#1472 = CARTESIAN_POINT('',(4.896772166362,22.649790937509));
#1473 = CARTESIAN_POINT('',(4.801896568864,22.82875873613));
#1474 = CARTESIAN_POINT('',(4.748411782206,22.939588382727));
#1475 = CARTESIAN_POINT('',(4.697234648563,23.055143360333));
#1476 = CARTESIAN_POINT('',(4.648282124133,23.174764618077));
#1477 = CARTESIAN_POINT('',(4.601502927609,23.297774155145));
#1478 = CARTESIAN_POINT('',(4.556869056331,23.42348268679));
#1479 = CARTESIAN_POINT('',(4.453931101475,23.732803548953));
#1480 = CARTESIAN_POINT('',(4.397541199778,23.919266634493));
#1481 = CARTESIAN_POINT('',(4.344910059104,24.109616674376));
#1482 = CARTESIAN_POINT('',(4.295855784046,24.303201193984));
#1483 = CARTESIAN_POINT('',(4.250273856162,24.499684608699));
#1484 = CARTESIAN_POINT('',(4.208139888838,24.699050760884));
#1485 = CARTESIAN_POINT('',(4.142245332353,25.044885755204));
#1486 = CARTESIAN_POINT('',(4.116724234545,25.189721191231));
#1487 = CARTESIAN_POINT('',(4.093051926322,25.336012441833));
#1488 = CARTESIAN_POINT('',(4.071320224919,25.483683997855));
#1489 = CARTESIAN_POINT('',(4.0516397457,25.632688542713));
#1490 = CARTESIAN_POINT('',(4.034134480925,25.783018625892));
#1491 = CARTESIAN_POINT('',(4.004176121444,26.082037483416));
#1492 = CARTESIAN_POINT('',(3.991575368854,26.230812956752));
#1493 = CARTESIAN_POINT('',(3.981311075014,26.380603787256));
#1494 = CARTESIAN_POINT('',(3.973515572182,26.531102668272));
#1495 = CARTESIAN_POINT('',(3.96827973225,26.682098671522));
#1496 = CARTESIAN_POINT('',(3.965655184733,26.833440621143));
#1497 = CARTESIAN_POINT('',(3.965655184733,27.136559378857));
#1498 = CARTESIAN_POINT('',(3.96827973225,27.287901328479));
#1499 = CARTESIAN_POINT('',(3.973515572182,27.438897331727));
#1500 = CARTESIAN_POINT('',(3.981311075014,27.589396212744));
#1501 = CARTESIAN_POINT('',(3.991575368854,27.739187043249));
#1502 = CARTESIAN_POINT('',(4.004176121444,27.887962516583));
#1503 = CARTESIAN_POINT('',(4.034134480925,28.186981374108));
#1504 = CARTESIAN_POINT('',(4.0516397457,28.337311457287));
#1505 = CARTESIAN_POINT('',(4.07132022492,28.486316002146));
#1506 = CARTESIAN_POINT('',(4.093051926322,28.633987558168));
#1507 = CARTESIAN_POINT('',(4.116724234545,28.780278808769));
#1508 = CARTESIAN_POINT('',(4.142245332353,28.925114244796));
#1509 = CARTESIAN_POINT('',(4.222843336138,29.348117474016));
#1510 = CARTESIAN_POINT('',(4.282766339686,29.621105383803));
#1511 = CARTESIAN_POINT('',(4.349208044529,29.889196798657));
#1512 = CARTESIAN_POINT('',(4.422446419598,30.152062373103));
#1513 = CARTESIAN_POINT('',(4.502882470064,30.407934856442));
#1514 = CARTESIAN_POINT('',(4.591100357522,30.653690715469));
#1515 = CARTESIAN_POINT('',(4.721667960309,30.965354265557));
#1516 = CARTESIAN_POINT('',(4.756297744859,31.043815414017));
#1517 = CARTESIAN_POINT('',(4.791991230127,31.120325779427));
#1518 = CARTESIAN_POINT('',(4.828716389978,31.194551964224));
#1519 = CARTESIAN_POINT('',(4.866448711835,31.266207852114));
#1520 = CARTESIAN_POINT('',(4.905172501345,31.335053992103));
#1521 = CARTESIAN_POINT('',(5.009896685359,31.508698112492));
#1522 = CARTESIAN_POINT('',(5.077420126405,31.608227345062));
#1523 = CARTESIAN_POINT('',(5.146793355699,31.697673839099));
#1524 = CARTESIAN_POINT('',(5.217399840001,31.776230890108));
#1525 = CARTESIAN_POINT('',(5.28862519446,31.843923174945));
#1526 = CARTESIAN_POINT('',(5.359774529909,31.901382055158));
#1527 = CARTESIAN_POINT('',(5.453318983891,31.965617728791));
#1528 = CARTESIAN_POINT('',(5.476617380213,31.980662297431));
#1529 = CARTESIAN_POINT('',(5.499836390136,31.994751436827));
#1530 = CARTESIAN_POINT('',(5.522969098027,32.007933484523));
#1531 = CARTESIAN_POINT('',(5.546007968077,32.020256032324));
#1532 = CARTESIAN_POINT('',(5.568944720627,32.031765634989));
#1533 = CARTESIAN_POINT('',(5.696112962379,32.091612175899));
#1534 = CARTESIAN_POINT('',(5.797745506112,32.12449336743));
#1535 = CARTESIAN_POINT('',(5.897206525914,32.146330221265));
#1536 = CARTESIAN_POINT('',(5.99498679554,32.160559043766));
#1537 = CARTESIAN_POINT('',(6.091567212583,32.169320453666));
#1538 = CARTESIAN_POINT('',(6.187450319189,32.173689622631));
#1539 = CARTESIAN_POINT('',(6.28318530718,32.173689622631));
#1540 = ( GEOMETRIC_REPRESENTATION_CONTEXT(2) 
PARAMETRIC_REPRESENTATION_CONTEXT() REPRESENTATION_CONTEXT('2D SPACE',''
  ) );
#1541 = FACE_BOUND('',#1542,.F.);
#1542 = EDGE_LOOP('',(#1543,#1853));
#1543 = ORIENTED_EDGE('',*,*,#1544,.F.);
#1544 = EDGE_CURVE('',#1545,#1547,#1549,.T.);
#1545 = VERTEX_POINT('',#1546);
#1546 = CARTESIAN_POINT('',(-20.2,-16.37631037736,-8.49));
#1547 = VERTEX_POINT('',#1548);
#1548 = CARTESIAN_POINT('',(-20.2,-26.75368962263,-8.49));
#1549 = SURFACE_CURVE('',#1550,(#1649,#1751),.PCURVE_S1.);
#1550 = B_SPLINE_CURVE_WITH_KNOTS('',7,(#1551,#1552,#1553,#1554,#1555,
    #1556,#1557,#1558,#1559,#1560,#1561,#1562,#1563,#1564,#1565,#1566,
    #1567,#1568,#1569,#1570,#1571,#1572,#1573,#1574,#1575,#1576,#1577,
    #1578,#1579,#1580,#1581,#1582,#1583,#1584,#1585,#1586,#1587,#1588,
    #1589,#1590,#1591,#1592,#1593,#1594,#1595,#1596,#1597,#1598,#1599,
    #1600,#1601,#1602,#1603,#1604,#1605,#1606,#1607,#1608,#1609,#1610,
    #1611,#1612,#1613,#1614,#1615,#1616,#1617,#1618,#1619,#1620,#1621,
    #1622,#1623,#1624,#1625,#1626,#1627,#1628,#1629,#1630,#1631,#1632,
    #1633,#1634,#1635,#1636,#1637,#1638,#1639,#1640,#1641,#1642,#1643,
    #1644,#1645,#1646,#1647,#1648),.UNSPECIFIED.,.F.,.F.,(8,6,6,6,6,6,6,
    6,6,6,6,6,6,6,6,6,8),(0.,0.108234811631,0.13155731595,0.171941525891
    ,0.218170524786,0.281995187707,0.371681686137,0.43840800712,
    0.499502393084,0.560596779048,0.627323100031,0.752658918189,
    0.795450780614,0.827404455755,0.855349477408,0.891345731219,1.),
  .UNSPECIFIED.);
#1551 = CARTESIAN_POINT('',(-20.2,-16.37631037736,-8.49));
#1552 = CARTESIAN_POINT('',(-20.2,-16.37631037736,-8.235822239759));
#1553 = CARTESIAN_POINT('',(-20.17155755161,-16.38069612563,
    -7.981244662584));
#1554 = CARTESIAN_POINT('',(-20.11450820033,-16.38949109815,
    -7.728623045252));
#1555 = CARTESIAN_POINT('',(-20.02835769146,-16.40377876364,
    -7.480508244864));
#1556 = CARTESIAN_POINT('',(-19.91241618306,-16.42571577323,
    -7.239934561522));
#1557 = CARTESIAN_POINT('',(-19.76605102823,-16.45876506755,
    -7.010672387001));
#1558 = CARTESIAN_POINT('',(-19.55091958652,-16.51879016093,
    -6.751498799931));
#1559 = CARTESIAN_POINT('',(-19.5113901959,-16.530181193,-6.706334632512
    ));
#1560 = CARTESIAN_POINT('',(-19.47049563546,-16.54236551687,
    -6.662026001151));
#1561 = CARTESIAN_POINT('',(-19.42826569092,-16.55538790159,
    -6.618642756574));
#1562 = CARTESIAN_POINT('',(-19.38473395597,-16.56929409262,
    -6.576251272262));
#1563 = CARTESIAN_POINT('',(-19.33993753509,-16.58413053826,
    -6.534914480441));
#1564 = CARTESIAN_POINT('',(-19.21422919793,-16.6273262029,
    -6.425044292863));
#1565 = CARTESIAN_POINT('',(-19.13078091129,-16.65766861661,
    -6.358659012676));
#1566 = CARTESIAN_POINT('',(-19.04397776206,-16.69115483209,
    -6.296043200306));
#1567 = CARTESIAN_POINT('',(-18.95428371335,-16.72793709652,
    -6.237596059802));
#1568 = CARTESIAN_POINT('',(-18.86220474679,-16.76812454854,
    -6.183613080399));
#1569 = CARTESIAN_POINT('',(-18.76827279348,-16.81177133749,
    -6.134290250442));
#1570 = CARTESIAN_POINT('',(-18.56400204042,-16.91277395571,
    -6.038716856549));
#1571 = CARTESIAN_POINT('',(-18.45359681134,-16.97103142081,
    -5.994103666016));
#1572 = CARTESIAN_POINT('',(-18.34263138411,-17.03357699315,
    -5.955961873171));
#1573 = CARTESIAN_POINT('',(-18.23193081294,-17.10023546552,
    -5.924212628079));
#1574 = CARTESIAN_POINT('',(-18.12231449589,-17.17069815817,
    -5.898636839544));
#1575 = CARTESIAN_POINT('',(-18.01458287091,-17.24450450854,
    -5.878886957239));
#1576 = CARTESIAN_POINT('',(-17.76443031516,-17.42666750457,
    -5.844634117904));
#1577 = CARTESIAN_POINT('',(-17.62439962286,-17.53749275593,
    -5.834987467806));
#1578 = CARTESIAN_POINT('',(-17.48999959959,-17.65288843343,
    -5.834144641056));
#1579 = CARTESIAN_POINT('',(-17.36162963978,-17.77221379159,
    -5.840823076827));
#1580 = CARTESIAN_POINT('',(-17.2395542267,-17.89481721094,
    -5.853841881039));
#1581 = CARTESIAN_POINT('',(-17.12393686168,-18.02004428998,
    -5.872104852906));
#1582 = CARTESIAN_POINT('',(-16.86157221741,-18.325963884,
    -5.926201726273));
#1583 = CARTESIAN_POINT('',(-16.72056383555,-18.50930591422,
    -5.966286281396));
#1584 = CARTESIAN_POINT('',(-16.59147622126,-18.69637166791,
    -6.012314893088));
#1585 = CARTESIAN_POINT('',(-16.47380814924,-18.88655574447,
    -6.0622419923));
#1586 = CARTESIAN_POINT('',(-16.3670223054,-19.0795453236,
    -6.114347975245));
#1587 = CARTESIAN_POINT('',(-16.27063921265,-19.27532074474,
    -6.16709597239));
#1588 = CARTESIAN_POINT('',(-16.12008713813,-19.62207494698,
    -6.257632211111));
#1589 = CARTESIAN_POINT('',(-16.06144114347,-19.77166111578,
    -6.295785090099));
#1590 = CARTESIAN_POINT('',(-16.00832226344,-19.92280225452,
    -6.332803394622));
#1591 = CARTESIAN_POINT('',(-15.96069624976,-20.07541153094,
    -6.368029262339));
#1592 = CARTESIAN_POINT('',(-15.91854224565,-20.22943488636,
    -6.400811634121));
#1593 = CARTESIAN_POINT('',(-15.88185905501,-20.3848648147,
    -6.430520328222));
#1594 = CARTESIAN_POINT('',(-15.82213838214,-20.6853989163,
    -6.480428387648));
#1595 = CARTESIAN_POINT('',(-15.79818400908,-20.83040072948,
    -6.5012408116));
#1596 = CARTESIAN_POINT('',(-15.77895250505,-20.97635144703,
    -6.518479864364));
#1597 = CARTESIAN_POINT('',(-15.76449687934,-21.12296383421,
    -6.531717889681));
#1598 = CARTESIAN_POINT('',(-15.75483960247,-21.27003738534,
    -6.540655851219));
#1599 = CARTESIAN_POINT('',(-15.75,-21.41742511749,-6.545134966122));
#1600 = CARTESIAN_POINT('',(-15.75,-21.7125748825,-6.545134966122));
#1601 = CARTESIAN_POINT('',(-15.75483960247,-21.85996261465,
    -6.540655851219));
#1602 = CARTESIAN_POINT('',(-15.76449687934,-22.00703616578,
    -6.531717889681));
#1603 = CARTESIAN_POINT('',(-15.77895250505,-22.15364855296,
    -6.518479864364));
#1604 = CARTESIAN_POINT('',(-15.79818400908,-22.29959927052,
    -6.5012408116));
#1605 = CARTESIAN_POINT('',(-15.82213838214,-22.44460108369,
    -6.480428387648));
#1606 = CARTESIAN_POINT('',(-15.88185905501,-22.74513518529,
    -6.430520328222));
#1607 = CARTESIAN_POINT('',(-15.91854224565,-22.90056511363,
    -6.400811634121));
#1608 = CARTESIAN_POINT('',(-15.96069624976,-23.05458846905,
    -6.368029262339));
#1609 = CARTESIAN_POINT('',(-16.00832226344,-23.20719774547,
    -6.332803394622));
#1610 = CARTESIAN_POINT('',(-16.06144114347,-23.35833888421,
    -6.295785090099));
#1611 = CARTESIAN_POINT('',(-16.12008713813,-23.50792505301,
    -6.257632211111));
#1612 = CARTESIAN_POINT('',(-16.30495276228,-23.93371082997,
    -6.146461120761));
#1613 = CARTESIAN_POINT('',(-16.4449514935,-24.20495762697,
    -6.072451943522));
#1614 = CARTESIAN_POINT('',(-16.60549812459,-24.47132962028,
    -6.00078107418));
#1615 = CARTESIAN_POINT('',(-16.78834195316,-24.73250176122,
    -5.935553567467));
#1616 = CARTESIAN_POINT('',(-16.99496419638,-24.98675784017,
    -5.882164520219));
#1617 = CARTESIAN_POINT('',(-17.22631116168,-25.23105965513,
    -5.847484076762));
#1618 = CARTESIAN_POINT('',(-17.56862593515,-25.54016698524,
    -5.838632601078));
#1619 = CARTESIAN_POINT('',(-17.65864462367,-25.61732695001,
    -5.839649989388));
#1620 = CARTESIAN_POINT('',(-17.75132129872,-25.69261783699,
    -5.84433240443));
#1621 = CARTESIAN_POINT('',(-17.84639197074,-25.76572747743,
    -5.853062576873));
#1622 = CARTESIAN_POINT('',(-17.94356369634,-25.8363861371,
    -5.86621075345));
#1623 = CARTESIAN_POINT('',(-18.04251487867,-25.90436608418,
    -5.884134242915));
#1624 = CARTESIAN_POINT('',(-18.21785215422,-26.01810409082,
    -5.924383494227));
#1625 = CARTESIAN_POINT('',(-18.29355123723,-26.06509429978,
    -5.944432025349));
#1626 = CARTESIAN_POINT('',(-18.36970655796,-26.11028835038,
    -5.967427104706));
#1627 = CARTESIAN_POINT('',(-18.44602544317,-26.15356161041,
    -5.993439011933));
#1628 = CARTESIAN_POINT('',(-18.52221304942,-26.19482553056,
    -6.022502034089));
#1629 = CARTESIAN_POINT('',(-18.59797660719,-26.23402492589,
    -6.054612742786));
#1630 = CARTESIAN_POINT('',(-18.73866716419,-26.30359002222,
    -6.120438485433));
#1631 = CARTESIAN_POINT('',(-18.80371606184,-26.33442463261,
    -6.153425772836));
#1632 = CARTESIAN_POINT('',(-18.86798427062,-26.36362536585,
    -6.188655055189));
#1633 = CARTESIAN_POINT('',(-18.93128241938,-26.39119561681,
    -6.226067044465));
#1634 = CARTESIAN_POINT('',(-18.99342663976,-26.41715391753,
    -6.265577458173));
#1635 = CARTESIAN_POINT('',(-19.05424135263,-26.44153195692,
    -6.307076234563));
#1636 = CARTESIAN_POINT('',(-19.18997362701,-26.49379385526,
    -6.40626696505));
#1637 = CARTESIAN_POINT('',(-19.26386170638,-26.52064702349,
    -6.465147117025));
#1638 = CARTESIAN_POINT('',(-19.33502496329,-26.54508454739,
    -6.526874550964));
#1639 = CARTESIAN_POINT('',(-19.40327851233,-26.56726437443,
    -6.591229551501));
#1640 = CARTESIAN_POINT('',(-19.46845769345,-26.58734668922,
    -6.657964782556));
#1641 = CARTESIAN_POINT('',(-19.53042185331,-26.60549064553,
    -6.726804729188));
#1642 = CARTESIAN_POINT('',(-19.76605102822,-26.67123493244,
    -7.010672387001));
#1643 = CARTESIAN_POINT('',(-19.91241618306,-26.70428422677,
    -7.239934561522));
#1644 = CARTESIAN_POINT('',(-20.02835769146,-26.72622123635,
    -7.480508244864));
#1645 = CARTESIAN_POINT('',(-20.11450820033,-26.74050890185,
    -7.728623045252));
#1646 = CARTESIAN_POINT('',(-20.17155755161,-26.74930387436,
    -7.981244662584));
#1647 = CARTESIAN_POINT('',(-20.2,-26.75368962263,-8.235822239759));
#1648 = CARTESIAN_POINT('',(-20.2,-26.75368962263,-8.49));
#1649 = PCURVE('',#400,#1650);
#1650 = DEFINITIONAL_REPRESENTATION('',(#1651),#1750);
#1651 = B_SPLINE_CURVE_WITH_KNOTS('',7,(#1652,#1653,#1654,#1655,#1656,
    #1657,#1658,#1659,#1660,#1661,#1662,#1663,#1664,#1665,#1666,#1667,
    #1668,#1669,#1670,#1671,#1672,#1673,#1674,#1675,#1676,#1677,#1678,
    #1679,#1680,#1681,#1682,#1683,#1684,#1685,#1686,#1687,#1688,#1689,
    #1690,#1691,#1692,#1693,#1694,#1695,#1696,#1697,#1698,#1699,#1700,
    #1701,#1702,#1703,#1704,#1705,#1706,#1707,#1708,#1709,#1710,#1711,
    #1712,#1713,#1714,#1715,#1716,#1717,#1718,#1719,#1720,#1721,#1722,
    #1723,#1724,#1725,#1726,#1727,#1728,#1729,#1730,#1731,#1732,#1733,
    #1734,#1735,#1736,#1737,#1738,#1739,#1740,#1741,#1742,#1743,#1744,
    #1745,#1746,#1747,#1748,#1749),.UNSPECIFIED.,.F.,.F.,(8,6,6,6,6,6,6,
    6,6,6,6,6,6,6,6,6,8),(0.,0.108234811631,0.13155731595,0.171941525891
    ,0.218170524786,0.281995187707,0.371681686137,0.43840800712,
    0.499502393084,0.560596779048,0.627323100031,0.752658918189,
    0.795450780614,0.827404455755,0.855349477408,0.891345731219,1.),
  .UNSPECIFIED.);
#1652 = CARTESIAN_POINT('',(1.723773240746,26.89));
#1653 = CARTESIAN_POINT('',(1.723773240746,26.635822239759));
#1654 = CARTESIAN_POINT('',(1.729255280532,26.381244662584));
#1655 = CARTESIAN_POINT('',(1.740248894809,26.128623045252));
#1656 = CARTESIAN_POINT('',(1.756883048289,25.880508244864));
#1657 = CARTESIAN_POINT('',(1.779345998621,25.639934561522));
#1658 = CARTESIAN_POINT('',(1.807891628023,25.410672387001));
#1659 = CARTESIAN_POINT('',(1.850434197999,25.151498799931));
#1660 = CARTESIAN_POINT('',(1.858269711144,25.106334632512));
#1661 = CARTESIAN_POINT('',(1.866396999328,25.062026001151));
#1662 = CARTESIAN_POINT('',(1.874813836378,25.018642756574));
#1663 = CARTESIAN_POINT('',(1.883517635987,24.976251272262));
#1664 = CARTESIAN_POINT('',(1.892505534,24.934914480441));
#1665 = CARTESIAN_POINT('',(1.917824148754,24.825044292863));
#1666 = CARTESIAN_POINT('',(1.93473457927,24.758659012676));
#1667 = CARTESIAN_POINT('',(1.952450525925,24.696043200306));
#1668 = CARTESIAN_POINT('',(1.970908131395,24.637596059802));
#1669 = CARTESIAN_POINT('',(1.990036573969,24.583613080399));
#1670 = CARTESIAN_POINT('',(2.009759724163,24.534290250442));
#1671 = CARTESIAN_POINT('',(2.053164926497,24.438716856549));
#1672 = CARTESIAN_POINT('',(2.076934475721,24.394103666016));
#1673 = CARTESIAN_POINT('',(2.101181702432,24.355961873171));
#1674 = CARTESIAN_POINT('',(2.125776532375,24.324212628079));
#1675 = CARTESIAN_POINT('',(2.150580602881,24.298636839544));
#1676 = CARTESIAN_POINT('',(2.175444302144,24.278886957239));
#1677 = CARTESIAN_POINT('',(2.234387268781,24.244634117904));
#1678 = CARTESIAN_POINT('',(2.268375168979,24.234987467806));
#1679 = CARTESIAN_POINT('',(2.302073859424,24.234144641056));
#1680 = CARTESIAN_POINT('',(2.335411663239,24.240823076827));
#1681 = CARTESIAN_POINT('',(2.368328952158,24.253841881039));
#1682 = CARTESIAN_POINT('',(2.400771604119,24.272104852906));
#1683 = CARTESIAN_POINT('',(2.477536582096,24.326201726273));
#1684 = CARTESIAN_POINT('',(2.521530339099,24.366286281396));
#1685 = CARTESIAN_POINT('',(2.564731697255,24.412314893088));
#1686 = CARTESIAN_POINT('',(2.607237162648,24.4622419923));
#1687 = CARTESIAN_POINT('',(2.649171692033,24.514347975245));
#1688 = CARTESIAN_POINT('',(2.69068880345,24.56709597239));
#1689 = CARTESIAN_POINT('',(2.762693944087,24.657632211111));
#1690 = CARTESIAN_POINT('',(2.793278267855,24.695785090099));
#1691 = CARTESIAN_POINT('',(2.823762301732,24.732803394622));
#1692 = CARTESIAN_POINT('',(2.854179064867,24.768029262339));
#1693 = CARTESIAN_POINT('',(2.884565332932,24.800811634121));
#1694 = CARTESIAN_POINT('',(2.914965121042,24.830520328222));
#1695 = CARTESIAN_POINT('',(2.97332899798,24.880428387648));
#1696 = CARTESIAN_POINT('',(3.001307997647,24.9012408116));
#1697 = CARTESIAN_POINT('',(3.029324456605,24.918479864364));
#1698 = CARTESIAN_POINT('',(3.057358979238,24.931717889681));
#1699 = CARTESIAN_POINT('',(3.08540931045,24.940655851219));
#1700 = CARTESIAN_POINT('',(3.11348315216,24.945134966122));
#1701 = CARTESIAN_POINT('',(3.16970215502,24.945134966122));
#1702 = CARTESIAN_POINT('',(3.19777599673,24.940655851219));
#1703 = CARTESIAN_POINT('',(3.225826327942,24.931717889682));
#1704 = CARTESIAN_POINT('',(3.253860850575,24.918479864364));
#1705 = CARTESIAN_POINT('',(3.281877309532,24.9012408116));
#1706 = CARTESIAN_POINT('',(3.309856309199,24.880428387648));
#1707 = CARTESIAN_POINT('',(3.368220186138,24.830520328222));
#1708 = CARTESIAN_POINT('',(3.398619974248,24.800811634121));
#1709 = CARTESIAN_POINT('',(3.429006242313,24.768029262339));
#1710 = CARTESIAN_POINT('',(3.459423005447,24.732803394622));
#1711 = CARTESIAN_POINT('',(3.489907039325,24.695785090099));
#1712 = CARTESIAN_POINT('',(3.520491363092,24.657632211111));
#1713 = CARTESIAN_POINT('',(3.608907781848,24.546461120761));
#1714 = CARTESIAN_POINT('',(3.666919995854,24.472451943522));
#1715 = CARTESIAN_POINT('',(3.72595174983,24.40078107418));
#1716 = CARTESIAN_POINT('',(3.786413083466,24.335553567467));
#1717 = CARTESIAN_POINT('',(3.848540018512,24.282164520219));
#1718 = CARTESIAN_POINT('',(3.912431653432,24.247484076762));
#1719 = CARTESIAN_POINT('',(4.000283672004,24.238632601078));
#1720 = CARTESIAN_POINT('',(4.022859438273,24.239649989388));
#1721 = CARTESIAN_POINT('',(4.045590620813,24.24433240443));
#1722 = CARTESIAN_POINT('',(4.068419901883,24.253062576873));
#1723 = CARTESIAN_POINT('',(4.091291669131,24.26621075345));
#1724 = CARTESIAN_POINT('',(4.114150787182,24.284134242915));
#1725 = CARTESIAN_POINT('',(4.153959624885,24.324383494227));
#1726 = CARTESIAN_POINT('',(4.170927268832,24.344432025349));
#1727 = CARTESIAN_POINT('',(4.187789724587,24.367427104706));
#1728 = CARTESIAN_POINT('',(4.20449507259,24.393439011933));
#1729 = CARTESIAN_POINT('',(4.220993972941,24.422502034089));
#1730 = CARTESIAN_POINT('',(4.237239588145,24.454612742786));
#1731 = CARTESIAN_POINT('',(4.267134724877,24.520438485433));
#1732 = CARTESIAN_POINT('',(4.280844653143,24.553425772836));
#1733 = CARTESIAN_POINT('',(4.294287798219,24.588655055189));
#1734 = CARTESIAN_POINT('',(4.307435826904,24.626067044465));
#1735 = CARTESIAN_POINT('',(4.320261801455,24.665577458173));
#1736 = CARTESIAN_POINT('',(4.332740415813,24.707076234563));
#1737 = CARTESIAN_POINT('',(4.360444427214,24.80626696505));
#1738 = CARTESIAN_POINT('',(4.375416285571,24.865147117025));
#1739 = CARTESIAN_POINT('',(4.389744680491,24.926874550964));
#1740 = CARTESIAN_POINT('',(4.403411482226,24.991229551501));
#1741 = CARTESIAN_POINT('',(4.416400371155,25.057964782556));
#1742 = CARTESIAN_POINT('',(4.428697651247,25.126804729188));
#1743 = CARTESIAN_POINT('',(4.475293679157,25.410672387001));
#1744 = CARTESIAN_POINT('',(4.503839308558,25.639934561522));
#1745 = CARTESIAN_POINT('',(4.52630225889,25.880508244864));
#1746 = CARTESIAN_POINT('',(4.542936412371,26.128623045252));
#1747 = CARTESIAN_POINT('',(4.553930026647,26.381244662584));
#1748 = CARTESIAN_POINT('',(4.559412066434,26.635822239759));
#1749 = CARTESIAN_POINT('',(4.559412066434,26.89));
#1750 = ( GEOMETRIC_REPRESENTATION_CONTEXT(2) 
PARAMETRIC_REPRESENTATION_CONTEXT() REPRESENTATION_CONTEXT('2D SPACE',''
  ) );
#1751 = PCURVE('',#515,#1752);
#1752 = DEFINITIONAL_REPRESENTATION('',(#1753),#1852);
#1753 = B_SPLINE_CURVE_WITH_KNOTS('',7,(#1754,#1755,#1756,#1757,#1758,
    #1759,#1760,#1761,#1762,#1763,#1764,#1765,#1766,#1767,#1768,#1769,
    #1770,#1771,#1772,#1773,#1774,#1775,#1776,#1777,#1778,#1779,#1780,
    #1781,#1782,#1783,#1784,#1785,#1786,#1787,#1788,#1789,#1790,#1791,
    #1792,#1793,#1794,#1795,#1796,#1797,#1798,#1799,#1800,#1801,#1802,
    #1803,#1804,#1805,#1806,#1807,#1808,#1809,#1810,#1811,#1812,#1813,
    #1814,#1815,#1816,#1817,#1818,#1819,#1820,#1821,#1822,#1823,#1824,
    #1825,#1826,#1827,#1828,#1829,#1830,#1831,#1832,#1833,#1834,#1835,
    #1836,#1837,#1838,#1839,#1840,#1841,#1842,#1843,#1844,#1845,#1846,
    #1847,#1848,#1849,#1850,#1851),.UNSPECIFIED.,.F.,.F.,(8,6,6,6,6,6,6,
    6,6,6,6,6,6,6,6,6,8),(0.,0.108234811631,0.13155731595,0.171941525891
    ,0.218170524786,0.281995187707,0.371681686137,0.43840800712,
    0.499502393084,0.560596779048,0.627323100031,0.752658918189,
    0.795450780614,0.827404455755,0.855349477408,0.891345731219,1.),
  .UNSPECIFIED.);
#1754 = CARTESIAN_POINT('',(0.,32.173689622631));
#1755 = CARTESIAN_POINT('',(9.591613594016E-02,32.173689622631));
#1756 = CARTESIAN_POINT('',(0.191983530421,32.169303874361));
#1757 = CARTESIAN_POINT('',(0.288752384889,32.16050890185));
#1758 = CARTESIAN_POINT('',(0.386726859919,32.146221236351));
#1759 = CARTESIAN_POINT('',(0.486390130937,32.12428422677));
#1760 = CARTESIAN_POINT('',(0.588236062976,32.091234932447));
#1761 = CARTESIAN_POINT('',(0.715340623497,32.031209839069));
#1762 = CARTESIAN_POINT('',(0.737981849973,32.019818807));
#1763 = CARTESIAN_POINT('',(0.760722385947,32.007634483125));
#1764 = CARTESIAN_POINT('',(0.783554255964,31.99461209841));
#1765 = CARTESIAN_POINT('',(0.80647019094,31.980705907374));
#1766 = CARTESIAN_POINT('',(0.829463512061,31.965869461734));
#1767 = CARTESIAN_POINT('',(0.892465480364,31.922673797097));
#1768 = CARTESIAN_POINT('',(0.932661196858,31.892331383383));
#1769 = CARTESIAN_POINT('',(0.97297851539,31.858845167907));
#1770 = CARTESIAN_POINT('',(1.013295875105,31.822062903477));
#1771 = CARTESIAN_POINT('',(1.053502879526,31.781875451457));
#1772 = CARTESIAN_POINT('',(1.093496373026,31.738228662502));
#1773 = CARTESIAN_POINT('',(1.178599551394,31.637226044286));
#1774 = CARTESIAN_POINT('',(1.22347000008,31.578968579189));
#1775 = CARTESIAN_POINT('',(1.267650829932,31.51642300685));
#1776 = CARTESIAN_POINT('',(1.311007724608,31.449764534472));
#1777 = CARTESIAN_POINT('',(1.353403484799,31.379301841828));
#1778 = CARTESIAN_POINT('',(1.39469242818,31.305495491455));
#1779 = CARTESIAN_POINT('',(1.489970446467,31.123332495426));
#1780 = CARTESIAN_POINT('',(1.542817645675,31.012507244069));
#1781 = CARTESIAN_POINT('',(1.593384107685,30.897111566563));
#1782 = CARTESIAN_POINT('',(1.641755021838,30.777786208408));
#1783 = CARTESIAN_POINT('',(1.687985200414,30.655182789055));
#1784 = CARTESIAN_POINT('',(1.732107330632,30.529955710011));
#1785 = CARTESIAN_POINT('',(1.833195520401,30.224036115993));
#1786 = CARTESIAN_POINT('',(1.888364856061,30.040694085771));
#1787 = CARTESIAN_POINT('',(1.93991655563,29.853628332087));
#1788 = CARTESIAN_POINT('',(1.988021263672,29.663444255523));
#1789 = CARTESIAN_POINT('',(2.03277645909,29.470454676392));
#1790 = CARTESIAN_POINT('',(2.074203944849,29.27467925526));
#1791 = CARTESIAN_POINT('',(2.140497506105,28.927925053017));
#1792 = CARTESIAN_POINT('',(2.166882624491,28.778338884211));
#1793 = CARTESIAN_POINT('',(2.191296578906,28.627197745471));
#1794 = CARTESIAN_POINT('',(2.213637369879,28.474588469057));
#1795 = CARTESIAN_POINT('',(2.233782023888,28.320565113639));
#1796 = CARTESIAN_POINT('',(2.251592933536,28.165135185297));
#1797 = CARTESIAN_POINT('',(2.280962415794,27.864601083695));
#1798 = CARTESIAN_POINT('',(2.292934805653,27.719599270519));
#1799 = CARTESIAN_POINT('',(2.302679635203,27.573648552968));
#1800 = CARTESIAN_POINT('',(2.310076129231,27.427036165787));
#1801 = CARTESIAN_POINT('',(2.315041749331,27.279962614651));
#1802 = CARTESIAN_POINT('',(2.317530122447,27.132574882508));
#1803 = CARTESIAN_POINT('',(2.317530122447,26.837425117492));
#1804 = CARTESIAN_POINT('',(2.315041749331,26.690037385349));
#1805 = CARTESIAN_POINT('',(2.310076129231,26.542963834213));
#1806 = CARTESIAN_POINT('',(2.302679635203,26.396351447032));
#1807 = CARTESIAN_POINT('',(2.292934805653,26.25040072948));
#1808 = CARTESIAN_POINT('',(2.280962415794,26.105398916305));
#1809 = CARTESIAN_POINT('',(2.251592933536,25.804864814703));
#1810 = CARTESIAN_POINT('',(2.233782023888,25.649434886361));
#1811 = CARTESIAN_POINT('',(2.213637369879,25.495411530943));
#1812 = CARTESIAN_POINT('',(2.191296578906,25.342802254529));
#1813 = CARTESIAN_POINT('',(2.166882624491,25.191661115789));
#1814 = CARTESIAN_POINT('',(2.140497506105,25.042074946983));
#1815 = CARTESIAN_POINT('',(2.05909443931,24.616289170027));
#1816 = CARTESIAN_POINT('',(1.999428324883,24.345042373024));
#1817 = CARTESIAN_POINT('',(1.933323853441,24.078670379714));
#1818 = CARTESIAN_POINT('',(1.860510288577,23.817498238773));
#1819 = CARTESIAN_POINT('',(1.78058862575,23.563242159829));
#1820 = CARTESIAN_POINT('',(1.692978125661,23.318940344867));
#1821 = CARTESIAN_POINT('',(1.563759561966,23.009833014755));
#1822 = CARTESIAN_POINT('',(1.529811550629,22.932673049989));
#1823 = CARTESIAN_POINT('',(1.49483843005,22.857382163007));
#1824 = CARTESIAN_POINT('',(1.458868655907,22.784272522566));
#1825 = CARTESIAN_POINT('',(1.421923724855,22.713613862895));
#1826 = CARTESIAN_POINT('',(1.384016949112,22.645633915812));
#1827 = CARTESIAN_POINT('',(1.316131045598,22.531895909171));
#1828 = CARTESIAN_POINT('',(1.286596794597,22.484905700219));
#1829 = CARTESIAN_POINT('',(1.256606152754,22.439711649618));
#1830 = CARTESIAN_POINT('',(1.226214380327,22.396438389582));
#1831 = CARTESIAN_POINT('',(1.195475935119,22.355174469432));
#1832 = CARTESIAN_POINT('',(1.164445084479,22.315975074106));
#1833 = CARTESIAN_POINT('',(1.105830655406,22.246409977771));
#1834 = CARTESIAN_POINT('',(1.078321810276,22.215575367388));
#1835 = CARTESIAN_POINT('',(1.050687918217,22.186374634148));
#1836 = CARTESIAN_POINT('',(1.022967908272,22.158804383188));
#1837 = CARTESIAN_POINT('',(0.995202327476,22.132846082468));
#1838 = CARTESIAN_POINT('',(0.967433966127,22.108468043078));
#1839 = CARTESIAN_POINT('',(0.903995019017,22.056206144731));
#1840 = CARTESIAN_POINT('',(0.868373521908,22.029352976509));
#1841 = CARTESIAN_POINT('',(0.832873950836,22.004915452603));
#1842 = CARTESIAN_POINT('',(0.797528738508,21.982735625564));
#1843 = CARTESIAN_POINT('',(0.762374068347,21.962653310774));
#1844 = CARTESIAN_POINT('',(0.727451151599,21.944509354461));
#1845 = CARTESIAN_POINT('',(0.588236062976,21.878765067553));
#1846 = CARTESIAN_POINT('',(0.486390130937,21.84571577323));
#1847 = CARTESIAN_POINT('',(0.386726859919,21.823778763649));
#1848 = CARTESIAN_POINT('',(0.288752384889,21.80949109815));
#1849 = CARTESIAN_POINT('',(0.191983530421,21.800696125638));
#1850 = CARTESIAN_POINT('',(9.591613594016E-02,21.796310377369));
#1851 = CARTESIAN_POINT('',(0.,21.796310377369));
#1852 = ( GEOMETRIC_REPRESENTATION_CONTEXT(2) 
PARAMETRIC_REPRESENTATION_CONTEXT() REPRESENTATION_CONTEXT('2D SPACE',''
  ) );
#1853 = ORIENTED_EDGE('',*,*,#1854,.F.);
#1854 = EDGE_CURVE('',#1547,#1545,#1855,.T.);
#1855 = SURFACE_CURVE('',#1856,(#1949,#2045),.PCURVE_S1.);
#1856 = B_SPLINE_CURVE_WITH_KNOTS('',7,(#1857,#1858,#1859,#1860,#1861,
    #1862,#1863,#1864,#1865,#1866,#1867,#1868,#1869,#1870,#1871,#1872,
    #1873,#1874,#1875,#1876,#1877,#1878,#1879,#1880,#1881,#1882,#1883,
    #1884,#1885,#1886,#1887,#1888,#1889,#1890,#1891,#1892,#1893,#1894,
    #1895,#1896,#1897,#1898,#1899,#1900,#1901,#1902,#1903,#1904,#1905,
    #1906,#1907,#1908,#1909,#1910,#1911,#1912,#1913,#1914,#1915,#1916,
    #1917,#1918,#1919,#1920,#1921,#1922,#1923,#1924,#1925,#1926,#1927,
    #1928,#1929,#1930,#1931,#1932,#1933,#1934,#1935,#1936,#1937,#1938,
    #1939,#1940,#1941,#1942,#1943,#1944,#1945,#1946,#1947,#1948),
  .UNSPECIFIED.,.F.,.F.,(8,6,6,6,6,6,6,6,6,6,6,6,6,6,6,8),(0.,
    0.108004497272,0.131631009428,0.17186570076,0.21658667544,
    0.280781482709,0.372078494031,0.4366653733,0.499388151536,
    0.562110929773,0.626697809043,0.752778127096,0.79633967447,
    0.867660615406,0.891414274157,1.),.UNSPECIFIED.);
#1857 = CARTESIAN_POINT('',(-20.2,-26.75368962263,-8.49));
#1858 = CARTESIAN_POINT('',(-20.2,-26.75368962263,-8.743697718174));
#1859 = CARTESIAN_POINT('',(-20.17166486872,-26.74932045366,
    -8.997786935849));
#1860 = CARTESIAN_POINT('',(-20.11483389137,-26.74055904376,
    -9.249930780652));
#1861 = CARTESIAN_POINT('',(-20.02901510225,-26.72633022126,
    -9.497597081206));
#1862 = CARTESIAN_POINT('',(-19.91352132193,-26.70449336743,
    -9.73777141929));
#1863 = CARTESIAN_POINT('',(-19.76772228699,-26.67161217589,
    -9.966707383501));
#1864 = CARTESIAN_POINT('',(-19.55284432545,-26.61176563498,
    -10.22631026917));
#1865 = CARTESIAN_POINT('',(-19.51284692086,-26.60025603232,
    -10.27210658182));
#1866 = CARTESIAN_POINT('',(-19.47144718527,-26.58793348452,
    -10.31702660945));
#1867 = CARTESIAN_POINT('',(-19.428675973,-26.57475143682,
    -10.36099769026));
#1868 = CARTESIAN_POINT('',(-19.38456814977,-26.56066229743,
    -10.40395081539));
#1869 = CARTESIAN_POINT('',(-19.33916227643,-26.54561772879,
    -10.4458205907));
#1870 = CARTESIAN_POINT('',(-19.21303742054,-26.50223870491,
    -10.55589703598));
#1871 = CARTESIAN_POINT('',(-19.12984487834,-26.47196653095,
    -10.62200369646));
#1872 = CARTESIAN_POINT('',(-19.0433249334,-26.43857117486,
    -10.68436423157));
#1873 = CARTESIAN_POINT('',(-18.95393703356,-26.40190229437,
    -10.74258413185));
#1874 = CARTESIAN_POINT('',(-18.86218201093,-26.36185212239,
    -10.79637118349));
#1875 = CARTESIAN_POINT('',(-18.76858628579,-26.31836714226,
    -10.84553132483));
#1876 = CARTESIAN_POINT('',(-18.56820420906,-26.21932207658,
    -10.93935210764));
#1877 = CARTESIAN_POINT('',(-18.46141524016,-26.16310656551,
    -10.98275705974));
#1878 = CARTESIAN_POINT('',(-18.35406584794,-26.10286883779,
    -11.02010638719));
#1879 = CARTESIAN_POINT('',(-18.24691051711,-26.03876681496,
    -11.05146292773));
#1880 = CARTESIAN_POINT('',(-18.14069982692,-25.97107671957,
    -11.07701511504));
#1881 = CARTESIAN_POINT('',(-18.03616874522,-25.90020906249,
    -11.0970667648));
#1882 = CARTESIAN_POINT('',(-17.78740238015,-25.72124126387,
    -11.13350135878));
#1883 = CARTESIAN_POINT('',(-17.64576312918,-25.61041161727,
    -11.14447530292));
#1884 = CARTESIAN_POINT('',(-17.50974077795,-25.49485663966,
    -11.14638703917));
#1885 = CARTESIAN_POINT('',(-17.37977384031,-25.37523538192,
    -11.14054623629));
#1886 = CARTESIAN_POINT('',(-17.25616067542,-25.25222584485,
    -11.12816411574));
#1887 = CARTESIAN_POINT('',(-17.13909404067,-25.12651731321,
    -11.11037009873));
#1888 = CARTESIAN_POINT('',(-16.87163911563,-24.81719645104,
    -11.05670599595));
#1889 = CARTESIAN_POINT('',(-16.72734853551,-24.6307333655,
    -11.01623606622));
#1890 = CARTESIAN_POINT('',(-16.59544337912,-24.44038332562,
    -10.96950861025));
#1891 = CARTESIAN_POINT('',(-16.47539625079,-24.24679880601,
    -10.91869480577));
#1892 = CARTESIAN_POINT('',(-16.36663654154,-24.0503153913,
    -10.86561141588));
#1893 = CARTESIAN_POINT('',(-16.26865459642,-23.85094923911,
    -10.81187709174));
#1894 = CARTESIAN_POINT('',(-16.119136748,-23.50511424479,
    -10.72167311118));
#1895 = CARTESIAN_POINT('',(-16.06241863173,-23.36027880876,
    -10.68476373833));
#1896 = CARTESIAN_POINT('',(-16.01088176811,-23.21398755816,
    -10.64892065725));
#1897 = CARTESIAN_POINT('',(-15.9644937453,-23.06631600214,
    -10.61473992364));
#1898 = CARTESIAN_POINT('',(-15.92323490906,-22.91731145728,
    -10.58281186492));
#1899 = CARTESIAN_POINT('',(-15.88710330365,-22.7669813741,
    -10.55370946049));
#1900 = CARTESIAN_POINT('',(-15.82604921104,-22.46796251658,
    -10.50296387232));
#1901 = CARTESIAN_POINT('',(-15.80079974397,-22.31918704324,
    -10.48110179165));
#1902 = CARTESIAN_POINT('',(-15.78052682163,-22.16939621274,
    -10.4629613439));
#1903 = CARTESIAN_POINT('',(-15.76528722855,-22.01889733172,
    -10.44901359788));
#1904 = CARTESIAN_POINT('',(-15.75510446004,-21.86790132847,
    -10.43958927439));
#1905 = CARTESIAN_POINT('',(-15.75,-21.71655937885,-10.43486503387));
#1906 = CARTESIAN_POINT('',(-15.75,-21.41344062114,-10.43486503387));
#1907 = CARTESIAN_POINT('',(-15.75510446004,-21.26209867152,
    -10.43958927439));
#1908 = CARTESIAN_POINT('',(-15.76528722855,-21.11110266827,
    -10.44901359788));
#1909 = CARTESIAN_POINT('',(-15.78052682163,-20.96060378725,
    -10.4629613439));
#1910 = CARTESIAN_POINT('',(-15.80079974397,-20.81081295675,
    -10.48110179165));
#1911 = CARTESIAN_POINT('',(-15.82604921104,-20.66203748341,
    -10.50296387232));
#1912 = CARTESIAN_POINT('',(-15.88710330365,-20.36301862589,
    -10.55370946049));
#1913 = CARTESIAN_POINT('',(-15.92323490906,-20.21268854271,
    -10.58281186492));
#1914 = CARTESIAN_POINT('',(-15.96449374531,-20.06368399785,
    -10.61473992364));
#1915 = CARTESIAN_POINT('',(-16.01088176811,-19.91601244183,
    -10.64892065725));
#1916 = CARTESIAN_POINT('',(-16.06241863173,-19.76972119123,
    -10.68476373833));
#1917 = CARTESIAN_POINT('',(-16.119136748,-19.6248857552,-10.72167311118
    ));
#1918 = CARTESIAN_POINT('',(-16.30201741001,-19.20188252598,
    -10.83200484652));
#1919 = CARTESIAN_POINT('',(-16.44252338228,-18.92889461619,
    -10.90651559793));
#1920 = CARTESIAN_POINT('',(-16.60381835595,-18.66080320133,
    -10.9787219299));
#1921 = CARTESIAN_POINT('',(-16.78769777846,-18.3979376269,
    -11.04445544033));
#1922 = CARTESIAN_POINT('',(-16.99566602316,-18.14206514355,
    -11.09821293972));
#1923 = CARTESIAN_POINT('',(-17.22866704769,-17.89630928453,
    -11.13298581282));
#1924 = CARTESIAN_POINT('',(-17.57456947352,-17.58464573444,
    -11.1413751998));
#1925 = CARTESIAN_POINT('',(-17.66639576569,-17.50618458598,
    -11.14012613852));
#1926 = CARTESIAN_POINT('',(-17.7609710071,-17.42967422057,
    -11.1350553357));
#1927 = CARTESIAN_POINT('',(-17.85800886664,-17.35544803577,
    -11.12575872487));
#1928 = CARTESIAN_POINT('',(-17.95719190468,-17.28379214788,
    -11.11184720884));
#1929 = CARTESIAN_POINT('',(-18.05817213129,-17.21494600789,
    -11.09294728688));
#1930 = CARTESIAN_POINT('',(-18.32822456075,-17.0413018875,
    -11.02900567799));
#1931 = CARTESIAN_POINT('',(-18.49933711214,-16.94177265493,
    -10.97506171766));
#1932 = CARTESIAN_POINT('',(-18.67063005477,-16.8523261609,
    -10.90577689328));
#1933 = CARTESIAN_POINT('',(-18.83873376127,-16.77376910989,
    -10.82094126507));
#1934 = CARTESIAN_POINT('',(-19.00033258337,-16.70607682505,
    -10.72132945833));
#1935 = CARTESIAN_POINT('',(-19.15239654597,-16.64861794484,
    -10.60882182914));
#1936 = CARTESIAN_POINT('',(-19.33916227642,-16.5843822712,
    -10.4458205907));
#1937 = CARTESIAN_POINT('',(-19.38456814977,-16.56933770256,
    -10.40395081539));
#1938 = CARTESIAN_POINT('',(-19.428675973,-16.55524856317,
    -10.36099769026));
#1939 = CARTESIAN_POINT('',(-19.47144718527,-16.54206651547,
    -10.31702660945));
#1940 = CARTESIAN_POINT('',(-19.51284692086,-16.52974396767,
    -10.27210658182));
#1941 = CARTESIAN_POINT('',(-19.55284432544,-16.51823436501,
    -10.22631026918));
#1942 = CARTESIAN_POINT('',(-19.76772228699,-16.4583878241,
    -9.966707383501));
#1943 = CARTESIAN_POINT('',(-19.91352132193,-16.42550663257,
    -9.73777141929));
#1944 = CARTESIAN_POINT('',(-20.02901510225,-16.40366977873,
    -9.497597081206));
#1945 = CARTESIAN_POINT('',(-20.11483389137,-16.38944095623,
    -9.249930780652));
#1946 = CARTESIAN_POINT('',(-20.17166486872,-16.38067954633,
    -8.997786935848));
#1947 = CARTESIAN_POINT('',(-20.2,-16.37631037736,-8.743697718174));
#1948 = CARTESIAN_POINT('',(-20.2,-16.37631037736,-8.49));
#1949 = PCURVE('',#400,#1950);
#1950 = DEFINITIONAL_REPRESENTATION('',(#1951),#2044);
#1951 = B_SPLINE_CURVE_WITH_KNOTS('',7,(#1952,#1953,#1954,#1955,#1956,
    #1957,#1958,#1959,#1960,#1961,#1962,#1963,#1964,#1965,#1966,#1967,
    #1968,#1969,#1970,#1971,#1972,#1973,#1974,#1975,#1976,#1977,#1978,
    #1979,#1980,#1981,#1982,#1983,#1984,#1985,#1986,#1987,#1988,#1989,
    #1990,#1991,#1992,#1993,#1994,#1995,#1996,#1997,#1998,#1999,#2000,
    #2001,#2002,#2003,#2004,#2005,#2006,#2007,#2008,#2009,#2010,#2011,
    #2012,#2013,#2014,#2015,#2016,#2017,#2018,#2019,#2020,#2021,#2022,
    #2023,#2024,#2025,#2026,#2027,#2028,#2029,#2030,#2031,#2032,#2033,
    #2034,#2035,#2036,#2037,#2038,#2039,#2040,#2041,#2042,#2043),
  .UNSPECIFIED.,.F.,.F.,(8,6,6,6,6,6,6,6,6,6,6,6,6,6,6,8),(0.,
    0.108004497272,0.131631009428,0.17186570076,0.21658667544,
    0.280781482709,0.372078494031,0.4366653733,0.499388151536,
    0.562110929773,0.626697809043,0.752778127096,0.79633967447,
    0.867660615406,0.891414274157,1.),.UNSPECIFIED.);
#1952 = CARTESIAN_POINT('',(4.559412066434,26.89));
#1953 = CARTESIAN_POINT('',(4.559412066434,27.143697718174));
#1954 = CARTESIAN_POINT('',(4.55395071613,27.397786935849));
#1955 = CARTESIAN_POINT('',(4.542999167089,27.649930780652));
#1956 = CARTESIAN_POINT('',(4.526429189399,27.897597081206));
#1957 = CARTESIAN_POINT('',(4.504053431274,28.13777141929));
#1958 = CARTESIAN_POINT('',(4.475619617659,28.366707383501));
#1959 = CARTESIAN_POINT('',(4.433132688921,28.626310269178));
#1960 = CARTESIAN_POINT('',(4.425205270963,28.672106581827));
#1961 = CARTESIAN_POINT('',(4.41697826639,28.717026609455));
#1962 = CARTESIAN_POINT('',(4.40845397478,28.760997690269));
#1963 = CARTESIAN_POINT('',(4.399635075112,28.803950815397));
#1964 = CARTESIAN_POINT('',(4.390524538005,28.845820590704));
#1965 = CARTESIAN_POINT('',(4.365119541632,28.95589703598));
#1966 = CARTESIAN_POINT('',(4.348259443565,29.022003696469));
#1967 = CARTESIAN_POINT('',(4.330600001873,29.084364231573));
#1968 = CARTESIAN_POINT('',(4.312204466078,29.142584131855));
#1969 = CARTESIAN_POINT('',(4.293142949452,29.196371183495));
#1970 = CARTESIAN_POINT('',(4.273490801373,29.245531324833));
#1971 = CARTESIAN_POINT('',(4.230914834123,29.339352107643));
#1972 = CARTESIAN_POINT('',(4.207935228881,29.382757059746));
#1973 = CARTESIAN_POINT('',(4.184502320467,29.420106387192));
#1974 = CARTESIAN_POINT('',(4.160735245739,29.451462927739));
#1975 = CARTESIAN_POINT('',(4.136760603848,29.477015115049));
#1976 = CARTESIAN_POINT('',(4.112714938154,29.497066764803));
#1977 = CARTESIAN_POINT('',(4.054342709385,29.533501358788));
#1978 = CARTESIAN_POINT('',(4.020114030219,29.544475302926));
#1979 = CARTESIAN_POINT('',(3.986161615177,29.546387039172));
#1980 = CARTESIAN_POINT('',(3.952563349759,29.540546236293));
#1981 = CARTESIAN_POINT('',(3.919385151517,29.528164115747));
#1982 = CARTESIAN_POINT('',(3.886688046231,29.510370098738));
#1983 = CARTESIAN_POINT('',(3.808799461882,29.456705995954));
#1984 = CARTESIAN_POINT('',(3.763956930111,29.416236066224));
#1985 = CARTESIAN_POINT('',(3.719941088741,29.369508610255));
#1986 = CARTESIAN_POINT('',(3.676651577148,29.318694805771));
#1987 = CARTESIAN_POINT('',(3.633956926066,29.265611415889));
#1988 = CARTESIAN_POINT('',(3.591694299294,29.211877091744));
#1989 = CARTESIAN_POINT('',(3.519928130674,29.121673111188));
#1990 = CARTESIAN_POINT('',(3.490318466423,29.084763738332));
#1991 = CARTESIAN_POINT('',(3.460803003463,29.048920657251));
#1992 = CARTESIAN_POINT('',(3.431351096716,29.01473992364));
#1993 = CARTESIAN_POINT('',(3.401928960374,28.982811864928));
#1994 = CARTESIAN_POINT('',(3.372496684804,28.953709460499));
#1995 = CARTESIAN_POINT('',(3.314365585995,28.902963872329));
#1996 = CARTESIAN_POINT('',(3.285638131114,28.881101791652));
#1997 = CARTESIAN_POINT('',(3.256872381091,28.862961343903));
#1998 = CARTESIAN_POINT('',(3.228088621904,28.849013597883));
#1999 = CARTESIAN_POINT('',(3.199288129683,28.839589274398));
#2000 = CARTESIAN_POINT('',(3.170461106705,28.834865033878));
#2001 = CARTESIAN_POINT('',(3.112724200474,28.834865033878));
#2002 = CARTESIAN_POINT('',(3.083897177497,28.839589274398));
#2003 = CARTESIAN_POINT('',(3.055096685275,28.849013597883));
#2004 = CARTESIAN_POINT('',(3.026312926089,28.862961343903));
#2005 = CARTESIAN_POINT('',(2.997547176066,28.881101791652));
#2006 = CARTESIAN_POINT('',(2.968819721185,28.902963872329));
#2007 = CARTESIAN_POINT('',(2.910688622376,28.953709460499));
#2008 = CARTESIAN_POINT('',(2.881256346806,28.982811864928));
#2009 = CARTESIAN_POINT('',(2.851834210463,29.01473992364));
#2010 = CARTESIAN_POINT('',(2.822382303716,29.048920657251));
#2011 = CARTESIAN_POINT('',(2.792866840756,29.084763738332));
#2012 = CARTESIAN_POINT('',(2.763257176506,29.121673111187));
#2013 = CARTESIAN_POINT('',(2.675477392581,29.232004846525));
#2014 = CARTESIAN_POINT('',(2.617128485622,29.306515597934));
#2015 = CARTESIAN_POINT('',(2.557746138447,29.378721929907));
#2016 = CARTESIAN_POINT('',(2.496912345431,29.444455440337));
#2017 = CARTESIAN_POINT('',(2.434390367401,29.49821293972));
#2018 = CARTESIAN_POINT('',(2.37008477367,29.532985812826));
#2019 = CARTESIAN_POINT('',(2.281399203254,29.5413751998));
#2020 = CARTESIAN_POINT('',(2.258401122236,29.540126138526));
#2021 = CARTESIAN_POINT('',(2.235243480111,29.535055335705));
#2022 = CARTESIAN_POINT('',(2.211988294099,29.525758724876));
#2023 = CARTESIAN_POINT('',(2.188695592277,29.511847208841));
#2024 = CARTESIAN_POINT('',(2.165424771048,29.49294728688));
#2025 = CARTESIAN_POINT('',(2.104270167459,29.429005677996));
#2026 = CARTESIAN_POINT('',(2.066602200287,29.375061717664));
#2027 = CARTESIAN_POINT('',(2.029854963678,29.305776893283));
#2028 = CARTESIAN_POINT('',(1.994567359035,29.220941265075));
#2029 = CARTESIAN_POINT('',(1.961229930054,29.121329458334));
#2030 = CARTESIAN_POINT('',(1.930280496638,29.008821829144));
#2031 = CARTESIAN_POINT('',(1.892660769175,28.845820590705));
#2032 = CARTESIAN_POINT('',(1.883550232067,28.803950815397));
#2033 = CARTESIAN_POINT('',(1.8747313324,28.760997690268));
#2034 = CARTESIAN_POINT('',(1.866207040789,28.717026609454));
#2035 = CARTESIAN_POINT('',(1.857980036217,28.672106581827));
#2036 = CARTESIAN_POINT('',(1.850052618259,28.62631026918));
#2037 = CARTESIAN_POINT('',(1.807565689521,28.366707383501));
#2038 = CARTESIAN_POINT('',(1.779131875906,28.13777141929));
#2039 = CARTESIAN_POINT('',(1.756756117781,27.897597081206));
#2040 = CARTESIAN_POINT('',(1.740186140091,27.649930780652));
#2041 = CARTESIAN_POINT('',(1.729234591049,27.397786935848));
#2042 = CARTESIAN_POINT('',(1.723773240746,27.143697718174));
#2043 = CARTESIAN_POINT('',(1.723773240746,26.89));
#2044 = ( GEOMETRIC_REPRESENTATION_CONTEXT(2) 
PARAMETRIC_REPRESENTATION_CONTEXT() REPRESENTATION_CONTEXT('2D SPACE',''
  ) );
#2045 = PCURVE('',#515,#2046);
#2046 = DEFINITIONAL_REPRESENTATION('',(#2047),#2140);
#2047 = B_SPLINE_CURVE_WITH_KNOTS('',7,(#2048,#2049,#2050,#2051,#2052,
    #2053,#2054,#2055,#2056,#2057,#2058,#2059,#2060,#2061,#2062,#2063,
    #2064,#2065,#2066,#2067,#2068,#2069,#2070,#2071,#2072,#2073,#2074,
    #2075,#2076,#2077,#2078,#2079,#2080,#2081,#2082,#2083,#2084,#2085,
    #2086,#2087,#2088,#2089,#2090,#2091,#2092,#2093,#2094,#2095,#2096,
    #2097,#2098,#2099,#2100,#2101,#2102,#2103,#2104,#2105,#2106,#2107,
    #2108,#2109,#2110,#2111,#2112,#2113,#2114,#2115,#2116,#2117,#2118,
    #2119,#2120,#2121,#2122,#2123,#2124,#2125,#2126,#2127,#2128,#2129,
    #2130,#2131,#2132,#2133,#2134,#2135,#2136,#2137,#2138,#2139),
  .UNSPECIFIED.,.F.,.F.,(8,6,6,6,6,6,6,6,6,6,6,6,6,6,6,8),(0.,
    0.108004497272,0.131631009428,0.17186570076,0.21658667544,
    0.280781482709,0.372078494031,0.4366653733,0.499388151536,
    0.562110929773,0.626697809043,0.752778127096,0.79633967447,
    0.867660615406,0.891414274157,1.),.UNSPECIFIED.);
#2048 = CARTESIAN_POINT('',(6.28318530718,21.796310377369));
#2049 = CARTESIAN_POINT('',(6.18745031919,21.796310377369));
#2050 = CARTESIAN_POINT('',(6.091567212583,21.800679546334));
#2051 = CARTESIAN_POINT('',(5.99498679554,21.809440956234));
#2052 = CARTESIAN_POINT('',(5.897206525914,21.823669778735));
#2053 = CARTESIAN_POINT('',(5.797745506112,21.84550663257));
#2054 = CARTESIAN_POINT('',(5.696112962379,21.878387824101));
#2055 = CARTESIAN_POINT('',(5.568944720627,21.938234365011));
#2056 = CARTESIAN_POINT('',(5.546007968077,21.949743967676));
#2057 = CARTESIAN_POINT('',(5.522969098027,21.962066515477));
#2058 = CARTESIAN_POINT('',(5.499836390136,21.975248563173));
#2059 = CARTESIAN_POINT('',(5.476617380213,21.989337702569));
#2060 = CARTESIAN_POINT('',(5.453318983891,22.004382271209));
#2061 = CARTESIAN_POINT('',(5.390147433366,22.047761295081));
#2062 = CARTESIAN_POINT('',(5.350092247232,22.078033469046));
#2063 = CARTESIAN_POINT('',(5.309917201027,22.11142882514));
#2064 = CARTESIAN_POINT('',(5.269742580323,22.148097705629));
#2065 = CARTESIAN_POINT('',(5.229677672135,22.188147877605));
#2066 = CARTESIAN_POINT('',(5.189824619936,22.231632857733));
#2067 = CARTESIAN_POINT('',(5.106330853052,22.330677923415));
#2068 = CARTESIAN_POINT('',(5.062890231795,22.386893434481));
#2069 = CARTESIAN_POINT('',(5.020087761876,22.447131162209));
#2070 = CARTESIAN_POINT('',(4.97804811892,22.511233185034));
#2071 = CARTESIAN_POINT('',(4.936898224988,22.578923280427));
#2072 = CARTESIAN_POINT('',(4.896772166362,22.649790937509));
#2073 = CARTESIAN_POINT('',(4.801896568864,22.82875873613));
#2074 = CARTESIAN_POINT('',(4.748411782206,22.939588382727));
#2075 = CARTESIAN_POINT('',(4.697234648563,23.055143360334));
#2076 = CARTESIAN_POINT('',(4.648282124133,23.174764618077));
#2077 = CARTESIAN_POINT('',(4.601502927609,23.297774155145));
#2078 = CARTESIAN_POINT('',(4.556869056331,23.42348268679));
#2079 = CARTESIAN_POINT('',(4.453931101475,23.732803548953));
#2080 = CARTESIAN_POINT('',(4.397541199778,23.919266634493));
#2081 = CARTESIAN_POINT('',(4.344910059104,24.109616674376));
#2082 = CARTESIAN_POINT('',(4.295855784046,24.303201193984));
#2083 = CARTESIAN_POINT('',(4.250273856162,24.4996846087));
#2084 = CARTESIAN_POINT('',(4.208139888838,24.699050760884));
#2085 = CARTESIAN_POINT('',(4.142245332353,25.044885755204));
#2086 = CARTESIAN_POINT('',(4.116724234545,25.189721191231));
#2087 = CARTESIAN_POINT('',(4.093051926322,25.336012441832));
#2088 = CARTESIAN_POINT('',(4.07132022492,25.483683997855));
#2089 = CARTESIAN_POINT('',(4.0516397457,25.632688542713));
#2090 = CARTESIAN_POINT('',(4.034134480925,25.783018625892));
#2091 = CARTESIAN_POINT('',(4.004176121444,26.082037483417));
#2092 = CARTESIAN_POINT('',(3.991575368854,26.230812956751));
#2093 = CARTESIAN_POINT('',(3.981311075014,26.380603787256));
#2094 = CARTESIAN_POINT('',(3.973515572182,26.531102668272));
#2095 = CARTESIAN_POINT('',(3.96827973225,26.682098671521));
#2096 = CARTESIAN_POINT('',(3.965655184733,26.833440621144));
#2097 = CARTESIAN_POINT('',(3.965655184733,27.136559378857));
#2098 = CARTESIAN_POINT('',(3.96827973225,27.287901328478));
#2099 = CARTESIAN_POINT('',(3.973515572182,27.438897331727));
#2100 = CARTESIAN_POINT('',(3.981311075014,27.589396212744));
#2101 = CARTESIAN_POINT('',(3.991575368854,27.739187043248));
#2102 = CARTESIAN_POINT('',(4.004176121444,27.887962516584));
#2103 = CARTESIAN_POINT('',(4.034134480925,28.186981374107));
#2104 = CARTESIAN_POINT('',(4.0516397457,28.337311457287));
#2105 = CARTESIAN_POINT('',(4.07132022492,28.486316002146));
#2106 = CARTESIAN_POINT('',(4.093051926323,28.633987558168));
#2107 = CARTESIAN_POINT('',(4.116724234545,28.780278808768));
#2108 = CARTESIAN_POINT('',(4.142245332353,28.925114244795));
#2109 = CARTESIAN_POINT('',(4.222843336138,29.348117474014));
#2110 = CARTESIAN_POINT('',(4.282766339685,29.621105383801));
#2111 = CARTESIAN_POINT('',(4.349208044531,29.889196798666));
#2112 = CARTESIAN_POINT('',(4.422446419596,30.152062373097));
#2113 = CARTESIAN_POINT('',(4.502882470063,30.407934856442));
#2114 = CARTESIAN_POINT('',(4.591100357522,30.65369071547));
#2115 = CARTESIAN_POINT('',(4.721667960309,30.965354265557));
#2116 = CARTESIAN_POINT('',(4.756297744859,31.043815414017));
#2117 = CARTESIAN_POINT('',(4.791991230127,31.120325779427));
#2118 = CARTESIAN_POINT('',(4.828716389978,31.194551964224));
#2119 = CARTESIAN_POINT('',(4.866448711835,31.266207852114));
#2120 = CARTESIAN_POINT('',(4.905172501345,31.335053992103));
#2121 = CARTESIAN_POINT('',(5.009896685359,31.508698112492));
#2122 = CARTESIAN_POINT('',(5.077420126406,31.608227345062));
#2123 = CARTESIAN_POINT('',(5.146793355699,31.697673839099));
#2124 = CARTESIAN_POINT('',(5.217399840001,31.776230890108));
#2125 = CARTESIAN_POINT('',(5.28862519446,31.843923174946));
#2126 = CARTESIAN_POINT('',(5.359774529909,31.901382055158));
#2127 = CARTESIAN_POINT('',(5.453318983889,31.965617728791));
#2128 = CARTESIAN_POINT('',(5.476617380213,31.980662297431));
#2129 = CARTESIAN_POINT('',(5.499836390137,31.994751436827));
#2130 = CARTESIAN_POINT('',(5.522969098028,32.007933484523));
#2131 = CARTESIAN_POINT('',(5.546007968077,32.020256032323));
#2132 = CARTESIAN_POINT('',(5.568944720626,32.031765634989));
#2133 = CARTESIAN_POINT('',(5.696112962379,32.091612175899));
#2134 = CARTESIAN_POINT('',(5.797745506112,32.12449336743));
#2135 = CARTESIAN_POINT('',(5.897206525914,32.146330221265));
#2136 = CARTESIAN_POINT('',(5.99498679554,32.160559043766));
#2137 = CARTESIAN_POINT('',(6.091567212583,32.169320453666));
#2138 = CARTESIAN_POINT('',(6.187450319189,32.173689622631));
#2139 = CARTESIAN_POINT('',(6.28318530718,32.173689622631));
#2140 = ( GEOMETRIC_REPRESENTATION_CONTEXT(2) 
PARAMETRIC_REPRESENTATION_CONTEXT() REPRESENTATION_CONTEXT('2D SPACE',''
  ) );
#2141 = ADVANCED_FACE('',(#2142),#435,.F.);
#2142 = FACE_BOUND('',#2143,.F.);
#2143 = EDGE_LOOP('',(#2144,#2145,#2168,#2476,#2499,#2807,#2828,#2829,
    #2830,#3136,#3137,#3443));
#2144 = ORIENTED_EDGE('',*,*,#679,.F.);
#2145 = ORIENTED_EDGE('',*,*,#2146,.F.);
#2146 = EDGE_CURVE('',#2147,#680,#2149,.T.);
#2147 = VERTEX_POINT('',#2148);
#2148 = CARTESIAN_POINT('',(15.75,-21.565,-10.43486503387));
#2149 = SEAM_CURVE('',#2150,(#2154,#2161),.PCURVE_S1.);
#2150 = LINE('',#2151,#2152);
#2151 = CARTESIAN_POINT('',(15.75,-21.565,18.4));
#2152 = VECTOR('',#2153,1.);
#2153 = DIRECTION('',(0.,0.,-1.));
#2154 = PCURVE('',#435,#2155);
#2155 = DEFINITIONAL_REPRESENTATION('',(#2156),#2160);
#2156 = LINE('',#2157,#2158);
#2157 = CARTESIAN_POINT('',(6.28318530718,-0.));
#2158 = VECTOR('',#2159,1.);
#2159 = DIRECTION('',(0.,1.));
#2160 = ( GEOMETRIC_REPRESENTATION_CONTEXT(2) 
PARAMETRIC_REPRESENTATION_CONTEXT() REPRESENTATION_CONTEXT('2D SPACE',''
  ) );
#2161 = PCURVE('',#435,#2162);
#2162 = DEFINITIONAL_REPRESENTATION('',(#2163),#2167);
#2163 = LINE('',#2164,#2165);
#2164 = CARTESIAN_POINT('',(0.,-0.));
#2165 = VECTOR('',#2166,1.);
#2166 = DIRECTION('',(0.,1.));
#2167 = ( GEOMETRIC_REPRESENTATION_CONTEXT(2) 
PARAMETRIC_REPRESENTATION_CONTEXT() REPRESENTATION_CONTEXT('2D SPACE',''
  ) );
#2168 = ORIENTED_EDGE('',*,*,#2169,.F.);
#2169 = EDGE_CURVE('',#2170,#2147,#2172,.T.);
#2170 = VERTEX_POINT('',#2171);
#2171 = CARTESIAN_POINT('',(15.75,-21.565,-6.545134966122));
#2172 = SURFACE_CURVE('',#2173,(#2272,#2374),.PCURVE_S1.);
#2173 = B_SPLINE_CURVE_WITH_KNOTS('',7,(#2174,#2175,#2176,#2177,#2178,
    #2179,#2180,#2181,#2182,#2183,#2184,#2185,#2186,#2187,#2188,#2189,
    #2190,#2191,#2192,#2193,#2194,#2195,#2196,#2197,#2198,#2199,#2200,
    #2201,#2202,#2203,#2204,#2205,#2206,#2207,#2208,#2209,#2210,#2211,
    #2212,#2213,#2214,#2215,#2216,#2217,#2218,#2219,#2220,#2221,#2222,
    #2223,#2224,#2225,#2226,#2227,#2228,#2229,#2230,#2231,#2232,#2233,
    #2234,#2235,#2236,#2237,#2238,#2239,#2240,#2241,#2242,#2243,#2244,
    #2245,#2246,#2247,#2248,#2249,#2250,#2251,#2252,#2253,#2254,#2255,
    #2256,#2257,#2258,#2259,#2260,#2261,#2262,#2263,#2264,#2265,#2266,
    #2267,#2268,#2269,#2270,#2271),.UNSPECIFIED.,.F.,.F.,(8,6,6,6,6,6,6,
    6,6,6,6,6,6,6,6,6,8),(0.,0.126612507116,0.217911916809,
    0.252620134341,0.296129150417,0.367364084727,0.391089098709,
    0.419562285734,0.499169258734,0.578737940775,0.607875465749,
    0.631290757718,0.671835634623,0.71824855374,0.782327140529,
    0.872370453103,1.),.UNSPECIFIED.);
#2174 = CARTESIAN_POINT('',(15.75,-21.565,-6.545134966122));
#2175 = CARTESIAN_POINT('',(15.75,-21.25566866259,-6.545134966122));
#2176 = CARTESIAN_POINT('',(15.771263440219,-20.95029868503,
    -6.52545555166));
#2177 = CARTESIAN_POINT('',(15.812810576229,-20.64801637843,
    -6.487002484894));
#2178 = CARTESIAN_POINT('',(15.874581528664,-20.34843573801,
    -6.432550597967));
#2179 = CARTESIAN_POINT('',(15.95694177577,-20.05248207885,
    -6.366521922712));
#2180 = CARTESIAN_POINT('',(16.059647335166,-19.76248485103,
    -6.294216796915));
#2181 = CARTESIAN_POINT('',(16.268654596424,-19.27905076088,
    -6.168122908257));
#2182 = CARTESIAN_POINT('',(16.366636541545,-19.0796846087,
    -6.114388584112));
#2183 = CARTESIAN_POINT('',(16.475396250794,-18.88320119398,
    -6.061305194229));
#2184 = CARTESIAN_POINT('',(16.595443379119,-18.68961667437,
    -6.010491389745));
#2185 = CARTESIAN_POINT('',(16.727348535511,-18.49926663449,
    -5.963763933776));
#2186 = CARTESIAN_POINT('',(16.871639115635,-18.31280354895,
    -5.923294004047));
#2187 = CARTESIAN_POINT('',(17.088373831895,-18.06214236078,
    -5.87980677311));
#2188 = CARTESIAN_POINT('',(17.149937066306,-17.99377288471,
    -5.869118975058));
#2189 = CARTESIAN_POINT('',(17.213372890753,-17.92614733828,
    -5.859875182176));
#2190 = CARTESIAN_POINT('',(17.278682852291,-17.85934164847,
    -5.852238751246));
#2191 = CARTESIAN_POINT('',(17.345860663139,-17.7934369467,
    -5.846384054946));
#2192 = CARTESIAN_POINT('',(17.414890748568,-17.72851878816,
    -5.84249758777));
#2193 = CARTESIAN_POINT('',(17.574569473519,-17.58464573444,
    -5.8386248002));
#2194 = CARTESIAN_POINT('',(17.666395765697,-17.50618458598,
    -5.839873861474));
#2195 = CARTESIAN_POINT('',(17.760971007101,-17.42967422057,
    -5.844944664294));
#2196 = CARTESIAN_POINT('',(17.858008866643,-17.35544803577,
    -5.854241275124));
#2197 = CARTESIAN_POINT('',(17.957191904677,-17.28379214788,
    -5.868152791158));
#2198 = CARTESIAN_POINT('',(18.058172131288,-17.21494600789,
    -5.887052713119));
#2199 = CARTESIAN_POINT('',(18.328224560747,-17.04130188751,
    -5.950994322003));
#2200 = CARTESIAN_POINT('',(18.499337112141,-16.94177265494,
    -6.004938282335));
#2201 = CARTESIAN_POINT('',(18.670630054776,-16.8523261609,
    -6.074223106716));
#2202 = CARTESIAN_POINT('',(18.838733761271,-16.77376910989,
    -6.159058734924));
#2203 = CARTESIAN_POINT('',(19.000332583371,-16.70607682505,
    -6.258670541664));
#2204 = CARTESIAN_POINT('',(19.152396545974,-16.64861794484,
    -6.371178170855));
#2205 = CARTESIAN_POINT('',(19.339162276428,-16.5843822712,
    -6.534179409295));
#2206 = CARTESIAN_POINT('',(19.384568149773,-16.56933770257,
    -6.576049184602));
#2207 = CARTESIAN_POINT('',(19.428675973006,-16.55524856317,
    -6.61900230973));
#2208 = CARTESIAN_POINT('',(19.471447185277,-16.54206651547,
    -6.662973390544));
#2209 = CARTESIAN_POINT('',(19.512846920863,-16.52974396767,
    -6.707893418173));
#2210 = CARTESIAN_POINT('',(19.55284432545,-16.51823436501,
    -6.753689730821));
#2211 = CARTESIAN_POINT('',(19.637700282508,-16.49460078496,
    -6.856207695719));
#2212 = CARTESIAN_POINT('',(19.681933368486,-16.48281375076,
    -6.91328609326));
#2213 = CARTESIAN_POINT('',(19.724097265449,-16.47204490413,
    -6.971427459888));
#2214 = CARTESIAN_POINT('',(19.764181107029,-16.46221378471,
    -7.030539294265));
#2215 = CARTESIAN_POINT('',(19.802178025397,-16.45324594615,
    -7.090530302046));
#2216 = CARTESIAN_POINT('',(19.838085151264,-16.44507295612,
    -7.151310395871));
#2217 = CARTESIAN_POINT('',(19.966455215651,-16.41682965138,
    -7.384680850763));
#2218 = CARTESIAN_POINT('',(20.044658857943,-16.40175629021,
    -7.562006621672));
#2219 = CARTESIAN_POINT('',(20.106818622282,-16.39098200505,
    -7.743309469034));
#2220 = CARTESIAN_POINT('',(20.153241792567,-16.38352278516,
    -7.927386626895));
#2221 = CARTESIAN_POINT('',(20.184173955957,-16.37875049073,
    -8.113219233026));
#2222 = CARTESIAN_POINT('',(20.199755251053,-16.37634811323,
    -8.299899514052));
#2223 = CARTESIAN_POINT('',(20.20024015906,-16.37627334917,
    -8.673124753874));
#2224 = CARTESIAN_POINT('',(20.185158608535,-16.37859867575,
    -8.859737195325));
#2225 = CARTESIAN_POINT('',(20.154744083819,-16.38328499621,
    -9.045525557015));
#2226 = CARTESIAN_POINT('',(20.108859414709,-16.39064213865,
    -9.229585871962));
#2227 = CARTESIAN_POINT('',(20.047261232742,-16.40128996224,
    -9.410905063922));
#2228 = CARTESIAN_POINT('',(19.969642971553,-16.41620265683,
    -9.588287954317));
#2229 = CARTESIAN_POINT('',(19.841297234733,-16.44434103239,
    -9.823269468258));
#2230 = CARTESIAN_POINT('',(19.804708272842,-16.45264500988,
    -9.885528033908));
#2231 = CARTESIAN_POINT('',(19.765930599268,-16.46177725463,
    -9.946965629242));
#2232 = CARTESIAN_POINT('',(19.724967178544,-16.4718108283,
    -10.00748566499));
#2233 = CARTESIAN_POINT('',(19.681825378396,-16.48282537669,
    -10.06699024112));
#2234 = CARTESIAN_POINT('',(19.63651696974,-16.49490712979,
    -10.12538014683));
#2235 = CARTESIAN_POINT('',(19.550919586519,-16.51879016093,
    -10.22850120007));
#2236 = CARTESIAN_POINT('',(19.511390195905,-16.530181193,
    -10.27366536748));
#2237 = CARTESIAN_POINT('',(19.470495635466,-16.54236551687,
    -10.31797399884));
#2238 = CARTESIAN_POINT('',(19.42826569093,-16.55538790159,
    -10.36135724342));
#2239 = CARTESIAN_POINT('',(19.384733955979,-16.56929409262,
    -10.40374872773));
#2240 = CARTESIAN_POINT('',(19.33993753509,-16.58413053826,
    -10.44508551956));
#2241 = CARTESIAN_POINT('',(19.214229197931,-16.6273262029,
    -10.55495570713));
#2242 = CARTESIAN_POINT('',(19.130780911297,-16.65766861661,
    -10.62134098732));
#2243 = CARTESIAN_POINT('',(19.043977762067,-16.69115483209,
    -10.68395679969));
#2244 = CARTESIAN_POINT('',(18.954283713357,-16.72793709652,
    -10.74240394019));
#2245 = CARTESIAN_POINT('',(18.862204746792,-16.76812454854,
    -10.7963869196));
#2246 = CARTESIAN_POINT('',(18.768272793484,-16.81177133749,
    -10.84570974955));
#2247 = CARTESIAN_POINT('',(18.564002040428,-16.91277395571,
    -10.94128314345));
#2248 = CARTESIAN_POINT('',(18.453596811345,-16.97103142081,
    -10.98589633398));
#2249 = CARTESIAN_POINT('',(18.342631384113,-17.03357699315,
    -11.02403812682));
#2250 = CARTESIAN_POINT('',(18.231930812941,-17.10023546552,
    -11.05578737192));
#2251 = CARTESIAN_POINT('',(18.122314495898,-17.17069815817,
    -11.08136316045));
#2252 = CARTESIAN_POINT('',(18.014582870912,-17.24450450854,
    -11.10111304276));
#2253 = CARTESIAN_POINT('',(17.764430315166,-17.42666750457,
    -11.13536588209));
#2254 = CARTESIAN_POINT('',(17.624399622863,-17.53749275593,
    -11.14501253219));
#2255 = CARTESIAN_POINT('',(17.489999599599,-17.65288843343,
    -11.14585535894));
#2256 = CARTESIAN_POINT('',(17.361629639784,-17.77221379159,
    -11.13917692317));
#2257 = CARTESIAN_POINT('',(17.239554226708,-17.89481721094,
    -11.12615811896));
#2258 = CARTESIAN_POINT('',(17.123936861684,-18.02004428998,
    -11.10789514709));
#2259 = CARTESIAN_POINT('',(16.861572217413,-18.325963884,
    -11.05379827372));
#2260 = CARTESIAN_POINT('',(16.720563835557,-18.50930591422,
    -11.0137137186));
#2261 = CARTESIAN_POINT('',(16.591476221266,-18.69637166791,
    -10.96768510691));
#2262 = CARTESIAN_POINT('',(16.473808149246,-18.88655574447,
    -10.9177580077));
#2263 = CARTESIAN_POINT('',(16.367022305401,-19.0795453236,
    -10.86565202475));
#2264 = CARTESIAN_POINT('',(16.270639212658,-19.27532074473,
    -10.81290402761));
#2265 = CARTESIAN_POINT('',(16.061952745519,-19.75597110882,
    -10.68740799663));
#2266 = CARTESIAN_POINT('',(15.958483382238,-20.04695482256,
    -10.61471187482));
#2267 = CARTESIAN_POINT('',(15.875512764495,-20.34394380334,
    -10.54826908367));
#2268 = CARTESIAN_POINT('',(15.813285986918,-20.64459125261,
    -10.49343742516));
#2269 = CARTESIAN_POINT('',(15.771429056747,-20.94796535098,
    -10.45469774218));
#2270 = CARTESIAN_POINT('',(15.75,-21.25446617768,-10.43486503387));
#2271 = CARTESIAN_POINT('',(15.75,-21.565,-10.43486503387));
#2272 = PCURVE('',#435,#2273);
#2273 = DEFINITIONAL_REPRESENTATION('',(#2274),#2373);
#2274 = B_SPLINE_CURVE_WITH_KNOTS('',7,(#2275,#2276,#2277,#2278,#2279,
    #2280,#2281,#2282,#2283,#2284,#2285,#2286,#2287,#2288,#2289,#2290,
    #2291,#2292,#2293,#2294,#2295,#2296,#2297,#2298,#2299,#2300,#2301,
    #2302,#2303,#2304,#2305,#2306,#2307,#2308,#2309,#2310,#2311,#2312,
    #2313,#2314,#2315,#2316,#2317,#2318,#2319,#2320,#2321,#2322,#2323,
    #2324,#2325,#2326,#2327,#2328,#2329,#2330,#2331,#2332,#2333,#2334,
    #2335,#2336,#2337,#2338,#2339,#2340,#2341,#2342,#2343,#2344,#2345,
    #2346,#2347,#2348,#2349,#2350,#2351,#2352,#2353,#2354,#2355,#2356,
    #2357,#2358,#2359,#2360,#2361,#2362,#2363,#2364,#2365,#2366,#2367,
    #2368,#2369,#2370,#2371,#2372),.UNSPECIFIED.,.F.,.F.,(8,6,6,6,6,6,6,
    6,6,6,6,6,6,6,6,6,8),(0.,0.126612507116,0.217911916809,
    0.252620134341,0.296129150417,0.367364084727,0.391089098709,
    0.419562285734,0.499169258734,0.578737940775,0.607875465749,
    0.631290757718,0.671835634623,0.71824855374,0.782327140529,
    0.872370453103,1.),.UNSPECIFIED.);
#2275 = CARTESIAN_POINT('',(0.,24.945134966122));
#2276 = CARTESIAN_POINT('',(5.892025474484E-02,24.945134966122));
#2277 = CARTESIAN_POINT('',(0.117085936487,24.92545555166));
#2278 = CARTESIAN_POINT('',(0.174997758593,24.887002484894));
#2279 = CARTESIAN_POINT('',(0.23302413608,24.832550597967));
#2280 = CARTESIAN_POINT('',(0.291316223009,24.766521922712));
#2281 = CARTESIAN_POINT('',(0.349781513271,24.694216796915));
#2282 = CARTESIAN_POINT('',(0.450101645704,24.568122908257));
#2283 = CARTESIAN_POINT('',(0.492364272475,24.514388584112));
#2284 = CARTESIAN_POINT('',(0.535058923558,24.461305194229));
#2285 = CARTESIAN_POINT('',(0.57834843515,24.410491389745));
#2286 = CARTESIAN_POINT('',(0.622364276521,24.363763933776));
#2287 = CARTESIAN_POINT('',(0.667206808292,24.323294004047));
#2288 = CARTESIAN_POINT('',(0.730324584964,24.27980677311));
#2289 = CARTESIAN_POINT('',(0.747845282099,24.269118975058));
#2290 = CARTESIAN_POINT('',(0.765500654401,24.259875182176));
#2291 = CARTESIAN_POINT('',(0.783289156908,24.252238751246));
#2292 = CARTESIAN_POINT('',(0.801208109617,24.246384054946));
#2293 = CARTESIAN_POINT('',(0.819253584789,24.24249758777));
#2294 = CARTESIAN_POINT('',(0.860193450335,24.2386248002));
#2295 = CARTESIAN_POINT('',(0.883191531353,24.239873861474));
#2296 = CARTESIAN_POINT('',(0.906349173478,24.244944664294));
#2297 = CARTESIAN_POINT('',(0.92960435949,24.254241275124));
#2298 = CARTESIAN_POINT('',(0.952897061312,24.268152791158));
#2299 = CARTESIAN_POINT('',(0.976167882541,24.287052713119));
#2300 = CARTESIAN_POINT('',(1.037322486131,24.350994322003));
#2301 = CARTESIAN_POINT('',(1.074990453303,24.404938282335));
#2302 = CARTESIAN_POINT('',(1.111737689911,24.474223106716));
#2303 = CARTESIAN_POINT('',(1.147025294555,24.559058734924));
#2304 = CARTESIAN_POINT('',(1.180362723535,24.658670541664));
#2305 = CARTESIAN_POINT('',(1.211312156952,24.771178170855));
#2306 = CARTESIAN_POINT('',(1.248931884415,24.934179409295));
#2307 = CARTESIAN_POINT('',(1.258042421522,24.976049184602));
#2308 = CARTESIAN_POINT('',(1.26686132119,25.01900230973));
#2309 = CARTESIAN_POINT('',(1.2753856128,25.062973390544));
#2310 = CARTESIAN_POINT('',(1.283612617373,25.107893418173));
#2311 = CARTESIAN_POINT('',(1.291540035331,25.153689730821));
#2312 = CARTESIAN_POINT('',(1.30831825202,25.256207695719));
#2313 = CARTESIAN_POINT('',(1.317037120802,25.31328609326));
#2314 = CARTESIAN_POINT('',(1.325325443533,25.371427459888));
#2315 = CARTESIAN_POINT('',(1.333186098616,25.430539294265));
#2316 = CARTESIAN_POINT('',(1.340622039937,25.490530302046));
#2317 = CARTESIAN_POINT('',(1.347636296868,25.551310395871));
#2318 = CARTESIAN_POINT('',(1.372672548276,25.784680850763));
#2319 = CARTESIAN_POINT('',(1.387837510833,25.962006621672));
#2320 = CARTESIAN_POINT('',(1.399851952474,26.143309469034));
#2321 = CARTESIAN_POINT('',(1.408807841494,26.327386626896));
#2322 = CARTESIAN_POINT('',(1.414769271414,26.513219233026));
#2323 = CARTESIAN_POINT('',(1.417772243138,26.699899514052));
#2324 = CARTESIAN_POINT('',(1.417865697955,27.073124753874));
#2325 = CARTESIAN_POINT('',(1.414959040898,27.259737195325));
#2326 = CARTESIAN_POINT('',(1.409097551089,27.445525557015));
#2327 = CARTESIAN_POINT('',(1.400246001105,27.629585871962));
#2328 = CARTESIAN_POINT('',(1.38834100726,27.810905063922));
#2329 = CARTESIAN_POINT('',(1.373291223897,27.988287954317));
#2330 = CARTESIAN_POINT('',(1.348263785828,28.223269468258));
#2331 = CARTESIAN_POINT('',(1.341117357518,28.285528033908));
#2332 = CARTESIAN_POINT('',(1.33352950775,28.346965629242));
#2333 = CARTESIAN_POINT('',(1.325496996544,28.407485664992));
#2334 = CARTESIAN_POINT('',(1.317016671617,28.466990241123));
#2335 = CARTESIAN_POINT('',(1.308085468381,28.525380146835));
#2336 = CARTESIAN_POINT('',(1.29115845559,28.62850120007));
#2337 = CARTESIAN_POINT('',(1.283322942446,28.673665367488));
#2338 = CARTESIAN_POINT('',(1.275195654262,28.717973998848));
#2339 = CARTESIAN_POINT('',(1.266778817212,28.761357243425));
#2340 = CARTESIAN_POINT('',(1.258075017603,28.803748727738));
#2341 = CARTESIAN_POINT('',(1.24908711959,28.845085519561));
#2342 = CARTESIAN_POINT('',(1.223768504836,28.954955707137));
#2343 = CARTESIAN_POINT('',(1.206858074319,29.021340987324));
#2344 = CARTESIAN_POINT('',(1.189142127665,29.083956799694));
#2345 = CARTESIAN_POINT('',(1.170684522195,29.142403940198));
#2346 = CARTESIAN_POINT('',(1.15155607962,29.196386919601));
#2347 = CARTESIAN_POINT('',(1.131832929427,29.245709749558));
#2348 = CARTESIAN_POINT('',(1.088427727093,29.341283143451));
#2349 = CARTESIAN_POINT('',(1.064658177869,29.385896333984));
#2350 = CARTESIAN_POINT('',(1.040410951158,29.424038126829));
#2351 = CARTESIAN_POINT('',(1.015816121215,29.455787371921));
#2352 = CARTESIAN_POINT('',(0.991012050709,29.481363160456));
#2353 = CARTESIAN_POINT('',(0.966148351445,29.501113042761));
#2354 = CARTESIAN_POINT('',(0.907205384809,29.535365882096));
#2355 = CARTESIAN_POINT('',(0.87321748461,29.545012532194));
#2356 = CARTESIAN_POINT('',(0.839518794166,29.545855358944));
#2357 = CARTESIAN_POINT('',(0.806180990351,29.539176923173));
#2358 = CARTESIAN_POINT('',(0.773263701432,29.526158118961));
#2359 = CARTESIAN_POINT('',(0.740821049471,29.507895147095));
#2360 = CARTESIAN_POINT('',(0.664056071494,29.453798273727));
#2361 = CARTESIAN_POINT('',(0.62006231449,29.413713718604));
#2362 = CARTESIAN_POINT('',(0.576860956334,29.367685106912));
#2363 = CARTESIAN_POINT('',(0.534355490942,29.3177580077));
#2364 = CARTESIAN_POINT('',(0.492420961557,29.265652024755));
#2365 = CARTESIAN_POINT('',(0.45090385014,29.212904027611));
#2366 = CARTESIAN_POINT('',(0.351094541877,29.087407996639));
#2367 = CARTESIAN_POINT('',(0.292405151101,29.014711874825));
#2368 = CARTESIAN_POINT('',(0.233894373812,28.948269083676));
#2369 = CARTESIAN_POINT('',(0.175654082549,28.89343742516));
#2370 = CARTESIAN_POINT('',(0.117530378935,28.854697742184));
#2371 = CARTESIAN_POINT('',(5.914929948885E-02,28.834865033878));
#2372 = CARTESIAN_POINT('',(0.,28.834865033878));
#2373 = ( GEOMETRIC_REPRESENTATION_CONTEXT(2) 
PARAMETRIC_REPRESENTATION_CONTEXT() REPRESENTATION_CONTEXT('2D SPACE',''
  ) );
#2374 = PCURVE('',#577,#2375);
#2375 = DEFINITIONAL_REPRESENTATION('',(#2376),#2475);
#2376 = B_SPLINE_CURVE_WITH_KNOTS('',7,(#2377,#2378,#2379,#2380,#2381,
    #2382,#2383,#2384,#2385,#2386,#2387,#2388,#2389,#2390,#2391,#2392,
    #2393,#2394,#2395,#2396,#2397,#2398,#2399,#2400,#2401,#2402,#2403,
    #2404,#2405,#2406,#2407,#2408,#2409,#2410,#2411,#2412,#2413,#2414,
    #2415,#2416,#2417,#2418,#2419,#2420,#2421,#2422,#2423,#2424,#2425,
    #2426,#2427,#2428,#2429,#2430,#2431,#2432,#2433,#2434,#2435,#2436,
    #2437,#2438,#2439,#2440,#2441,#2442,#2443,#2444,#2445,#2446,#2447,
    #2448,#2449,#2450,#2451,#2452,#2453,#2454,#2455,#2456,#2457,#2458,
    #2459,#2460,#2461,#2462,#2463,#2464,#2465,#2466,#2467,#2468,#2469,
    #2470,#2471,#2472,#2473,#2474),.UNSPECIFIED.,.F.,.F.,(8,6,6,6,6,6,6,
    6,6,6,6,6,6,6,6,6,8),(0.,0.126612507116,0.217911916809,
    0.252620134341,0.296129150417,0.367364084727,0.391089098709,
    0.419562285734,0.499169258734,0.578737940775,0.607875465749,
    0.631290757718,0.671835634623,0.71824855374,0.782327140529,
    0.872370453103,1.),.UNSPECIFIED.);
#2377 = CARTESIAN_POINT('',(0.824062531143,26.985));
#2378 = CARTESIAN_POINT('',(0.824062531143,27.29433133741));
#2379 = CARTESIAN_POINT('',(0.834995546503,27.599701314963));
#2380 = CARTESIAN_POINT('',(0.85635839243,27.901983621561));
#2381 = CARTESIAN_POINT('',(0.887422587359,28.201564261987));
#2382 = CARTESIAN_POINT('',(0.927154821993,28.497517921148));
#2383 = CARTESIAN_POINT('',(0.974434882585,28.787515148968));
#2384 = CARTESIAN_POINT('',(1.066547235248,29.270949239113));
#2385 = CARTESIAN_POINT('',(1.108681202572,29.470315391299));
#2386 = CARTESIAN_POINT('',(1.154263130455,29.666798806014));
#2387 = CARTESIAN_POINT('',(1.203317405514,29.860383325622));
#2388 = CARTESIAN_POINT('',(1.255948546187,30.050733365505));
#2389 = CARTESIAN_POINT('',(1.312338447885,30.237196451045));
#2390 = CARTESIAN_POINT('',(1.395755227122,30.48785763922));
#2391 = CARTESIAN_POINT('',(1.419326059029,30.556227115286));
#2392 = CARTESIAN_POINT('',(1.443502396806,30.623852661717));
#2393 = CARTESIAN_POINT('',(1.468297012666,30.690658351524));
#2394 = CARTESIAN_POINT('',(1.493724450381,30.756563053293));
#2395 = CARTESIAN_POINT('',(1.519801464224,30.821481211839));
#2396 = CARTESIAN_POINT('',(1.580075306719,30.965354265555));
#2397 = CARTESIAN_POINT('',(1.614705091268,31.043815414015));
#2398 = CARTESIAN_POINT('',(1.650398576536,31.120325779425));
#2399 = CARTESIAN_POINT('',(1.687123736387,31.194551964222));
#2400 = CARTESIAN_POINT('',(1.724856058244,31.266207852112));
#2401 = CARTESIAN_POINT('',(1.763579847754,31.335053992101));
#2402 = CARTESIAN_POINT('',(1.868304031768,31.50869811249));
#2403 = CARTESIAN_POINT('',(1.935827472815,31.60822734506));
#2404 = CARTESIAN_POINT('',(2.005200702108,31.697673839098));
#2405 = CARTESIAN_POINT('',(2.07580718641,31.776230890107));
#2406 = CARTESIAN_POINT('',(2.14703254087,31.843923174944));
#2407 = CARTESIAN_POINT('',(2.218181876318,31.901382055157));
#2408 = CARTESIAN_POINT('',(2.3117263303,31.965617728791));
#2409 = CARTESIAN_POINT('',(2.335024726622,31.98066229743));
#2410 = CARTESIAN_POINT('',(2.358243736545,31.994751436826));
#2411 = CARTESIAN_POINT('',(2.381376444437,32.007933484523));
#2412 = CARTESIAN_POINT('',(2.404415314486,32.020256032323));
#2413 = CARTESIAN_POINT('',(2.427352067037,32.031765634989));
#2414 = CARTESIAN_POINT('',(2.47757119041,32.05539921504));
#2415 = CARTESIAN_POINT('',(2.504806775133,32.067186249234));
#2416 = CARTESIAN_POINT('',(2.531887047326,32.077955095867));
#2417 = CARTESIAN_POINT('',(2.558814345157,32.08778621529));
#2418 = CARTESIAN_POINT('',(2.585590606713,32.096754053847));
#2419 = CARTESIAN_POINT('',(2.612217370002,32.104927043878));
#2420 = CARTESIAN_POINT('',(2.712725613969,32.133170348613));
#2421 = CARTESIAN_POINT('',(2.785579474934,32.148243709786));
#2422 = CARTESIAN_POINT('',(2.857492711178,32.159017994945));
#2423 = CARTESIAN_POINT('',(2.928692322464,32.166477214835));
#2424 = CARTESIAN_POINT('',(2.999403540752,32.171249509269));
#2425 = CARTESIAN_POINT('',(3.069856561342,32.173651886761));
#2426 = CARTESIAN_POINT('',(3.210696393352,32.173726650824));
#2427 = CARTESIAN_POINT('',(3.281108781066,32.171401324248));
#2428 = CARTESIAN_POINT('',(3.351772402655,32.166715003783));
#2429 = CARTESIAN_POINT('',(3.422917438286,32.15935786135));
#2430 = CARTESIAN_POINT('',(3.494769195505,32.148710037758));
#2431 = CARTESIAN_POINT('',(3.567554812497,32.133797343169));
#2432 = CARTESIAN_POINT('',(3.668591757373,32.105658967609));
#2433 = CARTESIAN_POINT('',(3.69582893814,32.097354990118));
#2434 = CARTESIAN_POINT('',(3.723222586085,32.088222745367));
#2435 = CARTESIAN_POINT('',(3.750774287938,32.0781891717));
#2436 = CARTESIAN_POINT('',(3.778486068683,32.067174623303));
#2437 = CARTESIAN_POINT('',(3.806360391555,32.055092870205));
#2438 = CARTESIAN_POINT('',(3.856933277088,32.031209839068));
#2439 = CARTESIAN_POINT('',(3.879574503563,32.019818807));
#2440 = CARTESIAN_POINT('',(3.902315039536,32.007634483125));
#2441 = CARTESIAN_POINT('',(3.925146909553,31.99461209841));
#2442 = CARTESIAN_POINT('',(3.94806284453,31.980705907374));
#2443 = CARTESIAN_POINT('',(3.971056165652,31.965869461734));
#2444 = CARTESIAN_POINT('',(4.034058133953,31.922673797097));
#2445 = CARTESIAN_POINT('',(4.074253850447,31.892331383383));
#2446 = CARTESIAN_POINT('',(4.11457116898,31.858845167907));
#2447 = CARTESIAN_POINT('',(4.154888528694,31.822062903477));
#2448 = CARTESIAN_POINT('',(4.195095533116,31.781875451457));
#2449 = CARTESIAN_POINT('',(4.235089026616,31.738228662502));
#2450 = CARTESIAN_POINT('',(4.320192204983,31.637226044286));
#2451 = CARTESIAN_POINT('',(4.36506265367,31.578968579189));
#2452 = CARTESIAN_POINT('',(4.409243483522,31.51642300685));
#2453 = CARTESIAN_POINT('',(4.452600378198,31.449764534472));
#2454 = CARTESIAN_POINT('',(4.494996138389,31.379301841828));
#2455 = CARTESIAN_POINT('',(4.53628508177,31.305495491455));
#2456 = CARTESIAN_POINT('',(4.631563100057,31.123332495426));
#2457 = CARTESIAN_POINT('',(4.684410299265,31.012507244069));
#2458 = CARTESIAN_POINT('',(4.734976761274,30.897111566563));
#2459 = CARTESIAN_POINT('',(4.783347675428,30.777786208408));
#2460 = CARTESIAN_POINT('',(4.829577854004,30.655182789055));
#2461 = CARTESIAN_POINT('',(4.873699984222,30.529955710012));
#2462 = CARTESIAN_POINT('',(4.97478817399,30.224036115993));
#2463 = CARTESIAN_POINT('',(5.029957509651,30.040694085771));
#2464 = CARTESIAN_POINT('',(5.081509209219,29.853628332087));
#2465 = CARTESIAN_POINT('',(5.129613917262,29.663444255523));
#2466 = CARTESIAN_POINT('',(5.17436911268,29.470454676391));
#2467 = CARTESIAN_POINT('',(5.215796598438,29.274679255261));
#2468 = CARTESIAN_POINT('',(5.307688849918,28.794028891178));
#2469 = CARTESIAN_POINT('',(5.355287165065,28.503045177433));
#2470 = CARTESIAN_POINT('',(5.395294802457,28.206056196653));
#2471 = CARTESIAN_POINT('',(5.426582452227,27.905408747386));
#2472 = CARTESIAN_POINT('',(5.448104611878,27.602034649013));
#2473 = CARTESIAN_POINT('',(5.459122776037,27.295533822316));
#2474 = CARTESIAN_POINT('',(5.459122776037,26.985));
#2475 = ( GEOMETRIC_REPRESENTATION_CONTEXT(2) 
PARAMETRIC_REPRESENTATION_CONTEXT() REPRESENTATION_CONTEXT('2D SPACE',''
  ) );
#2476 = ORIENTED_EDGE('',*,*,#2477,.F.);
#2477 = EDGE_CURVE('',#2478,#2170,#2480,.T.);
#2478 = VERTEX_POINT('',#2479);
#2479 = CARTESIAN_POINT('',(15.75,-21.565,6.545134966122));
#2480 = SEAM_CURVE('',#2481,(#2485,#2492),.PCURVE_S1.);
#2481 = LINE('',#2482,#2483);
#2482 = CARTESIAN_POINT('',(15.75,-21.565,18.4));
#2483 = VECTOR('',#2484,1.);
#2484 = DIRECTION('',(0.,0.,-1.));
#2485 = PCURVE('',#435,#2486);
#2486 = DEFINITIONAL_REPRESENTATION('',(#2487),#2491);
#2487 = LINE('',#2488,#2489);
#2488 = CARTESIAN_POINT('',(6.28318530718,-0.));
#2489 = VECTOR('',#2490,1.);
#2490 = DIRECTION('',(0.,1.));
#2491 = ( GEOMETRIC_REPRESENTATION_CONTEXT(2) 
PARAMETRIC_REPRESENTATION_CONTEXT() REPRESENTATION_CONTEXT('2D SPACE',''
  ) );
#2492 = PCURVE('',#435,#2493);
#2493 = DEFINITIONAL_REPRESENTATION('',(#2494),#2498);
#2494 = LINE('',#2495,#2496);
#2495 = CARTESIAN_POINT('',(0.,-0.));
#2496 = VECTOR('',#2497,1.);
#2497 = DIRECTION('',(0.,1.));
#2498 = ( GEOMETRIC_REPRESENTATION_CONTEXT(2) 
PARAMETRIC_REPRESENTATION_CONTEXT() REPRESENTATION_CONTEXT('2D SPACE',''
  ) );
#2499 = ORIENTED_EDGE('',*,*,#2500,.F.);
#2500 = EDGE_CURVE('',#2501,#2478,#2503,.T.);
#2501 = VERTEX_POINT('',#2502);
#2502 = CARTESIAN_POINT('',(15.75,-21.565,10.434865033878));
#2503 = SURFACE_CURVE('',#2504,(#2603,#2705),.PCURVE_S1.);
#2504 = B_SPLINE_CURVE_WITH_KNOTS('',7,(#2505,#2506,#2507,#2508,#2509,
    #2510,#2511,#2512,#2513,#2514,#2515,#2516,#2517,#2518,#2519,#2520,
    #2521,#2522,#2523,#2524,#2525,#2526,#2527,#2528,#2529,#2530,#2531,
    #2532,#2533,#2534,#2535,#2536,#2537,#2538,#2539,#2540,#2541,#2542,
    #2543,#2544,#2545,#2546,#2547,#2548,#2549,#2550,#2551,#2552,#2553,
    #2554,#2555,#2556,#2557,#2558,#2559,#2560,#2561,#2562,#2563,#2564,
    #2565,#2566,#2567,#2568,#2569,#2570,#2571,#2572,#2573,#2574,#2575,
    #2576,#2577,#2578,#2579,#2580,#2581,#2582,#2583,#2584,#2585,#2586,
    #2587,#2588,#2589,#2590,#2591,#2592,#2593,#2594,#2595,#2596,#2597,
    #2598,#2599,#2600,#2601,#2602),.UNSPECIFIED.,.F.,.F.,(8,6,6,6,6,6,6,
    6,6,6,6,6,6,6,6,6,8),(0.,0.12661248338,0.217911875957,0.252620086983
    ,0.296129094901,0.367364015858,0.39108902539,0.419562207075,
    0.499169165144,0.578737832262,0.607875358978,0.631290657322,
    0.671835545267,0.718248477022,0.782327081259,0.872370418351,1.),
  .UNSPECIFIED.);
#2505 = CARTESIAN_POINT('',(15.75,-21.565,10.434865033878));
#2506 = CARTESIAN_POINT('',(15.75,-21.25566866259,10.434865033878));
#2507 = CARTESIAN_POINT('',(15.771263440219,-20.95029868503,
    10.45454444834));
#2508 = CARTESIAN_POINT('',(15.812810576229,-20.64801637844,
    10.492997515106));
#2509 = CARTESIAN_POINT('',(15.874581528665,-20.34843573801,
    10.547449402033));
#2510 = CARTESIAN_POINT('',(15.95694177577,-20.05248207885,
    10.613478077288));
#2511 = CARTESIAN_POINT('',(16.059647335166,-19.76248485103,
    10.685783203086));
#2512 = CARTESIAN_POINT('',(16.268654596424,-19.27905076088,
    10.811877091743));
#2513 = CARTESIAN_POINT('',(16.366636541545,-19.0796846087,
    10.865611415888));
#2514 = CARTESIAN_POINT('',(16.475396250794,-18.88320119398,
    10.918694805771));
#2515 = CARTESIAN_POINT('',(16.595443379119,-18.68961667437,
    10.969508610255));
#2516 = CARTESIAN_POINT('',(16.727348535511,-18.49926663449,
    11.016236066224));
#2517 = CARTESIAN_POINT('',(16.871639115635,-18.31280354895,
    11.056705995953));
#2518 = CARTESIAN_POINT('',(17.088373831895,-18.06214236078,
    11.10019322689));
#2519 = CARTESIAN_POINT('',(17.149937066306,-17.99377288471,
    11.110881024942));
#2520 = CARTESIAN_POINT('',(17.213372890753,-17.92614733828,
    11.120124817824));
#2521 = CARTESIAN_POINT('',(17.278682852291,-17.85934164847,
    11.127761248754));
#2522 = CARTESIAN_POINT('',(17.345860663139,-17.7934369467,
    11.133615945054));
#2523 = CARTESIAN_POINT('',(17.414890748568,-17.72851878816,
    11.13750241223));
#2524 = CARTESIAN_POINT('',(17.574569473519,-17.58464573444,
    11.1413751998));
#2525 = CARTESIAN_POINT('',(17.666395765697,-17.50618458598,
    11.140126138526));
#2526 = CARTESIAN_POINT('',(17.760971007101,-17.42967422057,
    11.135055335706));
#2527 = CARTESIAN_POINT('',(17.858008866643,-17.35544803577,
    11.125758724876));
#2528 = CARTESIAN_POINT('',(17.957191904677,-17.28379214788,
    11.111847208842));
#2529 = CARTESIAN_POINT('',(18.058172131288,-17.21494600789,
    11.092947286881));
#2530 = CARTESIAN_POINT('',(18.328224560747,-17.04130188751,
    11.029005677997));
#2531 = CARTESIAN_POINT('',(18.49933711214,-16.94177265494,
    10.975061717665));
#2532 = CARTESIAN_POINT('',(18.670630054776,-16.8523261609,
    10.905776893284));
#2533 = CARTESIAN_POINT('',(18.838733761271,-16.77376910989,
    10.820941265076));
#2534 = CARTESIAN_POINT('',(19.000332583371,-16.70607682505,
    10.721329458336));
#2535 = CARTESIAN_POINT('',(19.152396545974,-16.64861794484,
    10.608821829145));
#2536 = CARTESIAN_POINT('',(19.339162276426,-16.58438227121,
    10.445820590706));
#2537 = CARTESIAN_POINT('',(19.384568149773,-16.56933770257,
    10.403950815398));
#2538 = CARTESIAN_POINT('',(19.428675973008,-16.55524856317,
    10.360997690269));
#2539 = CARTESIAN_POINT('',(19.471447185279,-16.54206651547,
    10.317026609454));
#2540 = CARTESIAN_POINT('',(19.512846920862,-16.52974396767,
    10.272106581827));
#2541 = CARTESIAN_POINT('',(19.552844325448,-16.51823436501,
    10.226310269181));
#2542 = CARTESIAN_POINT('',(19.637700282508,-16.49460078496,
    10.123792304281));
#2543 = CARTESIAN_POINT('',(19.681933368486,-16.48281375076,
    10.06671390674));
#2544 = CARTESIAN_POINT('',(19.724097265449,-16.47204490413,
    10.008572540112));
#2545 = CARTESIAN_POINT('',(19.764181107029,-16.46221378471,
    9.949460705735));
#2546 = CARTESIAN_POINT('',(19.802178025397,-16.45324594615,
    9.889469697954));
#2547 = CARTESIAN_POINT('',(19.838085151265,-16.44507295612,
    9.828689604129));
#2548 = CARTESIAN_POINT('',(19.966455215651,-16.41682965138,
    9.595319149237));
#2549 = CARTESIAN_POINT('',(20.044658857943,-16.40175629021,
    9.417993378327));
#2550 = CARTESIAN_POINT('',(20.106818622282,-16.39098200505,
    9.236690530966));
#2551 = CARTESIAN_POINT('',(20.153241792567,-16.38352278516,
    9.052613373104));
#2552 = CARTESIAN_POINT('',(20.184173955957,-16.37875049073,
    8.866780766974));
#2553 = CARTESIAN_POINT('',(20.199755251053,-16.37634811323,
    8.680100485948));
#2554 = CARTESIAN_POINT('',(20.20024015906,-16.37627334917,
    8.306875246125));
#2555 = CARTESIAN_POINT('',(20.185158608535,-16.37859867575,
    8.120262804675));
#2556 = CARTESIAN_POINT('',(20.154744083819,-16.38328499621,
    7.934474442985));
#2557 = CARTESIAN_POINT('',(20.108859414709,-16.39064213865,
    7.750414128038));
#2558 = CARTESIAN_POINT('',(20.047261232742,-16.40128996224,
    7.569094936078));
#2559 = CARTESIAN_POINT('',(19.969642971552,-16.41620265683,
    7.391712045683));
#2560 = CARTESIAN_POINT('',(19.841297226224,-16.44434103425,
    7.156730516163));
#2561 = CARTESIAN_POINT('',(19.804708272372,-16.45264500972,
    7.094471962423));
#2562 = CARTESIAN_POINT('',(19.765930606616,-16.46177725266,
    7.03303438042));
#2563 = CARTESIAN_POINT('',(19.724967185262,-16.47181082671,
    6.972514346042));
#2564 = CARTESIAN_POINT('',(19.68182537635,-16.48282537748,
    6.913009758638));
#2565 = CARTESIAN_POINT('',(19.636516959655,-16.4949071326,
    6.854619841015));
#2566 = CARTESIAN_POINT('',(19.550919586519,-16.51879016093,
    6.751498799929));
#2567 = CARTESIAN_POINT('',(19.511390195905,-16.530181193,6.706334632512
    ));
#2568 = CARTESIAN_POINT('',(19.470495635466,-16.54236551687,
    6.662026001152));
#2569 = CARTESIAN_POINT('',(19.42826569093,-16.55538790159,
    6.618642756575));
#2570 = CARTESIAN_POINT('',(19.384733955979,-16.56929409262,
    6.576251272262));
#2571 = CARTESIAN_POINT('',(19.33993753509,-16.58413053826,
    6.534914480439));
#2572 = CARTESIAN_POINT('',(19.21422919793,-16.6273262029,6.425044292863
    ));
#2573 = CARTESIAN_POINT('',(19.130780911296,-16.65766861661,
    6.358659012676));
#2574 = CARTESIAN_POINT('',(19.043977762067,-16.69115483209,
    6.296043200306));
#2575 = CARTESIAN_POINT('',(18.954283713357,-16.72793709652,
    6.237596059802));
#2576 = CARTESIAN_POINT('',(18.862204746791,-16.76812454854,
    6.183613080398));
#2577 = CARTESIAN_POINT('',(18.768272793483,-16.81177133749,
    6.134290250442));
#2578 = CARTESIAN_POINT('',(18.564002040427,-16.91277395571,
    6.038716856549));
#2579 = CARTESIAN_POINT('',(18.453596811345,-16.97103142081,
    5.994103666016));
#2580 = CARTESIAN_POINT('',(18.342631384113,-17.03357699315,
    5.955961873171));
#2581 = CARTESIAN_POINT('',(18.23193081294,-17.10023546552,
    5.924212628079));
#2582 = CARTESIAN_POINT('',(18.122314495897,-17.17069815817,
    5.898636839544));
#2583 = CARTESIAN_POINT('',(18.014582870912,-17.24450450854,
    5.878886957239));
#2584 = CARTESIAN_POINT('',(17.764430315166,-17.42666750457,
    5.844634117904));
#2585 = CARTESIAN_POINT('',(17.624399622862,-17.53749275593,
    5.834987467806));
#2586 = CARTESIAN_POINT('',(17.489999599599,-17.65288843343,
    5.834144641056));
#2587 = CARTESIAN_POINT('',(17.361629639784,-17.77221379159,
    5.840823076827));
#2588 = CARTESIAN_POINT('',(17.239554226707,-17.89481721094,
    5.853841881039));
#2589 = CARTESIAN_POINT('',(17.123936861684,-18.02004428998,
    5.872104852906));
#2590 = CARTESIAN_POINT('',(16.861572217412,-18.325963884,5.926201726273
    ));
#2591 = CARTESIAN_POINT('',(16.720563835557,-18.50930591423,
    5.966286281396));
#2592 = CARTESIAN_POINT('',(16.591476221266,-18.69637166791,
    6.012314893089));
#2593 = CARTESIAN_POINT('',(16.473808149246,-18.88655574447,6.0622419923
    ));
#2594 = CARTESIAN_POINT('',(16.367022305401,-19.0795453236,
    6.114347975246));
#2595 = CARTESIAN_POINT('',(16.270639212658,-19.27532074473,
    6.16709597239));
#2596 = CARTESIAN_POINT('',(16.061952745519,-19.75597110882,
    6.292592003361));
#2597 = CARTESIAN_POINT('',(15.958483382238,-20.04695482256,
    6.365288125175));
#2598 = CARTESIAN_POINT('',(15.875512764496,-20.34394380334,
    6.431730916324));
#2599 = CARTESIAN_POINT('',(15.813285986918,-20.64459125261,
    6.486562574839));
#2600 = CARTESIAN_POINT('',(15.771429056747,-20.94796535098,
    6.525302257816));
#2601 = CARTESIAN_POINT('',(15.75,-21.25446617768,6.545134966122));
#2602 = CARTESIAN_POINT('',(15.75,-21.565,6.545134966122));
#2603 = PCURVE('',#435,#2604);
#2604 = DEFINITIONAL_REPRESENTATION('',(#2605),#2704);
#2605 = B_SPLINE_CURVE_WITH_KNOTS('',7,(#2606,#2607,#2608,#2609,#2610,
    #2611,#2612,#2613,#2614,#2615,#2616,#2617,#2618,#2619,#2620,#2621,
    #2622,#2623,#2624,#2625,#2626,#2627,#2628,#2629,#2630,#2631,#2632,
    #2633,#2634,#2635,#2636,#2637,#2638,#2639,#2640,#2641,#2642,#2643,
    #2644,#2645,#2646,#2647,#2648,#2649,#2650,#2651,#2652,#2653,#2654,
    #2655,#2656,#2657,#2658,#2659,#2660,#2661,#2662,#2663,#2664,#2665,
    #2666,#2667,#2668,#2669,#2670,#2671,#2672,#2673,#2674,#2675,#2676,
    #2677,#2678,#2679,#2680,#2681,#2682,#2683,#2684,#2685,#2686,#2687,
    #2688,#2689,#2690,#2691,#2692,#2693,#2694,#2695,#2696,#2697,#2698,
    #2699,#2700,#2701,#2702,#2703),.UNSPECIFIED.,.F.,.F.,(8,6,6,6,6,6,6,
    6,6,6,6,6,6,6,6,6,8),(0.,0.12661248338,0.217911875957,0.252620086983
    ,0.296129094901,0.367364015858,0.39108902539,0.419562207075,
    0.499169165144,0.578737832262,0.607875358978,0.631290657322,
    0.671835545267,0.718248477022,0.782327081259,0.872370418351,1.),
  .UNSPECIFIED.);
#2606 = CARTESIAN_POINT('',(0.,7.965134966122));
#2607 = CARTESIAN_POINT('',(5.892025474483E-02,7.965134966122));
#2608 = CARTESIAN_POINT('',(0.117085936487,7.94545555166));
#2609 = CARTESIAN_POINT('',(0.174997758593,7.907002484894));
#2610 = CARTESIAN_POINT('',(0.23302413608,7.852550597967));
#2611 = CARTESIAN_POINT('',(0.291316223009,7.786521922712));
#2612 = CARTESIAN_POINT('',(0.349781513271,7.714216796914));
#2613 = CARTESIAN_POINT('',(0.450101645704,7.588122908257));
#2614 = CARTESIAN_POINT('',(0.492364272475,7.534388584112));
#2615 = CARTESIAN_POINT('',(0.535058923558,7.481305194229));
#2616 = CARTESIAN_POINT('',(0.57834843515,7.430491389745));
#2617 = CARTESIAN_POINT('',(0.622364276521,7.383763933776));
#2618 = CARTESIAN_POINT('',(0.667206808292,7.343294004047));
#2619 = CARTESIAN_POINT('',(0.730324584964,7.29980677311));
#2620 = CARTESIAN_POINT('',(0.747845282099,7.289118975058));
#2621 = CARTESIAN_POINT('',(0.765500654401,7.279875182176));
#2622 = CARTESIAN_POINT('',(0.783289156908,7.272238751246));
#2623 = CARTESIAN_POINT('',(0.801208109617,7.266384054946));
#2624 = CARTESIAN_POINT('',(0.819253584789,7.26249758777));
#2625 = CARTESIAN_POINT('',(0.860193450335,7.2586248002));
#2626 = CARTESIAN_POINT('',(0.883191531353,7.259873861474));
#2627 = CARTESIAN_POINT('',(0.906349173478,7.264944664294));
#2628 = CARTESIAN_POINT('',(0.92960435949,7.274241275124));
#2629 = CARTESIAN_POINT('',(0.952897061312,7.288152791158));
#2630 = CARTESIAN_POINT('',(0.976167882541,7.307052713119));
#2631 = CARTESIAN_POINT('',(1.037322486131,7.370994322003));
#2632 = CARTESIAN_POINT('',(1.074990453303,7.424938282335));
#2633 = CARTESIAN_POINT('',(1.111737689911,7.494223106716));
#2634 = CARTESIAN_POINT('',(1.147025294555,7.579058734924));
#2635 = CARTESIAN_POINT('',(1.180362723535,7.678670541664));
#2636 = CARTESIAN_POINT('',(1.211312156952,7.791178170855));
#2637 = CARTESIAN_POINT('',(1.248931884415,7.954179409294));
#2638 = CARTESIAN_POINT('',(1.258042421522,7.996049184602));
#2639 = CARTESIAN_POINT('',(1.26686132119,8.039002309731));
#2640 = CARTESIAN_POINT('',(1.2753856128,8.082973390546));
#2641 = CARTESIAN_POINT('',(1.283612617373,8.127893418173));
#2642 = CARTESIAN_POINT('',(1.29154003533,8.173689730819));
#2643 = CARTESIAN_POINT('',(1.30831825202,8.276207695719));
#2644 = CARTESIAN_POINT('',(1.317037120802,8.33328609326));
#2645 = CARTESIAN_POINT('',(1.325325443533,8.391427459888));
#2646 = CARTESIAN_POINT('',(1.333186098616,8.450539294265));
#2647 = CARTESIAN_POINT('',(1.340622039937,8.510530302046));
#2648 = CARTESIAN_POINT('',(1.347636296868,8.571310395871));
#2649 = CARTESIAN_POINT('',(1.372672548276,8.804680850763));
#2650 = CARTESIAN_POINT('',(1.387837510833,8.982006621672));
#2651 = CARTESIAN_POINT('',(1.399851952474,9.163309469034));
#2652 = CARTESIAN_POINT('',(1.408807841494,9.347386626896));
#2653 = CARTESIAN_POINT('',(1.414769271414,9.533219233026));
#2654 = CARTESIAN_POINT('',(1.417772243138,9.719899514052));
#2655 = CARTESIAN_POINT('',(1.417865697955,10.093124753875));
#2656 = CARTESIAN_POINT('',(1.414959040898,10.279737195326));
#2657 = CARTESIAN_POINT('',(1.409097551089,10.465525557015));
#2658 = CARTESIAN_POINT('',(1.400246001105,10.649585871962));
#2659 = CARTESIAN_POINT('',(1.38834100726,10.830905063922));
#2660 = CARTESIAN_POINT('',(1.373291223897,11.008287954317));
#2661 = CARTESIAN_POINT('',(1.348263784169,11.243269483837));
#2662 = CARTESIAN_POINT('',(1.341117357439,11.305528037577));
#2663 = CARTESIAN_POINT('',(1.333529509199,11.36696561958));
#2664 = CARTESIAN_POINT('',(1.325496997859,11.427485653958));
#2665 = CARTESIAN_POINT('',(1.317016671202,11.486990241362));
#2666 = CARTESIAN_POINT('',(1.308085466387,11.545380158985));
#2667 = CARTESIAN_POINT('',(1.29115845559,11.648501200071));
#2668 = CARTESIAN_POINT('',(1.283322942446,11.693665367488));
#2669 = CARTESIAN_POINT('',(1.275195654262,11.737973998848));
#2670 = CARTESIAN_POINT('',(1.266778817212,11.781357243425));
#2671 = CARTESIAN_POINT('',(1.258075017603,11.823748727738));
#2672 = CARTESIAN_POINT('',(1.24908711959,11.865085519561));
#2673 = CARTESIAN_POINT('',(1.223768504836,11.974955707137));
#2674 = CARTESIAN_POINT('',(1.206858074319,12.041340987324));
#2675 = CARTESIAN_POINT('',(1.189142127665,12.103956799694));
#2676 = CARTESIAN_POINT('',(1.170684522195,12.162403940198));
#2677 = CARTESIAN_POINT('',(1.15155607962,12.216386919602));
#2678 = CARTESIAN_POINT('',(1.131832929427,12.265709749558));
#2679 = CARTESIAN_POINT('',(1.088427727092,12.361283143451));
#2680 = CARTESIAN_POINT('',(1.064658177869,12.405896333984));
#2681 = CARTESIAN_POINT('',(1.040410951158,12.444038126829));
#2682 = CARTESIAN_POINT('',(1.015816121215,12.475787371921));
#2683 = CARTESIAN_POINT('',(0.991012050709,12.501363160456));
#2684 = CARTESIAN_POINT('',(0.966148351445,12.521113042761));
#2685 = CARTESIAN_POINT('',(0.907205384809,12.555365882096));
#2686 = CARTESIAN_POINT('',(0.87321748461,12.565012532194));
#2687 = CARTESIAN_POINT('',(0.839518794166,12.565855358944));
#2688 = CARTESIAN_POINT('',(0.806180990351,12.559176923173));
#2689 = CARTESIAN_POINT('',(0.773263701432,12.546158118961));
#2690 = CARTESIAN_POINT('',(0.740821049471,12.527895147094));
#2691 = CARTESIAN_POINT('',(0.664056071494,12.473798273727));
#2692 = CARTESIAN_POINT('',(0.62006231449,12.433713718604));
#2693 = CARTESIAN_POINT('',(0.576860956334,12.387685106912));
#2694 = CARTESIAN_POINT('',(0.534355490942,12.3377580077));
#2695 = CARTESIAN_POINT('',(0.492420961557,12.285652024754));
#2696 = CARTESIAN_POINT('',(0.450903850139,12.23290402761));
#2697 = CARTESIAN_POINT('',(0.351094541877,12.107407996639));
#2698 = CARTESIAN_POINT('',(0.292405151101,12.034711874825));
#2699 = CARTESIAN_POINT('',(0.233894373812,11.968269083676));
#2700 = CARTESIAN_POINT('',(0.175654082549,11.91343742516));
#2701 = CARTESIAN_POINT('',(0.117530378935,11.874697742184));
#2702 = CARTESIAN_POINT('',(5.91492994888E-02,11.854865033878));
#2703 = CARTESIAN_POINT('',(0.,11.854865033878));
#2704 = ( GEOMETRIC_REPRESENTATION_CONTEXT(2) 
PARAMETRIC_REPRESENTATION_CONTEXT() REPRESENTATION_CONTEXT('2D SPACE',''
  ) );
#2705 = PCURVE('',#608,#2706);
#2706 = DEFINITIONAL_REPRESENTATION('',(#2707),#2806);
#2707 = B_SPLINE_CURVE_WITH_KNOTS('',7,(#2708,#2709,#2710,#2711,#2712,
    #2713,#2714,#2715,#2716,#2717,#2718,#2719,#2720,#2721,#2722,#2723,
    #2724,#2725,#2726,#2727,#2728,#2729,#2730,#2731,#2732,#2733,#2734,
    #2735,#2736,#2737,#2738,#2739,#2740,#2741,#2742,#2743,#2744,#2745,
    #2746,#2747,#2748,#2749,#2750,#2751,#2752,#2753,#2754,#2755,#2756,
    #2757,#2758,#2759,#2760,#2761,#2762,#2763,#2764,#2765,#2766,#2767,
    #2768,#2769,#2770,#2771,#2772,#2773,#2774,#2775,#2776,#2777,#2778,
    #2779,#2780,#2781,#2782,#2783,#2784,#2785,#2786,#2787,#2788,#2789,
    #2790,#2791,#2792,#2793,#2794,#2795,#2796,#2797,#2798,#2799,#2800,
    #2801,#2802,#2803,#2804,#2805),.UNSPECIFIED.,.F.,.F.,(8,6,6,6,6,6,6,
    6,6,6,6,6,6,6,6,6,8),(0.,0.12661248338,0.217911875957,0.252620086983
    ,0.296129094901,0.367364015858,0.39108902539,0.419562207075,
    0.499169165144,0.578737832262,0.607875358978,0.631290657322,
    0.671835545267,0.718248477022,0.782327081259,0.872370418351,1.),
  .UNSPECIFIED.);
#2708 = CARTESIAN_POINT('',(0.824062531143,26.985));
#2709 = CARTESIAN_POINT('',(0.824062531143,27.29433133741));
#2710 = CARTESIAN_POINT('',(0.834995546503,27.599701314964));
#2711 = CARTESIAN_POINT('',(0.85635839243,27.90198362156));
#2712 = CARTESIAN_POINT('',(0.887422587359,28.201564261988));
#2713 = CARTESIAN_POINT('',(0.927154821993,28.497517921148));
#2714 = CARTESIAN_POINT('',(0.974434882585,28.787515148968));
#2715 = CARTESIAN_POINT('',(1.066547235248,29.270949239113));
#2716 = CARTESIAN_POINT('',(1.108681202572,29.470315391299));
#2717 = CARTESIAN_POINT('',(1.154263130455,29.666798806014));
#2718 = CARTESIAN_POINT('',(1.203317405514,29.860383325622));
#2719 = CARTESIAN_POINT('',(1.255948546187,30.050733365505));
#2720 = CARTESIAN_POINT('',(1.312338447885,30.237196451045));
#2721 = CARTESIAN_POINT('',(1.395755227122,30.48785763922));
#2722 = CARTESIAN_POINT('',(1.419326059029,30.556227115286));
#2723 = CARTESIAN_POINT('',(1.443502396806,30.623852661717));
#2724 = CARTESIAN_POINT('',(1.468297012666,30.690658351524));
#2725 = CARTESIAN_POINT('',(1.493724450381,30.756563053293));
#2726 = CARTESIAN_POINT('',(1.519801464224,30.821481211839));
#2727 = CARTESIAN_POINT('',(1.580075306719,30.965354265555));
#2728 = CARTESIAN_POINT('',(1.614705091268,31.043815414015));
#2729 = CARTESIAN_POINT('',(1.650398576536,31.120325779425));
#2730 = CARTESIAN_POINT('',(1.687123736387,31.194551964222));
#2731 = CARTESIAN_POINT('',(1.724856058244,31.266207852112));
#2732 = CARTESIAN_POINT('',(1.763579847754,31.335053992101));
#2733 = CARTESIAN_POINT('',(1.868304031768,31.50869811249));
#2734 = CARTESIAN_POINT('',(1.935827472815,31.60822734506));
#2735 = CARTESIAN_POINT('',(2.005200702108,31.697673839098));
#2736 = CARTESIAN_POINT('',(2.07580718641,31.776230890107));
#2737 = CARTESIAN_POINT('',(2.14703254087,31.843923174944));
#2738 = CARTESIAN_POINT('',(2.218181876318,31.901382055157));
#2739 = CARTESIAN_POINT('',(2.311726330299,31.96561772879));
#2740 = CARTESIAN_POINT('',(2.335024726622,31.98066229743));
#2741 = CARTESIAN_POINT('',(2.358243736546,31.994751436827));
#2742 = CARTESIAN_POINT('',(2.381376444438,32.007933484523));
#2743 = CARTESIAN_POINT('',(2.404415314486,32.020256032323));
#2744 = CARTESIAN_POINT('',(2.427352067036,32.031765634988));
#2745 = CARTESIAN_POINT('',(2.47757119041,32.05539921504));
#2746 = CARTESIAN_POINT('',(2.504806775133,32.067186249234));
#2747 = CARTESIAN_POINT('',(2.531887047326,32.077955095867));
#2748 = CARTESIAN_POINT('',(2.558814345157,32.08778621529));
#2749 = CARTESIAN_POINT('',(2.585590606713,32.096754053847));
#2750 = CARTESIAN_POINT('',(2.612217370002,32.104927043878));
#2751 = CARTESIAN_POINT('',(2.712725613969,32.133170348613));
#2752 = CARTESIAN_POINT('',(2.785579474934,32.148243709786));
#2753 = CARTESIAN_POINT('',(2.857492711178,32.159017994945));
#2754 = CARTESIAN_POINT('',(2.928692322464,32.166477214835));
#2755 = CARTESIAN_POINT('',(2.999403540752,32.171249509269));
#2756 = CARTESIAN_POINT('',(3.069856561342,32.173651886761));
#2757 = CARTESIAN_POINT('',(3.210696393352,32.173726650824));
#2758 = CARTESIAN_POINT('',(3.281108781066,32.171401324248));
#2759 = CARTESIAN_POINT('',(3.351772402655,32.166715003783));
#2760 = CARTESIAN_POINT('',(3.422917438286,32.15935786135));
#2761 = CARTESIAN_POINT('',(3.494769195505,32.148710037758));
#2762 = CARTESIAN_POINT('',(3.567554812497,32.133797343169));
#2763 = CARTESIAN_POINT('',(3.668591764072,32.105658965744));
#2764 = CARTESIAN_POINT('',(3.695828939393,32.097354990279));
#2765 = CARTESIAN_POINT('',(3.723222581493,32.088222747332));
#2766 = CARTESIAN_POINT('',(3.75077428305,32.078189173286));
#2767 = CARTESIAN_POINT('',(3.778486069196,32.067174622515));
#2768 = CARTESIAN_POINT('',(3.806360397514,32.055092867391));
#2769 = CARTESIAN_POINT('',(3.856933277088,32.031209839068));
#2770 = CARTESIAN_POINT('',(3.879574503563,32.019818807));
#2771 = CARTESIAN_POINT('',(3.902315039536,32.007634483125));
#2772 = CARTESIAN_POINT('',(3.925146909553,31.99461209841));
#2773 = CARTESIAN_POINT('',(3.94806284453,31.980705907374));
#2774 = CARTESIAN_POINT('',(3.971056165652,31.965869461734));
#2775 = CARTESIAN_POINT('',(4.034058133953,31.922673797097));
#2776 = CARTESIAN_POINT('',(4.074253850448,31.892331383383));
#2777 = CARTESIAN_POINT('',(4.11457116898,31.858845167907));
#2778 = CARTESIAN_POINT('',(4.154888528695,31.822062903477));
#2779 = CARTESIAN_POINT('',(4.195095533116,31.781875451456));
#2780 = CARTESIAN_POINT('',(4.235089026616,31.738228662502));
#2781 = CARTESIAN_POINT('',(4.320192204984,31.637226044286));
#2782 = CARTESIAN_POINT('',(4.36506265367,31.578968579188));
#2783 = CARTESIAN_POINT('',(4.409243483522,31.51642300685));
#2784 = CARTESIAN_POINT('',(4.452600378198,31.449764534472));
#2785 = CARTESIAN_POINT('',(4.494996138389,31.379301841827));
#2786 = CARTESIAN_POINT('',(4.53628508177,31.305495491455));
#2787 = CARTESIAN_POINT('',(4.631563100057,31.123332495426));
#2788 = CARTESIAN_POINT('',(4.684410299265,31.012507244068));
#2789 = CARTESIAN_POINT('',(4.734976761274,30.897111566563));
#2790 = CARTESIAN_POINT('',(4.783347675428,30.777786208408));
#2791 = CARTESIAN_POINT('',(4.829577854004,30.655182789055));
#2792 = CARTESIAN_POINT('',(4.873699984222,30.529955710011));
#2793 = CARTESIAN_POINT('',(4.97478817399,30.224036115993));
#2794 = CARTESIAN_POINT('',(5.029957509651,30.04069408577));
#2795 = CARTESIAN_POINT('',(5.081509209219,29.853628332087));
#2796 = CARTESIAN_POINT('',(5.129613917262,29.663444255523));
#2797 = CARTESIAN_POINT('',(5.17436911268,29.470454676391));
#2798 = CARTESIAN_POINT('',(5.215796598439,29.274679255261));
#2799 = CARTESIAN_POINT('',(5.307688849918,28.794028891178));
#2800 = CARTESIAN_POINT('',(5.355287165065,28.503045177432));
#2801 = CARTESIAN_POINT('',(5.395294802457,28.206056196653));
#2802 = CARTESIAN_POINT('',(5.426582452226,27.905408747386));
#2803 = CARTESIAN_POINT('',(5.448104611878,27.602034649013));
#2804 = CARTESIAN_POINT('',(5.459122776037,27.295533822316));
#2805 = CARTESIAN_POINT('',(5.459122776037,26.985));
#2806 = ( GEOMETRIC_REPRESENTATION_CONTEXT(2) 
PARAMETRIC_REPRESENTATION_CONTEXT() REPRESENTATION_CONTEXT('2D SPACE',''
  ) );
#2807 = ORIENTED_EDGE('',*,*,#2808,.F.);
#2808 = EDGE_CURVE('',#415,#2501,#2809,.T.);
#2809 = SEAM_CURVE('',#2810,(#2814,#2821),.PCURVE_S1.);
#2810 = LINE('',#2811,#2812);
#2811 = CARTESIAN_POINT('',(15.75,-21.565,18.4));
#2812 = VECTOR('',#2813,1.);
#2813 = DIRECTION('',(0.,0.,-1.));
#2814 = PCURVE('',#435,#2815);
#2815 = DEFINITIONAL_REPRESENTATION('',(#2816),#2820);
#2816 = LINE('',#2817,#2818);
#2817 = CARTESIAN_POINT('',(6.28318530718,-0.));
#2818 = VECTOR('',#2819,1.);
#2819 = DIRECTION('',(0.,1.));
#2820 = ( GEOMETRIC_REPRESENTATION_CONTEXT(2) 
PARAMETRIC_REPRESENTATION_CONTEXT() REPRESENTATION_CONTEXT('2D SPACE',''
  ) );
#2821 = PCURVE('',#435,#2822);
#2822 = DEFINITIONAL_REPRESENTATION('',(#2823),#2827);
#2823 = LINE('',#2824,#2825);
#2824 = CARTESIAN_POINT('',(0.,-0.));
#2825 = VECTOR('',#2826,1.);
#2826 = DIRECTION('',(0.,1.));
#2827 = ( GEOMETRIC_REPRESENTATION_CONTEXT(2) 
PARAMETRIC_REPRESENTATION_CONTEXT() REPRESENTATION_CONTEXT('2D SPACE',''
  ) );
#2828 = ORIENTED_EDGE('',*,*,#414,.T.);
#2829 = ORIENTED_EDGE('',*,*,#2808,.T.);
#2830 = ORIENTED_EDGE('',*,*,#2831,.T.);
#2831 = EDGE_CURVE('',#2501,#2478,#2832,.T.);
#2832 = SURFACE_CURVE('',#2833,(#2932,#3034),.PCURVE_S1.);
#2833 = B_SPLINE_CURVE_WITH_KNOTS('',7,(#2834,#2835,#2836,#2837,#2838,
    #2839,#2840,#2841,#2842,#2843,#2844,#2845,#2846,#2847,#2848,#2849,
    #2850,#2851,#2852,#2853,#2854,#2855,#2856,#2857,#2858,#2859,#2860,
    #2861,#2862,#2863,#2864,#2865,#2866,#2867,#2868,#2869,#2870,#2871,
    #2872,#2873,#2874,#2875,#2876,#2877,#2878,#2879,#2880,#2881,#2882,
    #2883,#2884,#2885,#2886,#2887,#2888,#2889,#2890,#2891,#2892,#2893,
    #2894,#2895,#2896,#2897,#2898,#2899,#2900,#2901,#2902,#2903,#2904,
    #2905,#2906,#2907,#2908,#2909,#2910,#2911,#2912,#2913,#2914,#2915,
    #2916,#2917,#2918,#2919,#2920,#2921,#2922,#2923,#2924,#2925,#2926,
    #2927,#2928,#2929,#2930,#2931),.UNSPECIFIED.,.F.,.F.,(8,6,6,6,6,6,6,
    6,6,6,6,6,6,6,6,6,8),(0.,0.126612520816,0.217911940388,
    0.252620161676,0.296129182459,0.367364124478,0.391089141025,
    0.419562324113,0.499169266119,0.578737917182,0.607875438018,
    0.631290731638,0.671835611402,0.718248533791,0.782327125109,
    0.872370444062,1.),.UNSPECIFIED.);
#2834 = CARTESIAN_POINT('',(15.75,-21.565,10.434865033878));
#2835 = CARTESIAN_POINT('',(15.75,-21.87433133741,10.434865033878));
#2836 = CARTESIAN_POINT('',(15.771263440219,-22.17970131496,
    10.45454444834));
#2837 = CARTESIAN_POINT('',(15.812810576229,-22.48198362156,
    10.492997515106));
#2838 = CARTESIAN_POINT('',(15.874581528664,-22.78156426198,
    10.547449402034));
#2839 = CARTESIAN_POINT('',(15.95694177577,-23.07751792114,
    10.613478077288));
#2840 = CARTESIAN_POINT('',(16.059647335166,-23.36751514896,
    10.685783203085));
#2841 = CARTESIAN_POINT('',(16.268654596424,-23.85094923911,
    10.811877091743));
#2842 = CARTESIAN_POINT('',(16.366636541545,-24.05031539129,
    10.865611415888));
#2843 = CARTESIAN_POINT('',(16.475396250794,-24.24679880601,
    10.918694805771));
#2844 = CARTESIAN_POINT('',(16.595443379119,-24.44038332562,
    10.969508610255));
#2845 = CARTESIAN_POINT('',(16.727348535511,-24.6307333655,
    11.016236066224));
#2846 = CARTESIAN_POINT('',(16.871639115635,-24.81719645104,
    11.056705995953));
#2847 = CARTESIAN_POINT('',(17.088373831895,-25.06785763922,
    11.10019322689));
#2848 = CARTESIAN_POINT('',(17.149937066306,-25.13622711528,
    11.110881024942));
#2849 = CARTESIAN_POINT('',(17.213372890753,-25.20385266171,
    11.120124817824));
#2850 = CARTESIAN_POINT('',(17.278682852291,-25.27065835152,
    11.127761248754));
#2851 = CARTESIAN_POINT('',(17.345860663139,-25.33656305329,
    11.133615945054));
#2852 = CARTESIAN_POINT('',(17.414890748568,-25.40148121183,
    11.13750241223));
#2853 = CARTESIAN_POINT('',(17.574569473519,-25.54535426555,
    11.1413751998));
#2854 = CARTESIAN_POINT('',(17.666395765697,-25.62381541401,
    11.140126138526));
#2855 = CARTESIAN_POINT('',(17.760971007101,-25.70032577942,
    11.135055335706));
#2856 = CARTESIAN_POINT('',(17.858008866643,-25.77455196422,
    11.125758724876));
#2857 = CARTESIAN_POINT('',(17.957191904677,-25.84620785211,
    11.111847208842));
#2858 = CARTESIAN_POINT('',(18.058172131288,-25.9150539921,
    11.092947286881));
#2859 = CARTESIAN_POINT('',(18.328224560747,-26.08869811249,
    11.029005677997));
#2860 = CARTESIAN_POINT('',(18.49933711214,-26.18822734506,
    10.975061717665));
#2861 = CARTESIAN_POINT('',(18.670630054776,-26.27767383909,
    10.905776893284));
#2862 = CARTESIAN_POINT('',(18.838733761271,-26.3562308901,
    10.820941265076));
#2863 = CARTESIAN_POINT('',(19.000332583371,-26.42392317494,
    10.721329458336));
#2864 = CARTESIAN_POINT('',(19.152396545974,-26.48138205515,
    10.608821829145));
#2865 = CARTESIAN_POINT('',(19.339162276426,-26.54561772879,
    10.445820590706));
#2866 = CARTESIAN_POINT('',(19.384568149773,-26.56066229743,
    10.403950815398));
#2867 = CARTESIAN_POINT('',(19.428675973008,-26.57475143682,
    10.360997690269));
#2868 = CARTESIAN_POINT('',(19.471447185279,-26.58793348452,
    10.317026609454));
#2869 = CARTESIAN_POINT('',(19.512846920862,-26.60025603232,
    10.272106581828));
#2870 = CARTESIAN_POINT('',(19.552844325448,-26.61176563498,
    10.226310269181));
#2871 = CARTESIAN_POINT('',(19.637700271103,-26.63539921186,
    10.12379231806));
#2872 = CARTESIAN_POINT('',(19.68193336585,-26.64718624827,
    10.066713907626));
#2873 = CARTESIAN_POINT('',(19.724097272693,-26.65795509757,
    10.008572528259));
#2874 = CARTESIAN_POINT('',(19.764181115439,-26.66778621752,
    9.949460694544));
#2875 = CARTESIAN_POINT('',(19.802178025676,-26.67675405419,
    9.889469700496));
#2876 = CARTESIAN_POINT('',(19.838085142774,-26.68492704201,
    9.828689619564));
#2877 = CARTESIAN_POINT('',(19.966455215651,-26.71317034861,
    9.595319149237));
#2878 = CARTESIAN_POINT('',(20.044658857943,-26.72824370978,
    9.417993378327));
#2879 = CARTESIAN_POINT('',(20.106818622282,-26.73901799494,
    9.236690530966));
#2880 = CARTESIAN_POINT('',(20.153241792567,-26.74647721483,
    9.052613373105));
#2881 = CARTESIAN_POINT('',(20.184173955957,-26.75124950926,
    8.866780766973));
#2882 = CARTESIAN_POINT('',(20.199755251053,-26.75365188676,
    8.680100485948));
#2883 = CARTESIAN_POINT('',(20.20024015906,-26.75372665082,
    8.306875246125));
#2884 = CARTESIAN_POINT('',(20.185158608535,-26.75140132424,
    8.120262804675));
#2885 = CARTESIAN_POINT('',(20.154744083819,-26.74671500378,
    7.934474442985));
#2886 = CARTESIAN_POINT('',(20.108859414709,-26.73935786135,
    7.750414128038));
#2887 = CARTESIAN_POINT('',(20.047261232742,-26.72871003775,
    7.569094936078));
#2888 = CARTESIAN_POINT('',(19.969642971552,-26.71379734316,
    7.391712045683));
#2889 = CARTESIAN_POINT('',(19.841297226224,-26.68565896574,
    7.156730516163));
#2890 = CARTESIAN_POINT('',(19.804708272372,-26.67735499027,
    7.094471962423));
#2891 = CARTESIAN_POINT('',(19.765930606616,-26.66822274733,
    7.03303438042));
#2892 = CARTESIAN_POINT('',(19.724967185262,-26.65818917328,
    6.972514346042));
#2893 = CARTESIAN_POINT('',(19.68182537635,-26.64717462251,
    6.913009758637));
#2894 = CARTESIAN_POINT('',(19.636516959655,-26.63509286739,
    6.854619841015));
#2895 = CARTESIAN_POINT('',(19.550919586519,-26.61120983906,
    6.751498799929));
#2896 = CARTESIAN_POINT('',(19.511390195905,-26.599818807,6.706334632512
    ));
#2897 = CARTESIAN_POINT('',(19.470495635466,-26.58763448312,
    6.662026001152));
#2898 = CARTESIAN_POINT('',(19.42826569093,-26.57461209841,
    6.618642756575));
#2899 = CARTESIAN_POINT('',(19.384733955979,-26.56070590737,
    6.576251272262));
#2900 = CARTESIAN_POINT('',(19.33993753509,-26.54586946173,
    6.534914480439));
#2901 = CARTESIAN_POINT('',(19.21422919793,-26.50267379709,
    6.425044292863));
#2902 = CARTESIAN_POINT('',(19.130780911296,-26.47233138338,
    6.358659012676));
#2903 = CARTESIAN_POINT('',(19.043977762067,-26.4388451679,
    6.296043200306));
#2904 = CARTESIAN_POINT('',(18.954283713357,-26.40206290347,
    6.237596059802));
#2905 = CARTESIAN_POINT('',(18.862204746791,-26.36187545145,
    6.183613080398));
#2906 = CARTESIAN_POINT('',(18.768272793483,-26.3182286625,
    6.134290250442));
#2907 = CARTESIAN_POINT('',(18.564002040427,-26.21722604428,
    6.038716856549));
#2908 = CARTESIAN_POINT('',(18.453596811345,-26.15896857918,
    5.994103666016));
#2909 = CARTESIAN_POINT('',(18.342631384113,-26.09642300685,
    5.955961873171));
#2910 = CARTESIAN_POINT('',(18.23193081294,-26.02976453447,
    5.924212628079));
#2911 = CARTESIAN_POINT('',(18.122314495897,-25.95930184182,
    5.898636839544));
#2912 = CARTESIAN_POINT('',(18.014582870912,-25.88549549145,
    5.878886957239));
#2913 = CARTESIAN_POINT('',(17.764430315144,-25.70333249541,
    5.844634117901));
#2914 = CARTESIAN_POINT('',(17.624399622858,-25.59250724406,
    5.834987467808));
#2915 = CARTESIAN_POINT('',(17.489999599615,-25.47711156657,
    5.834144641057));
#2916 = CARTESIAN_POINT('',(17.361629639801,-25.35778620842,
    5.840823076824));
#2917 = CARTESIAN_POINT('',(17.239554226706,-25.23518278905,
    5.853841881038));
#2918 = CARTESIAN_POINT('',(17.123936861665,-25.10995570998,
    5.872104852909));
#2919 = CARTESIAN_POINT('',(16.861572217412,-24.80403611599,
    5.926201726273));
#2920 = CARTESIAN_POINT('',(16.720563835557,-24.62069408577,
    5.966286281396));
#2921 = CARTESIAN_POINT('',(16.591476221266,-24.43362833208,
    6.012314893088));
#2922 = CARTESIAN_POINT('',(16.473808149246,-24.24344425552,6.0622419923
    ));
#2923 = CARTESIAN_POINT('',(16.367022305401,-24.05045467639,
    6.114347975246));
#2924 = CARTESIAN_POINT('',(16.270639212658,-23.85467925526,
    6.16709597239));
#2925 = CARTESIAN_POINT('',(16.061952745519,-23.37402889117,
    6.292592003361));
#2926 = CARTESIAN_POINT('',(15.958483382237,-23.08304517743,
    6.365288125175));
#2927 = CARTESIAN_POINT('',(15.875512764495,-22.78605619665,
    6.431730916324));
#2928 = CARTESIAN_POINT('',(15.813285986918,-22.48540874738,
    6.486562574839));
#2929 = CARTESIAN_POINT('',(15.771429056747,-22.18203464901,
    6.525302257816));
#2930 = CARTESIAN_POINT('',(15.75,-21.87553382231,6.545134966122));
#2931 = CARTESIAN_POINT('',(15.75,-21.565,6.545134966122));
#2932 = PCURVE('',#435,#2933);
#2933 = DEFINITIONAL_REPRESENTATION('',(#2934),#3033);
#2934 = B_SPLINE_CURVE_WITH_KNOTS('',7,(#2935,#2936,#2937,#2938,#2939,
    #2940,#2941,#2942,#2943,#2944,#2945,#2946,#2947,#2948,#2949,#2950,
    #2951,#2952,#2953,#2954,#2955,#2956,#2957,#2958,#2959,#2960,#2961,
    #2962,#2963,#2964,#2965,#2966,#2967,#2968,#2969,#2970,#2971,#2972,
    #2973,#2974,#2975,#2976,#2977,#2978,#2979,#2980,#2981,#2982,#2983,
    #2984,#2985,#2986,#2987,#2988,#2989,#2990,#2991,#2992,#2993,#2994,
    #2995,#2996,#2997,#2998,#2999,#3000,#3001,#3002,#3003,#3004,#3005,
    #3006,#3007,#3008,#3009,#3010,#3011,#3012,#3013,#3014,#3015,#3016,
    #3017,#3018,#3019,#3020,#3021,#3022,#3023,#3024,#3025,#3026,#3027,
    #3028,#3029,#3030,#3031,#3032),.UNSPECIFIED.,.F.,.F.,(8,6,6,6,6,6,6,
    6,6,6,6,6,6,6,6,6,8),(0.,0.126612520816,0.217911940388,
    0.252620161676,0.296129182459,0.367364124478,0.391089141025,
    0.419562324113,0.499169266119,0.578737917182,0.607875438018,
    0.631290731638,0.671835611402,0.718248533791,0.782327125109,
    0.872370444062,1.),.UNSPECIFIED.);
#2935 = CARTESIAN_POINT('',(6.28318530718,7.965134966122));
#2936 = CARTESIAN_POINT('',(6.224265052435,7.965134966122));
#2937 = CARTESIAN_POINT('',(6.166099370693,7.94545555166));
#2938 = CARTESIAN_POINT('',(6.108187548586,7.907002484894));
#2939 = CARTESIAN_POINT('',(6.0501611711,7.852550597967));
#2940 = CARTESIAN_POINT('',(5.991869084171,7.786521922712));
#2941 = CARTESIAN_POINT('',(5.933403793909,7.714216796915));
#2942 = CARTESIAN_POINT('',(5.833083661476,7.588122908257));
#2943 = CARTESIAN_POINT('',(5.790821034704,7.534388584112));
#2944 = CARTESIAN_POINT('',(5.748126383622,7.481305194229));
#2945 = CARTESIAN_POINT('',(5.704836872029,7.430491389745));
#2946 = CARTESIAN_POINT('',(5.660821030658,7.383763933776));
#2947 = CARTESIAN_POINT('',(5.615978498888,7.343294004047));
#2948 = CARTESIAN_POINT('',(5.552860722216,7.29980677311));
#2949 = CARTESIAN_POINT('',(5.535340025081,7.289118975058));
#2950 = CARTESIAN_POINT('',(5.517684652779,7.279875182176));
#2951 = CARTESIAN_POINT('',(5.499896150271,7.272238751246));
#2952 = CARTESIAN_POINT('',(5.481977197563,7.266384054946));
#2953 = CARTESIAN_POINT('',(5.463931722391,7.26249758777));
#2954 = CARTESIAN_POINT('',(5.422991856845,7.2586248002));
#2955 = CARTESIAN_POINT('',(5.399993775827,7.259873861474));
#2956 = CARTESIAN_POINT('',(5.376836133701,7.264944664294));
#2957 = CARTESIAN_POINT('',(5.35358094769,7.274241275124));
#2958 = CARTESIAN_POINT('',(5.330288245867,7.288152791158));
#2959 = CARTESIAN_POINT('',(5.307017424639,7.307052713119));
#2960 = CARTESIAN_POINT('',(5.245862821049,7.370994322003));
#2961 = CARTESIAN_POINT('',(5.208194853877,7.424938282335));
#2962 = CARTESIAN_POINT('',(5.171447617268,7.494223106716));
#2963 = CARTESIAN_POINT('',(5.136160012625,7.579058734924));
#2964 = CARTESIAN_POINT('',(5.102822583645,7.678670541664));
#2965 = CARTESIAN_POINT('',(5.071873150228,7.791178170855));
#2966 = CARTESIAN_POINT('',(5.034253422765,7.954179409294));
#2967 = CARTESIAN_POINT('',(5.025142885657,7.996049184602));
#2968 = CARTESIAN_POINT('',(5.01632398599,8.039002309731));
#2969 = CARTESIAN_POINT('',(5.007799694379,8.082973390546));
#2970 = CARTESIAN_POINT('',(4.999572689807,8.127893418172));
#2971 = CARTESIAN_POINT('',(4.991645271849,8.173689730819));
#2972 = CARTESIAN_POINT('',(4.974867057415,8.27620768194));
#2973 = CARTESIAN_POINT('',(4.96614818691,8.333286092374));
#2974 = CARTESIAN_POINT('',(4.957859862229,8.391427471741));
#2975 = CARTESIAN_POINT('',(4.949999206906,8.450539305456));
#2976 = CARTESIAN_POINT('',(4.942563267175,8.510530299504));
#2977 = CARTESIAN_POINT('',(4.935549011967,8.571310380436));
#2978 = CARTESIAN_POINT('',(4.910512758903,8.804680850763));
#2979 = CARTESIAN_POINT('',(4.895347796347,8.982006621673));
#2980 = CARTESIAN_POINT('',(4.883333354706,9.163309469034));
#2981 = CARTESIAN_POINT('',(4.874377465686,9.347386626896));
#2982 = CARTESIAN_POINT('',(4.868416035766,9.533219233027));
#2983 = CARTESIAN_POINT('',(4.865413064041,9.719899514052));
#2984 = CARTESIAN_POINT('',(4.865319609224,10.093124753875));
#2985 = CARTESIAN_POINT('',(4.868226266281,10.279737195325));
#2986 = CARTESIAN_POINT('',(4.874087756091,10.465525557015));
#2987 = CARTESIAN_POINT('',(4.882939306075,10.649585871962));
#2988 = CARTESIAN_POINT('',(4.89484429992,10.830905063922));
#2989 = CARTESIAN_POINT('',(4.909894083283,11.008287954317));
#2990 = CARTESIAN_POINT('',(4.934921523011,11.243269483837));
#2991 = CARTESIAN_POINT('',(4.942067949741,11.305528037577));
#2992 = CARTESIAN_POINT('',(4.94965579798,11.36696561958));
#2993 = CARTESIAN_POINT('',(4.957688309321,11.427485653958));
#2994 = CARTESIAN_POINT('',(4.966168635978,11.486990241363));
#2995 = CARTESIAN_POINT('',(4.975099840793,11.545380158985));
#2996 = CARTESIAN_POINT('',(4.992026851589,11.648501200071));
#2997 = CARTESIAN_POINT('',(4.999862364734,11.693665367488));
#2998 = CARTESIAN_POINT('',(5.007989652917,11.737973998848));
#2999 = CARTESIAN_POINT('',(5.016406489968,11.781357243425));
#3000 = CARTESIAN_POINT('',(5.025110289577,11.823748727738));
#3001 = CARTESIAN_POINT('',(5.03409818759,11.865085519561));
#3002 = CARTESIAN_POINT('',(5.059416802344,11.974955707137));
#3003 = CARTESIAN_POINT('',(5.07632723286,12.041340987324));
#3004 = CARTESIAN_POINT('',(5.094043179515,12.103956799694));
#3005 = CARTESIAN_POINT('',(5.112500784985,12.162403940198));
#3006 = CARTESIAN_POINT('',(5.131629227559,12.216386919602));
#3007 = CARTESIAN_POINT('',(5.151352377753,12.265709749558));
#3008 = CARTESIAN_POINT('',(5.194757580087,12.361283143451));
#3009 = CARTESIAN_POINT('',(5.21852712931,12.405896333984));
#3010 = CARTESIAN_POINT('',(5.242774356022,12.444038126829));
#3011 = CARTESIAN_POINT('',(5.267369185965,12.475787371921));
#3012 = CARTESIAN_POINT('',(5.292173256471,12.501363160456));
#3013 = CARTESIAN_POINT('',(5.317036955734,12.521113042761));
#3014 = CARTESIAN_POINT('',(5.375979922376,12.555365882099));
#3015 = CARTESIAN_POINT('',(5.409967822571,12.565012532192));
#3016 = CARTESIAN_POINT('',(5.44366651301,12.565855358943));
#3017 = CARTESIAN_POINT('',(5.477004316824,12.559176923176));
#3018 = CARTESIAN_POINT('',(5.509921605748,12.546158118962));
#3019 = CARTESIAN_POINT('',(5.542364257715,12.527895147091));
#3020 = CARTESIAN_POINT('',(5.619129235686,12.473798273727));
#3021 = CARTESIAN_POINT('',(5.663122992689,12.433713718604));
#3022 = CARTESIAN_POINT('',(5.706324350845,12.387685106911));
#3023 = CARTESIAN_POINT('',(5.748829816237,12.3377580077));
#3024 = CARTESIAN_POINT('',(5.790764345623,12.285652024754));
#3025 = CARTESIAN_POINT('',(5.83228145704,12.23290402761));
#3026 = CARTESIAN_POINT('',(5.932090765302,12.107407996639));
#3027 = CARTESIAN_POINT('',(5.990780156078,12.034711874825));
#3028 = CARTESIAN_POINT('',(6.049290933368,11.968269083677));
#3029 = CARTESIAN_POINT('',(6.10753122463,11.91343742516));
#3030 = CARTESIAN_POINT('',(6.165654928245,11.874697742185));
#3031 = CARTESIAN_POINT('',(6.224036007691,11.854865033878));
#3032 = CARTESIAN_POINT('',(6.28318530718,11.854865033878));
#3033 = ( GEOMETRIC_REPRESENTATION_CONTEXT(2) 
PARAMETRIC_REPRESENTATION_CONTEXT() REPRESENTATION_CONTEXT('2D SPACE',''
  ) );
#3034 = PCURVE('',#608,#3035);
#3035 = DEFINITIONAL_REPRESENTATION('',(#3036),#3135);
#3036 = B_SPLINE_CURVE_WITH_KNOTS('',7,(#3037,#3038,#3039,#3040,#3041,
    #3042,#3043,#3044,#3045,#3046,#3047,#3048,#3049,#3050,#3051,#3052,
    #3053,#3054,#3055,#3056,#3057,#3058,#3059,#3060,#3061,#3062,#3063,
    #3064,#3065,#3066,#3067,#3068,#3069,#3070,#3071,#3072,#3073,#3074,
    #3075,#3076,#3077,#3078,#3079,#3080,#3081,#3082,#3083,#3084,#3085,
    #3086,#3087,#3088,#3089,#3090,#3091,#3092,#3093,#3094,#3095,#3096,
    #3097,#3098,#3099,#3100,#3101,#3102,#3103,#3104,#3105,#3106,#3107,
    #3108,#3109,#3110,#3111,#3112,#3113,#3114,#3115,#3116,#3117,#3118,
    #3119,#3120,#3121,#3122,#3123,#3124,#3125,#3126,#3127,#3128,#3129,
    #3130,#3131,#3132,#3133,#3134),.UNSPECIFIED.,.F.,.F.,(8,6,6,6,6,6,6,
    6,6,6,6,6,6,6,6,6,8),(0.,0.126612520816,0.217911940388,
    0.252620161676,0.296129182459,0.367364124478,0.391089141025,
    0.419562324113,0.499169266119,0.578737917182,0.607875438018,
    0.631290731638,0.671835611402,0.718248533791,0.782327125109,
    0.872370444062,1.),.UNSPECIFIED.);
#3037 = CARTESIAN_POINT('',(0.824062531143,26.985));
#3038 = CARTESIAN_POINT('',(0.824062531143,26.675668662589));
#3039 = CARTESIAN_POINT('',(0.834995546503,26.370298685038));
#3040 = CARTESIAN_POINT('',(0.85635839243,26.068016378438));
#3041 = CARTESIAN_POINT('',(0.887422587359,25.768435738014));
#3042 = CARTESIAN_POINT('',(0.927154821993,25.472482078851));
#3043 = CARTESIAN_POINT('',(0.974434882585,25.182484851032));
#3044 = CARTESIAN_POINT('',(1.066547235248,24.699050760886));
#3045 = CARTESIAN_POINT('',(1.108681202572,24.499684608701));
#3046 = CARTESIAN_POINT('',(1.154263130455,24.303201193986));
#3047 = CARTESIAN_POINT('',(1.203317405514,24.109616674378));
#3048 = CARTESIAN_POINT('',(1.255948546187,23.919266634495));
#3049 = CARTESIAN_POINT('',(1.312338447885,23.732803548955));
#3050 = CARTESIAN_POINT('',(1.395755227122,23.48214236078));
#3051 = CARTESIAN_POINT('',(1.419326059029,23.413772884714));
#3052 = CARTESIAN_POINT('',(1.443502396806,23.346147338283));
#3053 = CARTESIAN_POINT('',(1.468297012666,23.279341648476));
#3054 = CARTESIAN_POINT('',(1.493724450381,23.213436946707));
#3055 = CARTESIAN_POINT('',(1.519801464224,23.148518788161));
#3056 = CARTESIAN_POINT('',(1.580075306719,23.004645734445));
#3057 = CARTESIAN_POINT('',(1.614705091268,22.926184585985));
#3058 = CARTESIAN_POINT('',(1.650398576536,22.849674220575));
#3059 = CARTESIAN_POINT('',(1.687123736387,22.775448035778));
#3060 = CARTESIAN_POINT('',(1.724856058244,22.703792147888));
#3061 = CARTESIAN_POINT('',(1.763579847754,22.634946007899));
#3062 = CARTESIAN_POINT('',(1.868304031768,22.46130188751));
#3063 = CARTESIAN_POINT('',(1.935827472815,22.36177265494));
#3064 = CARTESIAN_POINT('',(2.005200702108,22.272326160902));
#3065 = CARTESIAN_POINT('',(2.07580718641,22.193769109893));
#3066 = CARTESIAN_POINT('',(2.14703254087,22.126076825056));
#3067 = CARTESIAN_POINT('',(2.218181876318,22.068617944843));
#3068 = CARTESIAN_POINT('',(2.311726330299,22.00438227121));
#3069 = CARTESIAN_POINT('',(2.335024726622,21.98933770257));
#3070 = CARTESIAN_POINT('',(2.358243736546,21.975248563173));
#3071 = CARTESIAN_POINT('',(2.381376444438,21.962066515477));
#3072 = CARTESIAN_POINT('',(2.404415314486,21.949743967677));
#3073 = CARTESIAN_POINT('',(2.427352067036,21.938234365012));
#3074 = CARTESIAN_POINT('',(2.477571183661,21.914600788136));
#3075 = CARTESIAN_POINT('',(2.504806774291,21.902813751725));
#3076 = CARTESIAN_POINT('',(2.531887052581,21.892044902422));
#3077 = CARTESIAN_POINT('',(2.558814350453,21.882213782475));
#3078 = CARTESIAN_POINT('',(2.585590605974,21.873245945804));
#3079 = CARTESIAN_POINT('',(2.612217363354,21.86507295799));
#3080 = CARTESIAN_POINT('',(2.712725613969,21.836829651387));
#3081 = CARTESIAN_POINT('',(2.785579474934,21.821756290214));
#3082 = CARTESIAN_POINT('',(2.857492711178,21.810982005055));
#3083 = CARTESIAN_POINT('',(2.928692322464,21.803522785165));
#3084 = CARTESIAN_POINT('',(2.999403540752,21.798750490731));
#3085 = CARTESIAN_POINT('',(3.069856561342,21.796348113238));
#3086 = CARTESIAN_POINT('',(3.210696393352,21.796273349176));
#3087 = CARTESIAN_POINT('',(3.281108781066,21.798598675752));
#3088 = CARTESIAN_POINT('',(3.351772402655,21.803284996217));
#3089 = CARTESIAN_POINT('',(3.422917438286,21.81064213865));
#3090 = CARTESIAN_POINT('',(3.494769195505,21.821289962242));
#3091 = CARTESIAN_POINT('',(3.567554812497,21.836202656831));
#3092 = CARTESIAN_POINT('',(3.668591764072,21.864341034256));
#3093 = CARTESIAN_POINT('',(3.695828939393,21.872645009721));
#3094 = CARTESIAN_POINT('',(3.723222581493,21.881777252668));
#3095 = CARTESIAN_POINT('',(3.75077428305,21.891810826714));
#3096 = CARTESIAN_POINT('',(3.778486069196,21.902825377485));
#3097 = CARTESIAN_POINT('',(3.806360397514,21.914907132609));
#3098 = CARTESIAN_POINT('',(3.856933277088,21.938790160932));
#3099 = CARTESIAN_POINT('',(3.879574503563,21.950181193));
#3100 = CARTESIAN_POINT('',(3.902315039536,21.962365516875));
#3101 = CARTESIAN_POINT('',(3.925146909553,21.97538790159));
#3102 = CARTESIAN_POINT('',(3.94806284453,21.989294092626));
#3103 = CARTESIAN_POINT('',(3.971056165652,22.004130538266));
#3104 = CARTESIAN_POINT('',(4.034058133953,22.047326202903));
#3105 = CARTESIAN_POINT('',(4.074253850448,22.077668616617));
#3106 = CARTESIAN_POINT('',(4.11457116898,22.111154832093));
#3107 = CARTESIAN_POINT('',(4.154888528695,22.147937096523));
#3108 = CARTESIAN_POINT('',(4.195095533116,22.188124548544));
#3109 = CARTESIAN_POINT('',(4.235089026616,22.231771337498));
#3110 = CARTESIAN_POINT('',(4.320192204984,22.332773955714));
#3111 = CARTESIAN_POINT('',(4.36506265367,22.391031420812));
#3112 = CARTESIAN_POINT('',(4.409243483522,22.45357699315));
#3113 = CARTESIAN_POINT('',(4.452600378198,22.520235465528));
#3114 = CARTESIAN_POINT('',(4.494996138389,22.590698158173));
#3115 = CARTESIAN_POINT('',(4.53628508177,22.664504508545));
#3116 = CARTESIAN_POINT('',(4.631563100066,22.84666750459));
#3117 = CARTESIAN_POINT('',(4.684410299266,22.957492755938));
#3118 = CARTESIAN_POINT('',(4.734976761268,23.072888433425));
#3119 = CARTESIAN_POINT('',(4.783347675421,23.192213791574));
#3120 = CARTESIAN_POINT('',(4.829577854004,23.314817210943));
#3121 = CARTESIAN_POINT('',(4.873699984229,23.440044290011));
#3122 = CARTESIAN_POINT('',(4.97478817399,23.745963884007));
#3123 = CARTESIAN_POINT('',(5.029957509651,23.92930591423));
#3124 = CARTESIAN_POINT('',(5.081509209219,24.116371667913));
#3125 = CARTESIAN_POINT('',(5.129613917262,24.306555744477));
#3126 = CARTESIAN_POINT('',(5.17436911268,24.499545323609));
#3127 = CARTESIAN_POINT('',(5.215796598439,24.695320744739));
#3128 = CARTESIAN_POINT('',(5.307688849918,25.175971108821));
#3129 = CARTESIAN_POINT('',(5.355287165065,25.466954822568));
#3130 = CARTESIAN_POINT('',(5.395294802457,25.763943803348));
#3131 = CARTESIAN_POINT('',(5.426582452226,26.064591252614));
#3132 = CARTESIAN_POINT('',(5.448104611878,26.367965350987));
#3133 = CARTESIAN_POINT('',(5.459122776037,26.674466177684));
#3134 = CARTESIAN_POINT('',(5.459122776037,26.985));
#3135 = ( GEOMETRIC_REPRESENTATION_CONTEXT(2) 
PARAMETRIC_REPRESENTATION_CONTEXT() REPRESENTATION_CONTEXT('2D SPACE',''
  ) );
#3136 = ORIENTED_EDGE('',*,*,#2477,.T.);
#3137 = ORIENTED_EDGE('',*,*,#3138,.T.);
#3138 = EDGE_CURVE('',#2170,#2147,#3139,.T.);
#3139 = SURFACE_CURVE('',#3140,(#3239,#3341),.PCURVE_S1.);
#3140 = B_SPLINE_CURVE_WITH_KNOTS('',7,(#3141,#3142,#3143,#3144,#3145,
    #3146,#3147,#3148,#3149,#3150,#3151,#3152,#3153,#3154,#3155,#3156,
    #3157,#3158,#3159,#3160,#3161,#3162,#3163,#3164,#3165,#3166,#3167,
    #3168,#3169,#3170,#3171,#3172,#3173,#3174,#3175,#3176,#3177,#3178,
    #3179,#3180,#3181,#3182,#3183,#3184,#3185,#3186,#3187,#3188,#3189,
    #3190,#3191,#3192,#3193,#3194,#3195,#3196,#3197,#3198,#3199,#3200,
    #3201,#3202,#3203,#3204,#3205,#3206,#3207,#3208,#3209,#3210,#3211,
    #3212,#3213,#3214,#3215,#3216,#3217,#3218,#3219,#3220,#3221,#3222,
    #3223,#3224,#3225,#3226,#3227,#3228,#3229,#3230,#3231,#3232,#3233,
    #3234,#3235,#3236,#3237,#3238),.UNSPECIFIED.,.F.,.F.,(8,6,6,6,6,6,6,
    6,6,6,6,6,6,6,6,6,8),(0.,0.126612507032,0.217911916665,
    0.252620134175,0.296129150222,0.367364084486,0.39108909845,
    0.419562285454,0.499169258395,0.578737940377,0.607875465357,
    0.631290757348,0.67183563429,0.718248553451,0.782327140302,
    0.872370452971,1.),.UNSPECIFIED.);
#3141 = CARTESIAN_POINT('',(15.75,-21.565,-6.545134966122));
#3142 = CARTESIAN_POINT('',(15.75,-21.87433133741,-6.545134966122));
#3143 = CARTESIAN_POINT('',(15.771263440219,-22.17970131496,
    -6.52545555166));
#3144 = CARTESIAN_POINT('',(15.812810576229,-22.48198362156,
    -6.487002484894));
#3145 = CARTESIAN_POINT('',(15.874581528664,-22.78156426198,
    -6.432550597966));
#3146 = CARTESIAN_POINT('',(15.95694177577,-23.07751792114,
    -6.366521922712));
#3147 = CARTESIAN_POINT('',(16.059647335166,-23.36751514896,
    -6.294216796915));
#3148 = CARTESIAN_POINT('',(16.268654596424,-23.85094923911,
    -6.168122908257));
#3149 = CARTESIAN_POINT('',(16.366636541545,-24.05031539129,
    -6.114388584112));
#3150 = CARTESIAN_POINT('',(16.475396250794,-24.24679880601,
    -6.061305194229));
#3151 = CARTESIAN_POINT('',(16.595443379119,-24.44038332562,
    -6.010491389745));
#3152 = CARTESIAN_POINT('',(16.727348535511,-24.6307333655,
    -5.963763933776));
#3153 = CARTESIAN_POINT('',(16.871639115635,-24.81719645104,
    -5.923294004047));
#3154 = CARTESIAN_POINT('',(17.088373831895,-25.06785763922,
    -5.87980677311));
#3155 = CARTESIAN_POINT('',(17.149937066306,-25.13622711528,
    -5.869118975058));
#3156 = CARTESIAN_POINT('',(17.213372890753,-25.20385266171,
    -5.859875182176));
#3157 = CARTESIAN_POINT('',(17.278682852291,-25.27065835152,
    -5.852238751246));
#3158 = CARTESIAN_POINT('',(17.345860663139,-25.33656305329,
    -5.846384054946));
#3159 = CARTESIAN_POINT('',(17.414890748568,-25.40148121183,
    -5.84249758777));
#3160 = CARTESIAN_POINT('',(17.574569473519,-25.54535426555,
    -5.8386248002));
#3161 = CARTESIAN_POINT('',(17.666395765697,-25.62381541401,
    -5.839873861474));
#3162 = CARTESIAN_POINT('',(17.760971007101,-25.70032577942,
    -5.844944664294));
#3163 = CARTESIAN_POINT('',(17.858008866643,-25.77455196422,
    -5.854241275124));
#3164 = CARTESIAN_POINT('',(17.957191904677,-25.84620785211,
    -5.868152791158));
#3165 = CARTESIAN_POINT('',(18.058172131288,-25.9150539921,
    -5.887052713119));
#3166 = CARTESIAN_POINT('',(18.328224560747,-26.08869811249,
    -5.950994322003));
#3167 = CARTESIAN_POINT('',(18.49933711214,-26.18822734506,
    -6.004938282335));
#3168 = CARTESIAN_POINT('',(18.670630054776,-26.27767383909,
    -6.074223106716));
#3169 = CARTESIAN_POINT('',(18.838733761271,-26.3562308901,
    -6.159058734924));
#3170 = CARTESIAN_POINT('',(19.000332583371,-26.42392317494,
    -6.258670541664));
#3171 = CARTESIAN_POINT('',(19.152396545974,-26.48138205515,
    -6.371178170855));
#3172 = CARTESIAN_POINT('',(19.339162276426,-26.54561772879,
    -6.534179409294));
#3173 = CARTESIAN_POINT('',(19.384568149773,-26.56066229743,
    -6.576049184602));
#3174 = CARTESIAN_POINT('',(19.428675973007,-26.57475143682,
    -6.619002309731));
#3175 = CARTESIAN_POINT('',(19.471447185279,-26.58793348452,
    -6.662973390546));
#3176 = CARTESIAN_POINT('',(19.512846920862,-26.60025603232,
    -6.707893418172));
#3177 = CARTESIAN_POINT('',(19.552844325448,-26.61176563498,
    -6.753689730819));
#3178 = CARTESIAN_POINT('',(19.637700282508,-26.63539921504,
    -6.856207695719));
#3179 = CARTESIAN_POINT('',(19.681933368486,-26.64718624923,
    -6.91328609326));
#3180 = CARTESIAN_POINT('',(19.724097265449,-26.65795509586,
    -6.971427459888));
#3181 = CARTESIAN_POINT('',(19.764181107029,-26.66778621529,
    -7.030539294265));
#3182 = CARTESIAN_POINT('',(19.802178025397,-26.67675405384,
    -7.090530302046));
#3183 = CARTESIAN_POINT('',(19.838085151264,-26.68492704387,
    -7.151310395871));
#3184 = CARTESIAN_POINT('',(19.966455215651,-26.71317034861,
    -7.384680850763));
#3185 = CARTESIAN_POINT('',(20.044658857943,-26.72824370978,
    -7.562006621672));
#3186 = CARTESIAN_POINT('',(20.106818622282,-26.73901799494,
    -7.743309469034));
#3187 = CARTESIAN_POINT('',(20.153241792567,-26.74647721483,
    -7.927386626896));
#3188 = CARTESIAN_POINT('',(20.184173955957,-26.75124950926,
    -8.113219233026));
#3189 = CARTESIAN_POINT('',(20.199755251053,-26.75365188676,
    -8.299899514052));
#3190 = CARTESIAN_POINT('',(20.20024015906,-26.75372665082,
    -8.673124753874));
#3191 = CARTESIAN_POINT('',(20.185158608535,-26.75140132424,
    -8.859737195325));
#3192 = CARTESIAN_POINT('',(20.154744083819,-26.74671500378,
    -9.045525557015));
#3193 = CARTESIAN_POINT('',(20.108859414709,-26.73935786135,
    -9.229585871962));
#3194 = CARTESIAN_POINT('',(20.047261232742,-26.72871003775,
    -9.410905063922));
#3195 = CARTESIAN_POINT('',(19.969642971553,-26.71379734316,
    -9.588287954316));
#3196 = CARTESIAN_POINT('',(19.841297234701,-26.6856589676,
    -9.823269468318));
#3197 = CARTESIAN_POINT('',(19.80470827284,-26.67735499011,
    -9.885528033922));
#3198 = CARTESIAN_POINT('',(19.765930599296,-26.66822274537,
    -9.946965629205));
#3199 = CARTESIAN_POINT('',(19.724967178569,-26.6581891717,
    -10.00748566495));
#3200 = CARTESIAN_POINT('',(19.681825378388,-26.6471746233,
    -10.06699024112));
#3201 = CARTESIAN_POINT('',(19.636516969701,-26.63509287019,
    -10.12538014688));
#3202 = CARTESIAN_POINT('',(19.55091958652,-26.61120983906,
    -10.22850120006));
#3203 = CARTESIAN_POINT('',(19.511390195906,-26.599818807,
    -10.27366536748));
#3204 = CARTESIAN_POINT('',(19.470495635465,-26.58763448312,
    -10.31797399884));
#3205 = CARTESIAN_POINT('',(19.428265690929,-26.57461209841,
    -10.36135724342));
#3206 = CARTESIAN_POINT('',(19.384733955979,-26.56070590737,
    -10.40374872773));
#3207 = CARTESIAN_POINT('',(19.339937535092,-26.54586946173,
    -10.44508551955));
#3208 = CARTESIAN_POINT('',(19.214229197931,-26.50267379709,
    -10.55495570713));
#3209 = CARTESIAN_POINT('',(19.130780911297,-26.47233138338,
    -10.62134098732));
#3210 = CARTESIAN_POINT('',(19.043977762067,-26.4388451679,
    -10.68395679969));
#3211 = CARTESIAN_POINT('',(18.954283713357,-26.40206290347,
    -10.74240394019));
#3212 = CARTESIAN_POINT('',(18.862204746792,-26.36187545145,
    -10.7963869196));
#3213 = CARTESIAN_POINT('',(18.768272793484,-26.3182286625,
    -10.84570974955));
#3214 = CARTESIAN_POINT('',(18.564002040428,-26.21722604428,
    -10.94128314345));
#3215 = CARTESIAN_POINT('',(18.453596811345,-26.15896857918,
    -10.98589633398));
#3216 = CARTESIAN_POINT('',(18.342631384113,-26.09642300685,
    -11.02403812682));
#3217 = CARTESIAN_POINT('',(18.231930812941,-26.02976453447,
    -11.05578737192));
#3218 = CARTESIAN_POINT('',(18.122314495898,-25.95930184182,
    -11.08136316045));
#3219 = CARTESIAN_POINT('',(18.014582870912,-25.88549549145,
    -11.10111304276));
#3220 = CARTESIAN_POINT('',(17.764430315159,-25.70333249542,
    -11.13536588209));
#3221 = CARTESIAN_POINT('',(17.624399622862,-25.59250724406,
    -11.14501253219));
#3222 = CARTESIAN_POINT('',(17.489999599604,-25.47711156656,
    -11.14585535894));
#3223 = CARTESIAN_POINT('',(17.36162963979,-25.35778620841,
    -11.13917692317));
#3224 = CARTESIAN_POINT('',(17.239554226707,-25.23518278905,
    -11.12615811896));
#3225 = CARTESIAN_POINT('',(17.123936861678,-25.10995571,-11.10789514709
    ));
#3226 = CARTESIAN_POINT('',(16.861572217413,-24.80403611599,
    -11.05379827372));
#3227 = CARTESIAN_POINT('',(16.720563835557,-24.62069408577,
    -11.0137137186));
#3228 = CARTESIAN_POINT('',(16.591476221266,-24.43362833208,
    -10.96768510691));
#3229 = CARTESIAN_POINT('',(16.473808149246,-24.24344425552,
    -10.9177580077));
#3230 = CARTESIAN_POINT('',(16.367022305401,-24.05045467639,
    -10.86565202475));
#3231 = CARTESIAN_POINT('',(16.270639212658,-23.85467925526,
    -10.81290402761));
#3232 = CARTESIAN_POINT('',(16.061952745519,-23.37402889117,
    -10.68740799663));
#3233 = CARTESIAN_POINT('',(15.958483382238,-23.08304517743,
    -10.61471187482));
#3234 = CARTESIAN_POINT('',(15.875512764495,-22.78605619665,
    -10.54826908367));
#3235 = CARTESIAN_POINT('',(15.813285986918,-22.48540874738,
    -10.49343742516));
#3236 = CARTESIAN_POINT('',(15.771429056747,-22.18203464901,
    -10.45469774218));
#3237 = CARTESIAN_POINT('',(15.75,-21.87553382231,-10.43486503387));
#3238 = CARTESIAN_POINT('',(15.75,-21.565,-10.43486503387));
#3239 = PCURVE('',#435,#3240);
#3240 = DEFINITIONAL_REPRESENTATION('',(#3241),#3340);
#3241 = B_SPLINE_CURVE_WITH_KNOTS('',7,(#3242,#3243,#3244,#3245,#3246,
    #3247,#3248,#3249,#3250,#3251,#3252,#3253,#3254,#3255,#3256,#3257,
    #3258,#3259,#3260,#3261,#3262,#3263,#3264,#3265,#3266,#3267,#3268,
    #3269,#3270,#3271,#3272,#3273,#3274,#3275,#3276,#3277,#3278,#3279,
    #3280,#3281,#3282,#3283,#3284,#3285,#3286,#3287,#3288,#3289,#3290,
    #3291,#3292,#3293,#3294,#3295,#3296,#3297,#3298,#3299,#3300,#3301,
    #3302,#3303,#3304,#3305,#3306,#3307,#3308,#3309,#3310,#3311,#3312,
    #3313,#3314,#3315,#3316,#3317,#3318,#3319,#3320,#3321,#3322,#3323,
    #3324,#3325,#3326,#3327,#3328,#3329,#3330,#3331,#3332,#3333,#3334,
    #3335,#3336,#3337,#3338,#3339),.UNSPECIFIED.,.F.,.F.,(8,6,6,6,6,6,6,
    6,6,6,6,6,6,6,6,6,8),(0.,0.126612507032,0.217911916665,
    0.252620134175,0.296129150222,0.367364084486,0.39108909845,
    0.419562285454,0.499169258395,0.578737940377,0.607875465357,
    0.631290757348,0.67183563429,0.718248553451,0.782327140302,
    0.872370452971,1.),.UNSPECIFIED.);
#3242 = CARTESIAN_POINT('',(6.28318530718,24.945134966122));
#3243 = CARTESIAN_POINT('',(6.224265052435,24.945134966122));
#3244 = CARTESIAN_POINT('',(6.166099370692,24.92545555166));
#3245 = CARTESIAN_POINT('',(6.108187548586,24.887002484894));
#3246 = CARTESIAN_POINT('',(6.0501611711,24.832550597967));
#3247 = CARTESIAN_POINT('',(5.991869084171,24.766521922712));
#3248 = CARTESIAN_POINT('',(5.933403793908,24.694216796915));
#3249 = CARTESIAN_POINT('',(5.833083661476,24.568122908257));
#3250 = CARTESIAN_POINT('',(5.790821034704,24.514388584112));
#3251 = CARTESIAN_POINT('',(5.748126383622,24.461305194229));
#3252 = CARTESIAN_POINT('',(5.704836872029,24.410491389745));
#3253 = CARTESIAN_POINT('',(5.660821030658,24.363763933776));
#3254 = CARTESIAN_POINT('',(5.615978498888,24.323294004047));
#3255 = CARTESIAN_POINT('',(5.552860722216,24.27980677311));
#3256 = CARTESIAN_POINT('',(5.535340025081,24.269118975058));
#3257 = CARTESIAN_POINT('',(5.517684652779,24.259875182176));
#3258 = CARTESIAN_POINT('',(5.499896150271,24.252238751246));
#3259 = CARTESIAN_POINT('',(5.481977197563,24.246384054946));
#3260 = CARTESIAN_POINT('',(5.463931722391,24.24249758777));
#3261 = CARTESIAN_POINT('',(5.422991856845,24.2386248002));
#3262 = CARTESIAN_POINT('',(5.399993775827,24.239873861474));
#3263 = CARTESIAN_POINT('',(5.376836133701,24.244944664294));
#3264 = CARTESIAN_POINT('',(5.35358094769,24.254241275124));
#3265 = CARTESIAN_POINT('',(5.330288245867,24.268152791158));
#3266 = CARTESIAN_POINT('',(5.307017424639,24.287052713119));
#3267 = CARTESIAN_POINT('',(5.245862821049,24.350994322003));
#3268 = CARTESIAN_POINT('',(5.208194853877,24.404938282335));
#3269 = CARTESIAN_POINT('',(5.171447617268,24.474223106716));
#3270 = CARTESIAN_POINT('',(5.136160012625,24.559058734924));
#3271 = CARTESIAN_POINT('',(5.102822583645,24.658670541664));
#3272 = CARTESIAN_POINT('',(5.071873150228,24.771178170855));
#3273 = CARTESIAN_POINT('',(5.034253422765,24.934179409294));
#3274 = CARTESIAN_POINT('',(5.025142885657,24.976049184602));
#3275 = CARTESIAN_POINT('',(5.01632398599,25.019002309731));
#3276 = CARTESIAN_POINT('',(5.007799694379,25.062973390546));
#3277 = CARTESIAN_POINT('',(4.999572689807,25.107893418172));
#3278 = CARTESIAN_POINT('',(4.991645271849,25.153689730819));
#3279 = CARTESIAN_POINT('',(4.97486705516,25.256207695719));
#3280 = CARTESIAN_POINT('',(4.966148186378,25.31328609326));
#3281 = CARTESIAN_POINT('',(4.957859863647,25.371427459888));
#3282 = CARTESIAN_POINT('',(4.949999208564,25.430539294265));
#3283 = CARTESIAN_POINT('',(4.942563267243,25.490530302046));
#3284 = CARTESIAN_POINT('',(4.935549010311,25.551310395871));
#3285 = CARTESIAN_POINT('',(4.910512758903,25.784680850763));
#3286 = CARTESIAN_POINT('',(4.895347796347,25.962006621672));
#3287 = CARTESIAN_POINT('',(4.883333354706,26.143309469035));
#3288 = CARTESIAN_POINT('',(4.874377465686,26.327386626896));
#3289 = CARTESIAN_POINT('',(4.868416035766,26.513219233026));
#3290 = CARTESIAN_POINT('',(4.865413064041,26.699899514052));
#3291 = CARTESIAN_POINT('',(4.865319609224,27.073124753874));
#3292 = CARTESIAN_POINT('',(4.868226266281,27.259737195325));
#3293 = CARTESIAN_POINT('',(4.874087756091,27.445525557015));
#3294 = CARTESIAN_POINT('',(4.882939306075,27.629585871962));
#3295 = CARTESIAN_POINT('',(4.89484429992,27.810905063922));
#3296 = CARTESIAN_POINT('',(4.909894083283,27.988287954316));
#3297 = CARTESIAN_POINT('',(4.934921521358,28.223269468318));
#3298 = CARTESIAN_POINT('',(4.942067949661,28.285528033922));
#3299 = CARTESIAN_POINT('',(4.949655799424,28.346965629205));
#3300 = CARTESIAN_POINT('',(4.957688310631,28.40748566495));
#3301 = CARTESIAN_POINT('',(4.966168635565,28.466990241124));
#3302 = CARTESIAN_POINT('',(4.975099838806,28.525380146881));
#3303 = CARTESIAN_POINT('',(4.992026851589,28.628501200069));
#3304 = CARTESIAN_POINT('',(4.999862364734,28.673665367488));
#3305 = CARTESIAN_POINT('',(5.007989652918,28.717973998849));
#3306 = CARTESIAN_POINT('',(5.016406489968,28.761357243426));
#3307 = CARTESIAN_POINT('',(5.025110289577,28.803748727738));
#3308 = CARTESIAN_POINT('',(5.034098187589,28.845085519559));
#3309 = CARTESIAN_POINT('',(5.059416802344,28.954955707137));
#3310 = CARTESIAN_POINT('',(5.07632723286,29.021340987324));
#3311 = CARTESIAN_POINT('',(5.094043179515,29.083956799694));
#3312 = CARTESIAN_POINT('',(5.112500784984,29.142403940198));
#3313 = CARTESIAN_POINT('',(5.131629227559,29.196386919601));
#3314 = CARTESIAN_POINT('',(5.151352377753,29.245709749558));
#3315 = CARTESIAN_POINT('',(5.194757580087,29.341283143451));
#3316 = CARTESIAN_POINT('',(5.21852712931,29.385896333984));
#3317 = CARTESIAN_POINT('',(5.242774356021,29.424038126829));
#3318 = CARTESIAN_POINT('',(5.267369185965,29.455787371921));
#3319 = CARTESIAN_POINT('',(5.292173256471,29.481363160456));
#3320 = CARTESIAN_POINT('',(5.317036955734,29.501113042761));
#3321 = CARTESIAN_POINT('',(5.375979922372,29.535365882097));
#3322 = CARTESIAN_POINT('',(5.40996782257,29.545012532193));
#3323 = CARTESIAN_POINT('',(5.443666513013,29.545855358944));
#3324 = CARTESIAN_POINT('',(5.477004316827,29.539176923174));
#3325 = CARTESIAN_POINT('',(5.509921605748,29.526158118961));
#3326 = CARTESIAN_POINT('',(5.542364257711,29.507895147093));
#3327 = CARTESIAN_POINT('',(5.619129235685,29.453798273727));
#3328 = CARTESIAN_POINT('',(5.663122992689,29.413713718604));
#3329 = CARTESIAN_POINT('',(5.706324350845,29.367685106912));
#3330 = CARTESIAN_POINT('',(5.748829816237,29.3177580077));
#3331 = CARTESIAN_POINT('',(5.790764345623,29.265652024755));
#3332 = CARTESIAN_POINT('',(5.83228145704,29.212904027611));
#3333 = CARTESIAN_POINT('',(5.932090765302,29.087407996639));
#3334 = CARTESIAN_POINT('',(5.990780156078,29.014711874825));
#3335 = CARTESIAN_POINT('',(6.049290933368,28.948269083676));
#3336 = CARTESIAN_POINT('',(6.107531224631,28.89343742516));
#3337 = CARTESIAN_POINT('',(6.165654928245,28.854697742184));
#3338 = CARTESIAN_POINT('',(6.224036007691,28.834865033878));
#3339 = CARTESIAN_POINT('',(6.28318530718,28.834865033878));
#3340 = ( GEOMETRIC_REPRESENTATION_CONTEXT(2) 
PARAMETRIC_REPRESENTATION_CONTEXT() REPRESENTATION_CONTEXT('2D SPACE',''
  ) );
#3341 = PCURVE('',#577,#3342);
#3342 = DEFINITIONAL_REPRESENTATION('',(#3343),#3442);
#3343 = B_SPLINE_CURVE_WITH_KNOTS('',7,(#3344,#3345,#3346,#3347,#3348,
    #3349,#3350,#3351,#3352,#3353,#3354,#3355,#3356,#3357,#3358,#3359,
    #3360,#3361,#3362,#3363,#3364,#3365,#3366,#3367,#3368,#3369,#3370,
    #3371,#3372,#3373,#3374,#3375,#3376,#3377,#3378,#3379,#3380,#3381,
    #3382,#3383,#3384,#3385,#3386,#3387,#3388,#3389,#3390,#3391,#3392,
    #3393,#3394,#3395,#3396,#3397,#3398,#3399,#3400,#3401,#3402,#3403,
    #3404,#3405,#3406,#3407,#3408,#3409,#3410,#3411,#3412,#3413,#3414,
    #3415,#3416,#3417,#3418,#3419,#3420,#3421,#3422,#3423,#3424,#3425,
    #3426,#3427,#3428,#3429,#3430,#3431,#3432,#3433,#3434,#3435,#3436,
    #3437,#3438,#3439,#3440,#3441),.UNSPECIFIED.,.F.,.F.,(8,6,6,6,6,6,6,
    6,6,6,6,6,6,6,6,6,8),(0.,0.126612507032,0.217911916665,
    0.252620134175,0.296129150222,0.367364084486,0.39108909845,
    0.419562285454,0.499169258395,0.578737940377,0.607875465357,
    0.631290757348,0.67183563429,0.718248553451,0.782327140302,
    0.872370452971,1.),.UNSPECIFIED.);
#3344 = CARTESIAN_POINT('',(0.824062531143,26.985));
#3345 = CARTESIAN_POINT('',(0.824062531143,26.67566866259));
#3346 = CARTESIAN_POINT('',(0.834995546503,26.370298685036));
#3347 = CARTESIAN_POINT('',(0.85635839243,26.068016378439));
#3348 = CARTESIAN_POINT('',(0.887422587359,25.768435738013));
#3349 = CARTESIAN_POINT('',(0.927154821993,25.472482078852));
#3350 = CARTESIAN_POINT('',(0.974434882585,25.182484851032));
#3351 = CARTESIAN_POINT('',(1.066547235248,24.699050760886));
#3352 = CARTESIAN_POINT('',(1.108681202572,24.499684608702));
#3353 = CARTESIAN_POINT('',(1.154263130455,24.303201193986));
#3354 = CARTESIAN_POINT('',(1.203317405514,24.109616674378));
#3355 = CARTESIAN_POINT('',(1.255948546187,23.919266634495));
#3356 = CARTESIAN_POINT('',(1.312338447885,23.732803548955));
#3357 = CARTESIAN_POINT('',(1.395755227122,23.48214236078));
#3358 = CARTESIAN_POINT('',(1.419326059029,23.413772884714));
#3359 = CARTESIAN_POINT('',(1.443502396806,23.346147338283));
#3360 = CARTESIAN_POINT('',(1.468297012666,23.279341648476));
#3361 = CARTESIAN_POINT('',(1.493724450381,23.213436946707));
#3362 = CARTESIAN_POINT('',(1.519801464224,23.148518788161));
#3363 = CARTESIAN_POINT('',(1.580075306719,23.004645734445));
#3364 = CARTESIAN_POINT('',(1.614705091268,22.926184585985));
#3365 = CARTESIAN_POINT('',(1.650398576536,22.849674220575));
#3366 = CARTESIAN_POINT('',(1.687123736387,22.775448035778));
#3367 = CARTESIAN_POINT('',(1.724856058244,22.703792147888));
#3368 = CARTESIAN_POINT('',(1.763579847754,22.634946007899));
#3369 = CARTESIAN_POINT('',(1.868304031768,22.46130188751));
#3370 = CARTESIAN_POINT('',(1.935827472815,22.36177265494));
#3371 = CARTESIAN_POINT('',(2.005200702108,22.272326160902));
#3372 = CARTESIAN_POINT('',(2.07580718641,22.193769109893));
#3373 = CARTESIAN_POINT('',(2.14703254087,22.126076825056));
#3374 = CARTESIAN_POINT('',(2.218181876318,22.068617944843));
#3375 = CARTESIAN_POINT('',(2.311726330299,22.00438227121));
#3376 = CARTESIAN_POINT('',(2.335024726622,21.98933770257));
#3377 = CARTESIAN_POINT('',(2.358243736546,21.975248563173));
#3378 = CARTESIAN_POINT('',(2.381376444438,21.962066515477));
#3379 = CARTESIAN_POINT('',(2.404415314486,21.949743967677));
#3380 = CARTESIAN_POINT('',(2.427352067036,21.938234365012));
#3381 = CARTESIAN_POINT('',(2.47757119041,21.91460078496));
#3382 = CARTESIAN_POINT('',(2.504806775133,21.902813750766));
#3383 = CARTESIAN_POINT('',(2.531887047326,21.892044904133));
#3384 = CARTESIAN_POINT('',(2.558814345157,21.88221378471));
#3385 = CARTESIAN_POINT('',(2.585590606713,21.873245946153));
#3386 = CARTESIAN_POINT('',(2.612217370002,21.865072956122));
#3387 = CARTESIAN_POINT('',(2.712725613969,21.836829651387));
#3388 = CARTESIAN_POINT('',(2.785579474934,21.821756290214));
#3389 = CARTESIAN_POINT('',(2.857492711178,21.810982005055));
#3390 = CARTESIAN_POINT('',(2.928692322464,21.803522785165));
#3391 = CARTESIAN_POINT('',(2.999403540752,21.798750490731));
#3392 = CARTESIAN_POINT('',(3.069856561342,21.796348113238));
#3393 = CARTESIAN_POINT('',(3.210696393352,21.796273349176));
#3394 = CARTESIAN_POINT('',(3.281108781066,21.798598675752));
#3395 = CARTESIAN_POINT('',(3.351772402655,21.803284996217));
#3396 = CARTESIAN_POINT('',(3.422917438286,21.81064213865));
#3397 = CARTESIAN_POINT('',(3.494769195505,21.821289962242));
#3398 = CARTESIAN_POINT('',(3.567554812497,21.836202656831));
#3399 = CARTESIAN_POINT('',(3.668591757399,21.864341032398));
#3400 = CARTESIAN_POINT('',(3.695828938145,21.872645009881));
#3401 = CARTESIAN_POINT('',(3.723222586067,21.881777254626));
#3402 = CARTESIAN_POINT('',(3.750774287919,21.891810828294));
#3403 = CARTESIAN_POINT('',(3.778486068685,21.9028253767));
#3404 = CARTESIAN_POINT('',(3.806360391578,21.914907129806));
#3405 = CARTESIAN_POINT('',(3.856933277087,21.938790160931));
#3406 = CARTESIAN_POINT('',(3.879574503562,21.950181193));
#3407 = CARTESIAN_POINT('',(3.902315039537,21.962365516875));
#3408 = CARTESIAN_POINT('',(3.925146909554,21.97538790159));
#3409 = CARTESIAN_POINT('',(3.94806284453,21.989294092626));
#3410 = CARTESIAN_POINT('',(3.971056165651,22.004130538266));
#3411 = CARTESIAN_POINT('',(4.034058133953,22.047326202903));
#3412 = CARTESIAN_POINT('',(4.074253850447,22.077668616617));
#3413 = CARTESIAN_POINT('',(4.11457116898,22.111154832093));
#3414 = CARTESIAN_POINT('',(4.154888528694,22.147937096523));
#3415 = CARTESIAN_POINT('',(4.195095533116,22.188124548543));
#3416 = CARTESIAN_POINT('',(4.235089026616,22.231771337498));
#3417 = CARTESIAN_POINT('',(4.320192204983,22.332773955714));
#3418 = CARTESIAN_POINT('',(4.36506265367,22.391031420811));
#3419 = CARTESIAN_POINT('',(4.409243483522,22.45357699315));
#3420 = CARTESIAN_POINT('',(4.452600378198,22.520235465528));
#3421 = CARTESIAN_POINT('',(4.494996138389,22.590698158172));
#3422 = CARTESIAN_POINT('',(4.53628508177,22.664504508545));
#3423 = CARTESIAN_POINT('',(4.63156310006,22.846667504579));
#3424 = CARTESIAN_POINT('',(4.684410299265,22.957492755933));
#3425 = CARTESIAN_POINT('',(4.734976761272,23.072888433433));
#3426 = CARTESIAN_POINT('',(4.783347675425,23.192213791585));
#3427 = CARTESIAN_POINT('',(4.829577854004,23.314817210944));
#3428 = CARTESIAN_POINT('',(4.873699984224,23.440044289996));
#3429 = CARTESIAN_POINT('',(4.97478817399,23.745963884007));
#3430 = CARTESIAN_POINT('',(5.029957509651,23.92930591423));
#3431 = CARTESIAN_POINT('',(5.081509209219,24.116371667913));
#3432 = CARTESIAN_POINT('',(5.129613917262,24.306555744477));
#3433 = CARTESIAN_POINT('',(5.17436911268,24.499545323609));
#3434 = CARTESIAN_POINT('',(5.215796598438,24.695320744739));
#3435 = CARTESIAN_POINT('',(5.307688849918,25.175971108821));
#3436 = CARTESIAN_POINT('',(5.355287165065,25.466954822567));
#3437 = CARTESIAN_POINT('',(5.395294802457,25.763943803348));
#3438 = CARTESIAN_POINT('',(5.426582452226,26.064591252614));
#3439 = CARTESIAN_POINT('',(5.448104611878,26.367965350987));
#3440 = CARTESIAN_POINT('',(5.459122776037,26.674466177684));
#3441 = CARTESIAN_POINT('',(5.459122776037,26.985));
#3442 = ( GEOMETRIC_REPRESENTATION_CONTEXT(2) 
PARAMETRIC_REPRESENTATION_CONTEXT() REPRESENTATION_CONTEXT('2D SPACE',''
  ) );
#3443 = ORIENTED_EDGE('',*,*,#2146,.T.);
#3444 = ADVANCED_FACE('',(#3445),#515,.F.);
#3445 = FACE_BOUND('',#3446,.F.);
#3446 = EDGE_LOOP('',(#3447,#3468,#3469,#3470,#3471,#3494,#3520,#3521));
#3447 = ORIENTED_EDGE('',*,*,#3448,.T.);
#3448 = EDGE_CURVE('',#1545,#499,#3449,.T.);
#3449 = SEAM_CURVE('',#3450,(#3454,#3461),.PCURVE_S1.);
#3450 = LINE('',#3451,#3452);
#3451 = CARTESIAN_POINT('',(-20.2,-48.55,-8.49));
#3452 = VECTOR('',#3453,1.);
#3453 = DIRECTION('',(0.,1.,0.));
#3454 = PCURVE('',#515,#3455);
#3455 = DEFINITIONAL_REPRESENTATION('',(#3456),#3460);
#3456 = LINE('',#3457,#3458);
#3457 = CARTESIAN_POINT('',(6.28318530718,-0.));
#3458 = VECTOR('',#3459,1.);
#3459 = DIRECTION('',(0.,1.));
#3460 = ( GEOMETRIC_REPRESENTATION_CONTEXT(2) 
PARAMETRIC_REPRESENTATION_CONTEXT() REPRESENTATION_CONTEXT('2D SPACE',''
  ) );
#3461 = PCURVE('',#515,#3462);
#3462 = DEFINITIONAL_REPRESENTATION('',(#3463),#3467);
#3463 = LINE('',#3464,#3465);
#3464 = CARTESIAN_POINT('',(0.,-0.));
#3465 = VECTOR('',#3466,1.);
#3466 = DIRECTION('',(0.,1.));
#3467 = ( GEOMETRIC_REPRESENTATION_CONTEXT(2) 
PARAMETRIC_REPRESENTATION_CONTEXT() REPRESENTATION_CONTEXT('2D SPACE',''
  ) );
#3468 = ORIENTED_EDGE('',*,*,#498,.F.);
#3469 = ORIENTED_EDGE('',*,*,#3448,.F.);
#3470 = ORIENTED_EDGE('',*,*,#1544,.T.);
#3471 = ORIENTED_EDGE('',*,*,#3472,.F.);
#3472 = EDGE_CURVE('',#3473,#1547,#3475,.T.);
#3473 = VERTEX_POINT('',#3474);
#3474 = CARTESIAN_POINT('',(-20.2,-48.55,-8.49));
#3475 = SEAM_CURVE('',#3476,(#3480,#3487),.PCURVE_S1.);
#3476 = LINE('',#3477,#3478);
#3477 = CARTESIAN_POINT('',(-20.2,-48.55,-8.49));
#3478 = VECTOR('',#3479,1.);
#3479 = DIRECTION('',(0.,1.,0.));
#3480 = PCURVE('',#515,#3481);
#3481 = DEFINITIONAL_REPRESENTATION('',(#3482),#3486);
#3482 = LINE('',#3483,#3484);
#3483 = CARTESIAN_POINT('',(6.28318530718,-0.));
#3484 = VECTOR('',#3485,1.);
#3485 = DIRECTION('',(0.,1.));
#3486 = ( GEOMETRIC_REPRESENTATION_CONTEXT(2) 
PARAMETRIC_REPRESENTATION_CONTEXT() REPRESENTATION_CONTEXT('2D SPACE',''
  ) );
#3487 = PCURVE('',#515,#3488);
#3488 = DEFINITIONAL_REPRESENTATION('',(#3489),#3493);
#3489 = LINE('',#3490,#3491);
#3490 = CARTESIAN_POINT('',(0.,-0.));
#3491 = VECTOR('',#3492,1.);
#3492 = DIRECTION('',(0.,1.));
#3493 = ( GEOMETRIC_REPRESENTATION_CONTEXT(2) 
PARAMETRIC_REPRESENTATION_CONTEXT() REPRESENTATION_CONTEXT('2D SPACE',''
  ) );
#3494 = ORIENTED_EDGE('',*,*,#3495,.T.);
#3495 = EDGE_CURVE('',#3473,#3473,#3496,.T.);
#3496 = SURFACE_CURVE('',#3497,(#3502,#3509),.PCURVE_S1.);
#3497 = CIRCLE('',#3498,2.65);
#3498 = AXIS2_PLACEMENT_3D('',#3499,#3500,#3501);
#3499 = CARTESIAN_POINT('',(-17.55,-48.55,-8.49));
#3500 = DIRECTION('',(0.,1.,-0.));
#3501 = DIRECTION('',(-1.,0.,0.));
#3502 = PCURVE('',#515,#3503);
#3503 = DEFINITIONAL_REPRESENTATION('',(#3504),#3508);
#3504 = LINE('',#3505,#3506);
#3505 = CARTESIAN_POINT('',(0.,0.));
#3506 = VECTOR('',#3507,1.);
#3507 = DIRECTION('',(1.,0.));
#3508 = ( GEOMETRIC_REPRESENTATION_CONTEXT(2) 
PARAMETRIC_REPRESENTATION_CONTEXT() REPRESENTATION_CONTEXT('2D SPACE',''
  ) );
#3509 = PCURVE('',#756,#3510);
#3510 = DEFINITIONAL_REPRESENTATION('',(#3511),#3519);
#3511 = ( BOUNDED_CURVE() B_SPLINE_CURVE(2,(#3512,#3513,#3514,#3515,
#3516,#3517,#3518),.UNSPECIFIED.,.T.,.F.) B_SPLINE_CURVE_WITH_KNOTS((1,2
    ,2,2,2,1),(-2.094395102393,0.,2.094395102393,4.188790204786,
6.28318530718,8.377580409573),.UNSPECIFIED.) CURVE() 
GEOMETRIC_REPRESENTATION_ITEM() RATIONAL_B_SPLINE_CURVE((1.,0.5,1.,0.5,
1.,0.5,1.)) REPRESENTATION_ITEM('') );
#3512 = CARTESIAN_POINT('',(8.49,-20.2));
#3513 = CARTESIAN_POINT('',(3.900065359942,-20.2));
#3514 = CARTESIAN_POINT('',(6.195032679971,-16.225));
#3515 = CARTESIAN_POINT('',(8.49,-12.25));
#3516 = CARTESIAN_POINT('',(10.784967320029,-16.225));
#3517 = CARTESIAN_POINT('',(13.079934640058,-20.2));
#3518 = CARTESIAN_POINT('',(8.49,-20.2));
#3519 = ( GEOMETRIC_REPRESENTATION_CONTEXT(2) 
PARAMETRIC_REPRESENTATION_CONTEXT() REPRESENTATION_CONTEXT('2D SPACE',''
  ) );
#3520 = ORIENTED_EDGE('',*,*,#3472,.T.);
#3521 = ORIENTED_EDGE('',*,*,#1854,.T.);
#3522 = ADVANCED_FACE('',(#3523),#546,.F.);
#3523 = FACE_BOUND('',#3524,.F.);
#3524 = EDGE_LOOP('',(#3525,#3546,#3547,#3548,#3549,#3572,#3598,#3599));
#3525 = ORIENTED_EDGE('',*,*,#3526,.T.);
#3526 = EDGE_CURVE('',#945,#530,#3527,.T.);
#3527 = SEAM_CURVE('',#3528,(#3532,#3539),.PCURVE_S1.);
#3528 = LINE('',#3529,#3530);
#3529 = CARTESIAN_POINT('',(-20.2,-48.55,8.49));
#3530 = VECTOR('',#3531,1.);
#3531 = DIRECTION('',(0.,1.,0.));
#3532 = PCURVE('',#546,#3533);
#3533 = DEFINITIONAL_REPRESENTATION('',(#3534),#3538);
#3534 = LINE('',#3535,#3536);
#3535 = CARTESIAN_POINT('',(6.28318530718,-0.));
#3536 = VECTOR('',#3537,1.);
#3537 = DIRECTION('',(0.,1.));
#3538 = ( GEOMETRIC_REPRESENTATION_CONTEXT(2) 
PARAMETRIC_REPRESENTATION_CONTEXT() REPRESENTATION_CONTEXT('2D SPACE',''
  ) );
#3539 = PCURVE('',#546,#3540);
#3540 = DEFINITIONAL_REPRESENTATION('',(#3541),#3545);
#3541 = LINE('',#3542,#3543);
#3542 = CARTESIAN_POINT('',(0.,-0.));
#3543 = VECTOR('',#3544,1.);
#3544 = DIRECTION('',(0.,1.));
#3545 = ( GEOMETRIC_REPRESENTATION_CONTEXT(2) 
PARAMETRIC_REPRESENTATION_CONTEXT() REPRESENTATION_CONTEXT('2D SPACE',''
  ) );
#3546 = ORIENTED_EDGE('',*,*,#529,.F.);
#3547 = ORIENTED_EDGE('',*,*,#3526,.F.);
#3548 = ORIENTED_EDGE('',*,*,#944,.T.);
#3549 = ORIENTED_EDGE('',*,*,#3550,.F.);
#3550 = EDGE_CURVE('',#3551,#947,#3553,.T.);
#3551 = VERTEX_POINT('',#3552);
#3552 = CARTESIAN_POINT('',(-20.2,-48.55,8.49));
#3553 = SEAM_CURVE('',#3554,(#3558,#3565),.PCURVE_S1.);
#3554 = LINE('',#3555,#3556);
#3555 = CARTESIAN_POINT('',(-20.2,-48.55,8.49));
#3556 = VECTOR('',#3557,1.);
#3557 = DIRECTION('',(0.,1.,0.));
#3558 = PCURVE('',#546,#3559);
#3559 = DEFINITIONAL_REPRESENTATION('',(#3560),#3564);
#3560 = LINE('',#3561,#3562);
#3561 = CARTESIAN_POINT('',(6.28318530718,-0.));
#3562 = VECTOR('',#3563,1.);
#3563 = DIRECTION('',(0.,1.));
#3564 = ( GEOMETRIC_REPRESENTATION_CONTEXT(2) 
PARAMETRIC_REPRESENTATION_CONTEXT() REPRESENTATION_CONTEXT('2D SPACE',''
  ) );
#3565 = PCURVE('',#546,#3566);
#3566 = DEFINITIONAL_REPRESENTATION('',(#3567),#3571);
#3567 = LINE('',#3568,#3569);
#3568 = CARTESIAN_POINT('',(0.,-0.));
#3569 = VECTOR('',#3570,1.);
#3570 = DIRECTION('',(0.,1.));
#3571 = ( GEOMETRIC_REPRESENTATION_CONTEXT(2) 
PARAMETRIC_REPRESENTATION_CONTEXT() REPRESENTATION_CONTEXT('2D SPACE',''
  ) );
#3572 = ORIENTED_EDGE('',*,*,#3573,.T.);
#3573 = EDGE_CURVE('',#3551,#3551,#3574,.T.);
#3574 = SURFACE_CURVE('',#3575,(#3580,#3587),.PCURVE_S1.);
#3575 = CIRCLE('',#3576,2.65);
#3576 = AXIS2_PLACEMENT_3D('',#3577,#3578,#3579);
#3577 = CARTESIAN_POINT('',(-17.55,-48.55,8.49));
#3578 = DIRECTION('',(0.,1.,-0.));
#3579 = DIRECTION('',(-1.,0.,0.));
#3580 = PCURVE('',#546,#3581);
#3581 = DEFINITIONAL_REPRESENTATION('',(#3582),#3586);
#3582 = LINE('',#3583,#3584);
#3583 = CARTESIAN_POINT('',(0.,0.));
#3584 = VECTOR('',#3585,1.);
#3585 = DIRECTION('',(1.,0.));
#3586 = ( GEOMETRIC_REPRESENTATION_CONTEXT(2) 
PARAMETRIC_REPRESENTATION_CONTEXT() REPRESENTATION_CONTEXT('2D SPACE',''
  ) );
#3587 = PCURVE('',#756,#3588);
#3588 = DEFINITIONAL_REPRESENTATION('',(#3589),#3597);
#3589 = ( BOUNDED_CURVE() B_SPLINE_CURVE(2,(#3590,#3591,#3592,#3593,
#3594,#3595,#3596),.UNSPECIFIED.,.T.,.F.) B_SPLINE_CURVE_WITH_KNOTS((1,2
    ,2,2,2,1),(-2.094395102393,0.,2.094395102393,4.188790204786,
6.28318530718,8.377580409573),.UNSPECIFIED.) CURVE() 
GEOMETRIC_REPRESENTATION_ITEM() RATIONAL_B_SPLINE_CURVE((1.,0.5,1.,0.5,
1.,0.5,1.)) REPRESENTATION_ITEM('') );
#3590 = CARTESIAN_POINT('',(-8.49,-20.2));
#3591 = CARTESIAN_POINT('',(-13.07993464005,-20.2));
#3592 = CARTESIAN_POINT('',(-10.78496732002,-16.225));
#3593 = CARTESIAN_POINT('',(-8.49,-12.25));
#3594 = CARTESIAN_POINT('',(-6.195032679971,-16.225));
#3595 = CARTESIAN_POINT('',(-3.900065359942,-20.2));
#3596 = CARTESIAN_POINT('',(-8.49,-20.2));
#3597 = ( GEOMETRIC_REPRESENTATION_CONTEXT(2) 
PARAMETRIC_REPRESENTATION_CONTEXT() REPRESENTATION_CONTEXT('2D SPACE',''
  ) );
#3598 = ORIENTED_EDGE('',*,*,#3550,.T.);
#3599 = ORIENTED_EDGE('',*,*,#1254,.T.);
#3600 = ADVANCED_FACE('',(#3601,#3654),#577,.F.);
#3601 = FACE_BOUND('',#3602,.F.);
#3602 = EDGE_LOOP('',(#3603,#3626,#3627,#3628));
#3603 = ORIENTED_EDGE('',*,*,#3604,.T.);
#3604 = EDGE_CURVE('',#3605,#561,#3607,.T.);
#3605 = VERTEX_POINT('',#3606);
#3606 = CARTESIAN_POINT('',(14.9,-48.55,-8.49));
#3607 = SEAM_CURVE('',#3608,(#3612,#3619),.PCURVE_S1.);
#3608 = LINE('',#3609,#3610);
#3609 = CARTESIAN_POINT('',(14.9,-48.55,-8.49));
#3610 = VECTOR('',#3611,1.);
#3611 = DIRECTION('',(0.,1.,0.));
#3612 = PCURVE('',#577,#3613);
#3613 = DEFINITIONAL_REPRESENTATION('',(#3614),#3618);
#3614 = LINE('',#3615,#3616);
#3615 = CARTESIAN_POINT('',(6.28318530718,-0.));
#3616 = VECTOR('',#3617,1.);
#3617 = DIRECTION('',(0.,1.));
#3618 = ( GEOMETRIC_REPRESENTATION_CONTEXT(2) 
PARAMETRIC_REPRESENTATION_CONTEXT() REPRESENTATION_CONTEXT('2D SPACE',''
  ) );
#3619 = PCURVE('',#577,#3620);
#3620 = DEFINITIONAL_REPRESENTATION('',(#3621),#3625);
#3621 = LINE('',#3622,#3623);
#3622 = CARTESIAN_POINT('',(0.,-0.));
#3623 = VECTOR('',#3624,1.);
#3624 = DIRECTION('',(0.,1.));
#3625 = ( GEOMETRIC_REPRESENTATION_CONTEXT(2) 
PARAMETRIC_REPRESENTATION_CONTEXT() REPRESENTATION_CONTEXT('2D SPACE',''
  ) );
#3626 = ORIENTED_EDGE('',*,*,#560,.F.);
#3627 = ORIENTED_EDGE('',*,*,#3604,.F.);
#3628 = ORIENTED_EDGE('',*,*,#3629,.T.);
#3629 = EDGE_CURVE('',#3605,#3605,#3630,.T.);
#3630 = SURFACE_CURVE('',#3631,(#3636,#3643),.PCURVE_S1.);
#3631 = CIRCLE('',#3632,2.65);
#3632 = AXIS2_PLACEMENT_3D('',#3633,#3634,#3635);
#3633 = CARTESIAN_POINT('',(17.55,-48.55,-8.49));
#3634 = DIRECTION('',(0.,1.,-0.));
#3635 = DIRECTION('',(-1.,0.,0.));
#3636 = PCURVE('',#577,#3637);
#3637 = DEFINITIONAL_REPRESENTATION('',(#3638),#3642);
#3638 = LINE('',#3639,#3640);
#3639 = CARTESIAN_POINT('',(0.,0.));
#3640 = VECTOR('',#3641,1.);
#3641 = DIRECTION('',(1.,0.));
#3642 = ( GEOMETRIC_REPRESENTATION_CONTEXT(2) 
PARAMETRIC_REPRESENTATION_CONTEXT() REPRESENTATION_CONTEXT('2D SPACE',''
  ) );
#3643 = PCURVE('',#756,#3644);
#3644 = DEFINITIONAL_REPRESENTATION('',(#3645),#3653);
#3645 = ( BOUNDED_CURVE() B_SPLINE_CURVE(2,(#3646,#3647,#3648,#3649,
#3650,#3651,#3652),.UNSPECIFIED.,.T.,.F.) B_SPLINE_CURVE_WITH_KNOTS((1,2
    ,2,2,2,1),(-2.094395102393,0.,2.094395102393,4.188790204786,
6.28318530718,8.377580409573),.UNSPECIFIED.) CURVE() 
GEOMETRIC_REPRESENTATION_ITEM() RATIONAL_B_SPLINE_CURVE((1.,0.5,1.,0.5,
1.,0.5,1.)) REPRESENTATION_ITEM('') );
#3646 = CARTESIAN_POINT('',(8.49,14.9));
#3647 = CARTESIAN_POINT('',(3.900065359942,14.9));
#3648 = CARTESIAN_POINT('',(6.195032679971,18.875));
#3649 = CARTESIAN_POINT('',(8.49,22.85));
#3650 = CARTESIAN_POINT('',(10.784967320029,18.875));
#3651 = CARTESIAN_POINT('',(13.079934640058,14.9));
#3652 = CARTESIAN_POINT('',(8.49,14.9));
#3653 = ( GEOMETRIC_REPRESENTATION_CONTEXT(2) 
PARAMETRIC_REPRESENTATION_CONTEXT() REPRESENTATION_CONTEXT('2D SPACE',''
  ) );
#3654 = FACE_BOUND('',#3655,.F.);
#3655 = EDGE_LOOP('',(#3656,#3657));
#3656 = ORIENTED_EDGE('',*,*,#3138,.F.);
#3657 = ORIENTED_EDGE('',*,*,#2169,.T.);
#3658 = ADVANCED_FACE('',(#3659,#3712),#608,.F.);
#3659 = FACE_BOUND('',#3660,.F.);
#3660 = EDGE_LOOP('',(#3661,#3684,#3685,#3686));
#3661 = ORIENTED_EDGE('',*,*,#3662,.T.);
#3662 = EDGE_CURVE('',#3663,#592,#3665,.T.);
#3663 = VERTEX_POINT('',#3664);
#3664 = CARTESIAN_POINT('',(14.9,-48.55,8.49));
#3665 = SEAM_CURVE('',#3666,(#3670,#3677),.PCURVE_S1.);
#3666 = LINE('',#3667,#3668);
#3667 = CARTESIAN_POINT('',(14.9,-48.55,8.49));
#3668 = VECTOR('',#3669,1.);
#3669 = DIRECTION('',(0.,1.,0.));
#3670 = PCURVE('',#608,#3671);
#3671 = DEFINITIONAL_REPRESENTATION('',(#3672),#3676);
#3672 = LINE('',#3673,#3674);
#3673 = CARTESIAN_POINT('',(6.28318530718,-0.));
#3674 = VECTOR('',#3675,1.);
#3675 = DIRECTION('',(0.,1.));
#3676 = ( GEOMETRIC_REPRESENTATION_CONTEXT(2) 
PARAMETRIC_REPRESENTATION_CONTEXT() REPRESENTATION_CONTEXT('2D SPACE',''
  ) );
#3677 = PCURVE('',#608,#3678);
#3678 = DEFINITIONAL_REPRESENTATION('',(#3679),#3683);
#3679 = LINE('',#3680,#3681);
#3680 = CARTESIAN_POINT('',(0.,-0.));
#3681 = VECTOR('',#3682,1.);
#3682 = DIRECTION('',(0.,1.));
#3683 = ( GEOMETRIC_REPRESENTATION_CONTEXT(2) 
PARAMETRIC_REPRESENTATION_CONTEXT() REPRESENTATION_CONTEXT('2D SPACE',''
  ) );
#3684 = ORIENTED_EDGE('',*,*,#591,.F.);
#3685 = ORIENTED_EDGE('',*,*,#3662,.F.);
#3686 = ORIENTED_EDGE('',*,*,#3687,.T.);
#3687 = EDGE_CURVE('',#3663,#3663,#3688,.T.);
#3688 = SURFACE_CURVE('',#3689,(#3694,#3701),.PCURVE_S1.);
#3689 = CIRCLE('',#3690,2.65);
#3690 = AXIS2_PLACEMENT_3D('',#3691,#3692,#3693);
#3691 = CARTESIAN_POINT('',(17.55,-48.55,8.49));
#3692 = DIRECTION('',(0.,1.,-0.));
#3693 = DIRECTION('',(-1.,0.,0.));
#3694 = PCURVE('',#608,#3695);
#3695 = DEFINITIONAL_REPRESENTATION('',(#3696),#3700);
#3696 = LINE('',#3697,#3698);
#3697 = CARTESIAN_POINT('',(0.,0.));
#3698 = VECTOR('',#3699,1.);
#3699 = DIRECTION('',(1.,0.));
#3700 = ( GEOMETRIC_REPRESENTATION_CONTEXT(2) 
PARAMETRIC_REPRESENTATION_CONTEXT() REPRESENTATION_CONTEXT('2D SPACE',''
  ) );
#3701 = PCURVE('',#756,#3702);
#3702 = DEFINITIONAL_REPRESENTATION('',(#3703),#3711);
#3703 = ( BOUNDED_CURVE() B_SPLINE_CURVE(2,(#3704,#3705,#3706,#3707,
#3708,#3709,#3710),.UNSPECIFIED.,.T.,.F.) B_SPLINE_CURVE_WITH_KNOTS((1,2
    ,2,2,2,1),(-2.094395102393,0.,2.094395102393,4.188790204786,
6.28318530718,8.377580409573),.UNSPECIFIED.) CURVE() 
GEOMETRIC_REPRESENTATION_ITEM() RATIONAL_B_SPLINE_CURVE((1.,0.5,1.,0.5,
1.,0.5,1.)) REPRESENTATION_ITEM('') );
#3704 = CARTESIAN_POINT('',(-8.49,14.9));
#3705 = CARTESIAN_POINT('',(-13.07993464005,14.9));
#3706 = CARTESIAN_POINT('',(-10.78496732002,18.875));
#3707 = CARTESIAN_POINT('',(-8.49,22.85));
#3708 = CARTESIAN_POINT('',(-6.195032679971,18.875));
#3709 = CARTESIAN_POINT('',(-3.900065359942,14.9));
#3710 = CARTESIAN_POINT('',(-8.49,14.9));
#3711 = ( GEOMETRIC_REPRESENTATION_CONTEXT(2) 
PARAMETRIC_REPRESENTATION_CONTEXT() REPRESENTATION_CONTEXT('2D SPACE',''
  ) );
#3712 = FACE_BOUND('',#3713,.F.);
#3713 = EDGE_LOOP('',(#3714,#3715));
#3714 = ORIENTED_EDGE('',*,*,#2831,.F.);
#3715 = ORIENTED_EDGE('',*,*,#2500,.T.);
#3716 = ADVANCED_FACE('',(#3717,#3723,#3726,#3729,#3732),#756,.T.);
#3717 = FACE_BOUND('',#3718,.T.);
#3718 = EDGE_LOOP('',(#3719,#3720,#3721,#3722));
#3719 = ORIENTED_EDGE('',*,*,#892,.T.);
#3720 = ORIENTED_EDGE('',*,*,#865,.T.);
#3721 = ORIENTED_EDGE('',*,*,#816,.T.);
#3722 = ORIENTED_EDGE('',*,*,#740,.T.);
#3723 = FACE_BOUND('',#3724,.T.);
#3724 = EDGE_LOOP('',(#3725));
#3725 = ORIENTED_EDGE('',*,*,#3573,.T.);
#3726 = FACE_BOUND('',#3727,.T.);
#3727 = EDGE_LOOP('',(#3728));
#3728 = ORIENTED_EDGE('',*,*,#3495,.T.);
#3729 = FACE_BOUND('',#3730,.T.);
#3730 = EDGE_LOOP('',(#3731));
#3731 = ORIENTED_EDGE('',*,*,#3687,.T.);
#3732 = FACE_BOUND('',#3733,.T.);
#3733 = EDGE_LOOP('',(#3734));
#3734 = ORIENTED_EDGE('',*,*,#3629,.T.);
#3735 = ( GEOMETRIC_REPRESENTATION_CONTEXT(3) 
GLOBAL_UNCERTAINTY_ASSIGNED_CONTEXT((#3739)) 
GLOBAL_UNIT_ASSIGNED_CONTEXT((#3736,#3737,#3738)) REPRESENTATION_CONTEXT
('Context #1','3D Context with UNIT and UNCERTAINTY') );
#3736 = ( LENGTH_UNIT() NAMED_UNIT(*) SI_UNIT(.MILLI.,.METRE.) );
#3737 = ( NAMED_UNIT(*) PLANE_ANGLE_UNIT() SI_UNIT($,.RADIAN.) );
#3738 = ( NAMED_UNIT(*) SI_UNIT($,.STERADIAN.) SOLID_ANGLE_UNIT() );
#3739 = UNCERTAINTY_MEASURE_WITH_UNIT(LENGTH_MEASURE(1.E-07),#3736,
  'distance_accuracy_value','confusion accuracy');
#3740 = PRODUCT_RELATED_PRODUCT_CATEGORY('part',$,(#7));
ENDSEC;
END-ISO-10303-21;
