ISO-10303-21;
HEADER;
FILE_DESCRIPTION(('Open CASCADE Model'),'2;1');
FILE_NAME('Open CASCADE Shape Model','2026-06-04T19:11:32',('Author'),(
    'Open CASCADE'),'Open CASCADE STEP processor 7.8','Open CASCADE 7.8'
  ,'Unknown');
FILE_SCHEMA(('AUTOMOTIVE_DESIGN { 1 0 10303 214 1 1 1 1 }'));
ENDSEC;
DATA;
#1 = APPLICATION_PROTOCOL_DEFINITION('international standard',
  'automotive_design',2000,#2);
#2 = APPLICATION_CONTEXT(
  'core data for automotive mechanical design processes');
#3 = SHAPE_DEFINITION_REPRESENTATION(#4,#10);
#4 = PRODUCT_DEFINITION_SHAPE('','',#5);
#5 = PRODUCT_DEFINITION('design','',#6,#9);
#6 = PRODUCT_DEFINITION_FORMATION('','',#7);
#7 = PRODUCT('Open CASCADE STEP translator 7.8 21',
  'Open CASCADE STEP translator 7.8 21','',(#8));
#8 = PRODUCT_CONTEXT('',#2,'mechanical');
#9 = PRODUCT_DEFINITION_CONTEXT('part definition',#2,'design');
#10 = ADVANCED_BREP_SHAPE_REPRESENTATION('',(#11,#15),#2239);
#11 = AXIS2_PLACEMENT_3D('',#12,#13,#14);
#12 = CARTESIAN_POINT('',(0.,0.,0.));
#13 = DIRECTION('',(0.,0.,1.));
#14 = DIRECTION('',(1.,0.,-0.));
#15 = MANIFOLD_SOLID_BREP('',#16);
#16 = CLOSED_SHELL('',(#17,#505,#558,#611,#664,#717,#770,#823,#876,#929,
    #982,#1035,#1088,#1141,#1194,#1247,#1306,#1360,#1414,#1468,#1522,
    #1576,#1630,#1684,#1734,#1788,#1842,#1897,#1951,#2005,#2076,#2129,
    #2184,#2214));
#17 = ADVANCED_FACE('',(#18,#58,#93,#128,#163,#198,#233,#268,#303,#334,
    #369,#404,#435,#470),#31,.F.);
#18 = FACE_BOUND('',#19,.T.);
#19 = EDGE_LOOP('',(#20));
#20 = ORIENTED_EDGE('',*,*,#21,.F.);
#21 = EDGE_CURVE('',#22,#22,#24,.T.);
#22 = VERTEX_POINT('',#23);
#23 = CARTESIAN_POINT('',(13.75,23.815698604072,2.22044604925E-16));
#24 = SURFACE_CURVE('',#25,(#30,#46),.PCURVE_S1.);
#25 = CIRCLE('',#26,5.);
#26 = AXIS2_PLACEMENT_3D('',#27,#28,#29);
#27 = CARTESIAN_POINT('',(16.25,28.145825622994,0.));
#28 = DIRECTION('',(-0.,0.,-1.));
#29 = DIRECTION('',(-0.5,-0.866025403784,0.));
#30 = PCURVE('',#31,#36);
#31 = PLANE('',#32);
#32 = AXIS2_PLACEMENT_3D('',#33,#34,#35);
#33 = CARTESIAN_POINT('',(0.,0.,0.));
#34 = DIRECTION('',(0.,0.,1.));
#35 = DIRECTION('',(1.,0.,-0.));
#36 = DEFINITIONAL_REPRESENTATION('',(#37),#45);
#37 = ( BOUNDED_CURVE() B_SPLINE_CURVE(2,(#38,#39,#40,#41,#42,#43,#44),
.UNSPECIFIED.,.T.,.F.) B_SPLINE_CURVE_WITH_KNOTS((1,2,2,2,2,1),(
    -2.094395102393,0.,2.094395102393,4.188790204786,6.28318530718,
8.377580409573),.UNSPECIFIED.) CURVE() GEOMETRIC_REPRESENTATION_ITEM() 
RATIONAL_B_SPLINE_CURVE((1.,0.5,1.,0.5,1.,0.5,1.)) REPRESENTATION_ITEM(
  '') );
#38 = CARTESIAN_POINT('',(13.75,23.815698604072));
#39 = CARTESIAN_POINT('',(6.25,28.145825622994));
#40 = CARTESIAN_POINT('',(13.75,32.475952641916));
#41 = CARTESIAN_POINT('',(21.25,36.806079660839));
#42 = CARTESIAN_POINT('',(21.25,28.145825622994));
#43 = CARTESIAN_POINT('',(21.25,19.48557158515));
#44 = CARTESIAN_POINT('',(13.75,23.815698604072));
#45 = ( GEOMETRIC_REPRESENTATION_CONTEXT(2) 
PARAMETRIC_REPRESENTATION_CONTEXT() REPRESENTATION_CONTEXT('2D SPACE',''
  ) );
#46 = PCURVE('',#47,#52);
#47 = CONICAL_SURFACE('',#48,4.2,0.785398163397);
#48 = AXIS2_PLACEMENT_3D('',#49,#50,#51);
#49 = CARTESIAN_POINT('',(16.25,28.145825622994,0.8));
#50 = DIRECTION('',(-0.,0.,-1.));
#51 = DIRECTION('',(-0.5,-0.866025403784,0.));
#52 = DEFINITIONAL_REPRESENTATION('',(#53),#57);
#53 = LINE('',#54,#55);
#54 = CARTESIAN_POINT('',(-0.,0.8));
#55 = VECTOR('',#56,1.);
#56 = DIRECTION('',(1.,-0.));
#57 = ( GEOMETRIC_REPRESENTATION_CONTEXT(2) 
PARAMETRIC_REPRESENTATION_CONTEXT() REPRESENTATION_CONTEXT('2D SPACE',''
  ) );
#58 = FACE_BOUND('',#59,.T.);
#59 = EDGE_LOOP('',(#60));
#60 = ORIENTED_EDGE('',*,*,#61,.F.);
#61 = EDGE_CURVE('',#62,#62,#64,.T.);
#62 = VERTEX_POINT('',#63);
#63 = CARTESIAN_POINT('',(27.5,0.,2.22044604925E-16));
#64 = SURFACE_CURVE('',#65,(#70,#81),.PCURVE_S1.);
#65 = CIRCLE('',#66,5.);
#66 = AXIS2_PLACEMENT_3D('',#67,#68,#69);
#67 = CARTESIAN_POINT('',(32.5,0.,0.));
#68 = DIRECTION('',(0.,0.,-1.));
#69 = DIRECTION('',(-1.,0.,0.));
#70 = PCURVE('',#31,#71);
#71 = DEFINITIONAL_REPRESENTATION('',(#72),#80);
#72 = ( BOUNDED_CURVE() B_SPLINE_CURVE(2,(#73,#74,#75,#76,#77,#78,#79),
.UNSPECIFIED.,.T.,.F.) B_SPLINE_CURVE_WITH_KNOTS((1,2,2,2,2,1),(
    -2.094395102393,0.,2.094395102393,4.188790204786,6.28318530718,
8.377580409573),.UNSPECIFIED.) CURVE() GEOMETRIC_REPRESENTATION_ITEM() 
RATIONAL_B_SPLINE_CURVE((1.,0.5,1.,0.5,1.,0.5,1.)) REPRESENTATION_ITEM(
  '') );
#73 = CARTESIAN_POINT('',(27.5,0.));
#74 = CARTESIAN_POINT('',(27.5,8.660254037844));
#75 = CARTESIAN_POINT('',(35.,4.330127018922));
#76 = CARTESIAN_POINT('',(42.5,1.224646799147E-15));
#77 = CARTESIAN_POINT('',(35.,-4.330127018922));
#78 = CARTESIAN_POINT('',(27.5,-8.660254037844));
#79 = CARTESIAN_POINT('',(27.5,0.));
#80 = ( GEOMETRIC_REPRESENTATION_CONTEXT(2) 
PARAMETRIC_REPRESENTATION_CONTEXT() REPRESENTATION_CONTEXT('2D SPACE',''
  ) );
#81 = PCURVE('',#82,#87);
#82 = CONICAL_SURFACE('',#83,4.2,0.785398163397);
#83 = AXIS2_PLACEMENT_3D('',#84,#85,#86);
#84 = CARTESIAN_POINT('',(32.5,0.,0.8));
#85 = DIRECTION('',(-0.,0.,-1.));
#86 = DIRECTION('',(-1.,0.,0.));
#87 = DEFINITIONAL_REPRESENTATION('',(#88),#92);
#88 = LINE('',#89,#90);
#89 = CARTESIAN_POINT('',(-0.,0.8));
#90 = VECTOR('',#91,1.);
#91 = DIRECTION('',(1.,-0.));
#92 = ( GEOMETRIC_REPRESENTATION_CONTEXT(2) 
PARAMETRIC_REPRESENTATION_CONTEXT() REPRESENTATION_CONTEXT('2D SPACE',''
  ) );
#93 = FACE_BOUND('',#94,.T.);
#94 = EDGE_LOOP('',(#95));
#95 = ORIENTED_EDGE('',*,*,#96,.F.);
#96 = EDGE_CURVE('',#97,#97,#99,.T.);
#97 = VERTEX_POINT('',#98);
#98 = CARTESIAN_POINT('',(-4.859930121218E-15,-27.5,0.));
#99 = SURFACE_CURVE('',#100,(#105,#116),.PCURVE_S1.);
#100 = CIRCLE('',#101,5.);
#101 = AXIS2_PLACEMENT_3D('',#102,#103,#104);
#102 = CARTESIAN_POINT('',(-5.970153145843E-15,-32.5,0.));
#103 = DIRECTION('',(0.,0.,-1.));
#104 = DIRECTION('',(2.22044604925E-16,1.,0.));
#105 = PCURVE('',#31,#106);
#106 = DEFINITIONAL_REPRESENTATION('',(#107),#115);
#107 = ( BOUNDED_CURVE() B_SPLINE_CURVE(2,(#108,#109,#110,#111,#112,#113
,#114),.UNSPECIFIED.,.T.,.F.) B_SPLINE_CURVE_WITH_KNOTS((1,2,2,2,2,1),(
    -2.094395102393,0.,2.094395102393,4.188790204786,6.28318530718,
8.377580409573),.UNSPECIFIED.) CURVE() GEOMETRIC_REPRESENTATION_ITEM() 
RATIONAL_B_SPLINE_CURVE((1.,0.5,1.,0.5,1.,0.5,1.)) REPRESENTATION_ITEM(
  '') );
#108 = CARTESIAN_POINT('',(-4.859930121218E-15,-27.5));
#109 = CARTESIAN_POINT('',(8.660254037844,-27.5));
#110 = CARTESIAN_POINT('',(4.330127018922,-35.));
#111 = CARTESIAN_POINT('',(-6.965952395946E-15,-42.5));
#112 = CARTESIAN_POINT('',(-4.330127018922,-35.));
#113 = CARTESIAN_POINT('',(-8.660254037844,-27.5));
#114 = CARTESIAN_POINT('',(-4.859930121218E-15,-27.5));
#115 = ( GEOMETRIC_REPRESENTATION_CONTEXT(2) 
PARAMETRIC_REPRESENTATION_CONTEXT() REPRESENTATION_CONTEXT('2D SPACE',''
  ) );
#116 = PCURVE('',#117,#122);
#117 = CONICAL_SURFACE('',#118,4.2,0.785398163397);
#118 = AXIS2_PLACEMENT_3D('',#119,#120,#121);
#119 = CARTESIAN_POINT('',(-5.970153145843E-15,-32.5,0.8));
#120 = DIRECTION('',(-0.,0.,-1.));
#121 = DIRECTION('',(2.22044604925E-16,1.,0.));
#122 = DEFINITIONAL_REPRESENTATION('',(#123),#127);
#123 = LINE('',#124,#125);
#124 = CARTESIAN_POINT('',(-0.,0.8));
#125 = VECTOR('',#126,1.);
#126 = DIRECTION('',(1.,-0.));
#127 = ( GEOMETRIC_REPRESENTATION_CONTEXT(2) 
PARAMETRIC_REPRESENTATION_CONTEXT() REPRESENTATION_CONTEXT('2D SPACE',''
  ) );
#128 = FACE_BOUND('',#129,.T.);
#129 = EDGE_LOOP('',(#130));
#130 = ORIENTED_EDGE('',*,*,#131,.F.);
#131 = EDGE_CURVE('',#132,#132,#134,.T.);
#132 = VERTEX_POINT('',#133);
#133 = CARTESIAN_POINT('',(-13.75,23.815698604072,2.22044604925E-16));
#134 = SURFACE_CURVE('',#135,(#140,#151),.PCURVE_S1.);
#135 = CIRCLE('',#136,5.);
#136 = AXIS2_PLACEMENT_3D('',#137,#138,#139);
#137 = CARTESIAN_POINT('',(-16.25,28.145825622994,0.));
#138 = DIRECTION('',(-0.,0.,-1.));
#139 = DIRECTION('',(0.5,-0.866025403784,-0.));
#140 = PCURVE('',#31,#141);
#141 = DEFINITIONAL_REPRESENTATION('',(#142),#150);
#142 = ( BOUNDED_CURVE() B_SPLINE_CURVE(2,(#143,#144,#145,#146,#147,#148
,#149),.UNSPECIFIED.,.T.,.F.) B_SPLINE_CURVE_WITH_KNOTS((1,2,2,2,2,1),(
    -2.094395102393,0.,2.094395102393,4.188790204786,6.28318530718,
8.377580409573),.UNSPECIFIED.) CURVE() GEOMETRIC_REPRESENTATION_ITEM() 
RATIONAL_B_SPLINE_CURVE((1.,0.5,1.,0.5,1.,0.5,1.)) REPRESENTATION_ITEM(
  '') );
#143 = CARTESIAN_POINT('',(-13.75,23.815698604072));
#144 = CARTESIAN_POINT('',(-21.25,19.48557158515));
#145 = CARTESIAN_POINT('',(-21.25,28.145825622994));
#146 = CARTESIAN_POINT('',(-21.25,36.806079660839));
#147 = CARTESIAN_POINT('',(-13.75,32.475952641916));
#148 = CARTESIAN_POINT('',(-6.25,28.145825622994));
#149 = CARTESIAN_POINT('',(-13.75,23.815698604072));
#150 = ( GEOMETRIC_REPRESENTATION_CONTEXT(2) 
PARAMETRIC_REPRESENTATION_CONTEXT() REPRESENTATION_CONTEXT('2D SPACE',''
  ) );
#151 = PCURVE('',#152,#157);
#152 = CONICAL_SURFACE('',#153,4.2,0.785398163397);
#153 = AXIS2_PLACEMENT_3D('',#154,#155,#156);
#154 = CARTESIAN_POINT('',(-16.25,28.145825622994,0.8));
#155 = DIRECTION('',(-0.,0.,-1.));
#156 = DIRECTION('',(0.5,-0.866025403784,-0.));
#157 = DEFINITIONAL_REPRESENTATION('',(#158),#162);
#158 = LINE('',#159,#160);
#159 = CARTESIAN_POINT('',(-0.,0.8));
#160 = VECTOR('',#161,1.);
#161 = DIRECTION('',(1.,-0.));
#162 = ( GEOMETRIC_REPRESENTATION_CONTEXT(2) 
PARAMETRIC_REPRESENTATION_CONTEXT() REPRESENTATION_CONTEXT('2D SPACE',''
  ) );
#163 = FACE_BOUND('',#164,.T.);
#164 = EDGE_LOOP('',(#165));
#165 = ORIENTED_EDGE('',*,*,#166,.F.);
#166 = EDGE_CURVE('',#167,#167,#169,.T.);
#167 = VERTEX_POINT('',#168);
#168 = CARTESIAN_POINT('',(23.815698604072,-13.75,2.22044604925E-16));
#169 = SURFACE_CURVE('',#170,(#175,#186),.PCURVE_S1.);
#170 = CIRCLE('',#171,5.);
#171 = AXIS2_PLACEMENT_3D('',#172,#173,#174);
#172 = CARTESIAN_POINT('',(28.145825622994,-16.25,0.));
#173 = DIRECTION('',(0.,0.,-1.));
#174 = DIRECTION('',(-0.866025403784,0.5,0.));
#175 = PCURVE('',#31,#176);
#176 = DEFINITIONAL_REPRESENTATION('',(#177),#185);
#177 = ( BOUNDED_CURVE() B_SPLINE_CURVE(2,(#178,#179,#180,#181,#182,#183
,#184),.UNSPECIFIED.,.T.,.F.) B_SPLINE_CURVE_WITH_KNOTS((1,2,2,2,2,1),(
    -2.094395102393,0.,2.094395102393,4.188790204786,6.28318530718,
8.377580409573),.UNSPECIFIED.) CURVE() GEOMETRIC_REPRESENTATION_ITEM() 
RATIONAL_B_SPLINE_CURVE((1.,0.5,1.,0.5,1.,0.5,1.)) REPRESENTATION_ITEM(
  '') );
#178 = CARTESIAN_POINT('',(23.815698604072,-13.75));
#179 = CARTESIAN_POINT('',(28.145825622994,-6.25));
#180 = CARTESIAN_POINT('',(32.475952641916,-13.75));
#181 = CARTESIAN_POINT('',(36.806079660839,-21.25));
#182 = CARTESIAN_POINT('',(28.145825622994,-21.25));
#183 = CARTESIAN_POINT('',(19.48557158515,-21.25));
#184 = CARTESIAN_POINT('',(23.815698604072,-13.75));
#185 = ( GEOMETRIC_REPRESENTATION_CONTEXT(2) 
PARAMETRIC_REPRESENTATION_CONTEXT() REPRESENTATION_CONTEXT('2D SPACE',''
  ) );
#186 = PCURVE('',#187,#192);
#187 = CONICAL_SURFACE('',#188,4.2,0.785398163397);
#188 = AXIS2_PLACEMENT_3D('',#189,#190,#191);
#189 = CARTESIAN_POINT('',(28.145825622994,-16.25,0.8));
#190 = DIRECTION('',(-0.,0.,-1.));
#191 = DIRECTION('',(-0.866025403784,0.5,0.));
#192 = DEFINITIONAL_REPRESENTATION('',(#193),#197);
#193 = LINE('',#194,#195);
#194 = CARTESIAN_POINT('',(-0.,0.8));
#195 = VECTOR('',#196,1.);
#196 = DIRECTION('',(1.,-0.));
#197 = ( GEOMETRIC_REPRESENTATION_CONTEXT(2) 
PARAMETRIC_REPRESENTATION_CONTEXT() REPRESENTATION_CONTEXT('2D SPACE',''
  ) );
#198 = FACE_BOUND('',#199,.T.);
#199 = EDGE_LOOP('',(#200));
#200 = ORIENTED_EDGE('',*,*,#201,.F.);
#201 = EDGE_CURVE('',#202,#202,#204,.T.);
#202 = VERTEX_POINT('',#203);
#203 = CARTESIAN_POINT('',(-13.75,-23.81569860407,2.22044604925E-16));
#204 = SURFACE_CURVE('',#205,(#210,#221),.PCURVE_S1.);
#205 = CIRCLE('',#206,5.);
#206 = AXIS2_PLACEMENT_3D('',#207,#208,#209);
#207 = CARTESIAN_POINT('',(-16.25,-28.14582562299,0.));
#208 = DIRECTION('',(0.,0.,-1.));
#209 = DIRECTION('',(0.5,0.866025403784,0.));
#210 = PCURVE('',#31,#211);
#211 = DEFINITIONAL_REPRESENTATION('',(#212),#220);
#212 = ( BOUNDED_CURVE() B_SPLINE_CURVE(2,(#213,#214,#215,#216,#217,#218
,#219),.UNSPECIFIED.,.T.,.F.) B_SPLINE_CURVE_WITH_KNOTS((1,2,2,2,2,1),(
    -2.094395102393,0.,2.094395102393,4.188790204786,6.28318530718,
8.377580409573),.UNSPECIFIED.) CURVE() GEOMETRIC_REPRESENTATION_ITEM() 
RATIONAL_B_SPLINE_CURVE((1.,0.5,1.,0.5,1.,0.5,1.)) REPRESENTATION_ITEM(
  '') );
#213 = CARTESIAN_POINT('',(-13.75,-23.81569860407));
#214 = CARTESIAN_POINT('',(-6.25,-28.14582562299));
#215 = CARTESIAN_POINT('',(-13.75,-32.47595264191));
#216 = CARTESIAN_POINT('',(-21.25,-36.80607966083));
#217 = CARTESIAN_POINT('',(-21.25,-28.14582562299));
#218 = CARTESIAN_POINT('',(-21.25,-19.48557158515));
#219 = CARTESIAN_POINT('',(-13.75,-23.81569860407));
#220 = ( GEOMETRIC_REPRESENTATION_CONTEXT(2) 
PARAMETRIC_REPRESENTATION_CONTEXT() REPRESENTATION_CONTEXT('2D SPACE',''
  ) );
#221 = PCURVE('',#222,#227);
#222 = CONICAL_SURFACE('',#223,4.2,0.785398163397);
#223 = AXIS2_PLACEMENT_3D('',#224,#225,#226);
#224 = CARTESIAN_POINT('',(-16.25,-28.14582562299,0.8));
#225 = DIRECTION('',(-0.,0.,-1.));
#226 = DIRECTION('',(0.5,0.866025403784,0.));
#227 = DEFINITIONAL_REPRESENTATION('',(#228),#232);
#228 = LINE('',#229,#230);
#229 = CARTESIAN_POINT('',(-0.,0.8));
#230 = VECTOR('',#231,1.);
#231 = DIRECTION('',(1.,-0.));
#232 = ( GEOMETRIC_REPRESENTATION_CONTEXT(2) 
PARAMETRIC_REPRESENTATION_CONTEXT() REPRESENTATION_CONTEXT('2D SPACE',''
  ) );
#233 = FACE_BOUND('',#234,.T.);
#234 = EDGE_LOOP('',(#235));
#235 = ORIENTED_EDGE('',*,*,#236,.F.);
#236 = EDGE_CURVE('',#237,#237,#239,.T.);
#237 = VERTEX_POINT('',#238);
#238 = CARTESIAN_POINT('',(-27.5,3.367778697655E-15,-1.554312234475E-15)
  );
#239 = SURFACE_CURVE('',#240,(#245,#256),.PCURVE_S1.);
#240 = CIRCLE('',#241,5.);
#241 = AXIS2_PLACEMENT_3D('',#242,#243,#244);
#242 = CARTESIAN_POINT('',(-32.5,3.980102097229E-15,0.));
#243 = DIRECTION('',(-0.,0.,-1.));
#244 = DIRECTION('',(1.,-1.224646799147E-16,-0.));
#245 = PCURVE('',#31,#246);
#246 = DEFINITIONAL_REPRESENTATION('',(#247),#255);
#247 = ( BOUNDED_CURVE() B_SPLINE_CURVE(2,(#248,#249,#250,#251,#252,#253
,#254),.UNSPECIFIED.,.T.,.F.) B_SPLINE_CURVE_WITH_KNOTS((1,2,2,2,2,1),(
    -2.094395102393,0.,2.094395102393,4.188790204786,6.28318530718,
8.377580409573),.UNSPECIFIED.) CURVE() GEOMETRIC_REPRESENTATION_ITEM() 
RATIONAL_B_SPLINE_CURVE((1.,0.5,1.,0.5,1.,0.5,1.)) REPRESENTATION_ITEM(
  '') );
#248 = CARTESIAN_POINT('',(-27.5,3.367778697655E-15));
#249 = CARTESIAN_POINT('',(-27.5,-8.660254037844));
#250 = CARTESIAN_POINT('',(-35.,-4.330127018922));
#251 = CARTESIAN_POINT('',(-42.5,3.980102097229E-15));
#252 = CARTESIAN_POINT('',(-35.,4.330127018922));
#253 = CARTESIAN_POINT('',(-27.5,8.660254037844));
#254 = CARTESIAN_POINT('',(-27.5,3.367778697655E-15));
#255 = ( GEOMETRIC_REPRESENTATION_CONTEXT(2) 
PARAMETRIC_REPRESENTATION_CONTEXT() REPRESENTATION_CONTEXT('2D SPACE',''
  ) );
#256 = PCURVE('',#257,#262);
#257 = CONICAL_SURFACE('',#258,4.2,0.785398163397);
#258 = AXIS2_PLACEMENT_3D('',#259,#260,#261);
#259 = CARTESIAN_POINT('',(-32.5,3.980102097229E-15,0.8));
#260 = DIRECTION('',(-0.,0.,-1.));
#261 = DIRECTION('',(1.,-1.224646799147E-16,-0.));
#262 = DEFINITIONAL_REPRESENTATION('',(#263),#267);
#263 = LINE('',#264,#265);
#264 = CARTESIAN_POINT('',(-0.,0.8));
#265 = VECTOR('',#266,1.);
#266 = DIRECTION('',(1.,-0.));
#267 = ( GEOMETRIC_REPRESENTATION_CONTEXT(2) 
PARAMETRIC_REPRESENTATION_CONTEXT() REPRESENTATION_CONTEXT('2D SPACE',''
  ) );
#268 = FACE_BOUND('',#269,.T.);
#269 = EDGE_LOOP('',(#270));
#270 = ORIENTED_EDGE('',*,*,#271,.F.);
#271 = EDGE_CURVE('',#272,#272,#274,.T.);
#272 = VERTEX_POINT('',#273);
#273 = CARTESIAN_POINT('',(-23.81569860407,-13.75,2.22044604925E-16));
#274 = SURFACE_CURVE('',#275,(#280,#291),.PCURVE_S1.);
#275 = CIRCLE('',#276,5.);
#276 = AXIS2_PLACEMENT_3D('',#277,#278,#279);
#277 = CARTESIAN_POINT('',(-28.14582562299,-16.25,0.));
#278 = DIRECTION('',(0.,0.,-1.));
#279 = DIRECTION('',(0.866025403784,0.5,0.));
#280 = PCURVE('',#31,#281);
#281 = DEFINITIONAL_REPRESENTATION('',(#282),#290);
#282 = ( BOUNDED_CURVE() B_SPLINE_CURVE(2,(#283,#284,#285,#286,#287,#288
,#289),.UNSPECIFIED.,.T.,.F.) B_SPLINE_CURVE_WITH_KNOTS((1,2,2,2,2,1),(
    -2.094395102393,0.,2.094395102393,4.188790204786,6.28318530718,
8.377580409573),.UNSPECIFIED.) CURVE() GEOMETRIC_REPRESENTATION_ITEM() 
RATIONAL_B_SPLINE_CURVE((1.,0.5,1.,0.5,1.,0.5,1.)) REPRESENTATION_ITEM(
  '') );
#283 = CARTESIAN_POINT('',(-23.81569860407,-13.75));
#284 = CARTESIAN_POINT('',(-19.48557158515,-21.25));
#285 = CARTESIAN_POINT('',(-28.14582562299,-21.25));
#286 = CARTESIAN_POINT('',(-36.80607966083,-21.25));
#287 = CARTESIAN_POINT('',(-32.47595264191,-13.75));
#288 = CARTESIAN_POINT('',(-28.14582562299,-6.25));
#289 = CARTESIAN_POINT('',(-23.81569860407,-13.75));
#290 = ( GEOMETRIC_REPRESENTATION_CONTEXT(2) 
PARAMETRIC_REPRESENTATION_CONTEXT() REPRESENTATION_CONTEXT('2D SPACE',''
  ) );
#291 = PCURVE('',#292,#297);
#292 = CONICAL_SURFACE('',#293,4.2,0.785398163397);
#293 = AXIS2_PLACEMENT_3D('',#294,#295,#296);
#294 = CARTESIAN_POINT('',(-28.14582562299,-16.25,0.8));
#295 = DIRECTION('',(-0.,0.,-1.));
#296 = DIRECTION('',(0.866025403784,0.5,0.));
#297 = DEFINITIONAL_REPRESENTATION('',(#298),#302);
#298 = LINE('',#299,#300);
#299 = CARTESIAN_POINT('',(-0.,0.8));
#300 = VECTOR('',#301,1.);
#301 = DIRECTION('',(1.,-0.));
#302 = ( GEOMETRIC_REPRESENTATION_CONTEXT(2) 
PARAMETRIC_REPRESENTATION_CONTEXT() REPRESENTATION_CONTEXT('2D SPACE',''
  ) );
#303 = FACE_BOUND('',#304,.T.);
#304 = EDGE_LOOP('',(#305));
#305 = ORIENTED_EDGE('',*,*,#306,.F.);
#306 = EDGE_CURVE('',#307,#307,#309,.T.);
#307 = VERTEX_POINT('',#308);
#308 = CARTESIAN_POINT('',(53.45,0.,0.));
#309 = SURFACE_CURVE('',#310,(#315,#322),.PCURVE_S1.);
#310 = CIRCLE('',#311,53.45);
#311 = AXIS2_PLACEMENT_3D('',#312,#313,#314);
#312 = CARTESIAN_POINT('',(0.,0.,0.));
#313 = DIRECTION('',(0.,-0.,1.));
#314 = DIRECTION('',(1.,0.,0.));
#315 = PCURVE('',#31,#316);
#316 = DEFINITIONAL_REPRESENTATION('',(#317),#321);
#317 = CIRCLE('',#318,53.45);
#318 = AXIS2_PLACEMENT_2D('',#319,#320);
#319 = CARTESIAN_POINT('',(0.,0.));
#320 = DIRECTION('',(1.,-0.));
#321 = ( GEOMETRIC_REPRESENTATION_CONTEXT(2) 
PARAMETRIC_REPRESENTATION_CONTEXT() REPRESENTATION_CONTEXT('2D SPACE',''
  ) );
#322 = PCURVE('',#323,#328);
#323 = CONICAL_SURFACE('',#324,54.25,0.785398163397);
#324 = AXIS2_PLACEMENT_3D('',#325,#326,#327);
#325 = CARTESIAN_POINT('',(0.,0.,0.8));
#326 = DIRECTION('',(0.,-0.,1.));
#327 = DIRECTION('',(1.,0.,0.));
#328 = DEFINITIONAL_REPRESENTATION('',(#329),#333);
#329 = LINE('',#330,#331);
#330 = CARTESIAN_POINT('',(0.,-0.8));
#331 = VECTOR('',#332,1.);
#332 = DIRECTION('',(1.,0.));
#333 = ( GEOMETRIC_REPRESENTATION_CONTEXT(2) 
PARAMETRIC_REPRESENTATION_CONTEXT() REPRESENTATION_CONTEXT('2D SPACE',''
  ) );
#334 = FACE_BOUND('',#335,.T.);
#335 = EDGE_LOOP('',(#336));
#336 = ORIENTED_EDGE('',*,*,#337,.F.);
#337 = EDGE_CURVE('',#338,#338,#340,.T.);
#338 = VERTEX_POINT('',#339);
#339 = CARTESIAN_POINT('',(13.75,-23.81569860407,2.22044604925E-16));
#340 = SURFACE_CURVE('',#341,(#346,#357),.PCURVE_S1.);
#341 = CIRCLE('',#342,5.);
#342 = AXIS2_PLACEMENT_3D('',#343,#344,#345);
#343 = CARTESIAN_POINT('',(16.25,-28.14582562299,0.));
#344 = DIRECTION('',(0.,0.,-1.));
#345 = DIRECTION('',(-0.5,0.866025403784,0.));
#346 = PCURVE('',#31,#347);
#347 = DEFINITIONAL_REPRESENTATION('',(#348),#356);
#348 = ( BOUNDED_CURVE() B_SPLINE_CURVE(2,(#349,#350,#351,#352,#353,#354
,#355),.UNSPECIFIED.,.T.,.F.) B_SPLINE_CURVE_WITH_KNOTS((1,2,2,2,2,1),(
    -2.094395102393,0.,2.094395102393,4.188790204786,6.28318530718,
8.377580409573),.UNSPECIFIED.) CURVE() GEOMETRIC_REPRESENTATION_ITEM() 
RATIONAL_B_SPLINE_CURVE((1.,0.5,1.,0.5,1.,0.5,1.)) REPRESENTATION_ITEM(
  '') );
#349 = CARTESIAN_POINT('',(13.75,-23.81569860407));
#350 = CARTESIAN_POINT('',(21.25,-19.48557158515));
#351 = CARTESIAN_POINT('',(21.25,-28.14582562299));
#352 = CARTESIAN_POINT('',(21.25,-36.80607966083));
#353 = CARTESIAN_POINT('',(13.75,-32.47595264191));
#354 = CARTESIAN_POINT('',(6.25,-28.14582562299));
#355 = CARTESIAN_POINT('',(13.75,-23.81569860407));
#356 = ( GEOMETRIC_REPRESENTATION_CONTEXT(2) 
PARAMETRIC_REPRESENTATION_CONTEXT() REPRESENTATION_CONTEXT('2D SPACE',''
  ) );
#357 = PCURVE('',#358,#363);
#358 = CONICAL_SURFACE('',#359,4.2,0.785398163397);
#359 = AXIS2_PLACEMENT_3D('',#360,#361,#362);
#360 = CARTESIAN_POINT('',(16.25,-28.14582562299,0.8));
#361 = DIRECTION('',(-0.,0.,-1.));
#362 = DIRECTION('',(-0.5,0.866025403784,0.));
#363 = DEFINITIONAL_REPRESENTATION('',(#364),#368);
#364 = LINE('',#365,#366);
#365 = CARTESIAN_POINT('',(-0.,0.8));
#366 = VECTOR('',#367,1.);
#367 = DIRECTION('',(1.,-0.));
#368 = ( GEOMETRIC_REPRESENTATION_CONTEXT(2) 
PARAMETRIC_REPRESENTATION_CONTEXT() REPRESENTATION_CONTEXT('2D SPACE',''
  ) );
#369 = FACE_BOUND('',#370,.T.);
#370 = EDGE_LOOP('',(#371));
#371 = ORIENTED_EDGE('',*,*,#372,.F.);
#372 = EDGE_CURVE('',#373,#373,#375,.T.);
#373 = VERTEX_POINT('',#374);
#374 = CARTESIAN_POINT('',(23.815698604072,13.75,2.22044604925E-16));
#375 = SURFACE_CURVE('',#376,(#381,#392),.PCURVE_S1.);
#376 = CIRCLE('',#377,5.);
#377 = AXIS2_PLACEMENT_3D('',#378,#379,#380);
#378 = CARTESIAN_POINT('',(28.145825622994,16.25,0.));
#379 = DIRECTION('',(-0.,0.,-1.));
#380 = DIRECTION('',(-0.866025403784,-0.5,0.));
#381 = PCURVE('',#31,#382);
#382 = DEFINITIONAL_REPRESENTATION('',(#383),#391);
#383 = ( BOUNDED_CURVE() B_SPLINE_CURVE(2,(#384,#385,#386,#387,#388,#389
,#390),.UNSPECIFIED.,.T.,.F.) B_SPLINE_CURVE_WITH_KNOTS((1,2,2,2,2,1),(
    -2.094395102393,0.,2.094395102393,4.188790204786,6.28318530718,
8.377580409573),.UNSPECIFIED.) CURVE() GEOMETRIC_REPRESENTATION_ITEM() 
RATIONAL_B_SPLINE_CURVE((1.,0.5,1.,0.5,1.,0.5,1.)) REPRESENTATION_ITEM(
  '') );
#384 = CARTESIAN_POINT('',(23.815698604072,13.75));
#385 = CARTESIAN_POINT('',(19.48557158515,21.25));
#386 = CARTESIAN_POINT('',(28.145825622994,21.25));
#387 = CARTESIAN_POINT('',(36.806079660839,21.25));
#388 = CARTESIAN_POINT('',(32.475952641916,13.75));
#389 = CARTESIAN_POINT('',(28.145825622994,6.25));
#390 = CARTESIAN_POINT('',(23.815698604072,13.75));
#391 = ( GEOMETRIC_REPRESENTATION_CONTEXT(2) 
PARAMETRIC_REPRESENTATION_CONTEXT() REPRESENTATION_CONTEXT('2D SPACE',''
  ) );
#392 = PCURVE('',#393,#398);
#393 = CONICAL_SURFACE('',#394,4.2,0.785398163397);
#394 = AXIS2_PLACEMENT_3D('',#395,#396,#397);
#395 = CARTESIAN_POINT('',(28.145825622994,16.25,0.8));
#396 = DIRECTION('',(-0.,0.,-1.));
#397 = DIRECTION('',(-0.866025403784,-0.5,0.));
#398 = DEFINITIONAL_REPRESENTATION('',(#399),#403);
#399 = LINE('',#400,#401);
#400 = CARTESIAN_POINT('',(-0.,0.8));
#401 = VECTOR('',#402,1.);
#402 = DIRECTION('',(1.,-0.));
#403 = ( GEOMETRIC_REPRESENTATION_CONTEXT(2) 
PARAMETRIC_REPRESENTATION_CONTEXT() REPRESENTATION_CONTEXT('2D SPACE',''
  ) );
#404 = FACE_BOUND('',#405,.T.);
#405 = EDGE_LOOP('',(#406));
#406 = ORIENTED_EDGE('',*,*,#407,.T.);
#407 = EDGE_CURVE('',#408,#408,#410,.T.);
#408 = VERTEX_POINT('',#409);
#409 = CARTESIAN_POINT('',(11.75,0.,0.));
#410 = SURFACE_CURVE('',#411,(#416,#423),.PCURVE_S1.);
#411 = CIRCLE('',#412,11.75);
#412 = AXIS2_PLACEMENT_3D('',#413,#414,#415);
#413 = CARTESIAN_POINT('',(0.,0.,0.));
#414 = DIRECTION('',(0.,-0.,1.));
#415 = DIRECTION('',(1.,0.,0.));
#416 = PCURVE('',#31,#417);
#417 = DEFINITIONAL_REPRESENTATION('',(#418),#422);
#418 = CIRCLE('',#419,11.75);
#419 = AXIS2_PLACEMENT_2D('',#420,#421);
#420 = CARTESIAN_POINT('',(0.,0.));
#421 = DIRECTION('',(1.,-0.));
#422 = ( GEOMETRIC_REPRESENTATION_CONTEXT(2) 
PARAMETRIC_REPRESENTATION_CONTEXT() REPRESENTATION_CONTEXT('2D SPACE',''
  ) );
#423 = PCURVE('',#424,#429);
#424 = CONICAL_SURFACE('',#425,10.95,0.785398163397);
#425 = AXIS2_PLACEMENT_3D('',#426,#427,#428);
#426 = CARTESIAN_POINT('',(0.,0.,0.8));
#427 = DIRECTION('',(-0.,0.,-1.));
#428 = DIRECTION('',(1.,0.,0.));
#429 = DEFINITIONAL_REPRESENTATION('',(#430),#434);
#430 = LINE('',#431,#432);
#431 = CARTESIAN_POINT('',(0.,0.8));
#432 = VECTOR('',#433,1.);
#433 = DIRECTION('',(-1.,-0.));
#434 = ( GEOMETRIC_REPRESENTATION_CONTEXT(2) 
PARAMETRIC_REPRESENTATION_CONTEXT() REPRESENTATION_CONTEXT('2D SPACE',''
  ) );
#435 = FACE_BOUND('',#436,.T.);
#436 = EDGE_LOOP('',(#437));
#437 = ORIENTED_EDGE('',*,*,#438,.F.);
#438 = EDGE_CURVE('',#439,#439,#441,.T.);
#439 = VERTEX_POINT('',#440);
#440 = CARTESIAN_POINT('',(1.434939536302E-15,27.5,0.));
#441 = SURFACE_CURVE('',#442,(#447,#458),.PCURVE_S1.);
#442 = CIRCLE('',#443,5.);
#443 = AXIS2_PLACEMENT_3D('',#444,#445,#446);
#444 = CARTESIAN_POINT('',(1.990051048614E-15,32.5,0.));
#445 = DIRECTION('',(-0.,0.,-1.));
#446 = DIRECTION('',(-1.110223024625E-16,-1.,0.));
#447 = PCURVE('',#31,#448);
#448 = DEFINITIONAL_REPRESENTATION('',(#449),#457);
#449 = ( BOUNDED_CURVE() B_SPLINE_CURVE(2,(#450,#451,#452,#453,#454,#455
,#456),.UNSPECIFIED.,.T.,.F.) B_SPLINE_CURVE_WITH_KNOTS((1,2,2,2,2,1),(
    -2.094395102393,0.,2.094395102393,4.188790204786,6.28318530718,
8.377580409573),.UNSPECIFIED.) CURVE() GEOMETRIC_REPRESENTATION_ITEM() 
RATIONAL_B_SPLINE_CURVE((1.,0.5,1.,0.5,1.,0.5,1.)) REPRESENTATION_ITEM(
  '') );
#450 = CARTESIAN_POINT('',(1.434939536302E-15,27.5));
#451 = CARTESIAN_POINT('',(-8.660254037844,27.5));
#452 = CARTESIAN_POINT('',(-4.330127018922,35.));
#453 = CARTESIAN_POINT('',(1.875627274092E-15,42.5));
#454 = CARTESIAN_POINT('',(4.330127018922,35.));
#455 = CARTESIAN_POINT('',(8.660254037844,27.5));
#456 = CARTESIAN_POINT('',(1.434939536302E-15,27.5));
#457 = ( GEOMETRIC_REPRESENTATION_CONTEXT(2) 
PARAMETRIC_REPRESENTATION_CONTEXT() REPRESENTATION_CONTEXT('2D SPACE',''
  ) );
#458 = PCURVE('',#459,#464);
#459 = CONICAL_SURFACE('',#460,4.2,0.785398163397);
#460 = AXIS2_PLACEMENT_3D('',#461,#462,#463);
#461 = CARTESIAN_POINT('',(1.990051048614E-15,32.5,0.8));
#462 = DIRECTION('',(-0.,0.,-1.));
#463 = DIRECTION('',(-1.110223024625E-16,-1.,0.));
#464 = DEFINITIONAL_REPRESENTATION('',(#465),#469);
#465 = LINE('',#466,#467);
#466 = CARTESIAN_POINT('',(-0.,0.8));
#467 = VECTOR('',#468,1.);
#468 = DIRECTION('',(1.,-0.));
#469 = ( GEOMETRIC_REPRESENTATION_CONTEXT(2) 
PARAMETRIC_REPRESENTATION_CONTEXT() REPRESENTATION_CONTEXT('2D SPACE',''
  ) );
#470 = FACE_BOUND('',#471,.T.);
#471 = EDGE_LOOP('',(#472));
#472 = ORIENTED_EDGE('',*,*,#473,.F.);
#473 = EDGE_CURVE('',#474,#474,#476,.T.);
#474 = VERTEX_POINT('',#475);
#475 = CARTESIAN_POINT('',(-23.81569860407,13.75,2.22044604925E-16));
#476 = SURFACE_CURVE('',#477,(#482,#493),.PCURVE_S1.);
#477 = CIRCLE('',#478,5.);
#478 = AXIS2_PLACEMENT_3D('',#479,#480,#481);
#479 = CARTESIAN_POINT('',(-28.14582562299,16.25,0.));
#480 = DIRECTION('',(-0.,0.,-1.));
#481 = DIRECTION('',(0.866025403784,-0.5,-0.));
#482 = PCURVE('',#31,#483);
#483 = DEFINITIONAL_REPRESENTATION('',(#484),#492);
#484 = ( BOUNDED_CURVE() B_SPLINE_CURVE(2,(#485,#486,#487,#488,#489,#490
,#491),.UNSPECIFIED.,.T.,.F.) B_SPLINE_CURVE_WITH_KNOTS((1,2,2,2,2,1),(
    -2.094395102393,0.,2.094395102393,4.188790204786,6.28318530718,
8.377580409573),.UNSPECIFIED.) CURVE() GEOMETRIC_REPRESENTATION_ITEM() 
RATIONAL_B_SPLINE_CURVE((1.,0.5,1.,0.5,1.,0.5,1.)) REPRESENTATION_ITEM(
  '') );
#485 = CARTESIAN_POINT('',(-23.81569860407,13.75));
#486 = CARTESIAN_POINT('',(-28.14582562299,6.25));
#487 = CARTESIAN_POINT('',(-32.47595264191,13.75));
#488 = CARTESIAN_POINT('',(-36.80607966083,21.25));
#489 = CARTESIAN_POINT('',(-28.14582562299,21.25));
#490 = CARTESIAN_POINT('',(-19.48557158515,21.25));
#491 = CARTESIAN_POINT('',(-23.81569860407,13.75));
#492 = ( GEOMETRIC_REPRESENTATION_CONTEXT(2) 
PARAMETRIC_REPRESENTATION_CONTEXT() REPRESENTATION_CONTEXT('2D SPACE',''
  ) );
#493 = PCURVE('',#494,#499);
#494 = CONICAL_SURFACE('',#495,4.2,0.785398163397);
#495 = AXIS2_PLACEMENT_3D('',#496,#497,#498);
#496 = CARTESIAN_POINT('',(-28.14582562299,16.25,0.8));
#497 = DIRECTION('',(-0.,0.,-1.));
#498 = DIRECTION('',(0.866025403784,-0.5,-0.));
#499 = DEFINITIONAL_REPRESENTATION('',(#500),#504);
#500 = LINE('',#501,#502);
#501 = CARTESIAN_POINT('',(-0.,0.8));
#502 = VECTOR('',#503,1.);
#503 = DIRECTION('',(1.,-0.));
#504 = ( GEOMETRIC_REPRESENTATION_CONTEXT(2) 
PARAMETRIC_REPRESENTATION_CONTEXT() REPRESENTATION_CONTEXT('2D SPACE',''
  ) );
#505 = ADVANCED_FACE('',(#506),#47,.F.);
#506 = FACE_BOUND('',#507,.T.);
#507 = EDGE_LOOP('',(#508,#529,#530,#531));
#508 = ORIENTED_EDGE('',*,*,#509,.F.);
#509 = EDGE_CURVE('',#22,#510,#512,.T.);
#510 = VERTEX_POINT('',#511);
#511 = CARTESIAN_POINT('',(14.15,24.5085189271,0.8));
#512 = SEAM_CURVE('',#513,(#517,#523),.PCURVE_S1.);
#513 = LINE('',#514,#515);
#514 = CARTESIAN_POINT('',(14.15,24.5085189271,0.8));
#515 = VECTOR('',#516,1.);
#516 = DIRECTION('',(0.353553390593,0.612372435696,0.707106781187));
#517 = PCURVE('',#47,#518);
#518 = DEFINITIONAL_REPRESENTATION('',(#519),#522);
#519 = B_SPLINE_CURVE_WITH_KNOTS('',1,(#520,#521),.UNSPECIFIED.,.F.,.F.,
  (2,2),(-1.131370849898,0.),.PIECEWISE_BEZIER_KNOTS.);
#520 = CARTESIAN_POINT('',(-4.229421046191E-16,0.8));
#521 = CARTESIAN_POINT('',(-4.229421046191E-16,0.));
#522 = ( GEOMETRIC_REPRESENTATION_CONTEXT(2) 
PARAMETRIC_REPRESENTATION_CONTEXT() REPRESENTATION_CONTEXT('2D SPACE',''
  ) );
#523 = PCURVE('',#47,#524);
#524 = DEFINITIONAL_REPRESENTATION('',(#525),#528);
#525 = B_SPLINE_CURVE_WITH_KNOTS('',1,(#526,#527),.UNSPECIFIED.,.F.,.F.,
  (2,2),(-1.131370849898,0.),.PIECEWISE_BEZIER_KNOTS.);
#526 = CARTESIAN_POINT('',(6.28318530718,0.8));
#527 = CARTESIAN_POINT('',(6.28318530718,0.));
#528 = ( GEOMETRIC_REPRESENTATION_CONTEXT(2) 
PARAMETRIC_REPRESENTATION_CONTEXT() REPRESENTATION_CONTEXT('2D SPACE',''
  ) );
#529 = ORIENTED_EDGE('',*,*,#21,.T.);
#530 = ORIENTED_EDGE('',*,*,#509,.T.);
#531 = ORIENTED_EDGE('',*,*,#532,.F.);
#532 = EDGE_CURVE('',#510,#510,#533,.T.);
#533 = SURFACE_CURVE('',#534,(#539,#546),.PCURVE_S1.);
#534 = CIRCLE('',#535,4.2);
#535 = AXIS2_PLACEMENT_3D('',#536,#537,#538);
#536 = CARTESIAN_POINT('',(16.25,28.145825622994,0.8));
#537 = DIRECTION('',(-0.,0.,-1.));
#538 = DIRECTION('',(-0.5,-0.866025403784,0.));
#539 = PCURVE('',#47,#540);
#540 = DEFINITIONAL_REPRESENTATION('',(#541),#545);
#541 = LINE('',#542,#543);
#542 = CARTESIAN_POINT('',(0.,-0.));
#543 = VECTOR('',#544,1.);
#544 = DIRECTION('',(1.,-0.));
#545 = ( GEOMETRIC_REPRESENTATION_CONTEXT(2) 
PARAMETRIC_REPRESENTATION_CONTEXT() REPRESENTATION_CONTEXT('2D SPACE',''
  ) );
#546 = PCURVE('',#547,#552);
#547 = CYLINDRICAL_SURFACE('',#548,4.2);
#548 = AXIS2_PLACEMENT_3D('',#549,#550,#551);
#549 = CARTESIAN_POINT('',(16.25,28.145825622994,34.8));
#550 = DIRECTION('',(0.,0.,-1.));
#551 = DIRECTION('',(-0.5,-0.866025403784,0.));
#552 = DEFINITIONAL_REPRESENTATION('',(#553),#557);
#553 = LINE('',#554,#555);
#554 = CARTESIAN_POINT('',(4.229421046191E-16,34.));
#555 = VECTOR('',#556,1.);
#556 = DIRECTION('',(1.,0.));
#557 = ( GEOMETRIC_REPRESENTATION_CONTEXT(2) 
PARAMETRIC_REPRESENTATION_CONTEXT() REPRESENTATION_CONTEXT('2D SPACE',''
  ) );
#558 = ADVANCED_FACE('',(#559),#82,.F.);
#559 = FACE_BOUND('',#560,.T.);
#560 = EDGE_LOOP('',(#561,#582,#583,#584));
#561 = ORIENTED_EDGE('',*,*,#562,.F.);
#562 = EDGE_CURVE('',#62,#563,#565,.T.);
#563 = VERTEX_POINT('',#564);
#564 = CARTESIAN_POINT('',(28.3,0.,0.8));
#565 = SEAM_CURVE('',#566,(#570,#576),.PCURVE_S1.);
#566 = LINE('',#567,#568);
#567 = CARTESIAN_POINT('',(28.3,0.,0.8));
#568 = VECTOR('',#569,1.);
#569 = DIRECTION('',(0.707106781187,-0.,0.707106781187));
#570 = PCURVE('',#82,#571);
#571 = DEFINITIONAL_REPRESENTATION('',(#572),#575);
#572 = B_SPLINE_CURVE_WITH_KNOTS('',1,(#573,#574),.UNSPECIFIED.,.F.,.F.,
  (2,2),(-1.131370849898,0.),.PIECEWISE_BEZIER_KNOTS.);
#573 = CARTESIAN_POINT('',(0.,0.8));
#574 = CARTESIAN_POINT('',(0.,0.));
#575 = ( GEOMETRIC_REPRESENTATION_CONTEXT(2) 
PARAMETRIC_REPRESENTATION_CONTEXT() REPRESENTATION_CONTEXT('2D SPACE',''
  ) );
#576 = PCURVE('',#82,#577);
#577 = DEFINITIONAL_REPRESENTATION('',(#578),#581);
#578 = B_SPLINE_CURVE_WITH_KNOTS('',1,(#579,#580),.UNSPECIFIED.,.F.,.F.,
  (2,2),(-1.131370849898,0.),.PIECEWISE_BEZIER_KNOTS.);
#579 = CARTESIAN_POINT('',(6.28318530718,0.8));
#580 = CARTESIAN_POINT('',(6.28318530718,0.));
#581 = ( GEOMETRIC_REPRESENTATION_CONTEXT(2) 
PARAMETRIC_REPRESENTATION_CONTEXT() REPRESENTATION_CONTEXT('2D SPACE',''
  ) );
#582 = ORIENTED_EDGE('',*,*,#61,.T.);
#583 = ORIENTED_EDGE('',*,*,#562,.T.);
#584 = ORIENTED_EDGE('',*,*,#585,.F.);
#585 = EDGE_CURVE('',#563,#563,#586,.T.);
#586 = SURFACE_CURVE('',#587,(#592,#599),.PCURVE_S1.);
#587 = CIRCLE('',#588,4.2);
#588 = AXIS2_PLACEMENT_3D('',#589,#590,#591);
#589 = CARTESIAN_POINT('',(32.5,0.,0.8));
#590 = DIRECTION('',(0.,0.,-1.));
#591 = DIRECTION('',(-1.,0.,0.));
#592 = PCURVE('',#82,#593);
#593 = DEFINITIONAL_REPRESENTATION('',(#594),#598);
#594 = LINE('',#595,#596);
#595 = CARTESIAN_POINT('',(0.,-0.));
#596 = VECTOR('',#597,1.);
#597 = DIRECTION('',(1.,-0.));
#598 = ( GEOMETRIC_REPRESENTATION_CONTEXT(2) 
PARAMETRIC_REPRESENTATION_CONTEXT() REPRESENTATION_CONTEXT('2D SPACE',''
  ) );
#599 = PCURVE('',#600,#605);
#600 = CYLINDRICAL_SURFACE('',#601,4.2);
#601 = AXIS2_PLACEMENT_3D('',#602,#603,#604);
#602 = CARTESIAN_POINT('',(32.5,0.,34.8));
#603 = DIRECTION('',(0.,0.,-1.));
#604 = DIRECTION('',(-1.,0.,0.));
#605 = DEFINITIONAL_REPRESENTATION('',(#606),#610);
#606 = LINE('',#607,#608);
#607 = CARTESIAN_POINT('',(0.,34.));
#608 = VECTOR('',#609,1.);
#609 = DIRECTION('',(1.,0.));
#610 = ( GEOMETRIC_REPRESENTATION_CONTEXT(2) 
PARAMETRIC_REPRESENTATION_CONTEXT() REPRESENTATION_CONTEXT('2D SPACE',''
  ) );
#611 = ADVANCED_FACE('',(#612),#117,.F.);
#612 = FACE_BOUND('',#613,.T.);
#613 = EDGE_LOOP('',(#614,#635,#636,#637));
#614 = ORIENTED_EDGE('',*,*,#615,.F.);
#615 = EDGE_CURVE('',#97,#616,#618,.T.);
#616 = VERTEX_POINT('',#617);
#617 = CARTESIAN_POINT('',(-5.037565805158E-15,-28.3,0.8));
#618 = SEAM_CURVE('',#619,(#623,#629),.PCURVE_S1.);
#619 = LINE('',#620,#621);
#620 = CARTESIAN_POINT('',(-5.037565805158E-15,-28.3,0.8));
#621 = VECTOR('',#622,1.);
#622 = DIRECTION('',(-1.570092458684E-16,-0.707106781187,0.707106781187)
  );
#623 = PCURVE('',#117,#624);
#624 = DEFINITIONAL_REPRESENTATION('',(#625),#628);
#625 = B_SPLINE_CURVE_WITH_KNOTS('',1,(#626,#627),.UNSPECIFIED.,.F.,.F.,
  (2,2),(-1.131370849898,0.),.PIECEWISE_BEZIER_KNOTS.);
#626 = CARTESIAN_POINT('',(0.,0.8));
#627 = CARTESIAN_POINT('',(0.,0.));
#628 = ( GEOMETRIC_REPRESENTATION_CONTEXT(2) 
PARAMETRIC_REPRESENTATION_CONTEXT() REPRESENTATION_CONTEXT('2D SPACE',''
  ) );
#629 = PCURVE('',#117,#630);
#630 = DEFINITIONAL_REPRESENTATION('',(#631),#634);
#631 = B_SPLINE_CURVE_WITH_KNOTS('',1,(#632,#633),.UNSPECIFIED.,.F.,.F.,
  (2,2),(-1.131370849898,0.),.PIECEWISE_BEZIER_KNOTS.);
#632 = CARTESIAN_POINT('',(6.28318530718,0.8));
#633 = CARTESIAN_POINT('',(6.28318530718,0.));
#634 = ( GEOMETRIC_REPRESENTATION_CONTEXT(2) 
PARAMETRIC_REPRESENTATION_CONTEXT() REPRESENTATION_CONTEXT('2D SPACE',''
  ) );
#635 = ORIENTED_EDGE('',*,*,#96,.T.);
#636 = ORIENTED_EDGE('',*,*,#615,.T.);
#637 = ORIENTED_EDGE('',*,*,#638,.F.);
#638 = EDGE_CURVE('',#616,#616,#639,.T.);
#639 = SURFACE_CURVE('',#640,(#645,#652),.PCURVE_S1.);
#640 = CIRCLE('',#641,4.2);
#641 = AXIS2_PLACEMENT_3D('',#642,#643,#644);
#642 = CARTESIAN_POINT('',(-5.970153145843E-15,-32.5,0.8));
#643 = DIRECTION('',(0.,0.,-1.));
#644 = DIRECTION('',(2.22044604925E-16,1.,0.));
#645 = PCURVE('',#117,#646);
#646 = DEFINITIONAL_REPRESENTATION('',(#647),#651);
#647 = LINE('',#648,#649);
#648 = CARTESIAN_POINT('',(0.,-0.));
#649 = VECTOR('',#650,1.);
#650 = DIRECTION('',(1.,-0.));
#651 = ( GEOMETRIC_REPRESENTATION_CONTEXT(2) 
PARAMETRIC_REPRESENTATION_CONTEXT() REPRESENTATION_CONTEXT('2D SPACE',''
  ) );
#652 = PCURVE('',#653,#658);
#653 = CYLINDRICAL_SURFACE('',#654,4.2);
#654 = AXIS2_PLACEMENT_3D('',#655,#656,#657);
#655 = CARTESIAN_POINT('',(-5.970153145843E-15,-32.5,34.8));
#656 = DIRECTION('',(0.,-0.,-1.));
#657 = DIRECTION('',(2.22044604925E-16,1.,0.));
#658 = DEFINITIONAL_REPRESENTATION('',(#659),#663);
#659 = LINE('',#660,#661);
#660 = CARTESIAN_POINT('',(0.,34.));
#661 = VECTOR('',#662,1.);
#662 = DIRECTION('',(1.,0.));
#663 = ( GEOMETRIC_REPRESENTATION_CONTEXT(2) 
PARAMETRIC_REPRESENTATION_CONTEXT() REPRESENTATION_CONTEXT('2D SPACE',''
  ) );
#664 = ADVANCED_FACE('',(#665),#152,.F.);
#665 = FACE_BOUND('',#666,.T.);
#666 = EDGE_LOOP('',(#667,#688,#689,#690));
#667 = ORIENTED_EDGE('',*,*,#668,.F.);
#668 = EDGE_CURVE('',#132,#669,#671,.T.);
#669 = VERTEX_POINT('',#670);
#670 = CARTESIAN_POINT('',(-14.15,24.5085189271,0.8));
#671 = SEAM_CURVE('',#672,(#676,#682),.PCURVE_S1.);
#672 = LINE('',#673,#674);
#673 = CARTESIAN_POINT('',(-14.15,24.5085189271,0.8));
#674 = VECTOR('',#675,1.);
#675 = DIRECTION('',(-0.353553390593,0.612372435696,0.707106781187));
#676 = PCURVE('',#152,#677);
#677 = DEFINITIONAL_REPRESENTATION('',(#678),#681);
#678 = B_SPLINE_CURVE_WITH_KNOTS('',1,(#679,#680),.UNSPECIFIED.,.F.,.F.,
  (2,2),(-1.131370849898,0.),.PIECEWISE_BEZIER_KNOTS.);
#679 = CARTESIAN_POINT('',(0.,0.8));
#680 = CARTESIAN_POINT('',(0.,0.));
#681 = ( GEOMETRIC_REPRESENTATION_CONTEXT(2) 
PARAMETRIC_REPRESENTATION_CONTEXT() REPRESENTATION_CONTEXT('2D SPACE',''
  ) );
#682 = PCURVE('',#152,#683);
#683 = DEFINITIONAL_REPRESENTATION('',(#684),#687);
#684 = B_SPLINE_CURVE_WITH_KNOTS('',1,(#685,#686),.UNSPECIFIED.,.F.,.F.,
  (2,2),(-1.131370849898,0.),.PIECEWISE_BEZIER_KNOTS.);
#685 = CARTESIAN_POINT('',(6.28318530718,0.8));
#686 = CARTESIAN_POINT('',(6.28318530718,0.));
#687 = ( GEOMETRIC_REPRESENTATION_CONTEXT(2) 
PARAMETRIC_REPRESENTATION_CONTEXT() REPRESENTATION_CONTEXT('2D SPACE',''
  ) );
#688 = ORIENTED_EDGE('',*,*,#131,.T.);
#689 = ORIENTED_EDGE('',*,*,#668,.T.);
#690 = ORIENTED_EDGE('',*,*,#691,.F.);
#691 = EDGE_CURVE('',#669,#669,#692,.T.);
#692 = SURFACE_CURVE('',#693,(#698,#705),.PCURVE_S1.);
#693 = CIRCLE('',#694,4.2);
#694 = AXIS2_PLACEMENT_3D('',#695,#696,#697);
#695 = CARTESIAN_POINT('',(-16.25,28.145825622994,0.8));
#696 = DIRECTION('',(-0.,0.,-1.));
#697 = DIRECTION('',(0.5,-0.866025403784,-0.));
#698 = PCURVE('',#152,#699);
#699 = DEFINITIONAL_REPRESENTATION('',(#700),#704);
#700 = LINE('',#701,#702);
#701 = CARTESIAN_POINT('',(0.,-0.));
#702 = VECTOR('',#703,1.);
#703 = DIRECTION('',(1.,-0.));
#704 = ( GEOMETRIC_REPRESENTATION_CONTEXT(2) 
PARAMETRIC_REPRESENTATION_CONTEXT() REPRESENTATION_CONTEXT('2D SPACE',''
  ) );
#705 = PCURVE('',#706,#711);
#706 = CYLINDRICAL_SURFACE('',#707,4.2);
#707 = AXIS2_PLACEMENT_3D('',#708,#709,#710);
#708 = CARTESIAN_POINT('',(-16.25,28.145825622994,34.8));
#709 = DIRECTION('',(-0.,0.,-1.));
#710 = DIRECTION('',(0.5,-0.866025403784,0.));
#711 = DEFINITIONAL_REPRESENTATION('',(#712),#716);
#712 = LINE('',#713,#714);
#713 = CARTESIAN_POINT('',(0.,34.));
#714 = VECTOR('',#715,1.);
#715 = DIRECTION('',(1.,0.));
#716 = ( GEOMETRIC_REPRESENTATION_CONTEXT(2) 
PARAMETRIC_REPRESENTATION_CONTEXT() REPRESENTATION_CONTEXT('2D SPACE',''
  ) );
#717 = ADVANCED_FACE('',(#718),#187,.F.);
#718 = FACE_BOUND('',#719,.T.);
#719 = EDGE_LOOP('',(#720,#741,#742,#743));
#720 = ORIENTED_EDGE('',*,*,#721,.F.);
#721 = EDGE_CURVE('',#167,#722,#724,.T.);
#722 = VERTEX_POINT('',#723);
#723 = CARTESIAN_POINT('',(24.5085189271,-14.15,0.8));
#724 = SEAM_CURVE('',#725,(#729,#735),.PCURVE_S1.);
#725 = LINE('',#726,#727);
#726 = CARTESIAN_POINT('',(24.5085189271,-14.15,0.8));
#727 = VECTOR('',#728,1.);
#728 = DIRECTION('',(0.612372435696,-0.353553390593,0.707106781187));
#729 = PCURVE('',#187,#730);
#730 = DEFINITIONAL_REPRESENTATION('',(#731),#734);
#731 = B_SPLINE_CURVE_WITH_KNOTS('',1,(#732,#733),.UNSPECIFIED.,.F.,.F.,
  (2,2),(-1.131370849898,0.),.PIECEWISE_BEZIER_KNOTS.);
#732 = CARTESIAN_POINT('',(0.,0.8));
#733 = CARTESIAN_POINT('',(0.,0.));
#734 = ( GEOMETRIC_REPRESENTATION_CONTEXT(2) 
PARAMETRIC_REPRESENTATION_CONTEXT() REPRESENTATION_CONTEXT('2D SPACE',''
  ) );
#735 = PCURVE('',#187,#736);
#736 = DEFINITIONAL_REPRESENTATION('',(#737),#740);
#737 = B_SPLINE_CURVE_WITH_KNOTS('',1,(#738,#739),.UNSPECIFIED.,.F.,.F.,
  (2,2),(-1.131370849898,0.),.PIECEWISE_BEZIER_KNOTS.);
#738 = CARTESIAN_POINT('',(6.28318530718,0.8));
#739 = CARTESIAN_POINT('',(6.28318530718,0.));
#740 = ( GEOMETRIC_REPRESENTATION_CONTEXT(2) 
PARAMETRIC_REPRESENTATION_CONTEXT() REPRESENTATION_CONTEXT('2D SPACE',''
  ) );
#741 = ORIENTED_EDGE('',*,*,#166,.T.);
#742 = ORIENTED_EDGE('',*,*,#721,.T.);
#743 = ORIENTED_EDGE('',*,*,#744,.F.);
#744 = EDGE_CURVE('',#722,#722,#745,.T.);
#745 = SURFACE_CURVE('',#746,(#751,#758),.PCURVE_S1.);
#746 = CIRCLE('',#747,4.2);
#747 = AXIS2_PLACEMENT_3D('',#748,#749,#750);
#748 = CARTESIAN_POINT('',(28.145825622994,-16.25,0.8));
#749 = DIRECTION('',(0.,0.,-1.));
#750 = DIRECTION('',(-0.866025403784,0.5,0.));
#751 = PCURVE('',#187,#752);
#752 = DEFINITIONAL_REPRESENTATION('',(#753),#757);
#753 = LINE('',#754,#755);
#754 = CARTESIAN_POINT('',(0.,-0.));
#755 = VECTOR('',#756,1.);
#756 = DIRECTION('',(1.,-0.));
#757 = ( GEOMETRIC_REPRESENTATION_CONTEXT(2) 
PARAMETRIC_REPRESENTATION_CONTEXT() REPRESENTATION_CONTEXT('2D SPACE',''
  ) );
#758 = PCURVE('',#759,#764);
#759 = CYLINDRICAL_SURFACE('',#760,4.2);
#760 = AXIS2_PLACEMENT_3D('',#761,#762,#763);
#761 = CARTESIAN_POINT('',(28.145825622994,-16.25,34.8));
#762 = DIRECTION('',(0.,0.,-1.));
#763 = DIRECTION('',(-0.866025403784,0.5,0.));
#764 = DEFINITIONAL_REPRESENTATION('',(#765),#769);
#765 = LINE('',#766,#767);
#766 = CARTESIAN_POINT('',(0.,34.));
#767 = VECTOR('',#768,1.);
#768 = DIRECTION('',(1.,0.));
#769 = ( GEOMETRIC_REPRESENTATION_CONTEXT(2) 
PARAMETRIC_REPRESENTATION_CONTEXT() REPRESENTATION_CONTEXT('2D SPACE',''
  ) );
#770 = ADVANCED_FACE('',(#771),#222,.F.);
#771 = FACE_BOUND('',#772,.T.);
#772 = EDGE_LOOP('',(#773,#794,#795,#796));
#773 = ORIENTED_EDGE('',*,*,#774,.F.);
#774 = EDGE_CURVE('',#202,#775,#777,.T.);
#775 = VERTEX_POINT('',#776);
#776 = CARTESIAN_POINT('',(-14.15,-24.5085189271,0.8));
#777 = SEAM_CURVE('',#778,(#782,#788),.PCURVE_S1.);
#778 = LINE('',#779,#780);
#779 = CARTESIAN_POINT('',(-14.15,-24.5085189271,0.8));
#780 = VECTOR('',#781,1.);
#781 = DIRECTION('',(-0.353553390593,-0.612372435696,0.707106781187));
#782 = PCURVE('',#222,#783);
#783 = DEFINITIONAL_REPRESENTATION('',(#784),#787);
#784 = B_SPLINE_CURVE_WITH_KNOTS('',1,(#785,#786),.UNSPECIFIED.,.F.,.F.,
  (2,2),(-1.131370849898,0.),.PIECEWISE_BEZIER_KNOTS.);
#785 = CARTESIAN_POINT('',(0.,0.8));
#786 = CARTESIAN_POINT('',(0.,0.));
#787 = ( GEOMETRIC_REPRESENTATION_CONTEXT(2) 
PARAMETRIC_REPRESENTATION_CONTEXT() REPRESENTATION_CONTEXT('2D SPACE',''
  ) );
#788 = PCURVE('',#222,#789);
#789 = DEFINITIONAL_REPRESENTATION('',(#790),#793);
#790 = B_SPLINE_CURVE_WITH_KNOTS('',1,(#791,#792),.UNSPECIFIED.,.F.,.F.,
  (2,2),(-1.131370849898,0.),.PIECEWISE_BEZIER_KNOTS.);
#791 = CARTESIAN_POINT('',(6.28318530718,0.8));
#792 = CARTESIAN_POINT('',(6.28318530718,0.));
#793 = ( GEOMETRIC_REPRESENTATION_CONTEXT(2) 
PARAMETRIC_REPRESENTATION_CONTEXT() REPRESENTATION_CONTEXT('2D SPACE',''
  ) );
#794 = ORIENTED_EDGE('',*,*,#201,.T.);
#795 = ORIENTED_EDGE('',*,*,#774,.T.);
#796 = ORIENTED_EDGE('',*,*,#797,.F.);
#797 = EDGE_CURVE('',#775,#775,#798,.T.);
#798 = SURFACE_CURVE('',#799,(#804,#811),.PCURVE_S1.);
#799 = CIRCLE('',#800,4.2);
#800 = AXIS2_PLACEMENT_3D('',#801,#802,#803);
#801 = CARTESIAN_POINT('',(-16.25,-28.14582562299,0.8));
#802 = DIRECTION('',(0.,0.,-1.));
#803 = DIRECTION('',(0.5,0.866025403784,0.));
#804 = PCURVE('',#222,#805);
#805 = DEFINITIONAL_REPRESENTATION('',(#806),#810);
#806 = LINE('',#807,#808);
#807 = CARTESIAN_POINT('',(0.,-0.));
#808 = VECTOR('',#809,1.);
#809 = DIRECTION('',(1.,-0.));
#810 = ( GEOMETRIC_REPRESENTATION_CONTEXT(2) 
PARAMETRIC_REPRESENTATION_CONTEXT() REPRESENTATION_CONTEXT('2D SPACE',''
  ) );
#811 = PCURVE('',#812,#817);
#812 = CYLINDRICAL_SURFACE('',#813,4.2);
#813 = AXIS2_PLACEMENT_3D('',#814,#815,#816);
#814 = CARTESIAN_POINT('',(-16.25,-28.14582562299,34.8));
#815 = DIRECTION('',(0.,-0.,-1.));
#816 = DIRECTION('',(0.5,0.866025403784,0.));
#817 = DEFINITIONAL_REPRESENTATION('',(#818),#822);
#818 = LINE('',#819,#820);
#819 = CARTESIAN_POINT('',(0.,34.));
#820 = VECTOR('',#821,1.);
#821 = DIRECTION('',(1.,0.));
#822 = ( GEOMETRIC_REPRESENTATION_CONTEXT(2) 
PARAMETRIC_REPRESENTATION_CONTEXT() REPRESENTATION_CONTEXT('2D SPACE',''
  ) );
#823 = ADVANCED_FACE('',(#824),#257,.F.);
#824 = FACE_BOUND('',#825,.T.);
#825 = EDGE_LOOP('',(#826,#847,#848,#849));
#826 = ORIENTED_EDGE('',*,*,#827,.F.);
#827 = EDGE_CURVE('',#237,#828,#830,.T.);
#828 = VERTEX_POINT('',#829);
#829 = CARTESIAN_POINT('',(-28.3,3.465750441587E-15,0.8));
#830 = SEAM_CURVE('',#831,(#835,#841),.PCURVE_S1.);
#831 = LINE('',#832,#833);
#832 = CARTESIAN_POINT('',(-28.3,3.465750441587E-15,0.8));
#833 = VECTOR('',#834,1.);
#834 = DIRECTION('',(-0.707106781187,8.659560562355E-17,0.707106781187)
  );
#835 = PCURVE('',#257,#836);
#836 = DEFINITIONAL_REPRESENTATION('',(#837),#840);
#837 = B_SPLINE_CURVE_WITH_KNOTS('',1,(#838,#839),.UNSPECIFIED.,.F.,.F.,
  (2,2),(-1.131370849898,0.),.PIECEWISE_BEZIER_KNOTS.);
#838 = CARTESIAN_POINT('',(-9.391201252631E-32,0.8));
#839 = CARTESIAN_POINT('',(-9.391201252631E-32,0.));
#840 = ( GEOMETRIC_REPRESENTATION_CONTEXT(2) 
PARAMETRIC_REPRESENTATION_CONTEXT() REPRESENTATION_CONTEXT('2D SPACE',''
  ) );
#841 = PCURVE('',#257,#842);
#842 = DEFINITIONAL_REPRESENTATION('',(#843),#846);
#843 = B_SPLINE_CURVE_WITH_KNOTS('',1,(#844,#845),.UNSPECIFIED.,.F.,.F.,
  (2,2),(-1.131370849898,0.),.PIECEWISE_BEZIER_KNOTS.);
#844 = CARTESIAN_POINT('',(6.28318530718,0.8));
#845 = CARTESIAN_POINT('',(6.28318530718,0.));
#846 = ( GEOMETRIC_REPRESENTATION_CONTEXT(2) 
PARAMETRIC_REPRESENTATION_CONTEXT() REPRESENTATION_CONTEXT('2D SPACE',''
  ) );
#847 = ORIENTED_EDGE('',*,*,#236,.T.);
#848 = ORIENTED_EDGE('',*,*,#827,.T.);
#849 = ORIENTED_EDGE('',*,*,#850,.F.);
#850 = EDGE_CURVE('',#828,#828,#851,.T.);
#851 = SURFACE_CURVE('',#852,(#857,#864),.PCURVE_S1.);
#852 = CIRCLE('',#853,4.2);
#853 = AXIS2_PLACEMENT_3D('',#854,#855,#856);
#854 = CARTESIAN_POINT('',(-32.5,3.980102097229E-15,0.8));
#855 = DIRECTION('',(-0.,0.,-1.));
#856 = DIRECTION('',(1.,-1.224646799147E-16,-0.));
#857 = PCURVE('',#257,#858);
#858 = DEFINITIONAL_REPRESENTATION('',(#859),#863);
#859 = LINE('',#860,#861);
#860 = CARTESIAN_POINT('',(0.,-0.));
#861 = VECTOR('',#862,1.);
#862 = DIRECTION('',(1.,-0.));
#863 = ( GEOMETRIC_REPRESENTATION_CONTEXT(2) 
PARAMETRIC_REPRESENTATION_CONTEXT() REPRESENTATION_CONTEXT('2D SPACE',''
  ) );
#864 = PCURVE('',#865,#870);
#865 = CYLINDRICAL_SURFACE('',#866,4.2);
#866 = AXIS2_PLACEMENT_3D('',#867,#868,#869);
#867 = CARTESIAN_POINT('',(-32.5,3.980102097229E-15,34.8));
#868 = DIRECTION('',(-0.,0.,-1.));
#869 = DIRECTION('',(1.,-1.224646799147E-16,0.));
#870 = DEFINITIONAL_REPRESENTATION('',(#871),#875);
#871 = LINE('',#872,#873);
#872 = CARTESIAN_POINT('',(9.391201252631E-32,34.));
#873 = VECTOR('',#874,1.);
#874 = DIRECTION('',(1.,0.));
#875 = ( GEOMETRIC_REPRESENTATION_CONTEXT(2) 
PARAMETRIC_REPRESENTATION_CONTEXT() REPRESENTATION_CONTEXT('2D SPACE',''
  ) );
#876 = ADVANCED_FACE('',(#877),#292,.F.);
#877 = FACE_BOUND('',#878,.T.);
#878 = EDGE_LOOP('',(#879,#900,#901,#902));
#879 = ORIENTED_EDGE('',*,*,#880,.F.);
#880 = EDGE_CURVE('',#272,#881,#883,.T.);
#881 = VERTEX_POINT('',#882);
#882 = CARTESIAN_POINT('',(-24.5085189271,-14.15,0.8));
#883 = SEAM_CURVE('',#884,(#888,#894),.PCURVE_S1.);
#884 = LINE('',#885,#886);
#885 = CARTESIAN_POINT('',(-24.5085189271,-14.15,0.8));
#886 = VECTOR('',#887,1.);
#887 = DIRECTION('',(-0.612372435696,-0.353553390593,0.707106781187));
#888 = PCURVE('',#292,#889);
#889 = DEFINITIONAL_REPRESENTATION('',(#890),#893);
#890 = B_SPLINE_CURVE_WITH_KNOTS('',1,(#891,#892),.UNSPECIFIED.,.F.,.F.,
  (2,2),(-1.131370849898,0.),.PIECEWISE_BEZIER_KNOTS.);
#891 = CARTESIAN_POINT('',(0.,0.8));
#892 = CARTESIAN_POINT('',(0.,0.));
#893 = ( GEOMETRIC_REPRESENTATION_CONTEXT(2) 
PARAMETRIC_REPRESENTATION_CONTEXT() REPRESENTATION_CONTEXT('2D SPACE',''
  ) );
#894 = PCURVE('',#292,#895);
#895 = DEFINITIONAL_REPRESENTATION('',(#896),#899);
#896 = B_SPLINE_CURVE_WITH_KNOTS('',1,(#897,#898),.UNSPECIFIED.,.F.,.F.,
  (2,2),(-1.131370849898,0.),.PIECEWISE_BEZIER_KNOTS.);
#897 = CARTESIAN_POINT('',(6.28318530718,0.8));
#898 = CARTESIAN_POINT('',(6.28318530718,0.));
#899 = ( GEOMETRIC_REPRESENTATION_CONTEXT(2) 
PARAMETRIC_REPRESENTATION_CONTEXT() REPRESENTATION_CONTEXT('2D SPACE',''
  ) );
#900 = ORIENTED_EDGE('',*,*,#271,.T.);
#901 = ORIENTED_EDGE('',*,*,#880,.T.);
#902 = ORIENTED_EDGE('',*,*,#903,.F.);
#903 = EDGE_CURVE('',#881,#881,#904,.T.);
#904 = SURFACE_CURVE('',#905,(#910,#917),.PCURVE_S1.);
#905 = CIRCLE('',#906,4.2);
#906 = AXIS2_PLACEMENT_3D('',#907,#908,#909);
#907 = CARTESIAN_POINT('',(-28.14582562299,-16.25,0.8));
#908 = DIRECTION('',(0.,0.,-1.));
#909 = DIRECTION('',(0.866025403784,0.5,0.));
#910 = PCURVE('',#292,#911);
#911 = DEFINITIONAL_REPRESENTATION('',(#912),#916);
#912 = LINE('',#913,#914);
#913 = CARTESIAN_POINT('',(0.,-0.));
#914 = VECTOR('',#915,1.);
#915 = DIRECTION('',(1.,-0.));
#916 = ( GEOMETRIC_REPRESENTATION_CONTEXT(2) 
PARAMETRIC_REPRESENTATION_CONTEXT() REPRESENTATION_CONTEXT('2D SPACE',''
  ) );
#917 = PCURVE('',#918,#923);
#918 = CYLINDRICAL_SURFACE('',#919,4.2);
#919 = AXIS2_PLACEMENT_3D('',#920,#921,#922);
#920 = CARTESIAN_POINT('',(-28.14582562299,-16.25,34.8));
#921 = DIRECTION('',(0.,-0.,-1.));
#922 = DIRECTION('',(0.866025403784,0.5,0.));
#923 = DEFINITIONAL_REPRESENTATION('',(#924),#928);
#924 = LINE('',#925,#926);
#925 = CARTESIAN_POINT('',(0.,34.));
#926 = VECTOR('',#927,1.);
#927 = DIRECTION('',(1.,0.));
#928 = ( GEOMETRIC_REPRESENTATION_CONTEXT(2) 
PARAMETRIC_REPRESENTATION_CONTEXT() REPRESENTATION_CONTEXT('2D SPACE',''
  ) );
#929 = ADVANCED_FACE('',(#930),#323,.T.);
#930 = FACE_BOUND('',#931,.T.);
#931 = EDGE_LOOP('',(#932,#953,#954,#955));
#932 = ORIENTED_EDGE('',*,*,#933,.F.);
#933 = EDGE_CURVE('',#307,#934,#936,.T.);
#934 = VERTEX_POINT('',#935);
#935 = CARTESIAN_POINT('',(54.25,0.,0.8));
#936 = SEAM_CURVE('',#937,(#941,#947),.PCURVE_S1.);
#937 = LINE('',#938,#939);
#938 = CARTESIAN_POINT('',(54.25,0.,0.8));
#939 = VECTOR('',#940,1.);
#940 = DIRECTION('',(0.707106781187,0.,0.707106781187));
#941 = PCURVE('',#323,#942);
#942 = DEFINITIONAL_REPRESENTATION('',(#943),#946);
#943 = B_SPLINE_CURVE_WITH_KNOTS('',1,(#944,#945),.UNSPECIFIED.,.F.,.F.,
  (2,2),(-1.131370849898,0.),.PIECEWISE_BEZIER_KNOTS.);
#944 = CARTESIAN_POINT('',(0.,-0.8));
#945 = CARTESIAN_POINT('',(0.,0.));
#946 = ( GEOMETRIC_REPRESENTATION_CONTEXT(2) 
PARAMETRIC_REPRESENTATION_CONTEXT() REPRESENTATION_CONTEXT('2D SPACE',''
  ) );
#947 = PCURVE('',#323,#948);
#948 = DEFINITIONAL_REPRESENTATION('',(#949),#952);
#949 = B_SPLINE_CURVE_WITH_KNOTS('',1,(#950,#951),.UNSPECIFIED.,.F.,.F.,
  (2,2),(-1.131370849898,0.),.PIECEWISE_BEZIER_KNOTS.);
#950 = CARTESIAN_POINT('',(6.28318530718,-0.8));
#951 = CARTESIAN_POINT('',(6.28318530718,0.));
#952 = ( GEOMETRIC_REPRESENTATION_CONTEXT(2) 
PARAMETRIC_REPRESENTATION_CONTEXT() REPRESENTATION_CONTEXT('2D SPACE',''
  ) );
#953 = ORIENTED_EDGE('',*,*,#306,.T.);
#954 = ORIENTED_EDGE('',*,*,#933,.T.);
#955 = ORIENTED_EDGE('',*,*,#956,.F.);
#956 = EDGE_CURVE('',#934,#934,#957,.T.);
#957 = SURFACE_CURVE('',#958,(#963,#970),.PCURVE_S1.);
#958 = CIRCLE('',#959,54.25);
#959 = AXIS2_PLACEMENT_3D('',#960,#961,#962);
#960 = CARTESIAN_POINT('',(0.,0.,0.8));
#961 = DIRECTION('',(0.,-0.,1.));
#962 = DIRECTION('',(1.,0.,0.));
#963 = PCURVE('',#323,#964);
#964 = DEFINITIONAL_REPRESENTATION('',(#965),#969);
#965 = LINE('',#966,#967);
#966 = CARTESIAN_POINT('',(0.,0.));
#967 = VECTOR('',#968,1.);
#968 = DIRECTION('',(1.,0.));
#969 = ( GEOMETRIC_REPRESENTATION_CONTEXT(2) 
PARAMETRIC_REPRESENTATION_CONTEXT() REPRESENTATION_CONTEXT('2D SPACE',''
  ) );
#970 = PCURVE('',#971,#976);
#971 = CYLINDRICAL_SURFACE('',#972,54.25);
#972 = AXIS2_PLACEMENT_3D('',#973,#974,#975);
#973 = CARTESIAN_POINT('',(0.,0.,0.));
#974 = DIRECTION('',(0.,0.,1.));
#975 = DIRECTION('',(1.,0.,-0.));
#976 = DEFINITIONAL_REPRESENTATION('',(#977),#981);
#977 = LINE('',#978,#979);
#978 = CARTESIAN_POINT('',(0.,0.8));
#979 = VECTOR('',#980,1.);
#980 = DIRECTION('',(1.,0.));
#981 = ( GEOMETRIC_REPRESENTATION_CONTEXT(2) 
PARAMETRIC_REPRESENTATION_CONTEXT() REPRESENTATION_CONTEXT('2D SPACE',''
  ) );
#982 = ADVANCED_FACE('',(#983),#358,.F.);
#983 = FACE_BOUND('',#984,.T.);
#984 = EDGE_LOOP('',(#985,#1006,#1007,#1008));
#985 = ORIENTED_EDGE('',*,*,#986,.F.);
#986 = EDGE_CURVE('',#338,#987,#989,.T.);
#987 = VERTEX_POINT('',#988);
#988 = CARTESIAN_POINT('',(14.15,-24.5085189271,0.8));
#989 = SEAM_CURVE('',#990,(#994,#1000),.PCURVE_S1.);
#990 = LINE('',#991,#992);
#991 = CARTESIAN_POINT('',(14.15,-24.5085189271,0.8));
#992 = VECTOR('',#993,1.);
#993 = DIRECTION('',(0.353553390593,-0.612372435696,0.707106781187));
#994 = PCURVE('',#358,#995);
#995 = DEFINITIONAL_REPRESENTATION('',(#996),#999);
#996 = B_SPLINE_CURVE_WITH_KNOTS('',1,(#997,#998),.UNSPECIFIED.,.F.,.F.,
  (2,2),(-1.131370849898,0.),.PIECEWISE_BEZIER_KNOTS.);
#997 = CARTESIAN_POINT('',(0.,0.8));
#998 = CARTESIAN_POINT('',(0.,0.));
#999 = ( GEOMETRIC_REPRESENTATION_CONTEXT(2) 
PARAMETRIC_REPRESENTATION_CONTEXT() REPRESENTATION_CONTEXT('2D SPACE',''
  ) );
#1000 = PCURVE('',#358,#1001);
#1001 = DEFINITIONAL_REPRESENTATION('',(#1002),#1005);
#1002 = B_SPLINE_CURVE_WITH_KNOTS('',1,(#1003,#1004),.UNSPECIFIED.,.F.,
  .F.,(2,2),(-1.131370849898,0.),.PIECEWISE_BEZIER_KNOTS.);
#1003 = CARTESIAN_POINT('',(6.28318530718,0.8));
#1004 = CARTESIAN_POINT('',(6.28318530718,0.));
#1005 = ( GEOMETRIC_REPRESENTATION_CONTEXT(2) 
PARAMETRIC_REPRESENTATION_CONTEXT() REPRESENTATION_CONTEXT('2D SPACE',''
  ) );
#1006 = ORIENTED_EDGE('',*,*,#337,.T.);
#1007 = ORIENTED_EDGE('',*,*,#986,.T.);
#1008 = ORIENTED_EDGE('',*,*,#1009,.F.);
#1009 = EDGE_CURVE('',#987,#987,#1010,.T.);
#1010 = SURFACE_CURVE('',#1011,(#1016,#1023),.PCURVE_S1.);
#1011 = CIRCLE('',#1012,4.2);
#1012 = AXIS2_PLACEMENT_3D('',#1013,#1014,#1015);
#1013 = CARTESIAN_POINT('',(16.25,-28.14582562299,0.8));
#1014 = DIRECTION('',(0.,0.,-1.));
#1015 = DIRECTION('',(-0.5,0.866025403784,0.));
#1016 = PCURVE('',#358,#1017);
#1017 = DEFINITIONAL_REPRESENTATION('',(#1018),#1022);
#1018 = LINE('',#1019,#1020);
#1019 = CARTESIAN_POINT('',(0.,-0.));
#1020 = VECTOR('',#1021,1.);
#1021 = DIRECTION('',(1.,-0.));
#1022 = ( GEOMETRIC_REPRESENTATION_CONTEXT(2) 
PARAMETRIC_REPRESENTATION_CONTEXT() REPRESENTATION_CONTEXT('2D SPACE',''
  ) );
#1023 = PCURVE('',#1024,#1029);
#1024 = CYLINDRICAL_SURFACE('',#1025,4.2);
#1025 = AXIS2_PLACEMENT_3D('',#1026,#1027,#1028);
#1026 = CARTESIAN_POINT('',(16.25,-28.14582562299,34.8));
#1027 = DIRECTION('',(0.,0.,-1.));
#1028 = DIRECTION('',(-0.5,0.866025403784,0.));
#1029 = DEFINITIONAL_REPRESENTATION('',(#1030),#1034);
#1030 = LINE('',#1031,#1032);
#1031 = CARTESIAN_POINT('',(0.,34.));
#1032 = VECTOR('',#1033,1.);
#1033 = DIRECTION('',(1.,0.));
#1034 = ( GEOMETRIC_REPRESENTATION_CONTEXT(2) 
PARAMETRIC_REPRESENTATION_CONTEXT() REPRESENTATION_CONTEXT('2D SPACE',''
  ) );
#1035 = ADVANCED_FACE('',(#1036),#393,.F.);
#1036 = FACE_BOUND('',#1037,.T.);
#1037 = EDGE_LOOP('',(#1038,#1059,#1060,#1061));
#1038 = ORIENTED_EDGE('',*,*,#1039,.F.);
#1039 = EDGE_CURVE('',#373,#1040,#1042,.T.);
#1040 = VERTEX_POINT('',#1041);
#1041 = CARTESIAN_POINT('',(24.5085189271,14.15,0.8));
#1042 = SEAM_CURVE('',#1043,(#1047,#1053),.PCURVE_S1.);
#1043 = LINE('',#1044,#1045);
#1044 = CARTESIAN_POINT('',(24.5085189271,14.15,0.8));
#1045 = VECTOR('',#1046,1.);
#1046 = DIRECTION('',(0.612372435696,0.353553390593,0.707106781187));
#1047 = PCURVE('',#393,#1048);
#1048 = DEFINITIONAL_REPRESENTATION('',(#1049),#1052);
#1049 = B_SPLINE_CURVE_WITH_KNOTS('',1,(#1050,#1051),.UNSPECIFIED.,.F.,
  .F.,(2,2),(-1.131370849898,0.),.PIECEWISE_BEZIER_KNOTS.);
#1050 = CARTESIAN_POINT('',(0.,0.8));
#1051 = CARTESIAN_POINT('',(0.,0.));
#1052 = ( GEOMETRIC_REPRESENTATION_CONTEXT(2) 
PARAMETRIC_REPRESENTATION_CONTEXT() REPRESENTATION_CONTEXT('2D SPACE',''
  ) );
#1053 = PCURVE('',#393,#1054);
#1054 = DEFINITIONAL_REPRESENTATION('',(#1055),#1058);
#1055 = B_SPLINE_CURVE_WITH_KNOTS('',1,(#1056,#1057),.UNSPECIFIED.,.F.,
  .F.,(2,2),(-1.131370849898,0.),.PIECEWISE_BEZIER_KNOTS.);
#1056 = CARTESIAN_POINT('',(6.28318530718,0.8));
#1057 = CARTESIAN_POINT('',(6.28318530718,0.));
#1058 = ( GEOMETRIC_REPRESENTATION_CONTEXT(2) 
PARAMETRIC_REPRESENTATION_CONTEXT() REPRESENTATION_CONTEXT('2D SPACE',''
  ) );
#1059 = ORIENTED_EDGE('',*,*,#372,.T.);
#1060 = ORIENTED_EDGE('',*,*,#1039,.T.);
#1061 = ORIENTED_EDGE('',*,*,#1062,.F.);
#1062 = EDGE_CURVE('',#1040,#1040,#1063,.T.);
#1063 = SURFACE_CURVE('',#1064,(#1069,#1076),.PCURVE_S1.);
#1064 = CIRCLE('',#1065,4.2);
#1065 = AXIS2_PLACEMENT_3D('',#1066,#1067,#1068);
#1066 = CARTESIAN_POINT('',(28.145825622994,16.25,0.8));
#1067 = DIRECTION('',(-0.,0.,-1.));
#1068 = DIRECTION('',(-0.866025403784,-0.5,0.));
#1069 = PCURVE('',#393,#1070);
#1070 = DEFINITIONAL_REPRESENTATION('',(#1071),#1075);
#1071 = LINE('',#1072,#1073);
#1072 = CARTESIAN_POINT('',(0.,-0.));
#1073 = VECTOR('',#1074,1.);
#1074 = DIRECTION('',(1.,-0.));
#1075 = ( GEOMETRIC_REPRESENTATION_CONTEXT(2) 
PARAMETRIC_REPRESENTATION_CONTEXT() REPRESENTATION_CONTEXT('2D SPACE',''
  ) );
#1076 = PCURVE('',#1077,#1082);
#1077 = CYLINDRICAL_SURFACE('',#1078,4.2);
#1078 = AXIS2_PLACEMENT_3D('',#1079,#1080,#1081);
#1079 = CARTESIAN_POINT('',(28.145825622994,16.25,34.8));
#1080 = DIRECTION('',(0.,0.,-1.));
#1081 = DIRECTION('',(-0.866025403784,-0.5,0.));
#1082 = DEFINITIONAL_REPRESENTATION('',(#1083),#1087);
#1083 = LINE('',#1084,#1085);
#1084 = CARTESIAN_POINT('',(0.,34.));
#1085 = VECTOR('',#1086,1.);
#1086 = DIRECTION('',(1.,0.));
#1087 = ( GEOMETRIC_REPRESENTATION_CONTEXT(2) 
PARAMETRIC_REPRESENTATION_CONTEXT() REPRESENTATION_CONTEXT('2D SPACE',''
  ) );
#1088 = ADVANCED_FACE('',(#1089),#424,.F.);
#1089 = FACE_BOUND('',#1090,.F.);
#1090 = EDGE_LOOP('',(#1091,#1112,#1113,#1114));
#1091 = ORIENTED_EDGE('',*,*,#1092,.F.);
#1092 = EDGE_CURVE('',#408,#1093,#1095,.T.);
#1093 = VERTEX_POINT('',#1094);
#1094 = CARTESIAN_POINT('',(10.95,0.,0.8));
#1095 = SEAM_CURVE('',#1096,(#1100,#1106),.PCURVE_S1.);
#1096 = LINE('',#1097,#1098);
#1097 = CARTESIAN_POINT('',(10.95,0.,0.8));
#1098 = VECTOR('',#1099,1.);
#1099 = DIRECTION('',(-0.707106781187,-0.,0.707106781187));
#1100 = PCURVE('',#424,#1101);
#1101 = DEFINITIONAL_REPRESENTATION('',(#1102),#1105);
#1102 = B_SPLINE_CURVE_WITH_KNOTS('',1,(#1103,#1104),.UNSPECIFIED.,.F.,
  .F.,(2,2),(-1.131370849898,0.),.PIECEWISE_BEZIER_KNOTS.);
#1103 = CARTESIAN_POINT('',(0.,0.8));
#1104 = CARTESIAN_POINT('',(0.,0.));
#1105 = ( GEOMETRIC_REPRESENTATION_CONTEXT(2) 
PARAMETRIC_REPRESENTATION_CONTEXT() REPRESENTATION_CONTEXT('2D SPACE',''
  ) );
#1106 = PCURVE('',#424,#1107);
#1107 = DEFINITIONAL_REPRESENTATION('',(#1108),#1111);
#1108 = B_SPLINE_CURVE_WITH_KNOTS('',1,(#1109,#1110),.UNSPECIFIED.,.F.,
  .F.,(2,2),(-1.131370849898,0.),.PIECEWISE_BEZIER_KNOTS.);
#1109 = CARTESIAN_POINT('',(-6.28318530718,0.8));
#1110 = CARTESIAN_POINT('',(-6.28318530718,0.));
#1111 = ( GEOMETRIC_REPRESENTATION_CONTEXT(2) 
PARAMETRIC_REPRESENTATION_CONTEXT() REPRESENTATION_CONTEXT('2D SPACE',''
  ) );
#1112 = ORIENTED_EDGE('',*,*,#407,.T.);
#1113 = ORIENTED_EDGE('',*,*,#1092,.T.);
#1114 = ORIENTED_EDGE('',*,*,#1115,.F.);
#1115 = EDGE_CURVE('',#1093,#1093,#1116,.T.);
#1116 = SURFACE_CURVE('',#1117,(#1122,#1129),.PCURVE_S1.);
#1117 = CIRCLE('',#1118,10.95);
#1118 = AXIS2_PLACEMENT_3D('',#1119,#1120,#1121);
#1119 = CARTESIAN_POINT('',(0.,0.,0.8));
#1120 = DIRECTION('',(0.,-0.,1.));
#1121 = DIRECTION('',(1.,0.,0.));
#1122 = PCURVE('',#424,#1123);
#1123 = DEFINITIONAL_REPRESENTATION('',(#1124),#1128);
#1124 = LINE('',#1125,#1126);
#1125 = CARTESIAN_POINT('',(-0.,-0.));
#1126 = VECTOR('',#1127,1.);
#1127 = DIRECTION('',(-1.,-0.));
#1128 = ( GEOMETRIC_REPRESENTATION_CONTEXT(2) 
PARAMETRIC_REPRESENTATION_CONTEXT() REPRESENTATION_CONTEXT('2D SPACE',''
  ) );
#1129 = PCURVE('',#1130,#1135);
#1130 = CYLINDRICAL_SURFACE('',#1131,10.95);
#1131 = AXIS2_PLACEMENT_3D('',#1132,#1133,#1134);
#1132 = CARTESIAN_POINT('',(0.,0.,34.8));
#1133 = DIRECTION('',(-0.,-0.,-1.));
#1134 = DIRECTION('',(1.,0.,0.));
#1135 = DEFINITIONAL_REPRESENTATION('',(#1136),#1140);
#1136 = LINE('',#1137,#1138);
#1137 = CARTESIAN_POINT('',(-0.,34.));
#1138 = VECTOR('',#1139,1.);
#1139 = DIRECTION('',(-1.,0.));
#1140 = ( GEOMETRIC_REPRESENTATION_CONTEXT(2) 
PARAMETRIC_REPRESENTATION_CONTEXT() REPRESENTATION_CONTEXT('2D SPACE',''
  ) );
#1141 = ADVANCED_FACE('',(#1142),#459,.F.);
#1142 = FACE_BOUND('',#1143,.T.);
#1143 = EDGE_LOOP('',(#1144,#1165,#1166,#1167));
#1144 = ORIENTED_EDGE('',*,*,#1145,.F.);
#1145 = EDGE_CURVE('',#439,#1146,#1148,.T.);
#1146 = VERTEX_POINT('',#1147);
#1147 = CARTESIAN_POINT('',(1.523757378272E-15,28.3,0.8));
#1148 = SEAM_CURVE('',#1149,(#1153,#1159),.PCURVE_S1.);
#1149 = LINE('',#1150,#1151);
#1150 = CARTESIAN_POINT('',(1.523757378272E-15,28.3,0.8));
#1151 = VECTOR('',#1152,1.);
#1152 = DIRECTION('',(7.850462293419E-17,0.707106781187,0.707106781187)
  );
#1153 = PCURVE('',#459,#1154);
#1154 = DEFINITIONAL_REPRESENTATION('',(#1155),#1158);
#1155 = B_SPLINE_CURVE_WITH_KNOTS('',1,(#1156,#1157),.UNSPECIFIED.,.F.,
  .F.,(2,2),(-1.131370849898,0.),.PIECEWISE_BEZIER_KNOTS.);
#1156 = CARTESIAN_POINT('',(0.,0.8));
#1157 = CARTESIAN_POINT('',(0.,0.));
#1158 = ( GEOMETRIC_REPRESENTATION_CONTEXT(2) 
PARAMETRIC_REPRESENTATION_CONTEXT() REPRESENTATION_CONTEXT('2D SPACE',''
  ) );
#1159 = PCURVE('',#459,#1160);
#1160 = DEFINITIONAL_REPRESENTATION('',(#1161),#1164);
#1161 = B_SPLINE_CURVE_WITH_KNOTS('',1,(#1162,#1163),.UNSPECIFIED.,.F.,
  .F.,(2,2),(-1.131370849898,0.),.PIECEWISE_BEZIER_KNOTS.);
#1162 = CARTESIAN_POINT('',(6.28318530718,0.8));
#1163 = CARTESIAN_POINT('',(6.28318530718,0.));
#1164 = ( GEOMETRIC_REPRESENTATION_CONTEXT(2) 
PARAMETRIC_REPRESENTATION_CONTEXT() REPRESENTATION_CONTEXT('2D SPACE',''
  ) );
#1165 = ORIENTED_EDGE('',*,*,#438,.T.);
#1166 = ORIENTED_EDGE('',*,*,#1145,.T.);
#1167 = ORIENTED_EDGE('',*,*,#1168,.F.);
#1168 = EDGE_CURVE('',#1146,#1146,#1169,.T.);
#1169 = SURFACE_CURVE('',#1170,(#1175,#1182),.PCURVE_S1.);
#1170 = CIRCLE('',#1171,4.2);
#1171 = AXIS2_PLACEMENT_3D('',#1172,#1173,#1174);
#1172 = CARTESIAN_POINT('',(1.990051048614E-15,32.5,0.8));
#1173 = DIRECTION('',(-0.,0.,-1.));
#1174 = DIRECTION('',(-1.110223024625E-16,-1.,0.));
#1175 = PCURVE('',#459,#1176);
#1176 = DEFINITIONAL_REPRESENTATION('',(#1177),#1181);
#1177 = LINE('',#1178,#1179);
#1178 = CARTESIAN_POINT('',(0.,-0.));
#1179 = VECTOR('',#1180,1.);
#1180 = DIRECTION('',(1.,-0.));
#1181 = ( GEOMETRIC_REPRESENTATION_CONTEXT(2) 
PARAMETRIC_REPRESENTATION_CONTEXT() REPRESENTATION_CONTEXT('2D SPACE',''
  ) );
#1182 = PCURVE('',#1183,#1188);
#1183 = CYLINDRICAL_SURFACE('',#1184,4.2);
#1184 = AXIS2_PLACEMENT_3D('',#1185,#1186,#1187);
#1185 = CARTESIAN_POINT('',(1.990051048614E-15,32.5,34.8));
#1186 = DIRECTION('',(0.,0.,-1.));
#1187 = DIRECTION('',(-1.110223024625E-16,-1.,0.));
#1188 = DEFINITIONAL_REPRESENTATION('',(#1189),#1193);
#1189 = LINE('',#1190,#1191);
#1190 = CARTESIAN_POINT('',(0.,34.));
#1191 = VECTOR('',#1192,1.);
#1192 = DIRECTION('',(1.,0.));
#1193 = ( GEOMETRIC_REPRESENTATION_CONTEXT(2) 
PARAMETRIC_REPRESENTATION_CONTEXT() REPRESENTATION_CONTEXT('2D SPACE',''
  ) );
#1194 = ADVANCED_FACE('',(#1195),#494,.F.);
#1195 = FACE_BOUND('',#1196,.T.);
#1196 = EDGE_LOOP('',(#1197,#1218,#1219,#1220));
#1197 = ORIENTED_EDGE('',*,*,#1198,.F.);
#1198 = EDGE_CURVE('',#474,#1199,#1201,.T.);
#1199 = VERTEX_POINT('',#1200);
#1200 = CARTESIAN_POINT('',(-24.5085189271,14.15,0.8));
#1201 = SEAM_CURVE('',#1202,(#1206,#1212),.PCURVE_S1.);
#1202 = LINE('',#1203,#1204);
#1203 = CARTESIAN_POINT('',(-24.5085189271,14.15,0.8));
#1204 = VECTOR('',#1205,1.);
#1205 = DIRECTION('',(-0.612372435696,0.353553390593,0.707106781187));
#1206 = PCURVE('',#494,#1207);
#1207 = DEFINITIONAL_REPRESENTATION('',(#1208),#1211);
#1208 = B_SPLINE_CURVE_WITH_KNOTS('',1,(#1209,#1210),.UNSPECIFIED.,.F.,
  .F.,(2,2),(-1.131370849898,0.),.PIECEWISE_BEZIER_KNOTS.);
#1209 = CARTESIAN_POINT('',(0.,0.8));
#1210 = CARTESIAN_POINT('',(0.,0.));
#1211 = ( GEOMETRIC_REPRESENTATION_CONTEXT(2) 
PARAMETRIC_REPRESENTATION_CONTEXT() REPRESENTATION_CONTEXT('2D SPACE',''
  ) );
#1212 = PCURVE('',#494,#1213);
#1213 = DEFINITIONAL_REPRESENTATION('',(#1214),#1217);
#1214 = B_SPLINE_CURVE_WITH_KNOTS('',1,(#1215,#1216),.UNSPECIFIED.,.F.,
  .F.,(2,2),(-1.131370849898,0.),.PIECEWISE_BEZIER_KNOTS.);
#1215 = CARTESIAN_POINT('',(6.28318530718,0.8));
#1216 = CARTESIAN_POINT('',(6.28318530718,0.));
#1217 = ( GEOMETRIC_REPRESENTATION_CONTEXT(2) 
PARAMETRIC_REPRESENTATION_CONTEXT() REPRESENTATION_CONTEXT('2D SPACE',''
  ) );
#1218 = ORIENTED_EDGE('',*,*,#473,.T.);
#1219 = ORIENTED_EDGE('',*,*,#1198,.T.);
#1220 = ORIENTED_EDGE('',*,*,#1221,.F.);
#1221 = EDGE_CURVE('',#1199,#1199,#1222,.T.);
#1222 = SURFACE_CURVE('',#1223,(#1228,#1235),.PCURVE_S1.);
#1223 = CIRCLE('',#1224,4.2);
#1224 = AXIS2_PLACEMENT_3D('',#1225,#1226,#1227);
#1225 = CARTESIAN_POINT('',(-28.14582562299,16.25,0.8));
#1226 = DIRECTION('',(-0.,0.,-1.));
#1227 = DIRECTION('',(0.866025403784,-0.5,-0.));
#1228 = PCURVE('',#494,#1229);
#1229 = DEFINITIONAL_REPRESENTATION('',(#1230),#1234);
#1230 = LINE('',#1231,#1232);
#1231 = CARTESIAN_POINT('',(0.,-0.));
#1232 = VECTOR('',#1233,1.);
#1233 = DIRECTION('',(1.,-0.));
#1234 = ( GEOMETRIC_REPRESENTATION_CONTEXT(2) 
PARAMETRIC_REPRESENTATION_CONTEXT() REPRESENTATION_CONTEXT('2D SPACE',''
  ) );
#1235 = PCURVE('',#1236,#1241);
#1236 = CYLINDRICAL_SURFACE('',#1237,4.2);
#1237 = AXIS2_PLACEMENT_3D('',#1238,#1239,#1240);
#1238 = CARTESIAN_POINT('',(-28.14582562299,16.25,34.8));
#1239 = DIRECTION('',(-0.,0.,-1.));
#1240 = DIRECTION('',(0.866025403784,-0.5,0.));
#1241 = DEFINITIONAL_REPRESENTATION('',(#1242),#1246);
#1242 = LINE('',#1243,#1244);
#1243 = CARTESIAN_POINT('',(0.,34.));
#1244 = VECTOR('',#1245,1.);
#1245 = DIRECTION('',(1.,0.));
#1246 = ( GEOMETRIC_REPRESENTATION_CONTEXT(2) 
PARAMETRIC_REPRESENTATION_CONTEXT() REPRESENTATION_CONTEXT('2D SPACE',''
  ) );
#1247 = ADVANCED_FACE('',(#1248),#547,.F.);
#1248 = FACE_BOUND('',#1249,.F.);
#1249 = EDGE_LOOP('',(#1250,#1273,#1274,#1275));
#1250 = ORIENTED_EDGE('',*,*,#1251,.T.);
#1251 = EDGE_CURVE('',#1252,#510,#1254,.T.);
#1252 = VERTEX_POINT('',#1253);
#1253 = CARTESIAN_POINT('',(14.15,24.5085189271,5.6));
#1254 = SEAM_CURVE('',#1255,(#1259,#1266),.PCURVE_S1.);
#1255 = LINE('',#1256,#1257);
#1256 = CARTESIAN_POINT('',(14.15,24.5085189271,34.8));
#1257 = VECTOR('',#1258,1.);
#1258 = DIRECTION('',(0.,0.,-1.));
#1259 = PCURVE('',#547,#1260);
#1260 = DEFINITIONAL_REPRESENTATION('',(#1261),#1265);
#1261 = LINE('',#1262,#1263);
#1262 = CARTESIAN_POINT('',(6.28318530718,-0.));
#1263 = VECTOR('',#1264,1.);
#1264 = DIRECTION('',(0.,1.));
#1265 = ( GEOMETRIC_REPRESENTATION_CONTEXT(2) 
PARAMETRIC_REPRESENTATION_CONTEXT() REPRESENTATION_CONTEXT('2D SPACE',''
  ) );
#1266 = PCURVE('',#547,#1267);
#1267 = DEFINITIONAL_REPRESENTATION('',(#1268),#1272);
#1268 = LINE('',#1269,#1270);
#1269 = CARTESIAN_POINT('',(0.,-0.));
#1270 = VECTOR('',#1271,1.);
#1271 = DIRECTION('',(0.,1.));
#1272 = ( GEOMETRIC_REPRESENTATION_CONTEXT(2) 
PARAMETRIC_REPRESENTATION_CONTEXT() REPRESENTATION_CONTEXT('2D SPACE',''
  ) );
#1273 = ORIENTED_EDGE('',*,*,#532,.F.);
#1274 = ORIENTED_EDGE('',*,*,#1251,.F.);
#1275 = ORIENTED_EDGE('',*,*,#1276,.T.);
#1276 = EDGE_CURVE('',#1252,#1252,#1277,.T.);
#1277 = SURFACE_CURVE('',#1278,(#1283,#1290),.PCURVE_S1.);
#1278 = CIRCLE('',#1279,4.2);
#1279 = AXIS2_PLACEMENT_3D('',#1280,#1281,#1282);
#1280 = CARTESIAN_POINT('',(16.25,28.145825622994,5.6));
#1281 = DIRECTION('',(0.,0.,-1.));
#1282 = DIRECTION('',(-0.5,-0.866025403784,-0.));
#1283 = PCURVE('',#547,#1284);
#1284 = DEFINITIONAL_REPRESENTATION('',(#1285),#1289);
#1285 = LINE('',#1286,#1287);
#1286 = CARTESIAN_POINT('',(0.,29.2));
#1287 = VECTOR('',#1288,1.);
#1288 = DIRECTION('',(1.,0.));
#1289 = ( GEOMETRIC_REPRESENTATION_CONTEXT(2) 
PARAMETRIC_REPRESENTATION_CONTEXT() REPRESENTATION_CONTEXT('2D SPACE',''
  ) );
#1290 = PCURVE('',#1291,#1296);
#1291 = PLANE('',#1292);
#1292 = AXIS2_PLACEMENT_3D('',#1293,#1294,#1295);
#1293 = CARTESIAN_POINT('',(0.,0.,5.6));
#1294 = DIRECTION('',(0.,0.,1.));
#1295 = DIRECTION('',(1.,0.,-0.));
#1296 = DEFINITIONAL_REPRESENTATION('',(#1297),#1305);
#1297 = ( BOUNDED_CURVE() B_SPLINE_CURVE(2,(#1298,#1299,#1300,#1301,
#1302,#1303,#1304),.UNSPECIFIED.,.T.,.F.) B_SPLINE_CURVE_WITH_KNOTS((1,2
    ,2,2,2,1),(-2.094395102393,0.,2.094395102393,4.188790204786,
6.28318530718,8.377580409573),.UNSPECIFIED.) CURVE() 
GEOMETRIC_REPRESENTATION_ITEM() RATIONAL_B_SPLINE_CURVE((1.,0.5,1.,0.5,
1.,0.5,1.)) REPRESENTATION_ITEM('') );
#1298 = CARTESIAN_POINT('',(14.15,24.5085189271));
#1299 = CARTESIAN_POINT('',(7.85,28.145825622994));
#1300 = CARTESIAN_POINT('',(14.15,31.783132318889));
#1301 = CARTESIAN_POINT('',(20.45,35.420439014784));
#1302 = CARTESIAN_POINT('',(20.45,28.145825622994));
#1303 = CARTESIAN_POINT('',(20.45,20.871212231205));
#1304 = CARTESIAN_POINT('',(14.15,24.5085189271));
#1305 = ( GEOMETRIC_REPRESENTATION_CONTEXT(2) 
PARAMETRIC_REPRESENTATION_CONTEXT() REPRESENTATION_CONTEXT('2D SPACE',''
  ) );
#1306 = ADVANCED_FACE('',(#1307),#600,.F.);
#1307 = FACE_BOUND('',#1308,.F.);
#1308 = EDGE_LOOP('',(#1309,#1332,#1333,#1334));
#1309 = ORIENTED_EDGE('',*,*,#1310,.T.);
#1310 = EDGE_CURVE('',#1311,#563,#1313,.T.);
#1311 = VERTEX_POINT('',#1312);
#1312 = CARTESIAN_POINT('',(28.3,-1.028703311284E-15,5.6));
#1313 = SEAM_CURVE('',#1314,(#1318,#1325),.PCURVE_S1.);
#1314 = LINE('',#1315,#1316);
#1315 = CARTESIAN_POINT('',(28.3,-1.028703311284E-15,34.8));
#1316 = VECTOR('',#1317,1.);
#1317 = DIRECTION('',(0.,0.,-1.));
#1318 = PCURVE('',#600,#1319);
#1319 = DEFINITIONAL_REPRESENTATION('',(#1320),#1324);
#1320 = LINE('',#1321,#1322);
#1321 = CARTESIAN_POINT('',(6.28318530718,-0.));
#1322 = VECTOR('',#1323,1.);
#1323 = DIRECTION('',(0.,1.));
#1324 = ( GEOMETRIC_REPRESENTATION_CONTEXT(2) 
PARAMETRIC_REPRESENTATION_CONTEXT() REPRESENTATION_CONTEXT('2D SPACE',''
  ) );
#1325 = PCURVE('',#600,#1326);
#1326 = DEFINITIONAL_REPRESENTATION('',(#1327),#1331);
#1327 = LINE('',#1328,#1329);
#1328 = CARTESIAN_POINT('',(0.,-0.));
#1329 = VECTOR('',#1330,1.);
#1330 = DIRECTION('',(0.,1.));
#1331 = ( GEOMETRIC_REPRESENTATION_CONTEXT(2) 
PARAMETRIC_REPRESENTATION_CONTEXT() REPRESENTATION_CONTEXT('2D SPACE',''
  ) );
#1332 = ORIENTED_EDGE('',*,*,#585,.F.);
#1333 = ORIENTED_EDGE('',*,*,#1310,.F.);
#1334 = ORIENTED_EDGE('',*,*,#1335,.T.);
#1335 = EDGE_CURVE('',#1311,#1311,#1336,.T.);
#1336 = SURFACE_CURVE('',#1337,(#1342,#1349),.PCURVE_S1.);
#1337 = CIRCLE('',#1338,4.2);
#1338 = AXIS2_PLACEMENT_3D('',#1339,#1340,#1341);
#1339 = CARTESIAN_POINT('',(32.5,0.,5.6));
#1340 = DIRECTION('',(0.,0.,-1.));
#1341 = DIRECTION('',(-1.,0.,0.));
#1342 = PCURVE('',#600,#1343);
#1343 = DEFINITIONAL_REPRESENTATION('',(#1344),#1348);
#1344 = LINE('',#1345,#1346);
#1345 = CARTESIAN_POINT('',(0.,29.2));
#1346 = VECTOR('',#1347,1.);
#1347 = DIRECTION('',(1.,0.));
#1348 = ( GEOMETRIC_REPRESENTATION_CONTEXT(2) 
PARAMETRIC_REPRESENTATION_CONTEXT() REPRESENTATION_CONTEXT('2D SPACE',''
  ) );
#1349 = PCURVE('',#1291,#1350);
#1350 = DEFINITIONAL_REPRESENTATION('',(#1351),#1359);
#1351 = ( BOUNDED_CURVE() B_SPLINE_CURVE(2,(#1352,#1353,#1354,#1355,
#1356,#1357,#1358),.UNSPECIFIED.,.T.,.F.) B_SPLINE_CURVE_WITH_KNOTS((1,2
    ,2,2,2,1),(-2.094395102393,0.,2.094395102393,4.188790204786,
6.28318530718,8.377580409573),.UNSPECIFIED.) CURVE() 
GEOMETRIC_REPRESENTATION_ITEM() RATIONAL_B_SPLINE_CURVE((1.,0.5,1.,0.5,
1.,0.5,1.)) REPRESENTATION_ITEM('') );
#1352 = CARTESIAN_POINT('',(28.3,0.));
#1353 = CARTESIAN_POINT('',(28.3,7.274613391789));
#1354 = CARTESIAN_POINT('',(34.6,3.637306695895));
#1355 = CARTESIAN_POINT('',(40.9,1.028703311284E-15));
#1356 = CARTESIAN_POINT('',(34.6,-3.637306695895));
#1357 = CARTESIAN_POINT('',(28.3,-7.274613391789));
#1358 = CARTESIAN_POINT('',(28.3,0.));
#1359 = ( GEOMETRIC_REPRESENTATION_CONTEXT(2) 
PARAMETRIC_REPRESENTATION_CONTEXT() REPRESENTATION_CONTEXT('2D SPACE',''
  ) );
#1360 = ADVANCED_FACE('',(#1361),#653,.F.);
#1361 = FACE_BOUND('',#1362,.F.);
#1362 = EDGE_LOOP('',(#1363,#1386,#1387,#1388));
#1363 = ORIENTED_EDGE('',*,*,#1364,.T.);
#1364 = EDGE_CURVE('',#1365,#616,#1367,.T.);
#1365 = VERTEX_POINT('',#1366);
#1366 = CARTESIAN_POINT('',(-6.066269116442E-15,-28.3,5.6));
#1367 = SEAM_CURVE('',#1368,(#1372,#1379),.PCURVE_S1.);
#1368 = LINE('',#1369,#1370);
#1369 = CARTESIAN_POINT('',(-6.066269116442E-15,-28.3,34.8));
#1370 = VECTOR('',#1371,1.);
#1371 = DIRECTION('',(0.,-0.,-1.));
#1372 = PCURVE('',#653,#1373);
#1373 = DEFINITIONAL_REPRESENTATION('',(#1374),#1378);
#1374 = LINE('',#1375,#1376);
#1375 = CARTESIAN_POINT('',(6.28318530718,-0.));
#1376 = VECTOR('',#1377,1.);
#1377 = DIRECTION('',(0.,1.));
#1378 = ( GEOMETRIC_REPRESENTATION_CONTEXT(2) 
PARAMETRIC_REPRESENTATION_CONTEXT() REPRESENTATION_CONTEXT('2D SPACE',''
  ) );
#1379 = PCURVE('',#653,#1380);
#1380 = DEFINITIONAL_REPRESENTATION('',(#1381),#1385);
#1381 = LINE('',#1382,#1383);
#1382 = CARTESIAN_POINT('',(0.,-0.));
#1383 = VECTOR('',#1384,1.);
#1384 = DIRECTION('',(0.,1.));
#1385 = ( GEOMETRIC_REPRESENTATION_CONTEXT(2) 
PARAMETRIC_REPRESENTATION_CONTEXT() REPRESENTATION_CONTEXT('2D SPACE',''
  ) );
#1386 = ORIENTED_EDGE('',*,*,#638,.F.);
#1387 = ORIENTED_EDGE('',*,*,#1364,.F.);
#1388 = ORIENTED_EDGE('',*,*,#1389,.T.);
#1389 = EDGE_CURVE('',#1365,#1365,#1390,.T.);
#1390 = SURFACE_CURVE('',#1391,(#1396,#1403),.PCURVE_S1.);
#1391 = CIRCLE('',#1392,4.2);
#1392 = AXIS2_PLACEMENT_3D('',#1393,#1394,#1395);
#1393 = CARTESIAN_POINT('',(-5.970153145843E-15,-32.5,5.6));
#1394 = DIRECTION('',(0.,0.,-1.));
#1395 = DIRECTION('',(2.22044604925E-16,1.,0.));
#1396 = PCURVE('',#653,#1397);
#1397 = DEFINITIONAL_REPRESENTATION('',(#1398),#1402);
#1398 = LINE('',#1399,#1400);
#1399 = CARTESIAN_POINT('',(0.,29.2));
#1400 = VECTOR('',#1401,1.);
#1401 = DIRECTION('',(1.,0.));
#1402 = ( GEOMETRIC_REPRESENTATION_CONTEXT(2) 
PARAMETRIC_REPRESENTATION_CONTEXT() REPRESENTATION_CONTEXT('2D SPACE',''
  ) );
#1403 = PCURVE('',#1291,#1404);
#1404 = DEFINITIONAL_REPRESENTATION('',(#1405),#1413);
#1405 = ( BOUNDED_CURVE() B_SPLINE_CURVE(2,(#1406,#1407,#1408,#1409,
#1410,#1411,#1412),.UNSPECIFIED.,.T.,.F.) B_SPLINE_CURVE_WITH_KNOTS((1,2
    ,2,2,2,1),(-2.094395102393,0.,2.094395102393,4.188790204786,
6.28318530718,8.377580409573),.UNSPECIFIED.) CURVE() 
GEOMETRIC_REPRESENTATION_ITEM() RATIONAL_B_SPLINE_CURVE((1.,0.5,1.,0.5,
1.,0.5,1.)) REPRESENTATION_ITEM('') );
#1406 = CARTESIAN_POINT('',(-5.037565805158E-15,-28.3));
#1407 = CARTESIAN_POINT('',(7.274613391789,-28.3));
#1408 = CARTESIAN_POINT('',(3.637306695895,-34.6));
#1409 = CARTESIAN_POINT('',(-6.80662451593E-15,-40.9));
#1410 = CARTESIAN_POINT('',(-3.637306695895,-34.6));
#1411 = CARTESIAN_POINT('',(-7.274613391789,-28.3));
#1412 = CARTESIAN_POINT('',(-5.037565805158E-15,-28.3));
#1413 = ( GEOMETRIC_REPRESENTATION_CONTEXT(2) 
PARAMETRIC_REPRESENTATION_CONTEXT() REPRESENTATION_CONTEXT('2D SPACE',''
  ) );
#1414 = ADVANCED_FACE('',(#1415),#706,.F.);
#1415 = FACE_BOUND('',#1416,.F.);
#1416 = EDGE_LOOP('',(#1417,#1440,#1441,#1442));
#1417 = ORIENTED_EDGE('',*,*,#1418,.T.);
#1418 = EDGE_CURVE('',#1419,#669,#1421,.T.);
#1419 = VERTEX_POINT('',#1420);
#1420 = CARTESIAN_POINT('',(-14.15,24.5085189271,5.6));
#1421 = SEAM_CURVE('',#1422,(#1426,#1433),.PCURVE_S1.);
#1422 = LINE('',#1423,#1424);
#1423 = CARTESIAN_POINT('',(-14.15,24.5085189271,34.8));
#1424 = VECTOR('',#1425,1.);
#1425 = DIRECTION('',(-0.,0.,-1.));
#1426 = PCURVE('',#706,#1427);
#1427 = DEFINITIONAL_REPRESENTATION('',(#1428),#1432);
#1428 = LINE('',#1429,#1430);
#1429 = CARTESIAN_POINT('',(6.28318530718,-0.));
#1430 = VECTOR('',#1431,1.);
#1431 = DIRECTION('',(0.,1.));
#1432 = ( GEOMETRIC_REPRESENTATION_CONTEXT(2) 
PARAMETRIC_REPRESENTATION_CONTEXT() REPRESENTATION_CONTEXT('2D SPACE',''
  ) );
#1433 = PCURVE('',#706,#1434);
#1434 = DEFINITIONAL_REPRESENTATION('',(#1435),#1439);
#1435 = LINE('',#1436,#1437);
#1436 = CARTESIAN_POINT('',(0.,-0.));
#1437 = VECTOR('',#1438,1.);
#1438 = DIRECTION('',(0.,1.));
#1439 = ( GEOMETRIC_REPRESENTATION_CONTEXT(2) 
PARAMETRIC_REPRESENTATION_CONTEXT() REPRESENTATION_CONTEXT('2D SPACE',''
  ) );
#1440 = ORIENTED_EDGE('',*,*,#691,.F.);
#1441 = ORIENTED_EDGE('',*,*,#1418,.F.);
#1442 = ORIENTED_EDGE('',*,*,#1443,.T.);
#1443 = EDGE_CURVE('',#1419,#1419,#1444,.T.);
#1444 = SURFACE_CURVE('',#1445,(#1450,#1457),.PCURVE_S1.);
#1445 = CIRCLE('',#1446,4.2);
#1446 = AXIS2_PLACEMENT_3D('',#1447,#1448,#1449);
#1447 = CARTESIAN_POINT('',(-16.25,28.145825622994,5.6));
#1448 = DIRECTION('',(-0.,0.,-1.));
#1449 = DIRECTION('',(0.5,-0.866025403784,-0.));
#1450 = PCURVE('',#706,#1451);
#1451 = DEFINITIONAL_REPRESENTATION('',(#1452),#1456);
#1452 = LINE('',#1453,#1454);
#1453 = CARTESIAN_POINT('',(0.,29.2));
#1454 = VECTOR('',#1455,1.);
#1455 = DIRECTION('',(1.,0.));
#1456 = ( GEOMETRIC_REPRESENTATION_CONTEXT(2) 
PARAMETRIC_REPRESENTATION_CONTEXT() REPRESENTATION_CONTEXT('2D SPACE',''
  ) );
#1457 = PCURVE('',#1291,#1458);
#1458 = DEFINITIONAL_REPRESENTATION('',(#1459),#1467);
#1459 = ( BOUNDED_CURVE() B_SPLINE_CURVE(2,(#1460,#1461,#1462,#1463,
#1464,#1465,#1466),.UNSPECIFIED.,.T.,.F.) B_SPLINE_CURVE_WITH_KNOTS((1,2
    ,2,2,2,1),(-2.094395102393,0.,2.094395102393,4.188790204786,
6.28318530718,8.377580409573),.UNSPECIFIED.) CURVE() 
GEOMETRIC_REPRESENTATION_ITEM() RATIONAL_B_SPLINE_CURVE((1.,0.5,1.,0.5,
1.,0.5,1.)) REPRESENTATION_ITEM('') );
#1460 = CARTESIAN_POINT('',(-14.15,24.5085189271));
#1461 = CARTESIAN_POINT('',(-20.45,20.871212231205));
#1462 = CARTESIAN_POINT('',(-20.45,28.145825622994));
#1463 = CARTESIAN_POINT('',(-20.45,35.420439014784));
#1464 = CARTESIAN_POINT('',(-14.15,31.783132318889));
#1465 = CARTESIAN_POINT('',(-7.85,28.145825622994));
#1466 = CARTESIAN_POINT('',(-14.15,24.5085189271));
#1467 = ( GEOMETRIC_REPRESENTATION_CONTEXT(2) 
PARAMETRIC_REPRESENTATION_CONTEXT() REPRESENTATION_CONTEXT('2D SPACE',''
  ) );
#1468 = ADVANCED_FACE('',(#1469),#759,.F.);
#1469 = FACE_BOUND('',#1470,.F.);
#1470 = EDGE_LOOP('',(#1471,#1494,#1495,#1496));
#1471 = ORIENTED_EDGE('',*,*,#1472,.T.);
#1472 = EDGE_CURVE('',#1473,#722,#1475,.T.);
#1473 = VERTEX_POINT('',#1474);
#1474 = CARTESIAN_POINT('',(24.5085189271,-14.15,5.6));
#1475 = SEAM_CURVE('',#1476,(#1480,#1487),.PCURVE_S1.);
#1476 = LINE('',#1477,#1478);
#1477 = CARTESIAN_POINT('',(24.5085189271,-14.15,34.8));
#1478 = VECTOR('',#1479,1.);
#1479 = DIRECTION('',(0.,0.,-1.));
#1480 = PCURVE('',#759,#1481);
#1481 = DEFINITIONAL_REPRESENTATION('',(#1482),#1486);
#1482 = LINE('',#1483,#1484);
#1483 = CARTESIAN_POINT('',(6.28318530718,-0.));
#1484 = VECTOR('',#1485,1.);
#1485 = DIRECTION('',(0.,1.));
#1486 = ( GEOMETRIC_REPRESENTATION_CONTEXT(2) 
PARAMETRIC_REPRESENTATION_CONTEXT() REPRESENTATION_CONTEXT('2D SPACE',''
  ) );
#1487 = PCURVE('',#759,#1488);
#1488 = DEFINITIONAL_REPRESENTATION('',(#1489),#1493);
#1489 = LINE('',#1490,#1491);
#1490 = CARTESIAN_POINT('',(0.,-0.));
#1491 = VECTOR('',#1492,1.);
#1492 = DIRECTION('',(0.,1.));
#1493 = ( GEOMETRIC_REPRESENTATION_CONTEXT(2) 
PARAMETRIC_REPRESENTATION_CONTEXT() REPRESENTATION_CONTEXT('2D SPACE',''
  ) );
#1494 = ORIENTED_EDGE('',*,*,#744,.F.);
#1495 = ORIENTED_EDGE('',*,*,#1472,.F.);
#1496 = ORIENTED_EDGE('',*,*,#1497,.T.);
#1497 = EDGE_CURVE('',#1473,#1473,#1498,.T.);
#1498 = SURFACE_CURVE('',#1499,(#1504,#1511),.PCURVE_S1.);
#1499 = CIRCLE('',#1500,4.2);
#1500 = AXIS2_PLACEMENT_3D('',#1501,#1502,#1503);
#1501 = CARTESIAN_POINT('',(28.145825622994,-16.25,5.6));
#1502 = DIRECTION('',(0.,0.,-1.));
#1503 = DIRECTION('',(-0.866025403784,0.5,0.));
#1504 = PCURVE('',#759,#1505);
#1505 = DEFINITIONAL_REPRESENTATION('',(#1506),#1510);
#1506 = LINE('',#1507,#1508);
#1507 = CARTESIAN_POINT('',(0.,29.2));
#1508 = VECTOR('',#1509,1.);
#1509 = DIRECTION('',(1.,0.));
#1510 = ( GEOMETRIC_REPRESENTATION_CONTEXT(2) 
PARAMETRIC_REPRESENTATION_CONTEXT() REPRESENTATION_CONTEXT('2D SPACE',''
  ) );
#1511 = PCURVE('',#1291,#1512);
#1512 = DEFINITIONAL_REPRESENTATION('',(#1513),#1521);
#1513 = ( BOUNDED_CURVE() B_SPLINE_CURVE(2,(#1514,#1515,#1516,#1517,
#1518,#1519,#1520),.UNSPECIFIED.,.T.,.F.) B_SPLINE_CURVE_WITH_KNOTS((1,2
    ,2,2,2,1),(-2.094395102393,0.,2.094395102393,4.188790204786,
6.28318530718,8.377580409573),.UNSPECIFIED.) CURVE() 
GEOMETRIC_REPRESENTATION_ITEM() RATIONAL_B_SPLINE_CURVE((1.,0.5,1.,0.5,
1.,0.5,1.)) REPRESENTATION_ITEM('') );
#1514 = CARTESIAN_POINT('',(24.5085189271,-14.15));
#1515 = CARTESIAN_POINT('',(28.145825622994,-7.85));
#1516 = CARTESIAN_POINT('',(31.783132318889,-14.15));
#1517 = CARTESIAN_POINT('',(35.420439014784,-20.45));
#1518 = CARTESIAN_POINT('',(28.145825622994,-20.45));
#1519 = CARTESIAN_POINT('',(20.871212231205,-20.45));
#1520 = CARTESIAN_POINT('',(24.5085189271,-14.15));
#1521 = ( GEOMETRIC_REPRESENTATION_CONTEXT(2) 
PARAMETRIC_REPRESENTATION_CONTEXT() REPRESENTATION_CONTEXT('2D SPACE',''
  ) );
#1522 = ADVANCED_FACE('',(#1523),#812,.F.);
#1523 = FACE_BOUND('',#1524,.F.);
#1524 = EDGE_LOOP('',(#1525,#1548,#1549,#1550));
#1525 = ORIENTED_EDGE('',*,*,#1526,.T.);
#1526 = EDGE_CURVE('',#1527,#775,#1529,.T.);
#1527 = VERTEX_POINT('',#1528);
#1528 = CARTESIAN_POINT('',(-14.15,-24.5085189271,5.6));
#1529 = SEAM_CURVE('',#1530,(#1534,#1541),.PCURVE_S1.);
#1530 = LINE('',#1531,#1532);
#1531 = CARTESIAN_POINT('',(-14.15,-24.5085189271,34.8));
#1532 = VECTOR('',#1533,1.);
#1533 = DIRECTION('',(0.,-0.,-1.));
#1534 = PCURVE('',#812,#1535);
#1535 = DEFINITIONAL_REPRESENTATION('',(#1536),#1540);
#1536 = LINE('',#1537,#1538);
#1537 = CARTESIAN_POINT('',(6.28318530718,-0.));
#1538 = VECTOR('',#1539,1.);
#1539 = DIRECTION('',(0.,1.));
#1540 = ( GEOMETRIC_REPRESENTATION_CONTEXT(2) 
PARAMETRIC_REPRESENTATION_CONTEXT() REPRESENTATION_CONTEXT('2D SPACE',''
  ) );
#1541 = PCURVE('',#812,#1542);
#1542 = DEFINITIONAL_REPRESENTATION('',(#1543),#1547);
#1543 = LINE('',#1544,#1545);
#1544 = CARTESIAN_POINT('',(0.,-0.));
#1545 = VECTOR('',#1546,1.);
#1546 = DIRECTION('',(0.,1.));
#1547 = ( GEOMETRIC_REPRESENTATION_CONTEXT(2) 
PARAMETRIC_REPRESENTATION_CONTEXT() REPRESENTATION_CONTEXT('2D SPACE',''
  ) );
#1548 = ORIENTED_EDGE('',*,*,#797,.F.);
#1549 = ORIENTED_EDGE('',*,*,#1526,.F.);
#1550 = ORIENTED_EDGE('',*,*,#1551,.T.);
#1551 = EDGE_CURVE('',#1527,#1527,#1552,.T.);
#1552 = SURFACE_CURVE('',#1553,(#1558,#1565),.PCURVE_S1.);
#1553 = CIRCLE('',#1554,4.2);
#1554 = AXIS2_PLACEMENT_3D('',#1555,#1556,#1557);
#1555 = CARTESIAN_POINT('',(-16.25,-28.14582562299,5.6));
#1556 = DIRECTION('',(0.,0.,-1.));
#1557 = DIRECTION('',(0.5,0.866025403784,0.));
#1558 = PCURVE('',#812,#1559);
#1559 = DEFINITIONAL_REPRESENTATION('',(#1560),#1564);
#1560 = LINE('',#1561,#1562);
#1561 = CARTESIAN_POINT('',(0.,29.2));
#1562 = VECTOR('',#1563,1.);
#1563 = DIRECTION('',(1.,0.));
#1564 = ( GEOMETRIC_REPRESENTATION_CONTEXT(2) 
PARAMETRIC_REPRESENTATION_CONTEXT() REPRESENTATION_CONTEXT('2D SPACE',''
  ) );
#1565 = PCURVE('',#1291,#1566);
#1566 = DEFINITIONAL_REPRESENTATION('',(#1567),#1575);
#1567 = ( BOUNDED_CURVE() B_SPLINE_CURVE(2,(#1568,#1569,#1570,#1571,
#1572,#1573,#1574),.UNSPECIFIED.,.T.,.F.) B_SPLINE_CURVE_WITH_KNOTS((1,2
    ,2,2,2,1),(-2.094395102393,0.,2.094395102393,4.188790204786,
6.28318530718,8.377580409573),.UNSPECIFIED.) CURVE() 
GEOMETRIC_REPRESENTATION_ITEM() RATIONAL_B_SPLINE_CURVE((1.,0.5,1.,0.5,
1.,0.5,1.)) REPRESENTATION_ITEM('') );
#1568 = CARTESIAN_POINT('',(-14.15,-24.5085189271));
#1569 = CARTESIAN_POINT('',(-7.85,-28.14582562299));
#1570 = CARTESIAN_POINT('',(-14.15,-31.78313231888));
#1571 = CARTESIAN_POINT('',(-20.45,-35.42043901478));
#1572 = CARTESIAN_POINT('',(-20.45,-28.14582562299));
#1573 = CARTESIAN_POINT('',(-20.45,-20.8712122312));
#1574 = CARTESIAN_POINT('',(-14.15,-24.5085189271));
#1575 = ( GEOMETRIC_REPRESENTATION_CONTEXT(2) 
PARAMETRIC_REPRESENTATION_CONTEXT() REPRESENTATION_CONTEXT('2D SPACE',''
  ) );
#1576 = ADVANCED_FACE('',(#1577),#865,.F.);
#1577 = FACE_BOUND('',#1578,.F.);
#1578 = EDGE_LOOP('',(#1579,#1602,#1603,#1604));
#1579 = ORIENTED_EDGE('',*,*,#1580,.T.);
#1580 = EDGE_CURVE('',#1581,#828,#1583,.T.);
#1581 = VERTEX_POINT('',#1582);
#1582 = CARTESIAN_POINT('',(-28.3,4.494453752871E-15,5.6));
#1583 = SEAM_CURVE('',#1584,(#1588,#1595),.PCURVE_S1.);
#1584 = LINE('',#1585,#1586);
#1585 = CARTESIAN_POINT('',(-28.3,4.494453752871E-15,34.8));
#1586 = VECTOR('',#1587,1.);
#1587 = DIRECTION('',(-0.,0.,-1.));
#1588 = PCURVE('',#865,#1589);
#1589 = DEFINITIONAL_REPRESENTATION('',(#1590),#1594);
#1590 = LINE('',#1591,#1592);
#1591 = CARTESIAN_POINT('',(6.28318530718,-0.));
#1592 = VECTOR('',#1593,1.);
#1593 = DIRECTION('',(0.,1.));
#1594 = ( GEOMETRIC_REPRESENTATION_CONTEXT(2) 
PARAMETRIC_REPRESENTATION_CONTEXT() REPRESENTATION_CONTEXT('2D SPACE',''
  ) );
#1595 = PCURVE('',#865,#1596);
#1596 = DEFINITIONAL_REPRESENTATION('',(#1597),#1601);
#1597 = LINE('',#1598,#1599);
#1598 = CARTESIAN_POINT('',(0.,-0.));
#1599 = VECTOR('',#1600,1.);
#1600 = DIRECTION('',(0.,1.));
#1601 = ( GEOMETRIC_REPRESENTATION_CONTEXT(2) 
PARAMETRIC_REPRESENTATION_CONTEXT() REPRESENTATION_CONTEXT('2D SPACE',''
  ) );
#1602 = ORIENTED_EDGE('',*,*,#850,.F.);
#1603 = ORIENTED_EDGE('',*,*,#1580,.F.);
#1604 = ORIENTED_EDGE('',*,*,#1605,.T.);
#1605 = EDGE_CURVE('',#1581,#1581,#1606,.T.);
#1606 = SURFACE_CURVE('',#1607,(#1612,#1619),.PCURVE_S1.);
#1607 = CIRCLE('',#1608,4.2);
#1608 = AXIS2_PLACEMENT_3D('',#1609,#1610,#1611);
#1609 = CARTESIAN_POINT('',(-32.5,3.980102097229E-15,5.6));
#1610 = DIRECTION('',(-0.,0.,-1.));
#1611 = DIRECTION('',(1.,-1.224646799147E-16,-0.));
#1612 = PCURVE('',#865,#1613);
#1613 = DEFINITIONAL_REPRESENTATION('',(#1614),#1618);
#1614 = LINE('',#1615,#1616);
#1615 = CARTESIAN_POINT('',(0.,29.2));
#1616 = VECTOR('',#1617,1.);
#1617 = DIRECTION('',(1.,0.));
#1618 = ( GEOMETRIC_REPRESENTATION_CONTEXT(2) 
PARAMETRIC_REPRESENTATION_CONTEXT() REPRESENTATION_CONTEXT('2D SPACE',''
  ) );
#1619 = PCURVE('',#1291,#1620);
#1620 = DEFINITIONAL_REPRESENTATION('',(#1621),#1629);
#1621 = ( BOUNDED_CURVE() B_SPLINE_CURVE(2,(#1622,#1623,#1624,#1625,
#1626,#1627,#1628),.UNSPECIFIED.,.T.,.F.) B_SPLINE_CURVE_WITH_KNOTS((1,2
    ,2,2,2,1),(-2.094395102393,0.,2.094395102393,4.188790204786,
6.28318530718,8.377580409573),.UNSPECIFIED.) CURVE() 
GEOMETRIC_REPRESENTATION_ITEM() RATIONAL_B_SPLINE_CURVE((1.,0.5,1.,0.5,
1.,0.5,1.)) REPRESENTATION_ITEM('') );
#1622 = CARTESIAN_POINT('',(-28.3,3.465750441587E-15));
#1623 = CARTESIAN_POINT('',(-28.3,-7.274613391789));
#1624 = CARTESIAN_POINT('',(-34.6,-3.637306695895));
#1625 = CARTESIAN_POINT('',(-40.9,3.980102097229E-15));
#1626 = CARTESIAN_POINT('',(-34.6,3.637306695895));
#1627 = CARTESIAN_POINT('',(-28.3,7.274613391789));
#1628 = CARTESIAN_POINT('',(-28.3,3.465750441587E-15));
#1629 = ( GEOMETRIC_REPRESENTATION_CONTEXT(2) 
PARAMETRIC_REPRESENTATION_CONTEXT() REPRESENTATION_CONTEXT('2D SPACE',''
  ) );
#1630 = ADVANCED_FACE('',(#1631),#918,.F.);
#1631 = FACE_BOUND('',#1632,.F.);
#1632 = EDGE_LOOP('',(#1633,#1656,#1657,#1658));
#1633 = ORIENTED_EDGE('',*,*,#1634,.T.);
#1634 = EDGE_CURVE('',#1635,#881,#1637,.T.);
#1635 = VERTEX_POINT('',#1636);
#1636 = CARTESIAN_POINT('',(-24.5085189271,-14.15,5.6));
#1637 = SEAM_CURVE('',#1638,(#1642,#1649),.PCURVE_S1.);
#1638 = LINE('',#1639,#1640);
#1639 = CARTESIAN_POINT('',(-24.5085189271,-14.15,34.8));
#1640 = VECTOR('',#1641,1.);
#1641 = DIRECTION('',(0.,-0.,-1.));
#1642 = PCURVE('',#918,#1643);
#1643 = DEFINITIONAL_REPRESENTATION('',(#1644),#1648);
#1644 = LINE('',#1645,#1646);
#1645 = CARTESIAN_POINT('',(6.28318530718,-0.));
#1646 = VECTOR('',#1647,1.);
#1647 = DIRECTION('',(0.,1.));
#1648 = ( GEOMETRIC_REPRESENTATION_CONTEXT(2) 
PARAMETRIC_REPRESENTATION_CONTEXT() REPRESENTATION_CONTEXT('2D SPACE',''
  ) );
#1649 = PCURVE('',#918,#1650);
#1650 = DEFINITIONAL_REPRESENTATION('',(#1651),#1655);
#1651 = LINE('',#1652,#1653);
#1652 = CARTESIAN_POINT('',(0.,-0.));
#1653 = VECTOR('',#1654,1.);
#1654 = DIRECTION('',(0.,1.));
#1655 = ( GEOMETRIC_REPRESENTATION_CONTEXT(2) 
PARAMETRIC_REPRESENTATION_CONTEXT() REPRESENTATION_CONTEXT('2D SPACE',''
  ) );
#1656 = ORIENTED_EDGE('',*,*,#903,.F.);
#1657 = ORIENTED_EDGE('',*,*,#1634,.F.);
#1658 = ORIENTED_EDGE('',*,*,#1659,.T.);
#1659 = EDGE_CURVE('',#1635,#1635,#1660,.T.);
#1660 = SURFACE_CURVE('',#1661,(#1666,#1673),.PCURVE_S1.);
#1661 = CIRCLE('',#1662,4.2);
#1662 = AXIS2_PLACEMENT_3D('',#1663,#1664,#1665);
#1663 = CARTESIAN_POINT('',(-28.14582562299,-16.25,5.6));
#1664 = DIRECTION('',(0.,0.,-1.));
#1665 = DIRECTION('',(0.866025403784,0.5,0.));
#1666 = PCURVE('',#918,#1667);
#1667 = DEFINITIONAL_REPRESENTATION('',(#1668),#1672);
#1668 = LINE('',#1669,#1670);
#1669 = CARTESIAN_POINT('',(0.,29.2));
#1670 = VECTOR('',#1671,1.);
#1671 = DIRECTION('',(1.,0.));
#1672 = ( GEOMETRIC_REPRESENTATION_CONTEXT(2) 
PARAMETRIC_REPRESENTATION_CONTEXT() REPRESENTATION_CONTEXT('2D SPACE',''
  ) );
#1673 = PCURVE('',#1291,#1674);
#1674 = DEFINITIONAL_REPRESENTATION('',(#1675),#1683);
#1675 = ( BOUNDED_CURVE() B_SPLINE_CURVE(2,(#1676,#1677,#1678,#1679,
#1680,#1681,#1682),.UNSPECIFIED.,.T.,.F.) B_SPLINE_CURVE_WITH_KNOTS((1,2
    ,2,2,2,1),(-2.094395102393,0.,2.094395102393,4.188790204786,
6.28318530718,8.377580409573),.UNSPECIFIED.) CURVE() 
GEOMETRIC_REPRESENTATION_ITEM() RATIONAL_B_SPLINE_CURVE((1.,0.5,1.,0.5,
1.,0.5,1.)) REPRESENTATION_ITEM('') );
#1676 = CARTESIAN_POINT('',(-24.5085189271,-14.15));
#1677 = CARTESIAN_POINT('',(-20.8712122312,-20.45));
#1678 = CARTESIAN_POINT('',(-28.14582562299,-20.45));
#1679 = CARTESIAN_POINT('',(-35.42043901478,-20.45));
#1680 = CARTESIAN_POINT('',(-31.78313231888,-14.15));
#1681 = CARTESIAN_POINT('',(-28.14582562299,-7.85));
#1682 = CARTESIAN_POINT('',(-24.5085189271,-14.15));
#1683 = ( GEOMETRIC_REPRESENTATION_CONTEXT(2) 
PARAMETRIC_REPRESENTATION_CONTEXT() REPRESENTATION_CONTEXT('2D SPACE',''
  ) );
#1684 = ADVANCED_FACE('',(#1685),#971,.T.);
#1685 = FACE_BOUND('',#1686,.T.);
#1686 = EDGE_LOOP('',(#1687,#1710,#1711,#1712));
#1687 = ORIENTED_EDGE('',*,*,#1688,.F.);
#1688 = EDGE_CURVE('',#934,#1689,#1691,.T.);
#1689 = VERTEX_POINT('',#1690);
#1690 = CARTESIAN_POINT('',(54.25,0.,5.6));
#1691 = SEAM_CURVE('',#1692,(#1696,#1703),.PCURVE_S1.);
#1692 = LINE('',#1693,#1694);
#1693 = CARTESIAN_POINT('',(54.25,0.,0.));
#1694 = VECTOR('',#1695,1.);
#1695 = DIRECTION('',(0.,0.,1.));
#1696 = PCURVE('',#971,#1697);
#1697 = DEFINITIONAL_REPRESENTATION('',(#1698),#1702);
#1698 = LINE('',#1699,#1700);
#1699 = CARTESIAN_POINT('',(0.,0.));
#1700 = VECTOR('',#1701,1.);
#1701 = DIRECTION('',(0.,1.));
#1702 = ( GEOMETRIC_REPRESENTATION_CONTEXT(2) 
PARAMETRIC_REPRESENTATION_CONTEXT() REPRESENTATION_CONTEXT('2D SPACE',''
  ) );
#1703 = PCURVE('',#971,#1704);
#1704 = DEFINITIONAL_REPRESENTATION('',(#1705),#1709);
#1705 = LINE('',#1706,#1707);
#1706 = CARTESIAN_POINT('',(6.28318530718,0.));
#1707 = VECTOR('',#1708,1.);
#1708 = DIRECTION('',(0.,1.));
#1709 = ( GEOMETRIC_REPRESENTATION_CONTEXT(2) 
PARAMETRIC_REPRESENTATION_CONTEXT() REPRESENTATION_CONTEXT('2D SPACE',''
  ) );
#1710 = ORIENTED_EDGE('',*,*,#956,.T.);
#1711 = ORIENTED_EDGE('',*,*,#1688,.T.);
#1712 = ORIENTED_EDGE('',*,*,#1713,.F.);
#1713 = EDGE_CURVE('',#1689,#1689,#1714,.T.);
#1714 = SURFACE_CURVE('',#1715,(#1720,#1727),.PCURVE_S1.);
#1715 = CIRCLE('',#1716,54.25);
#1716 = AXIS2_PLACEMENT_3D('',#1717,#1718,#1719);
#1717 = CARTESIAN_POINT('',(0.,0.,5.6));
#1718 = DIRECTION('',(0.,0.,1.));
#1719 = DIRECTION('',(1.,0.,-0.));
#1720 = PCURVE('',#971,#1721);
#1721 = DEFINITIONAL_REPRESENTATION('',(#1722),#1726);
#1722 = LINE('',#1723,#1724);
#1723 = CARTESIAN_POINT('',(0.,5.6));
#1724 = VECTOR('',#1725,1.);
#1725 = DIRECTION('',(1.,0.));
#1726 = ( GEOMETRIC_REPRESENTATION_CONTEXT(2) 
PARAMETRIC_REPRESENTATION_CONTEXT() REPRESENTATION_CONTEXT('2D SPACE',''
  ) );
#1727 = PCURVE('',#1291,#1728);
#1728 = DEFINITIONAL_REPRESENTATION('',(#1729),#1733);
#1729 = CIRCLE('',#1730,54.25);
#1730 = AXIS2_PLACEMENT_2D('',#1731,#1732);
#1731 = CARTESIAN_POINT('',(0.,0.));
#1732 = DIRECTION('',(1.,0.));
#1733 = ( GEOMETRIC_REPRESENTATION_CONTEXT(2) 
PARAMETRIC_REPRESENTATION_CONTEXT() REPRESENTATION_CONTEXT('2D SPACE',''
  ) );
#1734 = ADVANCED_FACE('',(#1735),#1024,.F.);
#1735 = FACE_BOUND('',#1736,.F.);
#1736 = EDGE_LOOP('',(#1737,#1760,#1761,#1762));
#1737 = ORIENTED_EDGE('',*,*,#1738,.T.);
#1738 = EDGE_CURVE('',#1739,#987,#1741,.T.);
#1739 = VERTEX_POINT('',#1740);
#1740 = CARTESIAN_POINT('',(14.15,-24.5085189271,5.6));
#1741 = SEAM_CURVE('',#1742,(#1746,#1753),.PCURVE_S1.);
#1742 = LINE('',#1743,#1744);
#1743 = CARTESIAN_POINT('',(14.15,-24.5085189271,34.8));
#1744 = VECTOR('',#1745,1.);
#1745 = DIRECTION('',(0.,0.,-1.));
#1746 = PCURVE('',#1024,#1747);
#1747 = DEFINITIONAL_REPRESENTATION('',(#1748),#1752);
#1748 = LINE('',#1749,#1750);
#1749 = CARTESIAN_POINT('',(6.28318530718,-0.));
#1750 = VECTOR('',#1751,1.);
#1751 = DIRECTION('',(0.,1.));
#1752 = ( GEOMETRIC_REPRESENTATION_CONTEXT(2) 
PARAMETRIC_REPRESENTATION_CONTEXT() REPRESENTATION_CONTEXT('2D SPACE',''
  ) );
#1753 = PCURVE('',#1024,#1754);
#1754 = DEFINITIONAL_REPRESENTATION('',(#1755),#1759);
#1755 = LINE('',#1756,#1757);
#1756 = CARTESIAN_POINT('',(0.,-0.));
#1757 = VECTOR('',#1758,1.);
#1758 = DIRECTION('',(0.,1.));
#1759 = ( GEOMETRIC_REPRESENTATION_CONTEXT(2) 
PARAMETRIC_REPRESENTATION_CONTEXT() REPRESENTATION_CONTEXT('2D SPACE',''
  ) );
#1760 = ORIENTED_EDGE('',*,*,#1009,.F.);
#1761 = ORIENTED_EDGE('',*,*,#1738,.F.);
#1762 = ORIENTED_EDGE('',*,*,#1763,.T.);
#1763 = EDGE_CURVE('',#1739,#1739,#1764,.T.);
#1764 = SURFACE_CURVE('',#1765,(#1770,#1777),.PCURVE_S1.);
#1765 = CIRCLE('',#1766,4.2);
#1766 = AXIS2_PLACEMENT_3D('',#1767,#1768,#1769);
#1767 = CARTESIAN_POINT('',(16.25,-28.14582562299,5.6));
#1768 = DIRECTION('',(0.,0.,-1.));
#1769 = DIRECTION('',(-0.5,0.866025403784,0.));
#1770 = PCURVE('',#1024,#1771);
#1771 = DEFINITIONAL_REPRESENTATION('',(#1772),#1776);
#1772 = LINE('',#1773,#1774);
#1773 = CARTESIAN_POINT('',(0.,29.2));
#1774 = VECTOR('',#1775,1.);
#1775 = DIRECTION('',(1.,0.));
#1776 = ( GEOMETRIC_REPRESENTATION_CONTEXT(2) 
PARAMETRIC_REPRESENTATION_CONTEXT() REPRESENTATION_CONTEXT('2D SPACE',''
  ) );
#1777 = PCURVE('',#1291,#1778);
#1778 = DEFINITIONAL_REPRESENTATION('',(#1779),#1787);
#1779 = ( BOUNDED_CURVE() B_SPLINE_CURVE(2,(#1780,#1781,#1782,#1783,
#1784,#1785,#1786),.UNSPECIFIED.,.T.,.F.) B_SPLINE_CURVE_WITH_KNOTS((1,2
    ,2,2,2,1),(-2.094395102393,0.,2.094395102393,4.188790204786,
6.28318530718,8.377580409573),.UNSPECIFIED.) CURVE() 
GEOMETRIC_REPRESENTATION_ITEM() RATIONAL_B_SPLINE_CURVE((1.,0.5,1.,0.5,
1.,0.5,1.)) REPRESENTATION_ITEM('') );
#1780 = CARTESIAN_POINT('',(14.15,-24.5085189271));
#1781 = CARTESIAN_POINT('',(20.45,-20.8712122312));
#1782 = CARTESIAN_POINT('',(20.45,-28.14582562299));
#1783 = CARTESIAN_POINT('',(20.45,-35.42043901478));
#1784 = CARTESIAN_POINT('',(14.15,-31.78313231888));
#1785 = CARTESIAN_POINT('',(7.85,-28.14582562299));
#1786 = CARTESIAN_POINT('',(14.15,-24.5085189271));
#1787 = ( GEOMETRIC_REPRESENTATION_CONTEXT(2) 
PARAMETRIC_REPRESENTATION_CONTEXT() REPRESENTATION_CONTEXT('2D SPACE',''
  ) );
#1788 = ADVANCED_FACE('',(#1789),#1077,.F.);
#1789 = FACE_BOUND('',#1790,.F.);
#1790 = EDGE_LOOP('',(#1791,#1814,#1815,#1816));
#1791 = ORIENTED_EDGE('',*,*,#1792,.T.);
#1792 = EDGE_CURVE('',#1793,#1040,#1795,.T.);
#1793 = VERTEX_POINT('',#1794);
#1794 = CARTESIAN_POINT('',(24.5085189271,14.15,5.6));
#1795 = SEAM_CURVE('',#1796,(#1800,#1807),.PCURVE_S1.);
#1796 = LINE('',#1797,#1798);
#1797 = CARTESIAN_POINT('',(24.5085189271,14.15,34.8));
#1798 = VECTOR('',#1799,1.);
#1799 = DIRECTION('',(0.,0.,-1.));
#1800 = PCURVE('',#1077,#1801);
#1801 = DEFINITIONAL_REPRESENTATION('',(#1802),#1806);
#1802 = LINE('',#1803,#1804);
#1803 = CARTESIAN_POINT('',(6.28318530718,-0.));
#1804 = VECTOR('',#1805,1.);
#1805 = DIRECTION('',(0.,1.));
#1806 = ( GEOMETRIC_REPRESENTATION_CONTEXT(2) 
PARAMETRIC_REPRESENTATION_CONTEXT() REPRESENTATION_CONTEXT('2D SPACE',''
  ) );
#1807 = PCURVE('',#1077,#1808);
#1808 = DEFINITIONAL_REPRESENTATION('',(#1809),#1813);
#1809 = LINE('',#1810,#1811);
#1810 = CARTESIAN_POINT('',(0.,-0.));
#1811 = VECTOR('',#1812,1.);
#1812 = DIRECTION('',(0.,1.));
#1813 = ( GEOMETRIC_REPRESENTATION_CONTEXT(2) 
PARAMETRIC_REPRESENTATION_CONTEXT() REPRESENTATION_CONTEXT('2D SPACE',''
  ) );
#1814 = ORIENTED_EDGE('',*,*,#1062,.F.);
#1815 = ORIENTED_EDGE('',*,*,#1792,.F.);
#1816 = ORIENTED_EDGE('',*,*,#1817,.T.);
#1817 = EDGE_CURVE('',#1793,#1793,#1818,.T.);
#1818 = SURFACE_CURVE('',#1819,(#1824,#1831),.PCURVE_S1.);
#1819 = CIRCLE('',#1820,4.2);
#1820 = AXIS2_PLACEMENT_3D('',#1821,#1822,#1823);
#1821 = CARTESIAN_POINT('',(28.145825622994,16.25,5.6));
#1822 = DIRECTION('',(0.,0.,-1.));
#1823 = DIRECTION('',(-0.866025403784,-0.5,-0.));
#1824 = PCURVE('',#1077,#1825);
#1825 = DEFINITIONAL_REPRESENTATION('',(#1826),#1830);
#1826 = LINE('',#1827,#1828);
#1827 = CARTESIAN_POINT('',(0.,29.2));
#1828 = VECTOR('',#1829,1.);
#1829 = DIRECTION('',(1.,0.));
#1830 = ( GEOMETRIC_REPRESENTATION_CONTEXT(2) 
PARAMETRIC_REPRESENTATION_CONTEXT() REPRESENTATION_CONTEXT('2D SPACE',''
  ) );
#1831 = PCURVE('',#1291,#1832);
#1832 = DEFINITIONAL_REPRESENTATION('',(#1833),#1841);
#1833 = ( BOUNDED_CURVE() B_SPLINE_CURVE(2,(#1834,#1835,#1836,#1837,
#1838,#1839,#1840),.UNSPECIFIED.,.T.,.F.) B_SPLINE_CURVE_WITH_KNOTS((1,2
    ,2,2,2,1),(-2.094395102393,0.,2.094395102393,4.188790204786,
6.28318530718,8.377580409573),.UNSPECIFIED.) CURVE() 
GEOMETRIC_REPRESENTATION_ITEM() RATIONAL_B_SPLINE_CURVE((1.,0.5,1.,0.5,
1.,0.5,1.)) REPRESENTATION_ITEM('') );
#1834 = CARTESIAN_POINT('',(24.5085189271,14.15));
#1835 = CARTESIAN_POINT('',(20.871212231205,20.45));
#1836 = CARTESIAN_POINT('',(28.145825622994,20.45));
#1837 = CARTESIAN_POINT('',(35.420439014784,20.45));
#1838 = CARTESIAN_POINT('',(31.783132318889,14.15));
#1839 = CARTESIAN_POINT('',(28.145825622994,7.85));
#1840 = CARTESIAN_POINT('',(24.5085189271,14.15));
#1841 = ( GEOMETRIC_REPRESENTATION_CONTEXT(2) 
PARAMETRIC_REPRESENTATION_CONTEXT() REPRESENTATION_CONTEXT('2D SPACE',''
  ) );
#1842 = ADVANCED_FACE('',(#1843),#1130,.F.);
#1843 = FACE_BOUND('',#1844,.T.);
#1844 = EDGE_LOOP('',(#1845,#1868,#1895,#1896));
#1845 = ORIENTED_EDGE('',*,*,#1846,.F.);
#1846 = EDGE_CURVE('',#1847,#1093,#1849,.T.);
#1847 = VERTEX_POINT('',#1848);
#1848 = CARTESIAN_POINT('',(10.95,0.,34.));
#1849 = SEAM_CURVE('',#1850,(#1854,#1861),.PCURVE_S1.);
#1850 = LINE('',#1851,#1852);
#1851 = CARTESIAN_POINT('',(10.95,0.,34.8));
#1852 = VECTOR('',#1853,1.);
#1853 = DIRECTION('',(0.,0.,-1.));
#1854 = PCURVE('',#1130,#1855);
#1855 = DEFINITIONAL_REPRESENTATION('',(#1856),#1860);
#1856 = LINE('',#1857,#1858);
#1857 = CARTESIAN_POINT('',(-0.,0.));
#1858 = VECTOR('',#1859,1.);
#1859 = DIRECTION('',(-0.,1.));
#1860 = ( GEOMETRIC_REPRESENTATION_CONTEXT(2) 
PARAMETRIC_REPRESENTATION_CONTEXT() REPRESENTATION_CONTEXT('2D SPACE',''
  ) );
#1861 = PCURVE('',#1130,#1862);
#1862 = DEFINITIONAL_REPRESENTATION('',(#1863),#1867);
#1863 = LINE('',#1864,#1865);
#1864 = CARTESIAN_POINT('',(-6.28318530718,0.));
#1865 = VECTOR('',#1866,1.);
#1866 = DIRECTION('',(-0.,1.));
#1867 = ( GEOMETRIC_REPRESENTATION_CONTEXT(2) 
PARAMETRIC_REPRESENTATION_CONTEXT() REPRESENTATION_CONTEXT('2D SPACE',''
  ) );
#1868 = ORIENTED_EDGE('',*,*,#1869,.T.);
#1869 = EDGE_CURVE('',#1847,#1847,#1870,.T.);
#1870 = SURFACE_CURVE('',#1871,(#1876,#1883),.PCURVE_S1.);
#1871 = CIRCLE('',#1872,10.95);
#1872 = AXIS2_PLACEMENT_3D('',#1873,#1874,#1875);
#1873 = CARTESIAN_POINT('',(0.,0.,34.));
#1874 = DIRECTION('',(0.,0.,1.));
#1875 = DIRECTION('',(1.,0.,-0.));
#1876 = PCURVE('',#1130,#1877);
#1877 = DEFINITIONAL_REPRESENTATION('',(#1878),#1882);
#1878 = LINE('',#1879,#1880);
#1879 = CARTESIAN_POINT('',(-0.,0.8));
#1880 = VECTOR('',#1881,1.);
#1881 = DIRECTION('',(-1.,0.));
#1882 = ( GEOMETRIC_REPRESENTATION_CONTEXT(2) 
PARAMETRIC_REPRESENTATION_CONTEXT() REPRESENTATION_CONTEXT('2D SPACE',''
  ) );
#1883 = PCURVE('',#1884,#1889);
#1884 = CONICAL_SURFACE('',#1885,10.95,0.785398163397);
#1885 = AXIS2_PLACEMENT_3D('',#1886,#1887,#1888);
#1886 = CARTESIAN_POINT('',(0.,0.,34.));
#1887 = DIRECTION('',(0.,0.,1.));
#1888 = DIRECTION('',(1.,0.,-0.));
#1889 = DEFINITIONAL_REPRESENTATION('',(#1890),#1894);
#1890 = LINE('',#1891,#1892);
#1891 = CARTESIAN_POINT('',(0.,0.));
#1892 = VECTOR('',#1893,1.);
#1893 = DIRECTION('',(1.,0.));
#1894 = ( GEOMETRIC_REPRESENTATION_CONTEXT(2) 
PARAMETRIC_REPRESENTATION_CONTEXT() REPRESENTATION_CONTEXT('2D SPACE',''
  ) );
#1895 = ORIENTED_EDGE('',*,*,#1846,.T.);
#1896 = ORIENTED_EDGE('',*,*,#1115,.F.);
#1897 = ADVANCED_FACE('',(#1898),#1183,.F.);
#1898 = FACE_BOUND('',#1899,.F.);
#1899 = EDGE_LOOP('',(#1900,#1923,#1924,#1925));
#1900 = ORIENTED_EDGE('',*,*,#1901,.T.);
#1901 = EDGE_CURVE('',#1902,#1146,#1904,.T.);
#1902 = VERTEX_POINT('',#1903);
#1903 = CARTESIAN_POINT('',(2.552460689556E-15,28.3,5.6));
#1904 = SEAM_CURVE('',#1905,(#1909,#1916),.PCURVE_S1.);
#1905 = LINE('',#1906,#1907);
#1906 = CARTESIAN_POINT('',(2.552460689556E-15,28.3,34.8));
#1907 = VECTOR('',#1908,1.);
#1908 = DIRECTION('',(0.,0.,-1.));
#1909 = PCURVE('',#1183,#1910);
#1910 = DEFINITIONAL_REPRESENTATION('',(#1911),#1915);
#1911 = LINE('',#1912,#1913);
#1912 = CARTESIAN_POINT('',(6.28318530718,-0.));
#1913 = VECTOR('',#1914,1.);
#1914 = DIRECTION('',(0.,1.));
#1915 = ( GEOMETRIC_REPRESENTATION_CONTEXT(2) 
PARAMETRIC_REPRESENTATION_CONTEXT() REPRESENTATION_CONTEXT('2D SPACE',''
  ) );
#1916 = PCURVE('',#1183,#1917);
#1917 = DEFINITIONAL_REPRESENTATION('',(#1918),#1922);
#1918 = LINE('',#1919,#1920);
#1919 = CARTESIAN_POINT('',(0.,-0.));
#1920 = VECTOR('',#1921,1.);
#1921 = DIRECTION('',(0.,1.));
#1922 = ( GEOMETRIC_REPRESENTATION_CONTEXT(2) 
PARAMETRIC_REPRESENTATION_CONTEXT() REPRESENTATION_CONTEXT('2D SPACE',''
  ) );
#1923 = ORIENTED_EDGE('',*,*,#1168,.F.);
#1924 = ORIENTED_EDGE('',*,*,#1901,.F.);
#1925 = ORIENTED_EDGE('',*,*,#1926,.T.);
#1926 = EDGE_CURVE('',#1902,#1902,#1927,.T.);
#1927 = SURFACE_CURVE('',#1928,(#1933,#1940),.PCURVE_S1.);
#1928 = CIRCLE('',#1929,4.2);
#1929 = AXIS2_PLACEMENT_3D('',#1930,#1931,#1932);
#1930 = CARTESIAN_POINT('',(1.990051048614E-15,32.5,5.6));
#1931 = DIRECTION('',(0.,0.,-1.));
#1932 = DIRECTION('',(-1.110223024625E-16,-1.,-0.));
#1933 = PCURVE('',#1183,#1934);
#1934 = DEFINITIONAL_REPRESENTATION('',(#1935),#1939);
#1935 = LINE('',#1936,#1937);
#1936 = CARTESIAN_POINT('',(0.,29.2));
#1937 = VECTOR('',#1938,1.);
#1938 = DIRECTION('',(1.,0.));
#1939 = ( GEOMETRIC_REPRESENTATION_CONTEXT(2) 
PARAMETRIC_REPRESENTATION_CONTEXT() REPRESENTATION_CONTEXT('2D SPACE',''
  ) );
#1940 = PCURVE('',#1291,#1941);
#1941 = DEFINITIONAL_REPRESENTATION('',(#1942),#1950);
#1942 = ( BOUNDED_CURVE() B_SPLINE_CURVE(2,(#1943,#1944,#1945,#1946,
#1947,#1948,#1949),.UNSPECIFIED.,.T.,.F.) B_SPLINE_CURVE_WITH_KNOTS((1,2
    ,2,2,2,1),(-2.094395102393,0.,2.094395102393,4.188790204786,
6.28318530718,8.377580409573),.UNSPECIFIED.) CURVE() 
GEOMETRIC_REPRESENTATION_ITEM() RATIONAL_B_SPLINE_CURVE((1.,0.5,1.,0.5,
1.,0.5,1.)) REPRESENTATION_ITEM('') );
#1943 = CARTESIAN_POINT('',(1.523757378272E-15,28.3));
#1944 = CARTESIAN_POINT('',(-7.274613391789,28.3));
#1945 = CARTESIAN_POINT('',(-3.637306695895,34.6));
#1946 = CARTESIAN_POINT('',(1.893935078016E-15,40.9));
#1947 = CARTESIAN_POINT('',(3.637306695895,34.6));
#1948 = CARTESIAN_POINT('',(7.274613391789,28.3));
#1949 = CARTESIAN_POINT('',(1.523757378272E-15,28.3));
#1950 = ( GEOMETRIC_REPRESENTATION_CONTEXT(2) 
PARAMETRIC_REPRESENTATION_CONTEXT() REPRESENTATION_CONTEXT('2D SPACE',''
  ) );
#1951 = ADVANCED_FACE('',(#1952),#1236,.F.);
#1952 = FACE_BOUND('',#1953,.F.);
#1953 = EDGE_LOOP('',(#1954,#1977,#1978,#1979));
#1954 = ORIENTED_EDGE('',*,*,#1955,.T.);
#1955 = EDGE_CURVE('',#1956,#1199,#1958,.T.);
#1956 = VERTEX_POINT('',#1957);
#1957 = CARTESIAN_POINT('',(-24.5085189271,14.15,5.6));
#1958 = SEAM_CURVE('',#1959,(#1963,#1970),.PCURVE_S1.);
#1959 = LINE('',#1960,#1961);
#1960 = CARTESIAN_POINT('',(-24.5085189271,14.15,34.8));
#1961 = VECTOR('',#1962,1.);
#1962 = DIRECTION('',(-0.,0.,-1.));
#1963 = PCURVE('',#1236,#1964);
#1964 = DEFINITIONAL_REPRESENTATION('',(#1965),#1969);
#1965 = LINE('',#1966,#1967);
#1966 = CARTESIAN_POINT('',(6.28318530718,-0.));
#1967 = VECTOR('',#1968,1.);
#1968 = DIRECTION('',(0.,1.));
#1969 = ( GEOMETRIC_REPRESENTATION_CONTEXT(2) 
PARAMETRIC_REPRESENTATION_CONTEXT() REPRESENTATION_CONTEXT('2D SPACE',''
  ) );
#1970 = PCURVE('',#1236,#1971);
#1971 = DEFINITIONAL_REPRESENTATION('',(#1972),#1976);
#1972 = LINE('',#1973,#1974);
#1973 = CARTESIAN_POINT('',(0.,-0.));
#1974 = VECTOR('',#1975,1.);
#1975 = DIRECTION('',(0.,1.));
#1976 = ( GEOMETRIC_REPRESENTATION_CONTEXT(2) 
PARAMETRIC_REPRESENTATION_CONTEXT() REPRESENTATION_CONTEXT('2D SPACE',''
  ) );
#1977 = ORIENTED_EDGE('',*,*,#1221,.F.);
#1978 = ORIENTED_EDGE('',*,*,#1955,.F.);
#1979 = ORIENTED_EDGE('',*,*,#1980,.T.);
#1980 = EDGE_CURVE('',#1956,#1956,#1981,.T.);
#1981 = SURFACE_CURVE('',#1982,(#1987,#1994),.PCURVE_S1.);
#1982 = CIRCLE('',#1983,4.2);
#1983 = AXIS2_PLACEMENT_3D('',#1984,#1985,#1986);
#1984 = CARTESIAN_POINT('',(-28.14582562299,16.25,5.6));
#1985 = DIRECTION('',(-0.,0.,-1.));
#1986 = DIRECTION('',(0.866025403784,-0.5,-0.));
#1987 = PCURVE('',#1236,#1988);
#1988 = DEFINITIONAL_REPRESENTATION('',(#1989),#1993);
#1989 = LINE('',#1990,#1991);
#1990 = CARTESIAN_POINT('',(0.,29.2));
#1991 = VECTOR('',#1992,1.);
#1992 = DIRECTION('',(1.,0.));
#1993 = ( GEOMETRIC_REPRESENTATION_CONTEXT(2) 
PARAMETRIC_REPRESENTATION_CONTEXT() REPRESENTATION_CONTEXT('2D SPACE',''
  ) );
#1994 = PCURVE('',#1291,#1995);
#1995 = DEFINITIONAL_REPRESENTATION('',(#1996),#2004);
#1996 = ( BOUNDED_CURVE() B_SPLINE_CURVE(2,(#1997,#1998,#1999,#2000,
#2001,#2002,#2003),.UNSPECIFIED.,.T.,.F.) B_SPLINE_CURVE_WITH_KNOTS((1,2
    ,2,2,2,1),(-2.094395102393,0.,2.094395102393,4.188790204786,
6.28318530718,8.377580409573),.UNSPECIFIED.) CURVE() 
GEOMETRIC_REPRESENTATION_ITEM() RATIONAL_B_SPLINE_CURVE((1.,0.5,1.,0.5,
1.,0.5,1.)) REPRESENTATION_ITEM('') );
#1997 = CARTESIAN_POINT('',(-24.5085189271,14.15));
#1998 = CARTESIAN_POINT('',(-28.14582562299,7.85));
#1999 = CARTESIAN_POINT('',(-31.78313231888,14.15));
#2000 = CARTESIAN_POINT('',(-35.42043901478,20.45));
#2001 = CARTESIAN_POINT('',(-28.14582562299,20.45));
#2002 = CARTESIAN_POINT('',(-20.8712122312,20.45));
#2003 = CARTESIAN_POINT('',(-24.5085189271,14.15));
#2004 = ( GEOMETRIC_REPRESENTATION_CONTEXT(2) 
PARAMETRIC_REPRESENTATION_CONTEXT() REPRESENTATION_CONTEXT('2D SPACE',''
  ) );
#2005 = ADVANCED_FACE('',(#2006,#2009,#2012,#2015,#2018,#2021,#2024,
    #2027,#2030,#2033,#2064,#2067,#2070,#2073),#1291,.T.);
#2006 = FACE_BOUND('',#2007,.T.);
#2007 = EDGE_LOOP('',(#2008));
#2008 = ORIENTED_EDGE('',*,*,#1713,.T.);
#2009 = FACE_BOUND('',#2010,.T.);
#2010 = EDGE_LOOP('',(#2011));
#2011 = ORIENTED_EDGE('',*,*,#1551,.T.);
#2012 = FACE_BOUND('',#2013,.T.);
#2013 = EDGE_LOOP('',(#2014));
#2014 = ORIENTED_EDGE('',*,*,#1389,.T.);
#2015 = FACE_BOUND('',#2016,.T.);
#2016 = EDGE_LOOP('',(#2017));
#2017 = ORIENTED_EDGE('',*,*,#1659,.T.);
#2018 = FACE_BOUND('',#2019,.T.);
#2019 = EDGE_LOOP('',(#2020));
#2020 = ORIENTED_EDGE('',*,*,#1763,.T.);
#2021 = FACE_BOUND('',#2022,.T.);
#2022 = EDGE_LOOP('',(#2023));
#2023 = ORIENTED_EDGE('',*,*,#1497,.T.);
#2024 = FACE_BOUND('',#2025,.T.);
#2025 = EDGE_LOOP('',(#2026));
#2026 = ORIENTED_EDGE('',*,*,#1605,.T.);
#2027 = FACE_BOUND('',#2028,.T.);
#2028 = EDGE_LOOP('',(#2029));
#2029 = ORIENTED_EDGE('',*,*,#1980,.T.);
#2030 = FACE_BOUND('',#2031,.T.);
#2031 = EDGE_LOOP('',(#2032));
#2032 = ORIENTED_EDGE('',*,*,#1443,.T.);
#2033 = FACE_BOUND('',#2034,.T.);
#2034 = EDGE_LOOP('',(#2035));
#2035 = ORIENTED_EDGE('',*,*,#2036,.F.);
#2036 = EDGE_CURVE('',#2037,#2037,#2039,.T.);
#2037 = VERTEX_POINT('',#2038);
#2038 = CARTESIAN_POINT('',(25.03,0.,5.6));
#2039 = SURFACE_CURVE('',#2040,(#2045,#2052),.PCURVE_S1.);
#2040 = CIRCLE('',#2041,25.03);
#2041 = AXIS2_PLACEMENT_3D('',#2042,#2043,#2044);
#2042 = CARTESIAN_POINT('',(0.,0.,5.6));
#2043 = DIRECTION('',(0.,0.,1.));
#2044 = DIRECTION('',(1.,0.,-0.));
#2045 = PCURVE('',#1291,#2046);
#2046 = DEFINITIONAL_REPRESENTATION('',(#2047),#2051);
#2047 = CIRCLE('',#2048,25.03);
#2048 = AXIS2_PLACEMENT_2D('',#2049,#2050);
#2049 = CARTESIAN_POINT('',(0.,0.));
#2050 = DIRECTION('',(1.,0.));
#2051 = ( GEOMETRIC_REPRESENTATION_CONTEXT(2) 
PARAMETRIC_REPRESENTATION_CONTEXT() REPRESENTATION_CONTEXT('2D SPACE',''
  ) );
#2052 = PCURVE('',#2053,#2058);
#2053 = CYLINDRICAL_SURFACE('',#2054,25.03);
#2054 = AXIS2_PLACEMENT_3D('',#2055,#2056,#2057);
#2055 = CARTESIAN_POINT('',(0.,0.,5.6));
#2056 = DIRECTION('',(0.,0.,1.));
#2057 = DIRECTION('',(1.,0.,-0.));
#2058 = DEFINITIONAL_REPRESENTATION('',(#2059),#2063);
#2059 = LINE('',#2060,#2061);
#2060 = CARTESIAN_POINT('',(0.,0.));
#2061 = VECTOR('',#2062,1.);
#2062 = DIRECTION('',(1.,0.));
#2063 = ( GEOMETRIC_REPRESENTATION_CONTEXT(2) 
PARAMETRIC_REPRESENTATION_CONTEXT() REPRESENTATION_CONTEXT('2D SPACE',''
  ) );
#2064 = FACE_BOUND('',#2065,.T.);
#2065 = EDGE_LOOP('',(#2066));
#2066 = ORIENTED_EDGE('',*,*,#1335,.T.);
#2067 = FACE_BOUND('',#2068,.T.);
#2068 = EDGE_LOOP('',(#2069));
#2069 = ORIENTED_EDGE('',*,*,#1817,.T.);
#2070 = FACE_BOUND('',#2071,.T.);
#2071 = EDGE_LOOP('',(#2072));
#2072 = ORIENTED_EDGE('',*,*,#1926,.T.);
#2073 = FACE_BOUND('',#2074,.T.);
#2074 = EDGE_LOOP('',(#2075));
#2075 = ORIENTED_EDGE('',*,*,#1276,.T.);
#2076 = ADVANCED_FACE('',(#2077),#1884,.F.);
#2077 = FACE_BOUND('',#2078,.F.);
#2078 = EDGE_LOOP('',(#2079,#2100,#2101,#2102));
#2079 = ORIENTED_EDGE('',*,*,#2080,.F.);
#2080 = EDGE_CURVE('',#1847,#2081,#2083,.T.);
#2081 = VERTEX_POINT('',#2082);
#2082 = CARTESIAN_POINT('',(11.75,0.,34.8));
#2083 = SEAM_CURVE('',#2084,(#2088,#2094),.PCURVE_S1.);
#2084 = LINE('',#2085,#2086);
#2085 = CARTESIAN_POINT('',(10.95,0.,34.));
#2086 = VECTOR('',#2087,1.);
#2087 = DIRECTION('',(0.707106781187,0.,0.707106781187));
#2088 = PCURVE('',#1884,#2089);
#2089 = DEFINITIONAL_REPRESENTATION('',(#2090),#2093);
#2090 = B_SPLINE_CURVE_WITH_KNOTS('',1,(#2091,#2092),.UNSPECIFIED.,.F.,
  .F.,(2,2),(0.,1.131370849898),.PIECEWISE_BEZIER_KNOTS.);
#2091 = CARTESIAN_POINT('',(0.,0.));
#2092 = CARTESIAN_POINT('',(0.,0.8));
#2093 = ( GEOMETRIC_REPRESENTATION_CONTEXT(2) 
PARAMETRIC_REPRESENTATION_CONTEXT() REPRESENTATION_CONTEXT('2D SPACE',''
  ) );
#2094 = PCURVE('',#1884,#2095);
#2095 = DEFINITIONAL_REPRESENTATION('',(#2096),#2099);
#2096 = B_SPLINE_CURVE_WITH_KNOTS('',1,(#2097,#2098),.UNSPECIFIED.,.F.,
  .F.,(2,2),(0.,1.131370849898),.PIECEWISE_BEZIER_KNOTS.);
#2097 = CARTESIAN_POINT('',(6.28318530718,0.));
#2098 = CARTESIAN_POINT('',(6.28318530718,0.8));
#2099 = ( GEOMETRIC_REPRESENTATION_CONTEXT(2) 
PARAMETRIC_REPRESENTATION_CONTEXT() REPRESENTATION_CONTEXT('2D SPACE',''
  ) );
#2100 = ORIENTED_EDGE('',*,*,#1869,.T.);
#2101 = ORIENTED_EDGE('',*,*,#2080,.T.);
#2102 = ORIENTED_EDGE('',*,*,#2103,.F.);
#2103 = EDGE_CURVE('',#2081,#2081,#2104,.T.);
#2104 = SURFACE_CURVE('',#2105,(#2110,#2117),.PCURVE_S1.);
#2105 = CIRCLE('',#2106,11.75);
#2106 = AXIS2_PLACEMENT_3D('',#2107,#2108,#2109);
#2107 = CARTESIAN_POINT('',(0.,0.,34.8));
#2108 = DIRECTION('',(0.,0.,1.));
#2109 = DIRECTION('',(1.,0.,-0.));
#2110 = PCURVE('',#1884,#2111);
#2111 = DEFINITIONAL_REPRESENTATION('',(#2112),#2116);
#2112 = LINE('',#2113,#2114);
#2113 = CARTESIAN_POINT('',(0.,0.8));
#2114 = VECTOR('',#2115,1.);
#2115 = DIRECTION('',(1.,0.));
#2116 = ( GEOMETRIC_REPRESENTATION_CONTEXT(2) 
PARAMETRIC_REPRESENTATION_CONTEXT() REPRESENTATION_CONTEXT('2D SPACE',''
  ) );
#2117 = PCURVE('',#2118,#2123);
#2118 = PLANE('',#2119);
#2119 = AXIS2_PLACEMENT_3D('',#2120,#2121,#2122);
#2120 = CARTESIAN_POINT('',(0.,0.,34.8));
#2121 = DIRECTION('',(0.,0.,1.));
#2122 = DIRECTION('',(1.,0.,-0.));
#2123 = DEFINITIONAL_REPRESENTATION('',(#2124),#2128);
#2124 = CIRCLE('',#2125,11.75);
#2125 = AXIS2_PLACEMENT_2D('',#2126,#2127);
#2126 = CARTESIAN_POINT('',(0.,0.));
#2127 = DIRECTION('',(1.,0.));
#2128 = ( GEOMETRIC_REPRESENTATION_CONTEXT(2) 
PARAMETRIC_REPRESENTATION_CONTEXT() REPRESENTATION_CONTEXT('2D SPACE',''
  ) );
#2129 = ADVANCED_FACE('',(#2130),#2053,.T.);
#2130 = FACE_BOUND('',#2131,.T.);
#2131 = EDGE_LOOP('',(#2132,#2155,#2156,#2157));
#2132 = ORIENTED_EDGE('',*,*,#2133,.F.);
#2133 = EDGE_CURVE('',#2037,#2134,#2136,.T.);
#2134 = VERTEX_POINT('',#2135);
#2135 = CARTESIAN_POINT('',(25.03,0.,34.));
#2136 = SEAM_CURVE('',#2137,(#2141,#2148),.PCURVE_S1.);
#2137 = LINE('',#2138,#2139);
#2138 = CARTESIAN_POINT('',(25.03,0.,5.6));
#2139 = VECTOR('',#2140,1.);
#2140 = DIRECTION('',(0.,0.,1.));
#2141 = PCURVE('',#2053,#2142);
#2142 = DEFINITIONAL_REPRESENTATION('',(#2143),#2147);
#2143 = LINE('',#2144,#2145);
#2144 = CARTESIAN_POINT('',(0.,0.));
#2145 = VECTOR('',#2146,1.);
#2146 = DIRECTION('',(0.,1.));
#2147 = ( GEOMETRIC_REPRESENTATION_CONTEXT(2) 
PARAMETRIC_REPRESENTATION_CONTEXT() REPRESENTATION_CONTEXT('2D SPACE',''
  ) );
#2148 = PCURVE('',#2053,#2149);
#2149 = DEFINITIONAL_REPRESENTATION('',(#2150),#2154);
#2150 = LINE('',#2151,#2152);
#2151 = CARTESIAN_POINT('',(6.28318530718,0.));
#2152 = VECTOR('',#2153,1.);
#2153 = DIRECTION('',(0.,1.));
#2154 = ( GEOMETRIC_REPRESENTATION_CONTEXT(2) 
PARAMETRIC_REPRESENTATION_CONTEXT() REPRESENTATION_CONTEXT('2D SPACE',''
  ) );
#2155 = ORIENTED_EDGE('',*,*,#2036,.T.);
#2156 = ORIENTED_EDGE('',*,*,#2133,.T.);
#2157 = ORIENTED_EDGE('',*,*,#2158,.F.);
#2158 = EDGE_CURVE('',#2134,#2134,#2159,.T.);
#2159 = SURFACE_CURVE('',#2160,(#2165,#2172),.PCURVE_S1.);
#2160 = CIRCLE('',#2161,25.03);
#2161 = AXIS2_PLACEMENT_3D('',#2162,#2163,#2164);
#2162 = CARTESIAN_POINT('',(0.,0.,34.));
#2163 = DIRECTION('',(0.,0.,1.));
#2164 = DIRECTION('',(1.,0.,-0.));
#2165 = PCURVE('',#2053,#2166);
#2166 = DEFINITIONAL_REPRESENTATION('',(#2167),#2171);
#2167 = LINE('',#2168,#2169);
#2168 = CARTESIAN_POINT('',(0.,28.4));
#2169 = VECTOR('',#2170,1.);
#2170 = DIRECTION('',(1.,0.));
#2171 = ( GEOMETRIC_REPRESENTATION_CONTEXT(2) 
PARAMETRIC_REPRESENTATION_CONTEXT() REPRESENTATION_CONTEXT('2D SPACE',''
  ) );
#2172 = PCURVE('',#2173,#2178);
#2173 = CONICAL_SURFACE('',#2174,25.03,0.785398163397);
#2174 = AXIS2_PLACEMENT_3D('',#2175,#2176,#2177);
#2175 = CARTESIAN_POINT('',(0.,0.,34.));
#2176 = DIRECTION('',(-0.,-0.,-1.));
#2177 = DIRECTION('',(1.,0.,0.));
#2178 = DEFINITIONAL_REPRESENTATION('',(#2179),#2183);
#2179 = LINE('',#2180,#2181);
#2180 = CARTESIAN_POINT('',(-0.,0.));
#2181 = VECTOR('',#2182,1.);
#2182 = DIRECTION('',(-1.,0.));
#2183 = ( GEOMETRIC_REPRESENTATION_CONTEXT(2) 
PARAMETRIC_REPRESENTATION_CONTEXT() REPRESENTATION_CONTEXT('2D SPACE',''
  ) );
#2184 = ADVANCED_FACE('',(#2185,#2188),#2118,.T.);
#2185 = FACE_BOUND('',#2186,.T.);
#2186 = EDGE_LOOP('',(#2187));
#2187 = ORIENTED_EDGE('',*,*,#2103,.F.);
#2188 = FACE_BOUND('',#2189,.T.);
#2189 = EDGE_LOOP('',(#2190));
#2190 = ORIENTED_EDGE('',*,*,#2191,.T.);
#2191 = EDGE_CURVE('',#2192,#2192,#2194,.T.);
#2192 = VERTEX_POINT('',#2193);
#2193 = CARTESIAN_POINT('',(24.23,0.,34.8));
#2194 = SURFACE_CURVE('',#2195,(#2200,#2207),.PCURVE_S1.);
#2195 = CIRCLE('',#2196,24.23);
#2196 = AXIS2_PLACEMENT_3D('',#2197,#2198,#2199);
#2197 = CARTESIAN_POINT('',(0.,0.,34.8));
#2198 = DIRECTION('',(0.,0.,1.));
#2199 = DIRECTION('',(1.,0.,-0.));
#2200 = PCURVE('',#2118,#2201);
#2201 = DEFINITIONAL_REPRESENTATION('',(#2202),#2206);
#2202 = CIRCLE('',#2203,24.23);
#2203 = AXIS2_PLACEMENT_2D('',#2204,#2205);
#2204 = CARTESIAN_POINT('',(0.,0.));
#2205 = DIRECTION('',(1.,0.));
#2206 = ( GEOMETRIC_REPRESENTATION_CONTEXT(2) 
PARAMETRIC_REPRESENTATION_CONTEXT() REPRESENTATION_CONTEXT('2D SPACE',''
  ) );
#2207 = PCURVE('',#2173,#2208);
#2208 = DEFINITIONAL_REPRESENTATION('',(#2209),#2213);
#2209 = LINE('',#2210,#2211);
#2210 = CARTESIAN_POINT('',(-0.,-0.8));
#2211 = VECTOR('',#2212,1.);
#2212 = DIRECTION('',(-1.,0.));
#2213 = ( GEOMETRIC_REPRESENTATION_CONTEXT(2) 
PARAMETRIC_REPRESENTATION_CONTEXT() REPRESENTATION_CONTEXT('2D SPACE',''
  ) );
#2214 = ADVANCED_FACE('',(#2215),#2173,.T.);
#2215 = FACE_BOUND('',#2216,.F.);
#2216 = EDGE_LOOP('',(#2217,#2236,#2237,#2238));
#2217 = ORIENTED_EDGE('',*,*,#2218,.F.);
#2218 = EDGE_CURVE('',#2192,#2134,#2219,.T.);
#2219 = SEAM_CURVE('',#2220,(#2224,#2230),.PCURVE_S1.);
#2220 = LINE('',#2221,#2222);
#2221 = CARTESIAN_POINT('',(25.03,0.,34.));
#2222 = VECTOR('',#2223,1.);
#2223 = DIRECTION('',(0.707106781187,0.,-0.707106781187));
#2224 = PCURVE('',#2173,#2225);
#2225 = DEFINITIONAL_REPRESENTATION('',(#2226),#2229);
#2226 = B_SPLINE_CURVE_WITH_KNOTS('',1,(#2227,#2228),.UNSPECIFIED.,.F.,
  .F.,(2,2),(-1.131370849898,0.),.PIECEWISE_BEZIER_KNOTS.);
#2227 = CARTESIAN_POINT('',(0.,-0.8));
#2228 = CARTESIAN_POINT('',(0.,0.));
#2229 = ( GEOMETRIC_REPRESENTATION_CONTEXT(2) 
PARAMETRIC_REPRESENTATION_CONTEXT() REPRESENTATION_CONTEXT('2D SPACE',''
  ) );
#2230 = PCURVE('',#2173,#2231);
#2231 = DEFINITIONAL_REPRESENTATION('',(#2232),#2235);
#2232 = B_SPLINE_CURVE_WITH_KNOTS('',1,(#2233,#2234),.UNSPECIFIED.,.F.,
  .F.,(2,2),(-1.131370849898,0.),.PIECEWISE_BEZIER_KNOTS.);
#2233 = CARTESIAN_POINT('',(-6.28318530718,-0.8));
#2234 = CARTESIAN_POINT('',(-6.28318530718,0.));
#2235 = ( GEOMETRIC_REPRESENTATION_CONTEXT(2) 
PARAMETRIC_REPRESENTATION_CONTEXT() REPRESENTATION_CONTEXT('2D SPACE',''
  ) );
#2236 = ORIENTED_EDGE('',*,*,#2191,.T.);
#2237 = ORIENTED_EDGE('',*,*,#2218,.T.);
#2238 = ORIENTED_EDGE('',*,*,#2158,.F.);
#2239 = ( GEOMETRIC_REPRESENTATION_CONTEXT(3) 
GLOBAL_UNCERTAINTY_ASSIGNED_CONTEXT((#2243)) 
GLOBAL_UNIT_ASSIGNED_CONTEXT((#2240,#2241,#2242)) REPRESENTATION_CONTEXT
('Context #1','3D Context with UNIT and UNCERTAINTY') );
#2240 = ( LENGTH_UNIT() NAMED_UNIT(*) SI_UNIT(.MILLI.,.METRE.) );
#2241 = ( NAMED_UNIT(*) PLANE_ANGLE_UNIT() SI_UNIT($,.RADIAN.) );
#2242 = ( NAMED_UNIT(*) SI_UNIT($,.STERADIAN.) SOLID_ANGLE_UNIT() );
#2243 = UNCERTAINTY_MEASURE_WITH_UNIT(LENGTH_MEASURE(1.E-07),#2240,
  'distance_accuracy_value','confusion accuracy');
#2244 = PRODUCT_RELATED_PRODUCT_CATEGORY('part',$,(#7));
ENDSEC;
END-ISO-10303-21;
