ISO-10303-21;
HEADER;
FILE_DESCRIPTION(('Open CASCADE Model'),'2;1');
FILE_NAME('Open CASCADE Shape Model','2026-06-05T01:25:14',('Author'),(
    'Open CASCADE'),'Open CASCADE STEP processor 7.8','Open CASCADE 7.8'
  ,'Unknown');
FILE_SCHEMA(('AUTOMOTIVE_DESIGN { 1 0 10303 214 1 1 1 1 }'));
ENDSEC;
DATA;
#1 = APPLICATION_PROTOCOL_DEFINITION('international standard',
  'automotive_design',2000,#2);
#2 = APPLICATION_CONTEXT(
  'core data for automotive mechanical design processes');
#3 = SHAPE_DEFINITION_REPRESENTATION(#4,#10);
#4 = PRODUCT_DEFINITION_SHAPE('','',#5);
#5 = PRODUCT_DEFINITION('design','',#6,#9);
#6 = PRODUCT_DEFINITION_FORMATION('','',#7);
#7 = PRODUCT('Open CASCADE STEP translator 7.8 31',
  'Open CASCADE STEP translator 7.8 31','',(#8));
#8 = PRODUCT_CONTEXT('',#2,'mechanical');
#9 = PRODUCT_DEFINITION_CONTEXT('part definition',#2,'design');
#10 = ADVANCED_BREP_SHAPE_REPRESENTATION('',(#11,#15),#7235);
#11 = AXIS2_PLACEMENT_3D('',#12,#13,#14);
#12 = CARTESIAN_POINT('',(0.,0.,0.));
#13 = DIRECTION('',(0.,0.,1.));
#14 = DIRECTION('',(1.,0.,-0.));
#15 = MANIFOLD_SOLID_BREP('',#16);
#16 = CLOSED_SHELL('',(#17,#139,#2979,#3026,#5113,#5137,#5161,#5185,
    #5209,#5233,#5257,#5281,#5305,#5329,#5353,#5377,#5401,#5425,#5449,
    #5473,#5497,#5521,#5545,#5569,#5593,#5617,#5641,#5665,#5689,#5713,
    #5737,#5761,#5785,#5809,#5833,#5857,#5881,#5905,#5929,#5953,#5977,
    #6001,#6025,#6049,#6073,#6097,#6121,#6145,#6169,#6193,#6217,#6241,
    #6265,#6289,#6313,#6337,#6361,#6385,#6409,#6433,#6457,#6481,#6505,
    #6529,#6553,#6577,#6601,#6625,#6649,#6673,#6697,#6721,#6745,#6769,
    #6793,#6817,#6841,#6865,#6889,#6913,#6937,#6961,#6985,#7009,#7033,
    #7057,#7081,#7105,#7129,#7153,#7177,#7201,#7208));
#17 = ADVANCED_FACE('',(#18),#32,.F.);
#18 = FACE_BOUND('',#19,.F.);
#19 = EDGE_LOOP('',(#20,#56,#85,#112));
#20 = ORIENTED_EDGE('',*,*,#21,.F.);
#21 = EDGE_CURVE('',#22,#24,#26,.T.);
#22 = VERTEX_POINT('',#23);
#23 = CARTESIAN_POINT('',(24.37923096645,-6.379114161425,0.));
#24 = VERTEX_POINT('',#25);
#25 = CARTESIAN_POINT('',(24.866155190035,-4.08831579811,0.));
#26 = SURFACE_CURVE('',#27,(#31,#44),.PCURVE_S1.);
#27 = ( BOUNDED_CURVE() B_SPLINE_CURVE(2,(#28,#29,#30),.UNSPECIFIED.,.F.
,.F.) B_SPLINE_CURVE_WITH_KNOTS((3,3),(0.,1.),.PIECEWISE_BEZIER_KNOTS.) 
CURVE() GEOMETRIC_REPRESENTATION_ITEM() RATIONAL_B_SPLINE_CURVE((1.,
0.998919789238,1.)) REPRESENTATION_ITEM('') );
#28 = CARTESIAN_POINT('',(24.37923096645,-6.379114161425,0.));
#29 = CARTESIAN_POINT('',(24.675974792033,-5.245040357651,0.));
#30 = CARTESIAN_POINT('',(24.866155190035,-4.08831579811,0.));
#31 = PCURVE('',#32,#39);
#32 = ( BOUNDED_SURFACE() B_SPLINE_SURFACE(1,2,(
    (#33,#34,#35)
    ,(#36,#37,#38
)),.UNSPECIFIED.,.F.,.F.,.F.) B_SPLINE_SURFACE_WITH_KNOTS((2,2),(3,3),(
    0.,1.),(0.,1.),.PIECEWISE_BEZIER_KNOTS.) 
GEOMETRIC_REPRESENTATION_ITEM() RATIONAL_B_SPLINE_SURFACE((
    (1.,0.998919789238,1.)
,(1.,0.998919789238,1.))) REPRESENTATION_ITEM('') SURFACE() );
#33 = CARTESIAN_POINT('',(24.37923096645,-6.379114161425,0.));
#34 = CARTESIAN_POINT('',(24.675974792033,-5.245040357651,0.));
#35 = CARTESIAN_POINT('',(24.866155190035,-4.08831579811,0.));
#36 = CARTESIAN_POINT('',(24.37923096645,-6.379114161425,15.9));
#37 = CARTESIAN_POINT('',(24.675974792033,-5.245040357651,15.9));
#38 = CARTESIAN_POINT('',(24.866155190035,-4.08831579811,15.9));
#39 = DEFINITIONAL_REPRESENTATION('',(#40),#43);
#40 = B_SPLINE_CURVE_WITH_KNOTS('',1,(#41,#42),.UNSPECIFIED.,.F.,.F.,(2,
    2),(0.,1.),.PIECEWISE_BEZIER_KNOTS.);
#41 = CARTESIAN_POINT('',(0.,0.));
#42 = CARTESIAN_POINT('',(0.,1.));
#43 = ( GEOMETRIC_REPRESENTATION_CONTEXT(2) 
PARAMETRIC_REPRESENTATION_CONTEXT() REPRESENTATION_CONTEXT('2D SPACE',''
  ) );
#44 = PCURVE('',#45,#50);
#45 = PLANE('',#46);
#46 = AXIS2_PLACEMENT_3D('',#47,#48,#49);
#47 = CARTESIAN_POINT('',(2.210443027678E-16,-6.655355637683E-16,0.));
#48 = DIRECTION('',(0.,0.,1.));
#49 = DIRECTION('',(1.,0.,0.));
#50 = DEFINITIONAL_REPRESENTATION('',(#51),#55);
#51 = ( BOUNDED_CURVE() B_SPLINE_CURVE(2,(#52,#53,#54),.UNSPECIFIED.,.F.
,.F.) B_SPLINE_CURVE_WITH_KNOTS((3,3),(0.,1.),.PIECEWISE_BEZIER_KNOTS.) 
CURVE() GEOMETRIC_REPRESENTATION_ITEM() RATIONAL_B_SPLINE_CURVE((1.,
0.998919789238,1.)) REPRESENTATION_ITEM('') );
#52 = CARTESIAN_POINT('',(24.37923096645,-6.379114161425));
#53 = CARTESIAN_POINT('',(24.675974792033,-5.245040357651));
#54 = CARTESIAN_POINT('',(24.866155190035,-4.08831579811));
#55 = ( GEOMETRIC_REPRESENTATION_CONTEXT(2) 
PARAMETRIC_REPRESENTATION_CONTEXT() REPRESENTATION_CONTEXT('2D SPACE',''
  ) );
#56 = ORIENTED_EDGE('',*,*,#57,.T.);
#57 = EDGE_CURVE('',#22,#58,#60,.T.);
#58 = VERTEX_POINT('',#59);
#59 = CARTESIAN_POINT('',(24.37923096645,-6.379114161425,15.9));
#60 = SURFACE_CURVE('',#61,(#64,#70),.PCURVE_S1.);
#61 = B_SPLINE_CURVE_WITH_KNOTS('',1,(#62,#63),.UNSPECIFIED.,.F.,.F.,(2,
    2),(0.,1.),.PIECEWISE_BEZIER_KNOTS.);
#62 = CARTESIAN_POINT('',(24.37923096645,-6.379114161425,0.));
#63 = CARTESIAN_POINT('',(24.37923096645,-6.379114161425,15.9));
#64 = PCURVE('',#32,#65);
#65 = DEFINITIONAL_REPRESENTATION('',(#66),#69);
#66 = B_SPLINE_CURVE_WITH_KNOTS('',1,(#67,#68),.UNSPECIFIED.,.F.,.F.,(2,
    2),(0.,1.),.PIECEWISE_BEZIER_KNOTS.);
#67 = CARTESIAN_POINT('',(0.,0.));
#68 = CARTESIAN_POINT('',(1.,0.));
#69 = ( GEOMETRIC_REPRESENTATION_CONTEXT(2) 
PARAMETRIC_REPRESENTATION_CONTEXT() REPRESENTATION_CONTEXT('2D SPACE',''
  ) );
#70 = PCURVE('',#71,#80);
#71 = ( BOUNDED_SURFACE() B_SPLINE_SURFACE(1,3,(
    (#72,#73,#74,#75)
    ,(#76,#77,#78,#79
)),.UNSPECIFIED.,.F.,.F.,.F.) B_SPLINE_SURFACE_WITH_KNOTS((2,2),(4,4),(
    0.,1.),(0.,1.),.PIECEWISE_BEZIER_KNOTS.) 
GEOMETRIC_REPRESENTATION_ITEM() RATIONAL_B_SPLINE_SURFACE((
    (1.,1.090235562154,0.878790067642,1.)
,(1.,1.090235562154,0.878790067642,1.
))) REPRESENTATION_ITEM('') SURFACE() );
#72 = CARTESIAN_POINT('',(26.98524418047,-8.327579227979,0.));
#73 = CARTESIAN_POINT('',(25.859163678909,-8.106474551398,0.));
#74 = CARTESIAN_POINT('',(24.108058824997,-7.447973726814,0.));
#75 = CARTESIAN_POINT('',(24.37923096645,-6.379114161425,0.));
#76 = CARTESIAN_POINT('',(26.98524418047,-8.327579227979,15.9));
#77 = CARTESIAN_POINT('',(25.859163678909,-8.106474551398,15.9));
#78 = CARTESIAN_POINT('',(24.108058824997,-7.447973726814,15.9));
#79 = CARTESIAN_POINT('',(24.37923096645,-6.379114161425,15.9));
#80 = DEFINITIONAL_REPRESENTATION('',(#81),#84);
#81 = B_SPLINE_CURVE_WITH_KNOTS('',1,(#82,#83),.UNSPECIFIED.,.F.,.F.,(2,
    2),(0.,1.),.PIECEWISE_BEZIER_KNOTS.);
#82 = CARTESIAN_POINT('',(0.,1.));
#83 = CARTESIAN_POINT('',(1.,1.));
#84 = ( GEOMETRIC_REPRESENTATION_CONTEXT(2) 
PARAMETRIC_REPRESENTATION_CONTEXT() REPRESENTATION_CONTEXT('2D SPACE',''
  ) );
#85 = ORIENTED_EDGE('',*,*,#86,.T.);
#86 = EDGE_CURVE('',#58,#87,#89,.T.);
#87 = VERTEX_POINT('',#88);
#88 = CARTESIAN_POINT('',(24.866155190035,-4.08831579811,15.9));
#89 = SURFACE_CURVE('',#90,(#94,#100),.PCURVE_S1.);
#90 = ( BOUNDED_CURVE() B_SPLINE_CURVE(2,(#91,#92,#93),.UNSPECIFIED.,.F.
,.F.) B_SPLINE_CURVE_WITH_KNOTS((3,3),(0.,1.),.PIECEWISE_BEZIER_KNOTS.) 
CURVE() GEOMETRIC_REPRESENTATION_ITEM() RATIONAL_B_SPLINE_CURVE((1.,
0.998919789238,1.)) REPRESENTATION_ITEM('') );
#91 = CARTESIAN_POINT('',(24.37923096645,-6.379114161425,15.9));
#92 = CARTESIAN_POINT('',(24.675974792033,-5.245040357651,15.9));
#93 = CARTESIAN_POINT('',(24.866155190035,-4.08831579811,15.9));
#94 = PCURVE('',#32,#95);
#95 = DEFINITIONAL_REPRESENTATION('',(#96),#99);
#96 = B_SPLINE_CURVE_WITH_KNOTS('',1,(#97,#98),.UNSPECIFIED.,.F.,.F.,(2,
    2),(0.,1.),.PIECEWISE_BEZIER_KNOTS.);
#97 = CARTESIAN_POINT('',(1.,0.));
#98 = CARTESIAN_POINT('',(1.,1.));
#99 = ( GEOMETRIC_REPRESENTATION_CONTEXT(2) 
PARAMETRIC_REPRESENTATION_CONTEXT() REPRESENTATION_CONTEXT('2D SPACE',''
  ) );
#100 = PCURVE('',#101,#106);
#101 = PLANE('',#102);
#102 = AXIS2_PLACEMENT_3D('',#103,#104,#105);
#103 = CARTESIAN_POINT('',(2.210443027678E-16,-6.655355637683E-16,15.9)
  );
#104 = DIRECTION('',(0.,0.,1.));
#105 = DIRECTION('',(1.,0.,0.));
#106 = DEFINITIONAL_REPRESENTATION('',(#107),#111);
#107 = ( BOUNDED_CURVE() B_SPLINE_CURVE(2,(#108,#109,#110),
.UNSPECIFIED.,.F.,.F.) B_SPLINE_CURVE_WITH_KNOTS((3,3),(0.,1.),
.PIECEWISE_BEZIER_KNOTS.) CURVE() GEOMETRIC_REPRESENTATION_ITEM() 
RATIONAL_B_SPLINE_CURVE((1.,0.998919789238,1.)) REPRESENTATION_ITEM('') 
  );
#108 = CARTESIAN_POINT('',(24.37923096645,-6.379114161425));
#109 = CARTESIAN_POINT('',(24.675974792033,-5.245040357651));
#110 = CARTESIAN_POINT('',(24.866155190035,-4.08831579811));
#111 = ( GEOMETRIC_REPRESENTATION_CONTEXT(2) 
PARAMETRIC_REPRESENTATION_CONTEXT() REPRESENTATION_CONTEXT('2D SPACE',''
  ) );
#112 = ORIENTED_EDGE('',*,*,#113,.F.);
#113 = EDGE_CURVE('',#24,#87,#114,.T.);
#114 = SURFACE_CURVE('',#115,(#118,#124),.PCURVE_S1.);
#115 = B_SPLINE_CURVE_WITH_KNOTS('',1,(#116,#117),.UNSPECIFIED.,.F.,.F.,
  (2,2),(0.,1.),.PIECEWISE_BEZIER_KNOTS.);
#116 = CARTESIAN_POINT('',(24.866155190035,-4.08831579811,0.));
#117 = CARTESIAN_POINT('',(24.866155190035,-4.08831579811,15.9));
#118 = PCURVE('',#32,#119);
#119 = DEFINITIONAL_REPRESENTATION('',(#120),#123);
#120 = B_SPLINE_CURVE_WITH_KNOTS('',1,(#121,#122),.UNSPECIFIED.,.F.,.F.,
  (2,2),(0.,1.),.PIECEWISE_BEZIER_KNOTS.);
#121 = CARTESIAN_POINT('',(0.,1.));
#122 = CARTESIAN_POINT('',(1.,1.));
#123 = ( GEOMETRIC_REPRESENTATION_CONTEXT(2) 
PARAMETRIC_REPRESENTATION_CONTEXT() REPRESENTATION_CONTEXT('2D SPACE',''
  ) );
#124 = PCURVE('',#125,#134);
#125 = ( BOUNDED_SURFACE() B_SPLINE_SURFACE(1,3,(
    (#126,#127,#128,#129)
    ,(#130,#131,#132,#133
)),.UNSPECIFIED.,.F.,.F.,.F.) B_SPLINE_SURFACE_WITH_KNOTS((2,2),(4,4),(
    0.,1.),(0.,1.),.PIECEWISE_BEZIER_KNOTS.) 
GEOMETRIC_REPRESENTATION_ITEM() RATIONAL_B_SPLINE_SURFACE((
    (1.,0.878790067642,1.090235562154,1.)
,(1.,0.878790067642,1.090235562154,1.
))) REPRESENTATION_ITEM('') SURFACE() );
#126 = CARTESIAN_POINT('',(24.866155190035,-4.08831579811,0.));
#127 = CARTESIAN_POINT('',(25.053171463517,-3.001568350781,0.));
#128 = CARTESIAN_POINT('',(26.920721763518,-3.112236423582,0.));
#129 = CARTESIAN_POINT('',(28.039378864581,-3.368265453666,0.));
#130 = CARTESIAN_POINT('',(24.866155190035,-4.08831579811,15.9));
#131 = CARTESIAN_POINT('',(25.053171463517,-3.001568350781,15.9));
#132 = CARTESIAN_POINT('',(26.920721763518,-3.112236423582,15.9));
#133 = CARTESIAN_POINT('',(28.039378864581,-3.368265453666,15.9));
#134 = DEFINITIONAL_REPRESENTATION('',(#135),#138);
#135 = B_SPLINE_CURVE_WITH_KNOTS('',1,(#136,#137),.UNSPECIFIED.,.F.,.F.,
  (2,2),(0.,1.),.PIECEWISE_BEZIER_KNOTS.);
#136 = CARTESIAN_POINT('',(0.,0.));
#137 = CARTESIAN_POINT('',(1.,0.));
#138 = ( GEOMETRIC_REPRESENTATION_CONTEXT(2) 
PARAMETRIC_REPRESENTATION_CONTEXT() REPRESENTATION_CONTEXT('2D SPACE',''
  ) );
#139 = ADVANCED_FACE('',(#140,#2944),#45,.F.);
#140 = FACE_BOUND('',#141,.F.);
#141 = EDGE_LOOP('',(#142,#143,#167,#200,#229,#262,#295,#324,#357,#390,
    #419,#452,#485,#514,#547,#580,#609,#642,#675,#704,#737,#770,#799,
    #832,#865,#894,#927,#960,#989,#1022,#1055,#1084,#1117,#1150,#1179,
    #1212,#1245,#1274,#1307,#1340,#1369,#1402,#1435,#1464,#1497,#1530,
    #1559,#1592,#1625,#1654,#1687,#1720,#1749,#1782,#1815,#1844,#1877,
    #1910,#1939,#1972,#2005,#2034,#2067,#2100,#2129,#2162,#2195,#2224,
    #2257,#2290,#2319,#2352,#2385,#2414,#2447,#2480,#2509,#2542,#2575,
    #2604,#2637,#2670,#2699,#2732,#2765,#2794,#2827,#2860,#2889,#2922));
#142 = ORIENTED_EDGE('',*,*,#21,.T.);
#143 = ORIENTED_EDGE('',*,*,#144,.T.);
#144 = EDGE_CURVE('',#24,#145,#147,.T.);
#145 = VERTEX_POINT('',#146);
#146 = CARTESIAN_POINT('',(28.039378864589,-3.36826545367,0.));
#147 = SURFACE_CURVE('',#148,(#153,#161),.PCURVE_S1.);
#148 = ( BOUNDED_CURVE() B_SPLINE_CURVE(3,(#149,#150,#151,#152),
.UNSPECIFIED.,.F.,.F.) B_SPLINE_CURVE_WITH_KNOTS((4,4),(0.,1.),
.PIECEWISE_BEZIER_KNOTS.) CURVE() GEOMETRIC_REPRESENTATION_ITEM() 
RATIONAL_B_SPLINE_CURVE((1.,0.878790067642,1.090235562154,1.)) 
REPRESENTATION_ITEM('') );
#149 = CARTESIAN_POINT('',(24.866155190035,-4.08831579811,0.));
#150 = CARTESIAN_POINT('',(25.053171463517,-3.001568350781,0.));
#151 = CARTESIAN_POINT('',(26.920721763518,-3.112236423582,0.));
#152 = CARTESIAN_POINT('',(28.039378864598,-3.368265453674,0.));
#153 = PCURVE('',#45,#154);
#154 = DEFINITIONAL_REPRESENTATION('',(#155),#160);
#155 = ( BOUNDED_CURVE() B_SPLINE_CURVE(3,(#156,#157,#158,#159),
.UNSPECIFIED.,.F.,.F.) B_SPLINE_CURVE_WITH_KNOTS((4,4),(0.,1.),
.PIECEWISE_BEZIER_KNOTS.) CURVE() GEOMETRIC_REPRESENTATION_ITEM() 
RATIONAL_B_SPLINE_CURVE((1.,0.878790067642,1.090235562154,1.)) 
REPRESENTATION_ITEM('') );
#156 = CARTESIAN_POINT('',(24.866155190035,-4.08831579811));
#157 = CARTESIAN_POINT('',(25.053171463517,-3.001568350781));
#158 = CARTESIAN_POINT('',(26.920721763518,-3.112236423582));
#159 = CARTESIAN_POINT('',(28.039378864598,-3.368265453674));
#160 = ( GEOMETRIC_REPRESENTATION_CONTEXT(2) 
PARAMETRIC_REPRESENTATION_CONTEXT() REPRESENTATION_CONTEXT('2D SPACE',''
  ) );
#161 = PCURVE('',#125,#162);
#162 = DEFINITIONAL_REPRESENTATION('',(#163),#166);
#163 = B_SPLINE_CURVE_WITH_KNOTS('',1,(#164,#165),.UNSPECIFIED.,.F.,.F.,
  (2,2),(0.,1.),.PIECEWISE_BEZIER_KNOTS.);
#164 = CARTESIAN_POINT('',(0.,0.));
#165 = CARTESIAN_POINT('',(0.,1.));
#166 = ( GEOMETRIC_REPRESENTATION_CONTEXT(2) 
PARAMETRIC_REPRESENTATION_CONTEXT() REPRESENTATION_CONTEXT('2D SPACE',''
  ) );
#167 = ORIENTED_EDGE('',*,*,#168,.T.);
#168 = EDGE_CURVE('',#145,#169,#171,.T.);
#169 = VERTEX_POINT('',#170);
#170 = CARTESIAN_POINT('',(33.974658960756,-1.312458952821,0.));
#171 = SURFACE_CURVE('',#172,(#177,#185),.PCURVE_S1.);
#172 = ( BOUNDED_CURVE() B_SPLINE_CURVE(3,(#173,#174,#175,#176),
.UNSPECIFIED.,.F.,.F.) B_SPLINE_CURVE_WITH_KNOTS((4,4),(0.,1.),
.PIECEWISE_BEZIER_KNOTS.) CURVE() GEOMETRIC_REPRESENTATION_ITEM() 
RATIONAL_B_SPLINE_CURVE((1.,0.992368104903,1.010655752079,1.)) 
REPRESENTATION_ITEM('') );
#173 = CARTESIAN_POINT('',(28.039378864581,-3.368265453666,0.));
#174 = CARTESIAN_POINT('',(29.827535113729,-3.415084166734,0.));
#175 = CARTESIAN_POINT('',(32.220555079452,-2.411138068238,0.));
#176 = CARTESIAN_POINT('',(33.974658960756,-1.312458952821,0.));
#177 = PCURVE('',#45,#178);
#178 = DEFINITIONAL_REPRESENTATION('',(#179),#184);
#179 = ( BOUNDED_CURVE() B_SPLINE_CURVE(3,(#180,#181,#182,#183),
.UNSPECIFIED.,.F.,.F.) B_SPLINE_CURVE_WITH_KNOTS((4,4),(0.,1.),
.PIECEWISE_BEZIER_KNOTS.) CURVE() GEOMETRIC_REPRESENTATION_ITEM() 
RATIONAL_B_SPLINE_CURVE((1.,0.992368104903,1.010655752079,1.)) 
REPRESENTATION_ITEM('') );
#180 = CARTESIAN_POINT('',(28.039378864581,-3.368265453666));
#181 = CARTESIAN_POINT('',(29.827535113729,-3.415084166734));
#182 = CARTESIAN_POINT('',(32.220555079452,-2.411138068238));
#183 = CARTESIAN_POINT('',(33.974658960756,-1.312458952821));
#184 = ( GEOMETRIC_REPRESENTATION_CONTEXT(2) 
PARAMETRIC_REPRESENTATION_CONTEXT() REPRESENTATION_CONTEXT('2D SPACE',''
  ) );
#185 = PCURVE('',#186,#195);
#186 = ( BOUNDED_SURFACE() B_SPLINE_SURFACE(1,3,(
    (#187,#188,#189,#190)
    ,(#191,#192,#193,#194
)),.UNSPECIFIED.,.F.,.F.,.F.) B_SPLINE_SURFACE_WITH_KNOTS((2,2),(4,4),(
    0.,1.),(0.,1.),.PIECEWISE_BEZIER_KNOTS.) 
GEOMETRIC_REPRESENTATION_ITEM() RATIONAL_B_SPLINE_SURFACE((
    (1.,0.992368104903,1.010655752079,1.)
,(1.,0.992368104903,1.010655752079,1.
))) REPRESENTATION_ITEM('') SURFACE() );
#187 = CARTESIAN_POINT('',(28.039378864581,-3.368265453666,0.));
#188 = CARTESIAN_POINT('',(29.827535113729,-3.415084166734,0.));
#189 = CARTESIAN_POINT('',(32.220555079452,-2.411138068238,0.));
#190 = CARTESIAN_POINT('',(33.974658960756,-1.312458952821,0.));
#191 = CARTESIAN_POINT('',(28.039378864581,-3.368265453666,15.9));
#192 = CARTESIAN_POINT('',(29.827535113729,-3.415084166734,15.9));
#193 = CARTESIAN_POINT('',(32.220555079452,-2.411138068238,15.9));
#194 = CARTESIAN_POINT('',(33.974658960756,-1.312458952821,15.9));
#195 = DEFINITIONAL_REPRESENTATION('',(#196),#199);
#196 = B_SPLINE_CURVE_WITH_KNOTS('',1,(#197,#198),.UNSPECIFIED.,.F.,.F.,
  (2,2),(0.,1.),.PIECEWISE_BEZIER_KNOTS.);
#197 = CARTESIAN_POINT('',(0.,0.));
#198 = CARTESIAN_POINT('',(0.,1.));
#199 = ( GEOMETRIC_REPRESENTATION_CONTEXT(2) 
PARAMETRIC_REPRESENTATION_CONTEXT() REPRESENTATION_CONTEXT('2D SPACE',''
  ) );
#200 = ORIENTED_EDGE('',*,*,#201,.T.);
#201 = EDGE_CURVE('',#169,#202,#204,.T.);
#202 = VERTEX_POINT('',#203);
#203 = CARTESIAN_POINT('',(33.974658960756,1.312458952821,0.));
#204 = SURFACE_CURVE('',#205,(#209,#216),.PCURVE_S1.);
#205 = ( BOUNDED_CURVE() B_SPLINE_CURVE(2,(#206,#207,#208),
.UNSPECIFIED.,.F.,.F.) B_SPLINE_CURVE_WITH_KNOTS((3,3),(0.,1.),
.PIECEWISE_BEZIER_KNOTS.) CURVE() GEOMETRIC_REPRESENTATION_ITEM() 
RATIONAL_B_SPLINE_CURVE((1.,0.999254675315,1.)) REPRESENTATION_ITEM('') 
  );
#206 = CARTESIAN_POINT('',(33.974658960756,-1.312458952821,0.));
#207 = CARTESIAN_POINT('',(34.025359940708,2.223759659867E-16,0.));
#208 = CARTESIAN_POINT('',(33.974658960756,1.312458952821,0.));
#209 = PCURVE('',#45,#210);
#210 = DEFINITIONAL_REPRESENTATION('',(#211),#215);
#211 = ( BOUNDED_CURVE() B_SPLINE_CURVE(2,(#212,#213,#214),
.UNSPECIFIED.,.F.,.F.) B_SPLINE_CURVE_WITH_KNOTS((3,3),(0.,1.),
.PIECEWISE_BEZIER_KNOTS.) CURVE() GEOMETRIC_REPRESENTATION_ITEM() 
RATIONAL_B_SPLINE_CURVE((1.,0.999254675315,1.)) REPRESENTATION_ITEM('') 
  );
#212 = CARTESIAN_POINT('',(33.974658960756,-1.312458952821));
#213 = CARTESIAN_POINT('',(34.025359940708,8.87911529755E-16));
#214 = CARTESIAN_POINT('',(33.974658960756,1.312458952821));
#215 = ( GEOMETRIC_REPRESENTATION_CONTEXT(2) 
PARAMETRIC_REPRESENTATION_CONTEXT() REPRESENTATION_CONTEXT('2D SPACE',''
  ) );
#216 = PCURVE('',#217,#224);
#217 = ( BOUNDED_SURFACE() B_SPLINE_SURFACE(1,2,(
    (#218,#219,#220)
    ,(#221,#222,#223
)),.UNSPECIFIED.,.F.,.F.,.F.) B_SPLINE_SURFACE_WITH_KNOTS((2,2),(3,3),(
    0.,1.),(0.,1.),.PIECEWISE_BEZIER_KNOTS.) 
GEOMETRIC_REPRESENTATION_ITEM() RATIONAL_B_SPLINE_SURFACE((
    (1.,0.999254675315,1.)
,(1.,0.999254675315,1.))) REPRESENTATION_ITEM('') SURFACE() );
#218 = CARTESIAN_POINT('',(33.974658960756,-1.312458952821,0.));
#219 = CARTESIAN_POINT('',(34.025359940708,2.223759659867E-16,0.));
#220 = CARTESIAN_POINT('',(33.974658960756,1.312458952821,0.));
#221 = CARTESIAN_POINT('',(33.974658960756,-1.312458952821,15.9));
#222 = CARTESIAN_POINT('',(34.025359940708,2.223759659867E-16,15.9));
#223 = CARTESIAN_POINT('',(33.974658960756,1.312458952821,15.9));
#224 = DEFINITIONAL_REPRESENTATION('',(#225),#228);
#225 = B_SPLINE_CURVE_WITH_KNOTS('',1,(#226,#227),.UNSPECIFIED.,.F.,.F.,
  (2,2),(0.,1.),.PIECEWISE_BEZIER_KNOTS.);
#226 = CARTESIAN_POINT('',(0.,0.));
#227 = CARTESIAN_POINT('',(0.,1.));
#228 = ( GEOMETRIC_REPRESENTATION_CONTEXT(2) 
PARAMETRIC_REPRESENTATION_CONTEXT() REPRESENTATION_CONTEXT('2D SPACE',''
  ) );
#229 = ORIENTED_EDGE('',*,*,#230,.T.);
#230 = EDGE_CURVE('',#202,#231,#233,.T.);
#231 = VERTEX_POINT('',#232);
#232 = CARTESIAN_POINT('',(28.039378864581,3.368265453666,0.));
#233 = SURFACE_CURVE('',#234,(#239,#247),.PCURVE_S1.);
#234 = ( BOUNDED_CURVE() B_SPLINE_CURVE(3,(#235,#236,#237,#238),
.UNSPECIFIED.,.F.,.F.) B_SPLINE_CURVE_WITH_KNOTS((4,4),(0.,1.),
.PIECEWISE_BEZIER_KNOTS.) CURVE() GEOMETRIC_REPRESENTATION_ITEM() 
RATIONAL_B_SPLINE_CURVE((1.,1.010655752079,0.992368104903,1.)) 
REPRESENTATION_ITEM('') );
#235 = CARTESIAN_POINT('',(33.974658960756,1.312458952821,0.));
#236 = CARTESIAN_POINT('',(32.220555079452,2.411138068238,0.));
#237 = CARTESIAN_POINT('',(29.827535113729,3.415084166734,0.));
#238 = CARTESIAN_POINT('',(28.039378864581,3.368265453666,0.));
#239 = PCURVE('',#45,#240);
#240 = DEFINITIONAL_REPRESENTATION('',(#241),#246);
#241 = ( BOUNDED_CURVE() B_SPLINE_CURVE(3,(#242,#243,#244,#245),
.UNSPECIFIED.,.F.,.F.) B_SPLINE_CURVE_WITH_KNOTS((4,4),(0.,1.),
.PIECEWISE_BEZIER_KNOTS.) CURVE() GEOMETRIC_REPRESENTATION_ITEM() 
RATIONAL_B_SPLINE_CURVE((1.,1.010655752079,0.992368104903,1.)) 
REPRESENTATION_ITEM('') );
#242 = CARTESIAN_POINT('',(33.974658960756,1.312458952821));
#243 = CARTESIAN_POINT('',(32.220555079452,2.411138068238));
#244 = CARTESIAN_POINT('',(29.827535113729,3.415084166734));
#245 = CARTESIAN_POINT('',(28.039378864581,3.368265453666));
#246 = ( GEOMETRIC_REPRESENTATION_CONTEXT(2) 
PARAMETRIC_REPRESENTATION_CONTEXT() REPRESENTATION_CONTEXT('2D SPACE',''
  ) );
#247 = PCURVE('',#248,#257);
#248 = ( BOUNDED_SURFACE() B_SPLINE_SURFACE(1,3,(
    (#249,#250,#251,#252)
    ,(#253,#254,#255,#256
)),.UNSPECIFIED.,.F.,.F.,.F.) B_SPLINE_SURFACE_WITH_KNOTS((2,2),(4,4),(
    0.,1.),(0.,1.),.PIECEWISE_BEZIER_KNOTS.) 
GEOMETRIC_REPRESENTATION_ITEM() RATIONAL_B_SPLINE_SURFACE((
    (1.,1.010655752079,0.992368104903,1.)
,(1.,1.010655752079,0.992368104903,1.
))) REPRESENTATION_ITEM('') SURFACE() );
#249 = CARTESIAN_POINT('',(33.974658960756,1.312458952821,0.));
#250 = CARTESIAN_POINT('',(32.220555079452,2.411138068238,0.));
#251 = CARTESIAN_POINT('',(29.827535113729,3.415084166734,0.));
#252 = CARTESIAN_POINT('',(28.039378864581,3.368265453666,0.));
#253 = CARTESIAN_POINT('',(33.974658960756,1.312458952821,15.9));
#254 = CARTESIAN_POINT('',(32.220555079452,2.411138068238,15.9));
#255 = CARTESIAN_POINT('',(29.827535113729,3.415084166734,15.9));
#256 = CARTESIAN_POINT('',(28.039378864581,3.368265453666,15.9));
#257 = DEFINITIONAL_REPRESENTATION('',(#258),#261);
#258 = B_SPLINE_CURVE_WITH_KNOTS('',1,(#259,#260),.UNSPECIFIED.,.F.,.F.,
  (2,2),(0.,1.),.PIECEWISE_BEZIER_KNOTS.);
#259 = CARTESIAN_POINT('',(0.,0.));
#260 = CARTESIAN_POINT('',(0.,1.));
#261 = ( GEOMETRIC_REPRESENTATION_CONTEXT(2) 
PARAMETRIC_REPRESENTATION_CONTEXT() REPRESENTATION_CONTEXT('2D SPACE',''
  ) );
#262 = ORIENTED_EDGE('',*,*,#263,.T.);
#263 = EDGE_CURVE('',#231,#264,#266,.T.);
#264 = VERTEX_POINT('',#265);
#265 = CARTESIAN_POINT('',(24.866155190035,4.08831579811,0.));
#266 = SURFACE_CURVE('',#267,(#272,#280),.PCURVE_S1.);
#267 = ( BOUNDED_CURVE() B_SPLINE_CURVE(3,(#268,#269,#270,#271),
.UNSPECIFIED.,.F.,.F.) B_SPLINE_CURVE_WITH_KNOTS((4,4),(0.,1.),
.PIECEWISE_BEZIER_KNOTS.) CURVE() GEOMETRIC_REPRESENTATION_ITEM() 
RATIONAL_B_SPLINE_CURVE((1.,1.090235562154,0.878790067642,1.)) 
REPRESENTATION_ITEM('') );
#268 = CARTESIAN_POINT('',(28.039378864581,3.368265453666,0.));
#269 = CARTESIAN_POINT('',(26.920721763518,3.112236423582,0.));
#270 = CARTESIAN_POINT('',(25.053171463517,3.001568350781,0.));
#271 = CARTESIAN_POINT('',(24.866155190035,4.08831579811,0.));
#272 = PCURVE('',#45,#273);
#273 = DEFINITIONAL_REPRESENTATION('',(#274),#279);
#274 = ( BOUNDED_CURVE() B_SPLINE_CURVE(3,(#275,#276,#277,#278),
.UNSPECIFIED.,.F.,.F.) B_SPLINE_CURVE_WITH_KNOTS((4,4),(0.,1.),
.PIECEWISE_BEZIER_KNOTS.) CURVE() GEOMETRIC_REPRESENTATION_ITEM() 
RATIONAL_B_SPLINE_CURVE((1.,1.090235562154,0.878790067642,1.)) 
REPRESENTATION_ITEM('') );
#275 = CARTESIAN_POINT('',(28.039378864581,3.368265453666));
#276 = CARTESIAN_POINT('',(26.920721763518,3.112236423582));
#277 = CARTESIAN_POINT('',(25.053171463517,3.001568350781));
#278 = CARTESIAN_POINT('',(24.866155190035,4.08831579811));
#279 = ( GEOMETRIC_REPRESENTATION_CONTEXT(2) 
PARAMETRIC_REPRESENTATION_CONTEXT() REPRESENTATION_CONTEXT('2D SPACE',''
  ) );
#280 = PCURVE('',#281,#290);
#281 = ( BOUNDED_SURFACE() B_SPLINE_SURFACE(1,3,(
    (#282,#283,#284,#285)
    ,(#286,#287,#288,#289
)),.UNSPECIFIED.,.F.,.F.,.F.) B_SPLINE_SURFACE_WITH_KNOTS((2,2),(4,4),(
    0.,1.),(0.,1.),.PIECEWISE_BEZIER_KNOTS.) 
GEOMETRIC_REPRESENTATION_ITEM() RATIONAL_B_SPLINE_SURFACE((
    (1.,1.090235562154,0.878790067642,1.)
,(1.,1.090235562154,0.878790067642,1.
))) REPRESENTATION_ITEM('') SURFACE() );
#282 = CARTESIAN_POINT('',(28.039378864581,3.368265453666,0.));
#283 = CARTESIAN_POINT('',(26.920721763518,3.112236423582,0.));
#284 = CARTESIAN_POINT('',(25.053171463517,3.001568350781,0.));
#285 = CARTESIAN_POINT('',(24.866155190035,4.08831579811,0.));
#286 = CARTESIAN_POINT('',(28.039378864581,3.368265453666,15.9));
#287 = CARTESIAN_POINT('',(26.920721763518,3.112236423582,15.9));
#288 = CARTESIAN_POINT('',(25.053171463517,3.001568350781,15.9));
#289 = CARTESIAN_POINT('',(24.866155190035,4.08831579811,15.9));
#290 = DEFINITIONAL_REPRESENTATION('',(#291),#294);
#291 = B_SPLINE_CURVE_WITH_KNOTS('',1,(#292,#293),.UNSPECIFIED.,.F.,.F.,
  (2,2),(0.,1.),.PIECEWISE_BEZIER_KNOTS.);
#292 = CARTESIAN_POINT('',(0.,0.));
#293 = CARTESIAN_POINT('',(0.,1.));
#294 = ( GEOMETRIC_REPRESENTATION_CONTEXT(2) 
PARAMETRIC_REPRESENTATION_CONTEXT() REPRESENTATION_CONTEXT('2D SPACE',''
  ) );
#295 = ORIENTED_EDGE('',*,*,#296,.T.);
#296 = EDGE_CURVE('',#264,#297,#299,.T.);
#297 = VERTEX_POINT('',#298);
#298 = CARTESIAN_POINT('',(24.37923096645,6.379114161425,0.));
#299 = SURFACE_CURVE('',#300,(#304,#311),.PCURVE_S1.);
#300 = ( BOUNDED_CURVE() B_SPLINE_CURVE(2,(#301,#302,#303),
.UNSPECIFIED.,.F.,.F.) B_SPLINE_CURVE_WITH_KNOTS((3,3),(0.,1.),
.PIECEWISE_BEZIER_KNOTS.) CURVE() GEOMETRIC_REPRESENTATION_ITEM() 
RATIONAL_B_SPLINE_CURVE((1.,0.998919789238,1.)) REPRESENTATION_ITEM('') 
  );
#301 = CARTESIAN_POINT('',(24.866155190035,4.08831579811,0.));
#302 = CARTESIAN_POINT('',(24.675974792033,5.245040357651,0.));
#303 = CARTESIAN_POINT('',(24.37923096645,6.379114161425,0.));
#304 = PCURVE('',#45,#305);
#305 = DEFINITIONAL_REPRESENTATION('',(#306),#310);
#306 = ( BOUNDED_CURVE() B_SPLINE_CURVE(2,(#307,#308,#309),
.UNSPECIFIED.,.F.,.F.) B_SPLINE_CURVE_WITH_KNOTS((3,3),(0.,1.),
.PIECEWISE_BEZIER_KNOTS.) CURVE() GEOMETRIC_REPRESENTATION_ITEM() 
RATIONAL_B_SPLINE_CURVE((1.,0.998919789238,1.)) REPRESENTATION_ITEM('') 
  );
#307 = CARTESIAN_POINT('',(24.866155190035,4.08831579811));
#308 = CARTESIAN_POINT('',(24.675974792033,5.245040357651));
#309 = CARTESIAN_POINT('',(24.37923096645,6.379114161425));
#310 = ( GEOMETRIC_REPRESENTATION_CONTEXT(2) 
PARAMETRIC_REPRESENTATION_CONTEXT() REPRESENTATION_CONTEXT('2D SPACE',''
  ) );
#311 = PCURVE('',#312,#319);
#312 = ( BOUNDED_SURFACE() B_SPLINE_SURFACE(1,2,(
    (#313,#314,#315)
    ,(#316,#317,#318
)),.UNSPECIFIED.,.F.,.F.,.F.) B_SPLINE_SURFACE_WITH_KNOTS((2,2),(3,3),(
    0.,1.),(0.,1.),.PIECEWISE_BEZIER_KNOTS.) 
GEOMETRIC_REPRESENTATION_ITEM() RATIONAL_B_SPLINE_SURFACE((
    (1.,0.998919789238,1.)
,(1.,0.998919789238,1.))) REPRESENTATION_ITEM('') SURFACE() );
#313 = CARTESIAN_POINT('',(24.866155190035,4.08831579811,0.));
#314 = CARTESIAN_POINT('',(24.675974792033,5.245040357651,0.));
#315 = CARTESIAN_POINT('',(24.37923096645,6.379114161425,0.));
#316 = CARTESIAN_POINT('',(24.866155190035,4.08831579811,15.9));
#317 = CARTESIAN_POINT('',(24.675974792033,5.245040357651,15.9));
#318 = CARTESIAN_POINT('',(24.37923096645,6.379114161425,15.9));
#319 = DEFINITIONAL_REPRESENTATION('',(#320),#323);
#320 = B_SPLINE_CURVE_WITH_KNOTS('',1,(#321,#322),.UNSPECIFIED.,.F.,.F.,
  (2,2),(0.,1.),.PIECEWISE_BEZIER_KNOTS.);
#321 = CARTESIAN_POINT('',(0.,0.));
#322 = CARTESIAN_POINT('',(0.,1.));
#323 = ( GEOMETRIC_REPRESENTATION_CONTEXT(2) 
PARAMETRIC_REPRESENTATION_CONTEXT() REPRESENTATION_CONTEXT('2D SPACE',''
  ) );
#324 = ORIENTED_EDGE('',*,*,#325,.T.);
#325 = EDGE_CURVE('',#297,#326,#328,.T.);
#326 = VERTEX_POINT('',#327);
#327 = CARTESIAN_POINT('',(26.98524418048,8.327579227979,0.));
#328 = SURFACE_CURVE('',#329,(#334,#342),.PCURVE_S1.);
#329 = ( BOUNDED_CURVE() B_SPLINE_CURVE(3,(#330,#331,#332,#333),
.UNSPECIFIED.,.F.,.F.) B_SPLINE_CURVE_WITH_KNOTS((4,4),(0.,1.),
.PIECEWISE_BEZIER_KNOTS.) CURVE() GEOMETRIC_REPRESENTATION_ITEM() 
RATIONAL_B_SPLINE_CURVE((1.,0.878790067642,1.090235562154,1.)) 
REPRESENTATION_ITEM('') );
#330 = CARTESIAN_POINT('',(24.37923096645,6.379114161425,0.));
#331 = CARTESIAN_POINT('',(24.108058824997,7.447973726814,0.));
#332 = CARTESIAN_POINT('',(25.859163678909,8.106474551398,0.));
#333 = CARTESIAN_POINT('',(26.985244180489,8.327579227979,0.));
#334 = PCURVE('',#45,#335);
#335 = DEFINITIONAL_REPRESENTATION('',(#336),#341);
#336 = ( BOUNDED_CURVE() B_SPLINE_CURVE(3,(#337,#338,#339,#340),
.UNSPECIFIED.,.F.,.F.) B_SPLINE_CURVE_WITH_KNOTS((4,4),(0.,1.),
.PIECEWISE_BEZIER_KNOTS.) CURVE() GEOMETRIC_REPRESENTATION_ITEM() 
RATIONAL_B_SPLINE_CURVE((1.,0.878790067642,1.090235562154,1.)) 
REPRESENTATION_ITEM('') );
#337 = CARTESIAN_POINT('',(24.37923096645,6.379114161425));
#338 = CARTESIAN_POINT('',(24.108058824997,7.447973726814));
#339 = CARTESIAN_POINT('',(25.859163678909,8.106474551398));
#340 = CARTESIAN_POINT('',(26.985244180489,8.327579227979));
#341 = ( GEOMETRIC_REPRESENTATION_CONTEXT(2) 
PARAMETRIC_REPRESENTATION_CONTEXT() REPRESENTATION_CONTEXT('2D SPACE',''
  ) );
#342 = PCURVE('',#343,#352);
#343 = ( BOUNDED_SURFACE() B_SPLINE_SURFACE(1,3,(
    (#344,#345,#346,#347)
    ,(#348,#349,#350,#351
)),.UNSPECIFIED.,.F.,.F.,.F.) B_SPLINE_SURFACE_WITH_KNOTS((2,2),(4,4),(
    0.,1.),(0.,1.),.PIECEWISE_BEZIER_KNOTS.) 
GEOMETRIC_REPRESENTATION_ITEM() RATIONAL_B_SPLINE_SURFACE((
    (1.,0.878790067642,1.090235562154,1.)
,(1.,0.878790067642,1.090235562154,1.
))) REPRESENTATION_ITEM('') SURFACE() );
#344 = CARTESIAN_POINT('',(24.37923096645,6.379114161425,0.));
#345 = CARTESIAN_POINT('',(24.108058824997,7.447973726814,0.));
#346 = CARTESIAN_POINT('',(25.859163678909,8.106474551398,0.));
#347 = CARTESIAN_POINT('',(26.98524418047,8.327579227979,0.));
#348 = CARTESIAN_POINT('',(24.37923096645,6.379114161425,15.9));
#349 = CARTESIAN_POINT('',(24.108058824997,7.447973726814,15.9));
#350 = CARTESIAN_POINT('',(25.859163678909,8.106474551398,15.9));
#351 = CARTESIAN_POINT('',(26.98524418047,8.327579227979,15.9));
#352 = DEFINITIONAL_REPRESENTATION('',(#353),#356);
#353 = B_SPLINE_CURVE_WITH_KNOTS('',1,(#354,#355),.UNSPECIFIED.,.F.,.F.,
  (2,2),(0.,1.),.PIECEWISE_BEZIER_KNOTS.);
#354 = CARTESIAN_POINT('',(0.,0.));
#355 = CARTESIAN_POINT('',(0.,1.));
#356 = ( GEOMETRIC_REPRESENTATION_CONTEXT(2) 
PARAMETRIC_REPRESENTATION_CONTEXT() REPRESENTATION_CONTEXT('2D SPACE',''
  ) );
#357 = ORIENTED_EDGE('',*,*,#358,.T.);
#358 = EDGE_CURVE('',#326,#359,#361,.T.);
#359 = VERTEX_POINT('',#360);
#360 = CARTESIAN_POINT('',(31.5712205172,12.619747820651,0.));
#361 = SURFACE_CURVE('',#362,(#367,#375),.PCURVE_S1.);
#362 = ( BOUNDED_CURVE() B_SPLINE_CURVE(3,(#363,#364,#365,#366),
.UNSPECIFIED.,.F.,.F.) B_SPLINE_CURVE_WITH_KNOTS((4,4),(0.,1.),
.PIECEWISE_BEZIER_KNOTS.) CURVE() GEOMETRIC_REPRESENTATION_ITEM() 
RATIONAL_B_SPLINE_CURVE((1.,0.992368104903,1.010655752079,1.)) 
REPRESENTATION_ITEM('') );
#363 = CARTESIAN_POINT('',(26.98524418047,8.327579227979,0.));
#364 = CARTESIAN_POINT('',(28.637849085621,9.012116875397,0.));
#365 = CARTESIAN_POINT('',(30.415639939424,10.902596181067,0.));
#366 = CARTESIAN_POINT('',(31.5712205172,12.619747820651,0.));
#367 = PCURVE('',#45,#368);
#368 = DEFINITIONAL_REPRESENTATION('',(#369),#374);
#369 = ( BOUNDED_CURVE() B_SPLINE_CURVE(3,(#370,#371,#372,#373),
.UNSPECIFIED.,.F.,.F.) B_SPLINE_CURVE_WITH_KNOTS((4,4),(0.,1.),
.PIECEWISE_BEZIER_KNOTS.) CURVE() GEOMETRIC_REPRESENTATION_ITEM() 
RATIONAL_B_SPLINE_CURVE((1.,0.992368104903,1.010655752079,1.)) 
REPRESENTATION_ITEM('') );
#370 = CARTESIAN_POINT('',(26.98524418047,8.327579227979));
#371 = CARTESIAN_POINT('',(28.637849085621,9.012116875397));
#372 = CARTESIAN_POINT('',(30.415639939424,10.902596181067));
#373 = CARTESIAN_POINT('',(31.5712205172,12.619747820651));
#374 = ( GEOMETRIC_REPRESENTATION_CONTEXT(2) 
PARAMETRIC_REPRESENTATION_CONTEXT() REPRESENTATION_CONTEXT('2D SPACE',''
  ) );
#375 = PCURVE('',#376,#385);
#376 = ( BOUNDED_SURFACE() B_SPLINE_SURFACE(1,3,(
    (#377,#378,#379,#380)
    ,(#381,#382,#383,#384
)),.UNSPECIFIED.,.F.,.F.,.F.) B_SPLINE_SURFACE_WITH_KNOTS((2,2),(4,4),(
    0.,1.),(0.,1.),.PIECEWISE_BEZIER_KNOTS.) 
GEOMETRIC_REPRESENTATION_ITEM() RATIONAL_B_SPLINE_SURFACE((
    (1.,0.992368104903,1.010655752079,1.)
,(1.,0.992368104903,1.010655752079,1.
))) REPRESENTATION_ITEM('') SURFACE() );
#377 = CARTESIAN_POINT('',(26.98524418047,8.327579227979,0.));
#378 = CARTESIAN_POINT('',(28.637849085621,9.012116875397,0.));
#379 = CARTESIAN_POINT('',(30.415639939424,10.902596181067,0.));
#380 = CARTESIAN_POINT('',(31.5712205172,12.619747820651,0.));
#381 = CARTESIAN_POINT('',(26.98524418047,8.327579227979,15.9));
#382 = CARTESIAN_POINT('',(28.637849085621,9.012116875397,15.9));
#383 = CARTESIAN_POINT('',(30.415639939424,10.902596181067,15.9));
#384 = CARTESIAN_POINT('',(31.5712205172,12.619747820651,15.9));
#385 = DEFINITIONAL_REPRESENTATION('',(#386),#389);
#386 = B_SPLINE_CURVE_WITH_KNOTS('',1,(#387,#388),.UNSPECIFIED.,.F.,.F.,
  (2,2),(0.,1.),.PIECEWISE_BEZIER_KNOTS.);
#387 = CARTESIAN_POINT('',(0.,0.));
#388 = CARTESIAN_POINT('',(0.,1.));
#389 = ( GEOMETRIC_REPRESENTATION_CONTEXT(2) 
PARAMETRIC_REPRESENTATION_CONTEXT() REPRESENTATION_CONTEXT('2D SPACE',''
  ) );
#390 = ORIENTED_EDGE('',*,*,#391,.T.);
#391 = EDGE_CURVE('',#359,#392,#394,.T.);
#392 = VERTEX_POINT('',#393);
#393 = CARTESIAN_POINT('',(30.50357021991,15.017729650035,0.));
#394 = SURFACE_CURVE('',#395,(#399,#406),.PCURVE_S1.);
#395 = ( BOUNDED_CURVE() B_SPLINE_CURVE(2,(#396,#397,#398),
.UNSPECIFIED.,.F.,.F.) B_SPLINE_CURVE_WITH_KNOTS((3,3),(0.,1.),
.PIECEWISE_BEZIER_KNOTS.) CURVE() GEOMETRIC_REPRESENTATION_ITEM() 
RATIONAL_B_SPLINE_CURVE((1.,0.999254675315,1.)) REPRESENTATION_ITEM('') 
  );
#396 = CARTESIAN_POINT('',(31.5712205172,12.619747820651,0.));
#397 = CARTESIAN_POINT('',(31.083713018488,13.839360681729,0.));
#398 = CARTESIAN_POINT('',(30.50357021991,15.017729650035,0.));
#399 = PCURVE('',#45,#400);
#400 = DEFINITIONAL_REPRESENTATION('',(#401),#405);
#401 = ( BOUNDED_CURVE() B_SPLINE_CURVE(2,(#402,#403,#404),
.UNSPECIFIED.,.F.,.F.) B_SPLINE_CURVE_WITH_KNOTS((3,3),(0.,1.),
.PIECEWISE_BEZIER_KNOTS.) CURVE() GEOMETRIC_REPRESENTATION_ITEM() 
RATIONAL_B_SPLINE_CURVE((1.,0.999254675315,1.)) REPRESENTATION_ITEM('') 
  );
#402 = CARTESIAN_POINT('',(31.5712205172,12.619747820651));
#403 = CARTESIAN_POINT('',(31.083713018488,13.839360681729));
#404 = CARTESIAN_POINT('',(30.50357021991,15.017729650035));
#405 = ( GEOMETRIC_REPRESENTATION_CONTEXT(2) 
PARAMETRIC_REPRESENTATION_CONTEXT() REPRESENTATION_CONTEXT('2D SPACE',''
  ) );
#406 = PCURVE('',#407,#414);
#407 = ( BOUNDED_SURFACE() B_SPLINE_SURFACE(1,2,(
    (#408,#409,#410)
    ,(#411,#412,#413
)),.UNSPECIFIED.,.F.,.F.,.F.) B_SPLINE_SURFACE_WITH_KNOTS((2,2),(3,3),(
    0.,1.),(0.,1.),.PIECEWISE_BEZIER_KNOTS.) 
GEOMETRIC_REPRESENTATION_ITEM() RATIONAL_B_SPLINE_SURFACE((
    (1.,0.999254675315,1.)
,(1.,0.999254675315,1.))) REPRESENTATION_ITEM('') SURFACE() );
#408 = CARTESIAN_POINT('',(31.5712205172,12.619747820651,0.));
#409 = CARTESIAN_POINT('',(31.083713018488,13.839360681729,0.));
#410 = CARTESIAN_POINT('',(30.50357021991,15.017729650035,0.));
#411 = CARTESIAN_POINT('',(31.5712205172,12.619747820651,15.9));
#412 = CARTESIAN_POINT('',(31.083713018488,13.839360681729,15.9));
#413 = CARTESIAN_POINT('',(30.50357021991,15.017729650035,15.9));
#414 = DEFINITIONAL_REPRESENTATION('',(#415),#418);
#415 = B_SPLINE_CURVE_WITH_KNOTS('',1,(#416,#417),.UNSPECIFIED.,.F.,.F.,
  (2,2),(0.,1.),.PIECEWISE_BEZIER_KNOTS.);
#416 = CARTESIAN_POINT('',(0.,0.));
#417 = CARTESIAN_POINT('',(0.,1.));
#418 = ( GEOMETRIC_REPRESENTATION_CONTEXT(2) 
PARAMETRIC_REPRESENTATION_CONTEXT() REPRESENTATION_CONTEXT('2D SPACE',''
  ) );
#419 = ORIENTED_EDGE('',*,*,#420,.T.);
#420 = EDGE_CURVE('',#392,#421,#423,.T.);
#421 = VERTEX_POINT('',#422);
#422 = CARTESIAN_POINT('',(24.245250213245,14.481706438642,0.));
#423 = SURFACE_CURVE('',#424,(#429,#437),.PCURVE_S1.);
#424 = ( BOUNDED_CURVE() B_SPLINE_CURVE(3,(#425,#426,#427,#428),
.UNSPECIFIED.,.F.,.F.) B_SPLINE_CURVE_WITH_KNOTS((4,4),(0.,1.),
.PIECEWISE_BEZIER_KNOTS.) CURVE() GEOMETRIC_REPRESENTATION_ITEM() 
RATIONAL_B_SPLINE_CURVE((1.,1.010655752079,0.992368104903,1.)) 
REPRESENTATION_ITEM('') );
#425 = CARTESIAN_POINT('',(30.50357021991,15.017729650035,0.));
#426 = CARTESIAN_POINT('',(28.45424353169,15.307964641043,0.));
#427 = CARTESIAN_POINT('',(25.859769346024,15.25178613137,0.));
#428 = CARTESIAN_POINT('',(24.245250213245,14.481706438642,0.));
#429 = PCURVE('',#45,#430);
#430 = DEFINITIONAL_REPRESENTATION('',(#431),#436);
#431 = ( BOUNDED_CURVE() B_SPLINE_CURVE(3,(#432,#433,#434,#435),
.UNSPECIFIED.,.F.,.F.) B_SPLINE_CURVE_WITH_KNOTS((4,4),(0.,1.),
.PIECEWISE_BEZIER_KNOTS.) CURVE() GEOMETRIC_REPRESENTATION_ITEM() 
RATIONAL_B_SPLINE_CURVE((1.,1.010655752079,0.992368104903,1.)) 
REPRESENTATION_ITEM('') );
#432 = CARTESIAN_POINT('',(30.50357021991,15.017729650035));
#433 = CARTESIAN_POINT('',(28.45424353169,15.307964641043));
#434 = CARTESIAN_POINT('',(25.859769346024,15.25178613137));
#435 = CARTESIAN_POINT('',(24.245250213245,14.481706438642));
#436 = ( GEOMETRIC_REPRESENTATION_CONTEXT(2) 
PARAMETRIC_REPRESENTATION_CONTEXT() REPRESENTATION_CONTEXT('2D SPACE',''
  ) );
#437 = PCURVE('',#438,#447);
#438 = ( BOUNDED_SURFACE() B_SPLINE_SURFACE(1,3,(
    (#439,#440,#441,#442)
    ,(#443,#444,#445,#446
)),.UNSPECIFIED.,.F.,.F.,.F.) B_SPLINE_SURFACE_WITH_KNOTS((2,2),(4,4),(
    0.,1.),(0.,1.),.PIECEWISE_BEZIER_KNOTS.) 
GEOMETRIC_REPRESENTATION_ITEM() RATIONAL_B_SPLINE_SURFACE((
    (1.,1.010655752079,0.992368104903,1.)
,(1.,1.010655752079,0.992368104903,1.
))) REPRESENTATION_ITEM('') SURFACE() );
#439 = CARTESIAN_POINT('',(30.50357021991,15.017729650035,0.));
#440 = CARTESIAN_POINT('',(28.45424353169,15.307964641043,0.));
#441 = CARTESIAN_POINT('',(25.859769346024,15.25178613137,0.));
#442 = CARTESIAN_POINT('',(24.245250213245,14.481706438642,0.));
#443 = CARTESIAN_POINT('',(30.50357021991,15.017729650035,15.9));
#444 = CARTESIAN_POINT('',(28.45424353169,15.307964641043,15.9));
#445 = CARTESIAN_POINT('',(25.859769346024,15.25178613137,15.9));
#446 = CARTESIAN_POINT('',(24.245250213245,14.481706438642,15.9));
#447 = DEFINITIONAL_REPRESENTATION('',(#448),#451);
#448 = B_SPLINE_CURVE_WITH_KNOTS('',1,(#449,#450),.UNSPECIFIED.,.F.,.F.,
  (2,2),(0.,1.),.PIECEWISE_BEZIER_KNOTS.);
#449 = CARTESIAN_POINT('',(0.,0.));
#450 = CARTESIAN_POINT('',(0.,1.));
#451 = ( GEOMETRIC_REPRESENTATION_CONTEXT(2) 
PARAMETRIC_REPRESENTATION_CONTEXT() REPRESENTATION_CONTEXT('2D SPACE',''
  ) );
#452 = ORIENTED_EDGE('',*,*,#453,.T.);
#453 = EDGE_CURVE('',#421,#454,#456,.T.);
#454 = VERTEX_POINT('',#455);
#455 = CARTESIAN_POINT('',(21.053495279336,13.848838814969,0.));
#456 = SURFACE_CURVE('',#457,(#462,#470),.PCURVE_S1.);
#457 = ( BOUNDED_CURVE() B_SPLINE_CURVE(3,(#458,#459,#460,#461),
.UNSPECIFIED.,.F.,.F.) B_SPLINE_CURVE_WITH_KNOTS((4,4),(0.,1.),
.PIECEWISE_BEZIER_KNOTS.) CURVE() GEOMETRIC_REPRESENTATION_ITEM() 
RATIONAL_B_SPLINE_CURVE((1.,1.090235562154,0.878790067642,1.)) 
REPRESENTATION_ITEM('') );
#458 = CARTESIAN_POINT('',(24.245250213245,14.481706438642,0.));
#459 = CARTESIAN_POINT('',(23.327442488136,13.792813447145,0.));
#460 = CARTESIAN_POINT('',(21.666363155079,12.932111992133,0.));
#461 = CARTESIAN_POINT('',(21.053495279336,13.848838814969,0.));
#462 = PCURVE('',#45,#463);
#463 = DEFINITIONAL_REPRESENTATION('',(#464),#469);
#464 = ( BOUNDED_CURVE() B_SPLINE_CURVE(3,(#465,#466,#467,#468),
.UNSPECIFIED.,.F.,.F.) B_SPLINE_CURVE_WITH_KNOTS((4,4),(0.,1.),
.PIECEWISE_BEZIER_KNOTS.) CURVE() GEOMETRIC_REPRESENTATION_ITEM() 
RATIONAL_B_SPLINE_CURVE((1.,1.090235562154,0.878790067642,1.)) 
REPRESENTATION_ITEM('') );
#465 = CARTESIAN_POINT('',(24.245250213245,14.481706438642));
#466 = CARTESIAN_POINT('',(23.327442488136,13.792813447145));
#467 = CARTESIAN_POINT('',(21.666363155079,12.932111992133));
#468 = CARTESIAN_POINT('',(21.053495279336,13.848838814969));
#469 = ( GEOMETRIC_REPRESENTATION_CONTEXT(2) 
PARAMETRIC_REPRESENTATION_CONTEXT() REPRESENTATION_CONTEXT('2D SPACE',''
  ) );
#470 = PCURVE('',#471,#480);
#471 = ( BOUNDED_SURFACE() B_SPLINE_SURFACE(1,3,(
    (#472,#473,#474,#475)
    ,(#476,#477,#478,#479
)),.UNSPECIFIED.,.F.,.F.,.F.) B_SPLINE_SURFACE_WITH_KNOTS((2,2),(4,4),(
    0.,1.),(0.,1.),.PIECEWISE_BEZIER_KNOTS.) 
GEOMETRIC_REPRESENTATION_ITEM() RATIONAL_B_SPLINE_SURFACE((
    (1.,1.090235562154,0.878790067642,1.)
,(1.,1.090235562154,0.878790067642,1.
))) REPRESENTATION_ITEM('') SURFACE() );
#472 = CARTESIAN_POINT('',(24.245250213245,14.481706438642,0.));
#473 = CARTESIAN_POINT('',(23.327442488136,13.792813447145,0.));
#474 = CARTESIAN_POINT('',(21.666363155079,12.932111992133,0.));
#475 = CARTESIAN_POINT('',(21.053495279336,13.848838814969,0.));
#476 = CARTESIAN_POINT('',(24.245250213245,14.481706438642,15.9));
#477 = CARTESIAN_POINT('',(23.327442488136,13.792813447145,15.9));
#478 = CARTESIAN_POINT('',(21.666363155079,12.932111992133,15.9));
#479 = CARTESIAN_POINT('',(21.053495279336,13.848838814969,15.9));
#480 = DEFINITIONAL_REPRESENTATION('',(#481),#484);
#481 = B_SPLINE_CURVE_WITH_KNOTS('',1,(#482,#483),.UNSPECIFIED.,.F.,.F.,
  (2,2),(0.,1.),.PIECEWISE_BEZIER_KNOTS.);
#482 = CARTESIAN_POINT('',(0.,0.));
#483 = CARTESIAN_POINT('',(0.,1.));
#484 = ( GEOMETRIC_REPRESENTATION_CONTEXT(2) 
PARAMETRIC_REPRESENTATION_CONTEXT() REPRESENTATION_CONTEXT('2D SPACE',''
  ) );
#485 = ORIENTED_EDGE('',*,*,#486,.T.);
#486 = EDGE_CURVE('',#454,#487,#489,.T.);
#487 = VERTEX_POINT('',#488);
#488 = CARTESIAN_POINT('',(19.676916230405,15.743537330017,0.));
#489 = SURFACE_CURVE('',#490,(#494,#501),.PCURVE_S1.);
#490 = ( BOUNDED_CURVE() B_SPLINE_CURVE(2,(#491,#492,#493),
.UNSPECIFIED.,.F.,.F.) B_SPLINE_CURVE_WITH_KNOTS((3,3),(0.,1.),
.PIECEWISE_BEZIER_KNOTS.) CURVE() GEOMETRIC_REPRESENTATION_ITEM() 
RATIONAL_B_SPLINE_CURVE((1.,0.998919789238,1.)) REPRESENTATION_ITEM('') 
  );
#491 = CARTESIAN_POINT('',(21.053495279336,13.848838814969,0.));
#492 = CARTESIAN_POINT('',(20.409274576297,14.828205945418,0.));
#493 = CARTESIAN_POINT('',(19.676916230405,15.743537330017,0.));
#494 = PCURVE('',#45,#495);
#495 = DEFINITIONAL_REPRESENTATION('',(#496),#500);
#496 = ( BOUNDED_CURVE() B_SPLINE_CURVE(2,(#497,#498,#499),
.UNSPECIFIED.,.F.,.F.) B_SPLINE_CURVE_WITH_KNOTS((3,3),(0.,1.),
.PIECEWISE_BEZIER_KNOTS.) CURVE() GEOMETRIC_REPRESENTATION_ITEM() 
RATIONAL_B_SPLINE_CURVE((1.,0.998919789238,1.)) REPRESENTATION_ITEM('') 
  );
#497 = CARTESIAN_POINT('',(21.053495279336,13.848838814969));
#498 = CARTESIAN_POINT('',(20.409274576297,14.828205945418));
#499 = CARTESIAN_POINT('',(19.676916230405,15.743537330017));
#500 = ( GEOMETRIC_REPRESENTATION_CONTEXT(2) 
PARAMETRIC_REPRESENTATION_CONTEXT() REPRESENTATION_CONTEXT('2D SPACE',''
  ) );
#501 = PCURVE('',#502,#509);
#502 = ( BOUNDED_SURFACE() B_SPLINE_SURFACE(1,2,(
    (#503,#504,#505)
    ,(#506,#507,#508
)),.UNSPECIFIED.,.F.,.F.,.F.) B_SPLINE_SURFACE_WITH_KNOTS((2,2),(3,3),(
    0.,1.),(0.,1.),.PIECEWISE_BEZIER_KNOTS.) 
GEOMETRIC_REPRESENTATION_ITEM() RATIONAL_B_SPLINE_SURFACE((
    (1.,0.998919789238,1.)
,(1.,0.998919789238,1.))) REPRESENTATION_ITEM('') SURFACE() );
#503 = CARTESIAN_POINT('',(21.053495279336,13.848838814969,0.));
#504 = CARTESIAN_POINT('',(20.409274576297,14.828205945418,0.));
#505 = CARTESIAN_POINT('',(19.676916230405,15.743537330017,0.));
#506 = CARTESIAN_POINT('',(21.053495279336,13.848838814969,15.9));
#507 = CARTESIAN_POINT('',(20.409274576297,14.828205945418,15.9));
#508 = CARTESIAN_POINT('',(19.676916230405,15.743537330017,15.9));
#509 = DEFINITIONAL_REPRESENTATION('',(#510),#513);
#510 = B_SPLINE_CURVE_WITH_KNOTS('',1,(#511,#512),.UNSPECIFIED.,.F.,.F.,
  (2,2),(0.,1.),.PIECEWISE_BEZIER_KNOTS.);
#511 = CARTESIAN_POINT('',(0.,0.));
#512 = CARTESIAN_POINT('',(0.,1.));
#513 = ( GEOMETRIC_REPRESENTATION_CONTEXT(2) 
PARAMETRIC_REPRESENTATION_CONTEXT() REPRESENTATION_CONTEXT('2D SPACE',''
  ) );
#514 = ORIENTED_EDGE('',*,*,#515,.T.);
#515 = EDGE_CURVE('',#487,#516,#518,.T.);
#516 = VERTEX_POINT('',#517);
#517 = CARTESIAN_POINT('',(21.265115624318,18.583509807428,0.));
#518 = SURFACE_CURVE('',#519,(#524,#532),.PCURVE_S1.);
#519 = ( BOUNDED_CURVE() B_SPLINE_CURVE(3,(#520,#521,#522,#523),
.UNSPECIFIED.,.F.,.F.) B_SPLINE_CURVE_WITH_KNOTS((4,4),(0.,1.),
.PIECEWISE_BEZIER_KNOTS.) CURVE() GEOMETRIC_REPRESENTATION_ITEM() 
RATIONAL_B_SPLINE_CURVE((1.,0.878790067642,1.090235562154,1.)) 
REPRESENTATION_ITEM('') );
#520 = CARTESIAN_POINT('',(19.676916230405,15.743537330017,0.));
#521 = CARTESIAN_POINT('',(18.994443800795,16.609693484325,0.));
#522 = CARTESIAN_POINT('',(20.326321271089,17.923502431432,0.));
#523 = CARTESIAN_POINT('',(21.265115624326,18.583509807432,0.));
#524 = PCURVE('',#45,#525);
#525 = DEFINITIONAL_REPRESENTATION('',(#526),#531);
#526 = ( BOUNDED_CURVE() B_SPLINE_CURVE(3,(#527,#528,#529,#530),
.UNSPECIFIED.,.F.,.F.) B_SPLINE_CURVE_WITH_KNOTS((4,4),(0.,1.),
.PIECEWISE_BEZIER_KNOTS.) CURVE() GEOMETRIC_REPRESENTATION_ITEM() 
RATIONAL_B_SPLINE_CURVE((1.,0.878790067642,1.090235562154,1.)) 
REPRESENTATION_ITEM('') );
#527 = CARTESIAN_POINT('',(19.676916230405,15.743537330017));
#528 = CARTESIAN_POINT('',(18.994443800795,16.609693484325));
#529 = CARTESIAN_POINT('',(20.326321271089,17.923502431432));
#530 = CARTESIAN_POINT('',(21.265115624326,18.583509807432));
#531 = ( GEOMETRIC_REPRESENTATION_CONTEXT(2) 
PARAMETRIC_REPRESENTATION_CONTEXT() REPRESENTATION_CONTEXT('2D SPACE',''
  ) );
#532 = PCURVE('',#533,#542);
#533 = ( BOUNDED_SURFACE() B_SPLINE_SURFACE(1,3,(
    (#534,#535,#536,#537)
    ,(#538,#539,#540,#541
)),.UNSPECIFIED.,.F.,.F.,.F.) B_SPLINE_SURFACE_WITH_KNOTS((2,2),(4,4),(
    0.,1.),(0.,1.),.PIECEWISE_BEZIER_KNOTS.) 
GEOMETRIC_REPRESENTATION_ITEM() RATIONAL_B_SPLINE_SURFACE((
    (1.,0.878790067642,1.090235562154,1.)
,(1.,0.878790067642,1.090235562154,1.
))) REPRESENTATION_ITEM('') SURFACE() );
#534 = CARTESIAN_POINT('',(19.676916230405,15.743537330017,0.));
#535 = CARTESIAN_POINT('',(18.994443800795,16.609693484325,0.));
#536 = CARTESIAN_POINT('',(20.326321271089,17.923502431432,0.));
#537 = CARTESIAN_POINT('',(21.265115624309,18.583509807424,0.));
#538 = CARTESIAN_POINT('',(19.676916230405,15.743537330017,15.9));
#539 = CARTESIAN_POINT('',(18.994443800795,16.609693484325,15.9));
#540 = CARTESIAN_POINT('',(20.326321271089,17.923502431432,15.9));
#541 = CARTESIAN_POINT('',(21.265115624309,18.583509807424,15.9));
#542 = DEFINITIONAL_REPRESENTATION('',(#543),#546);
#543 = B_SPLINE_CURVE_WITH_KNOTS('',1,(#544,#545),.UNSPECIFIED.,.F.,.F.,
  (2,2),(0.,1.),.PIECEWISE_BEZIER_KNOTS.);
#544 = CARTESIAN_POINT('',(0.,0.));
#545 = CARTESIAN_POINT('',(0.,1.));
#546 = ( GEOMETRIC_REPRESENTATION_CONTEXT(2) 
PARAMETRIC_REPRESENTATION_CONTEXT() REPRESENTATION_CONTEXT('2D SPACE',''
  ) );
#547 = ORIENTED_EDGE('',*,*,#548,.T.);
#548 = EDGE_CURVE('',#516,#549,#551,.T.);
#549 = VERTEX_POINT('',#550);
#550 = CARTESIAN_POINT('',(23.708831230686,24.369885549123,0.));
#551 = SURFACE_CURVE('',#552,(#557,#565),.PCURVE_S1.);
#552 = ( BOUNDED_CURVE() B_SPLINE_CURVE(3,(#553,#554,#555,#556),
.UNSPECIFIED.,.F.,.F.) B_SPLINE_CURVE_WITH_KNOTS((4,4),(0.,1.),
.PIECEWISE_BEZIER_KNOTS.) CURVE() GEOMETRIC_REPRESENTATION_ITEM() 
RATIONAL_B_SPLINE_CURVE((1.,0.992368104903,1.010655752079,1.)) 
REPRESENTATION_ITEM('') );
#553 = CARTESIAN_POINT('',(21.265115624309,18.583509807424,0.));
#554 = CARTESIAN_POINT('',(22.496418783918,19.88104103726,0.));
#555 = CARTESIAN_POINT('',(23.351584336456,22.331172503689,0.));
#556 = CARTESIAN_POINT('',(23.708831230686,24.369885549123,0.));
#557 = PCURVE('',#45,#558);
#558 = DEFINITIONAL_REPRESENTATION('',(#559),#564);
#559 = ( BOUNDED_CURVE() B_SPLINE_CURVE(3,(#560,#561,#562,#563),
.UNSPECIFIED.,.F.,.F.) B_SPLINE_CURVE_WITH_KNOTS((4,4),(0.,1.),
.PIECEWISE_BEZIER_KNOTS.) CURVE() GEOMETRIC_REPRESENTATION_ITEM() 
RATIONAL_B_SPLINE_CURVE((1.,0.992368104903,1.010655752079,1.)) 
REPRESENTATION_ITEM('') );
#560 = CARTESIAN_POINT('',(21.265115624309,18.583509807424));
#561 = CARTESIAN_POINT('',(22.496418783918,19.88104103726));
#562 = CARTESIAN_POINT('',(23.351584336456,22.331172503689));
#563 = CARTESIAN_POINT('',(23.708831230686,24.369885549123));
#564 = ( GEOMETRIC_REPRESENTATION_CONTEXT(2) 
PARAMETRIC_REPRESENTATION_CONTEXT() REPRESENTATION_CONTEXT('2D SPACE',''
  ) );
#565 = PCURVE('',#566,#575);
#566 = ( BOUNDED_SURFACE() B_SPLINE_SURFACE(1,3,(
    (#567,#568,#569,#570)
    ,(#571,#572,#573,#574
)),.UNSPECIFIED.,.F.,.F.,.F.) B_SPLINE_SURFACE_WITH_KNOTS((2,2),(4,4),(
    0.,1.),(0.,1.),.PIECEWISE_BEZIER_KNOTS.) 
GEOMETRIC_REPRESENTATION_ITEM() RATIONAL_B_SPLINE_SURFACE((
    (1.,0.992368104903,1.010655752079,1.)
,(1.,0.992368104903,1.010655752079,1.
))) REPRESENTATION_ITEM('') SURFACE() );
#567 = CARTESIAN_POINT('',(21.265115624309,18.583509807424,0.));
#568 = CARTESIAN_POINT('',(22.496418783918,19.88104103726,0.));
#569 = CARTESIAN_POINT('',(23.351584336456,22.331172503689,0.));
#570 = CARTESIAN_POINT('',(23.708831230686,24.369885549123,0.));
#571 = CARTESIAN_POINT('',(21.265115624309,18.583509807424,15.9));
#572 = CARTESIAN_POINT('',(22.496418783918,19.88104103726,15.9));
#573 = CARTESIAN_POINT('',(23.351584336456,22.331172503689,15.9));
#574 = CARTESIAN_POINT('',(23.708831230686,24.369885549123,15.9));
#575 = DEFINITIONAL_REPRESENTATION('',(#576),#579);
#576 = B_SPLINE_CURVE_WITH_KNOTS('',1,(#577,#578),.UNSPECIFIED.,.F.,.F.,
  (2,2),(0.,1.),.PIECEWISE_BEZIER_KNOTS.);
#577 = CARTESIAN_POINT('',(0.,0.));
#578 = CARTESIAN_POINT('',(0.,1.));
#579 = ( GEOMETRIC_REPRESENTATION_CONTEXT(2) 
PARAMETRIC_REPRESENTATION_CONTEXT() REPRESENTATION_CONTEXT('2D SPACE',''
  ) );
#580 = ORIENTED_EDGE('',*,*,#581,.T.);
#581 = EDGE_CURVE('',#549,#582,#584,.T.);
#582 = VERTEX_POINT('',#583);
#583 = CARTESIAN_POINT('',(21.758137071806,26.126298458967,0.));
#584 = SURFACE_CURVE('',#585,(#589,#596),.PCURVE_S1.);
#585 = ( BOUNDED_CURVE() B_SPLINE_CURVE(2,(#586,#587,#588),
.UNSPECIFIED.,.F.,.F.) B_SPLINE_CURVE_WITH_KNOTS((3,3),(0.,1.),
.PIECEWISE_BEZIER_KNOTS.) CURVE() GEOMETRIC_REPRESENTATION_ITEM() 
RATIONAL_B_SPLINE_CURVE((1.,0.999254675315,1.)) REPRESENTATION_ITEM('') 
  );
#586 = CARTESIAN_POINT('',(23.708831230686,24.369885549123,0.));
#587 = CARTESIAN_POINT('',(22.767409728704,25.285770174943,0.));
#588 = CARTESIAN_POINT('',(21.758137071806,26.126298458967,0.));
#589 = PCURVE('',#45,#590);
#590 = DEFINITIONAL_REPRESENTATION('',(#591),#595);
#591 = ( BOUNDED_CURVE() B_SPLINE_CURVE(2,(#592,#593,#594),
.UNSPECIFIED.,.F.,.F.) B_SPLINE_CURVE_WITH_KNOTS((3,3),(0.,1.),
.PIECEWISE_BEZIER_KNOTS.) CURVE() GEOMETRIC_REPRESENTATION_ITEM() 
RATIONAL_B_SPLINE_CURVE((1.,0.999254675315,1.)) REPRESENTATION_ITEM('') 
  );
#592 = CARTESIAN_POINT('',(23.708831230686,24.369885549123));
#593 = CARTESIAN_POINT('',(22.767409728704,25.285770174943));
#594 = CARTESIAN_POINT('',(21.758137071806,26.126298458967));
#595 = ( GEOMETRIC_REPRESENTATION_CONTEXT(2) 
PARAMETRIC_REPRESENTATION_CONTEXT() REPRESENTATION_CONTEXT('2D SPACE',''
  ) );
#596 = PCURVE('',#597,#604);
#597 = ( BOUNDED_SURFACE() B_SPLINE_SURFACE(1,2,(
    (#598,#599,#600)
    ,(#601,#602,#603
)),.UNSPECIFIED.,.F.,.F.,.F.) B_SPLINE_SURFACE_WITH_KNOTS((2,2),(3,3),(
    0.,1.),(0.,1.),.PIECEWISE_BEZIER_KNOTS.) 
GEOMETRIC_REPRESENTATION_ITEM() RATIONAL_B_SPLINE_SURFACE((
    (1.,0.999254675315,1.)
,(1.,0.999254675315,1.))) REPRESENTATION_ITEM('') SURFACE() );
#598 = CARTESIAN_POINT('',(23.708831230686,24.369885549123,0.));
#599 = CARTESIAN_POINT('',(22.767409728704,25.285770174943,0.));
#600 = CARTESIAN_POINT('',(21.758137071806,26.126298458967,0.));
#601 = CARTESIAN_POINT('',(23.708831230686,24.369885549123,15.9));
#602 = CARTESIAN_POINT('',(22.767409728704,25.285770174943,15.9));
#603 = CARTESIAN_POINT('',(21.758137071806,26.126298458967,15.9));
#604 = DEFINITIONAL_REPRESENTATION('',(#605),#608);
#605 = B_SPLINE_CURVE_WITH_KNOTS('',1,(#606,#607),.UNSPECIFIED.,.F.,.F.,
  (2,2),(0.,1.),.PIECEWISE_BEZIER_KNOTS.);
#606 = CARTESIAN_POINT('',(0.,0.));
#607 = CARTESIAN_POINT('',(0.,1.));
#608 = ( GEOMETRIC_REPRESENTATION_CONTEXT(2) 
PARAMETRIC_REPRESENTATION_CONTEXT() REPRESENTATION_CONTEXT('2D SPACE',''
  ) );
#609 = ORIENTED_EDGE('',*,*,#610,.T.);
#610 = EDGE_CURVE('',#582,#611,#613,.T.);
#611 = VERTEX_POINT('',#612);
#612 = CARTESIAN_POINT('',(16.258897538856,23.091128818203,0.));
#613 = SURFACE_CURVE('',#614,(#619,#627),.PCURVE_S1.);
#614 = ( BOUNDED_CURVE() B_SPLINE_CURVE(3,(#615,#616,#617,#618),
.UNSPECIFIED.,.F.,.F.) B_SPLINE_CURVE_WITH_KNOTS((4,4),(0.,1.),
.PIECEWISE_BEZIER_KNOTS.) CURVE() GEOMETRIC_REPRESENTATION_ITEM() 
RATIONAL_B_SPLINE_CURVE((1.,1.010655752079,0.992368104903,1.)) 
REPRESENTATION_ITEM('') );
#615 = CARTESIAN_POINT('',(21.758137071806,26.126298458967,0.));
#616 = CARTESIAN_POINT('',(19.76793477861,25.557905058919,0.));
#617 = CARTESIAN_POINT('',(17.420614529762,24.451315715766,0.));
#618 = CARTESIAN_POINT('',(16.258897538856,23.091128818203,0.));
#619 = PCURVE('',#45,#620);
#620 = DEFINITIONAL_REPRESENTATION('',(#621),#626);
#621 = ( BOUNDED_CURVE() B_SPLINE_CURVE(3,(#622,#623,#624,#625),
.UNSPECIFIED.,.F.,.F.) B_SPLINE_CURVE_WITH_KNOTS((4,4),(0.,1.),
.PIECEWISE_BEZIER_KNOTS.) CURVE() GEOMETRIC_REPRESENTATION_ITEM() 
RATIONAL_B_SPLINE_CURVE((1.,1.010655752079,0.992368104903,1.)) 
REPRESENTATION_ITEM('') );
#622 = CARTESIAN_POINT('',(21.758137071806,26.126298458967));
#623 = CARTESIAN_POINT('',(19.76793477861,25.557905058919));
#624 = CARTESIAN_POINT('',(17.420614529762,24.451315715766));
#625 = CARTESIAN_POINT('',(16.258897538856,23.091128818203));
#626 = ( GEOMETRIC_REPRESENTATION_CONTEXT(2) 
PARAMETRIC_REPRESENTATION_CONTEXT() REPRESENTATION_CONTEXT('2D SPACE',''
  ) );
#627 = PCURVE('',#628,#637);
#628 = ( BOUNDED_SURFACE() B_SPLINE_SURFACE(1,3,(
    (#629,#630,#631,#632)
    ,(#633,#634,#635,#636
)),.UNSPECIFIED.,.F.,.F.,.F.) B_SPLINE_SURFACE_WITH_KNOTS((2,2),(4,4),(
    0.,1.),(0.,1.),.PIECEWISE_BEZIER_KNOTS.) 
GEOMETRIC_REPRESENTATION_ITEM() RATIONAL_B_SPLINE_SURFACE((
    (1.,1.010655752079,0.992368104903,1.)
,(1.,1.010655752079,0.992368104903,1.
))) REPRESENTATION_ITEM('') SURFACE() );
#629 = CARTESIAN_POINT('',(21.758137071806,26.126298458967,0.));
#630 = CARTESIAN_POINT('',(19.76793477861,25.557905058919,0.));
#631 = CARTESIAN_POINT('',(17.420614529762,24.451315715766,0.));
#632 = CARTESIAN_POINT('',(16.258897538856,23.091128818203,0.));
#633 = CARTESIAN_POINT('',(21.758137071806,26.126298458967,15.9));
#634 = CARTESIAN_POINT('',(19.76793477861,25.557905058919,15.9));
#635 = CARTESIAN_POINT('',(17.420614529762,24.451315715766,15.9));
#636 = CARTESIAN_POINT('',(16.258897538856,23.091128818203,15.9));
#637 = DEFINITIONAL_REPRESENTATION('',(#638),#641);
#638 = B_SPLINE_CURVE_WITH_KNOTS('',1,(#639,#640),.UNSPECIFIED.,.F.,.F.,
  (2,2),(0.,1.),.PIECEWISE_BEZIER_KNOTS.);
#639 = CARTESIAN_POINT('',(0.,0.));
#640 = CARTESIAN_POINT('',(0.,1.));
#641 = ( GEOMETRIC_REPRESENTATION_CONTEXT(2) 
PARAMETRIC_REPRESENTATION_CONTEXT() REPRESENTATION_CONTEXT('2D SPACE',''
  ) );
#642 = ORIENTED_EDGE('',*,*,#643,.T.);
#643 = EDGE_CURVE('',#611,#644,#646,.T.);
#644 = VERTEX_POINT('',#645);
#645 = CARTESIAN_POINT('',(13.600494769839,21.214771787969,0.));
#646 = SURFACE_CURVE('',#647,(#652,#660),.PCURVE_S1.);
#647 = ( BOUNDED_CURVE() B_SPLINE_CURVE(3,(#648,#649,#650,#651),
.UNSPECIFIED.,.F.,.F.) B_SPLINE_CURVE_WITH_KNOTS((4,4),(0.,1.),
.PIECEWISE_BEZIER_KNOTS.) CURVE() GEOMETRIC_REPRESENTATION_ITEM() 
RATIONAL_B_SPLINE_CURVE((1.,1.090235562154,0.878790067642,1.)) 
REPRESENTATION_ITEM('') );
#648 = CARTESIAN_POINT('',(16.258897538856,23.091128818203,0.));
#649 = CARTESIAN_POINT('',(15.700636483394,22.088487721919,0.));
#650 = CARTESIAN_POINT('',(14.533243824397,20.626575985496,0.));
#651 = CARTESIAN_POINT('',(13.600494769839,21.214771787969,0.));
#652 = PCURVE('',#45,#653);
#653 = DEFINITIONAL_REPRESENTATION('',(#654),#659);
#654 = ( BOUNDED_CURVE() B_SPLINE_CURVE(3,(#655,#656,#657,#658),
.UNSPECIFIED.,.F.,.F.) B_SPLINE_CURVE_WITH_KNOTS((4,4),(0.,1.),
.PIECEWISE_BEZIER_KNOTS.) CURVE() GEOMETRIC_REPRESENTATION_ITEM() 
RATIONAL_B_SPLINE_CURVE((1.,1.090235562154,0.878790067642,1.)) 
REPRESENTATION_ITEM('') );
#655 = CARTESIAN_POINT('',(16.258897538856,23.091128818203));
#656 = CARTESIAN_POINT('',(15.700636483394,22.088487721919));
#657 = CARTESIAN_POINT('',(14.533243824397,20.626575985496));
#658 = CARTESIAN_POINT('',(13.600494769839,21.214771787969));
#659 = ( GEOMETRIC_REPRESENTATION_CONTEXT(2) 
PARAMETRIC_REPRESENTATION_CONTEXT() REPRESENTATION_CONTEXT('2D SPACE',''
  ) );
#660 = PCURVE('',#661,#670);
#661 = ( BOUNDED_SURFACE() B_SPLINE_SURFACE(1,3,(
    (#662,#663,#664,#665)
    ,(#666,#667,#668,#669
)),.UNSPECIFIED.,.F.,.F.,.F.) B_SPLINE_SURFACE_WITH_KNOTS((2,2),(4,4),(
    0.,1.),(0.,1.),.PIECEWISE_BEZIER_KNOTS.) 
GEOMETRIC_REPRESENTATION_ITEM() RATIONAL_B_SPLINE_SURFACE((
    (1.,1.090235562154,0.878790067642,1.)
,(1.,1.090235562154,0.878790067642,1.
))) REPRESENTATION_ITEM('') SURFACE() );
#662 = CARTESIAN_POINT('',(16.258897538856,23.091128818203,0.));
#663 = CARTESIAN_POINT('',(15.700636483394,22.088487721919,0.));
#664 = CARTESIAN_POINT('',(14.533243824397,20.626575985496,0.));
#665 = CARTESIAN_POINT('',(13.600494769839,21.214771787969,0.));
#666 = CARTESIAN_POINT('',(16.258897538856,23.091128818203,15.9));
#667 = CARTESIAN_POINT('',(15.700636483394,22.088487721919,15.9));
#668 = CARTESIAN_POINT('',(14.533243824397,20.626575985496,15.9));
#669 = CARTESIAN_POINT('',(13.600494769839,21.214771787969,15.9));
#670 = DEFINITIONAL_REPRESENTATION('',(#671),#674);
#671 = B_SPLINE_CURVE_WITH_KNOTS('',1,(#672,#673),.UNSPECIFIED.,.F.,.F.,
  (2,2),(0.,1.),.PIECEWISE_BEZIER_KNOTS.);
#672 = CARTESIAN_POINT('',(0.,0.));
#673 = CARTESIAN_POINT('',(0.,1.));
#674 = ( GEOMETRIC_REPRESENTATION_CONTEXT(2) 
PARAMETRIC_REPRESENTATION_CONTEXT() REPRESENTATION_CONTEXT('2D SPACE',''
  ) );
#675 = ORIENTED_EDGE('',*,*,#676,.T.);
#676 = EDGE_CURVE('',#644,#677,#679,.T.);
#677 = VERTEX_POINT('',#678);
#678 = CARTESIAN_POINT('',(11.572283918951,22.385759868702,0.));
#679 = SURFACE_CURVE('',#680,(#684,#691),.PCURVE_S1.);
#680 = ( BOUNDED_CURVE() B_SPLINE_CURVE(2,(#681,#682,#683),
.UNSPECIFIED.,.F.,.F.) B_SPLINE_CURVE_WITH_KNOTS((3,3),(0.,1.),
.PIECEWISE_BEZIER_KNOTS.) CURVE() GEOMETRIC_REPRESENTATION_ITEM() 
RATIONAL_B_SPLINE_CURVE((1.,0.998919789238,1.)) REPRESENTATION_ITEM('') 
  );
#681 = CARTESIAN_POINT('',(13.600494769839,21.214771787969,0.));
#682 = CARTESIAN_POINT('',(12.613625373881,21.847440015201,0.));
#683 = CARTESIAN_POINT('',(11.572283918951,22.385759868702,0.));
#684 = PCURVE('',#45,#685);
#685 = DEFINITIONAL_REPRESENTATION('',(#686),#690);
#686 = ( BOUNDED_CURVE() B_SPLINE_CURVE(2,(#687,#688,#689),
.UNSPECIFIED.,.F.,.F.) B_SPLINE_CURVE_WITH_KNOTS((3,3),(0.,1.),
.PIECEWISE_BEZIER_KNOTS.) CURVE() GEOMETRIC_REPRESENTATION_ITEM() 
RATIONAL_B_SPLINE_CURVE((1.,0.998919789238,1.)) REPRESENTATION_ITEM('') 
  );
#687 = CARTESIAN_POINT('',(13.600494769839,21.214771787969));
#688 = CARTESIAN_POINT('',(12.613625373881,21.847440015201));
#689 = CARTESIAN_POINT('',(11.572283918951,22.385759868702));
#690 = ( GEOMETRIC_REPRESENTATION_CONTEXT(2) 
PARAMETRIC_REPRESENTATION_CONTEXT() REPRESENTATION_CONTEXT('2D SPACE',''
  ) );
#691 = PCURVE('',#692,#699);
#692 = ( BOUNDED_SURFACE() B_SPLINE_SURFACE(1,2,(
    (#693,#694,#695)
    ,(#696,#697,#698
)),.UNSPECIFIED.,.F.,.F.,.F.) B_SPLINE_SURFACE_WITH_KNOTS((2,2),(3,3),(
    0.,1.),(0.,1.),.PIECEWISE_BEZIER_KNOTS.) 
GEOMETRIC_REPRESENTATION_ITEM() RATIONAL_B_SPLINE_SURFACE((
    (1.,0.998919789238,1.)
,(1.,0.998919789238,1.))) REPRESENTATION_ITEM('') SURFACE() );
#693 = CARTESIAN_POINT('',(13.600494769839,21.214771787969,0.));
#694 = CARTESIAN_POINT('',(12.613625373881,21.847440015201,0.));
#695 = CARTESIAN_POINT('',(11.572283918951,22.385759868702,0.));
#696 = CARTESIAN_POINT('',(13.600494769839,21.214771787969,15.9));
#697 = CARTESIAN_POINT('',(12.613625373881,21.847440015201,15.9));
#698 = CARTESIAN_POINT('',(11.572283918951,22.385759868702,15.9));
#699 = DEFINITIONAL_REPRESENTATION('',(#700),#703);
#700 = B_SPLINE_CURVE_WITH_KNOTS('',1,(#701,#702),.UNSPECIFIED.,.F.,.F.,
  (2,2),(0.,1.),.PIECEWISE_BEZIER_KNOTS.);
#701 = CARTESIAN_POINT('',(0.,0.));
#702 = CARTESIAN_POINT('',(0.,1.));
#703 = ( GEOMETRIC_REPRESENTATION_CONTEXT(2) 
PARAMETRIC_REPRESENTATION_CONTEXT() REPRESENTATION_CONTEXT('2D SPACE',''
  ) );
#704 = ORIENTED_EDGE('',*,*,#705,.T.);
#705 = EDGE_CURVE('',#677,#706,#708,.T.);
#706 = VERTEX_POINT('',#707);
#707 = CARTESIAN_POINT('',(11.868055389201,25.626182715286,0.));
#708 = SURFACE_CURVE('',#709,(#714,#722),.PCURVE_S1.);
#709 = ( BOUNDED_CURVE() B_SPLINE_CURVE(3,(#710,#711,#712,#713),
.UNSPECIFIED.,.F.,.F.) B_SPLINE_CURVE_WITH_KNOTS((4,4),(0.,1.),
.PIECEWISE_BEZIER_KNOTS.) CURVE() GEOMETRIC_REPRESENTATION_ITEM() 
RATIONAL_B_SPLINE_CURVE((1.,0.878790067642,1.090235562154,1.)) 
REPRESENTATION_ITEM('') );
#710 = CARTESIAN_POINT('',(11.572283918951,22.385759868702,0.));
#711 = CARTESIAN_POINT('',(10.596516884332,22.899446344069,0.));
#712 = CARTESIAN_POINT('',(11.278873256666,24.641393911163,0.));
#713 = CARTESIAN_POINT('',(11.868055389207,25.626182715293,0.));
#714 = PCURVE('',#45,#715);
#715 = DEFINITIONAL_REPRESENTATION('',(#716),#721);
#716 = ( BOUNDED_CURVE() B_SPLINE_CURVE(3,(#717,#718,#719,#720),
.UNSPECIFIED.,.F.,.F.) B_SPLINE_CURVE_WITH_KNOTS((4,4),(0.,1.),
.PIECEWISE_BEZIER_KNOTS.) CURVE() GEOMETRIC_REPRESENTATION_ITEM() 
RATIONAL_B_SPLINE_CURVE((1.,0.878790067642,1.090235562154,1.)) 
REPRESENTATION_ITEM('') );
#717 = CARTESIAN_POINT('',(11.572283918951,22.385759868702));
#718 = CARTESIAN_POINT('',(10.596516884332,22.899446344069));
#719 = CARTESIAN_POINT('',(11.278873256666,24.641393911163));
#720 = CARTESIAN_POINT('',(11.868055389207,25.626182715293));
#721 = ( GEOMETRIC_REPRESENTATION_CONTEXT(2) 
PARAMETRIC_REPRESENTATION_CONTEXT() REPRESENTATION_CONTEXT('2D SPACE',''
  ) );
#722 = PCURVE('',#723,#732);
#723 = ( BOUNDED_SURFACE() B_SPLINE_SURFACE(1,3,(
    (#724,#725,#726,#727)
    ,(#728,#729,#730,#731
)),.UNSPECIFIED.,.F.,.F.,.F.) B_SPLINE_SURFACE_WITH_KNOTS((2,2),(4,4),(
    0.,1.),(0.,1.),.PIECEWISE_BEZIER_KNOTS.) 
GEOMETRIC_REPRESENTATION_ITEM() RATIONAL_B_SPLINE_SURFACE((
    (1.,0.878790067642,1.090235562154,1.)
,(1.,0.878790067642,1.090235562154,1.
))) REPRESENTATION_ITEM('') SURFACE() );
#724 = CARTESIAN_POINT('',(11.572283918951,22.385759868702,0.));
#725 = CARTESIAN_POINT('',(10.596516884332,22.899446344069,0.));
#726 = CARTESIAN_POINT('',(11.278873256666,24.641393911163,0.));
#727 = CARTESIAN_POINT('',(11.868055389194,25.626182715279,0.));
#728 = CARTESIAN_POINT('',(11.572283918951,22.385759868702,15.9));
#729 = CARTESIAN_POINT('',(10.596516884332,22.899446344069,15.9));
#730 = CARTESIAN_POINT('',(11.278873256666,24.641393911163,15.9));
#731 = CARTESIAN_POINT('',(11.868055389194,25.626182715279,15.9));
#732 = DEFINITIONAL_REPRESENTATION('',(#733),#736);
#733 = B_SPLINE_CURVE_WITH_KNOTS('',1,(#734,#735),.UNSPECIFIED.,.F.,.F.,
  (2,2),(0.,1.),.PIECEWISE_BEZIER_KNOTS.);
#734 = CARTESIAN_POINT('',(0.,0.));
#735 = CARTESIAN_POINT('',(0.,1.));
#736 = ( GEOMETRIC_REPRESENTATION_CONTEXT(2) 
PARAMETRIC_REPRESENTATION_CONTEXT() REPRESENTATION_CONTEXT('2D SPACE',''
  ) );
#737 = ORIENTED_EDGE('',*,*,#738,.T.);
#738 = EDGE_CURVE('',#706,#739,#741,.T.);
#739 = VERTEX_POINT('',#740);
#740 = CARTESIAN_POINT('',(11.746969636417,31.906248672691,0.));
#741 = SURFACE_CURVE('',#742,(#747,#755),.PCURVE_S1.);
#742 = ( BOUNDED_CURVE() B_SPLINE_CURVE(3,(#743,#744,#745,#746),
.UNSPECIFIED.,.F.,.F.) B_SPLINE_CURVE_WITH_KNOTS((4,4),(0.,1.),
.PIECEWISE_BEZIER_KNOTS.) CURVE() GEOMETRIC_REPRESENTATION_ITEM() 
RATIONAL_B_SPLINE_CURVE((1.,0.992368104903,1.010655752079,1.)) 
REPRESENTATION_ITEM('') );
#743 = CARTESIAN_POINT('',(11.868055389194,25.626182715279,0.));
#744 = CARTESIAN_POINT('',(12.465153300926,27.312352590193,0.));
#745 = CARTESIAN_POINT('',(12.24982765923,29.89848622809,0.));
#746 = CARTESIAN_POINT('',(11.746969636417,31.906248672691,0.));
#747 = PCURVE('',#45,#748);
#748 = DEFINITIONAL_REPRESENTATION('',(#749),#754);
#749 = ( BOUNDED_CURVE() B_SPLINE_CURVE(3,(#750,#751,#752,#753),
.UNSPECIFIED.,.F.,.F.) B_SPLINE_CURVE_WITH_KNOTS((4,4),(0.,1.),
.PIECEWISE_BEZIER_KNOTS.) CURVE() GEOMETRIC_REPRESENTATION_ITEM() 
RATIONAL_B_SPLINE_CURVE((1.,0.992368104903,1.010655752079,1.)) 
REPRESENTATION_ITEM('') );
#750 = CARTESIAN_POINT('',(11.868055389194,25.626182715279));
#751 = CARTESIAN_POINT('',(12.465153300926,27.312352590193));
#752 = CARTESIAN_POINT('',(12.24982765923,29.89848622809));
#753 = CARTESIAN_POINT('',(11.746969636417,31.906248672691));
#754 = ( GEOMETRIC_REPRESENTATION_CONTEXT(2) 
PARAMETRIC_REPRESENTATION_CONTEXT() REPRESENTATION_CONTEXT('2D SPACE',''
  ) );
#755 = PCURVE('',#756,#765);
#756 = ( BOUNDED_SURFACE() B_SPLINE_SURFACE(1,3,(
    (#757,#758,#759,#760)
    ,(#761,#762,#763,#764
)),.UNSPECIFIED.,.F.,.F.,.F.) B_SPLINE_SURFACE_WITH_KNOTS((2,2),(4,4),(
    0.,1.),(0.,1.),.PIECEWISE_BEZIER_KNOTS.) 
GEOMETRIC_REPRESENTATION_ITEM() RATIONAL_B_SPLINE_SURFACE((
    (1.,0.992368104903,1.010655752079,1.)
,(1.,0.992368104903,1.010655752079,1.
))) REPRESENTATION_ITEM('') SURFACE() );
#757 = CARTESIAN_POINT('',(11.868055389194,25.626182715279,0.));
#758 = CARTESIAN_POINT('',(12.465153300926,27.312352590193,0.));
#759 = CARTESIAN_POINT('',(12.24982765923,29.89848622809,0.));
#760 = CARTESIAN_POINT('',(11.746969636417,31.906248672691,0.));
#761 = CARTESIAN_POINT('',(11.868055389194,25.626182715279,15.9));
#762 = CARTESIAN_POINT('',(12.465153300926,27.312352590193,15.9));
#763 = CARTESIAN_POINT('',(12.24982765923,29.89848622809,15.9));
#764 = CARTESIAN_POINT('',(11.746969636417,31.906248672691,15.9));
#765 = DEFINITIONAL_REPRESENTATION('',(#766),#769);
#766 = B_SPLINE_CURVE_WITH_KNOTS('',1,(#767,#768),.UNSPECIFIED.,.F.,.F.,
  (2,2),(0.,1.),.PIECEWISE_BEZIER_KNOTS.);
#767 = CARTESIAN_POINT('',(0.,0.));
#768 = CARTESIAN_POINT('',(0.,1.));
#769 = ( GEOMETRIC_REPRESENTATION_CONTEXT(2) 
PARAMETRIC_REPRESENTATION_CONTEXT() REPRESENTATION_CONTEXT('2D SPACE',''
  ) );
#770 = ORIENTED_EDGE('',*,*,#771,.T.);
#771 = EDGE_CURVE('',#739,#772,#774,.T.);
#772 = VERTEX_POINT('',#773);
#773 = CARTESIAN_POINT('',(9.250524357516,32.717392914374,0.));
#774 = SURFACE_CURVE('',#775,(#779,#786),.PCURVE_S1.);
#775 = ( BOUNDED_CURVE() B_SPLINE_CURVE(2,(#776,#777,#778),
.UNSPECIFIED.,.F.,.F.) B_SPLINE_CURVE_WITH_KNOTS((3,3),(0.,1.),
.PIECEWISE_BEZIER_KNOTS.) CURVE() GEOMETRIC_REPRESENTATION_ITEM() 
RATIONAL_B_SPLINE_CURVE((1.,0.999254675315,1.)) REPRESENTATION_ITEM('') 
  );
#776 = CARTESIAN_POINT('',(11.746969636417,31.906248672691,0.));
#777 = CARTESIAN_POINT('',(10.514414461403,32.360040290898,0.));
#778 = CARTESIAN_POINT('',(9.250524357516,32.717392914374,0.));
#779 = PCURVE('',#45,#780);
#780 = DEFINITIONAL_REPRESENTATION('',(#781),#785);
#781 = ( BOUNDED_CURVE() B_SPLINE_CURVE(2,(#782,#783,#784),
.UNSPECIFIED.,.F.,.F.) B_SPLINE_CURVE_WITH_KNOTS((3,3),(0.,1.),
.PIECEWISE_BEZIER_KNOTS.) CURVE() GEOMETRIC_REPRESENTATION_ITEM() 
RATIONAL_B_SPLINE_CURVE((1.,0.999254675315,1.)) REPRESENTATION_ITEM('') 
  );
#782 = CARTESIAN_POINT('',(11.746969636417,31.906248672691));
#783 = CARTESIAN_POINT('',(10.514414461403,32.360040290898));
#784 = CARTESIAN_POINT('',(9.250524357516,32.717392914374));
#785 = ( GEOMETRIC_REPRESENTATION_CONTEXT(2) 
PARAMETRIC_REPRESENTATION_CONTEXT() REPRESENTATION_CONTEXT('2D SPACE',''
  ) );
#786 = PCURVE('',#787,#794);
#787 = ( BOUNDED_SURFACE() B_SPLINE_SURFACE(1,2,(
    (#788,#789,#790)
    ,(#791,#792,#793
)),.UNSPECIFIED.,.F.,.F.,.F.) B_SPLINE_SURFACE_WITH_KNOTS((2,2),(3,3),(
    0.,1.),(0.,1.),.PIECEWISE_BEZIER_KNOTS.) 
GEOMETRIC_REPRESENTATION_ITEM() RATIONAL_B_SPLINE_SURFACE((
    (1.,0.999254675315,1.)
,(1.,0.999254675315,1.))) REPRESENTATION_ITEM('') SURFACE() );
#788 = CARTESIAN_POINT('',(11.746969636417,31.906248672691,0.));
#789 = CARTESIAN_POINT('',(10.514414461403,32.360040290898,0.));
#790 = CARTESIAN_POINT('',(9.250524357516,32.717392914374,0.));
#791 = CARTESIAN_POINT('',(11.746969636417,31.906248672691,15.9));
#792 = CARTESIAN_POINT('',(10.514414461403,32.360040290898,15.9));
#793 = CARTESIAN_POINT('',(9.250524357516,32.717392914374,15.9));
#794 = DEFINITIONAL_REPRESENTATION('',(#795),#798);
#795 = B_SPLINE_CURVE_WITH_KNOTS('',1,(#796,#797),.UNSPECIFIED.,.F.,.F.,
  (2,2),(0.,1.),.PIECEWISE_BEZIER_KNOTS.);
#796 = CARTESIAN_POINT('',(0.,0.));
#797 = CARTESIAN_POINT('',(0.,1.));
#798 = ( GEOMETRIC_REPRESENTATION_CONTEXT(2) 
PARAMETRIC_REPRESENTATION_CONTEXT() REPRESENTATION_CONTEXT('2D SPACE',''
  ) );
#799 = ORIENTED_EDGE('',*,*,#800,.T.);
#800 = EDGE_CURVE('',#772,#801,#803,.T.);
#801 = VERTEX_POINT('',#802);
#802 = CARTESIAN_POINT('',(5.461233772552,27.707885248777,0.));
#803 = SURFACE_CURVE('',#804,(#809,#817),.PCURVE_S1.);
#804 = ( BOUNDED_CURVE() B_SPLINE_CURVE(3,(#805,#806,#807,#808),
.UNSPECIFIED.,.F.,.F.) B_SPLINE_CURVE_WITH_KNOTS((4,4),(0.,1.),
.PIECEWISE_BEZIER_KNOTS.) CURVE() GEOMETRIC_REPRESENTATION_ITEM() 
RATIONAL_B_SPLINE_CURVE((1.,1.010655752079,0.992368104903,1.)) 
REPRESENTATION_ITEM('') );
#805 = CARTESIAN_POINT('',(9.250524357516,32.717392914374,0.));
#806 = CARTESIAN_POINT('',(7.66357051626,31.38865150583,0.));
#807 = CARTESIAN_POINT('',(5.969277199989,29.422990679676,0.));
#808 = CARTESIAN_POINT('',(5.461233772552,27.707885248777,0.));
#809 = PCURVE('',#45,#810);
#810 = DEFINITIONAL_REPRESENTATION('',(#811),#816);
#811 = ( BOUNDED_CURVE() B_SPLINE_CURVE(3,(#812,#813,#814,#815),
.UNSPECIFIED.,.F.,.F.) B_SPLINE_CURVE_WITH_KNOTS((4,4),(0.,1.),
.PIECEWISE_BEZIER_KNOTS.) CURVE() GEOMETRIC_REPRESENTATION_ITEM() 
RATIONAL_B_SPLINE_CURVE((1.,1.010655752079,0.992368104903,1.)) 
REPRESENTATION_ITEM('') );
#812 = CARTESIAN_POINT('',(9.250524357516,32.717392914374));
#813 = CARTESIAN_POINT('',(7.66357051626,31.38865150583));
#814 = CARTESIAN_POINT('',(5.969277199989,29.422990679676));
#815 = CARTESIAN_POINT('',(5.461233772552,27.707885248777));
#816 = ( GEOMETRIC_REPRESENTATION_CONTEXT(2) 
PARAMETRIC_REPRESENTATION_CONTEXT() REPRESENTATION_CONTEXT('2D SPACE',''
  ) );
#817 = PCURVE('',#818,#827);
#818 = ( BOUNDED_SURFACE() B_SPLINE_SURFACE(1,3,(
    (#819,#820,#821,#822)
    ,(#823,#824,#825,#826
)),.UNSPECIFIED.,.F.,.F.,.F.) B_SPLINE_SURFACE_WITH_KNOTS((2,2),(4,4),(
    0.,1.),(0.,1.),.PIECEWISE_BEZIER_KNOTS.) 
GEOMETRIC_REPRESENTATION_ITEM() RATIONAL_B_SPLINE_SURFACE((
    (1.,1.010655752079,0.992368104903,1.)
,(1.,1.010655752079,0.992368104903,1.
))) REPRESENTATION_ITEM('') SURFACE() );
#819 = CARTESIAN_POINT('',(9.250524357516,32.717392914374,0.));
#820 = CARTESIAN_POINT('',(7.66357051626,31.38865150583,0.));
#821 = CARTESIAN_POINT('',(5.969277199989,29.422990679676,0.));
#822 = CARTESIAN_POINT('',(5.461233772552,27.707885248777,0.));
#823 = CARTESIAN_POINT('',(9.250524357516,32.717392914374,15.9));
#824 = CARTESIAN_POINT('',(7.66357051626,31.38865150583,15.9));
#825 = CARTESIAN_POINT('',(5.969277199989,29.422990679676,15.9));
#826 = CARTESIAN_POINT('',(5.461233772552,27.707885248777,15.9));
#827 = DEFINITIONAL_REPRESENTATION('',(#828),#831);
#828 = B_SPLINE_CURVE_WITH_KNOTS('',1,(#829,#830),.UNSPECIFIED.,.F.,.F.,
  (2,2),(0.,1.),.PIECEWISE_BEZIER_KNOTS.);
#829 = CARTESIAN_POINT('',(0.,0.));
#830 = CARTESIAN_POINT('',(0.,1.));
#831 = ( GEOMETRIC_REPRESENTATION_CONTEXT(2) 
PARAMETRIC_REPRESENTATION_CONTEXT() REPRESENTATION_CONTEXT('2D SPACE',''
  ) );
#832 = ORIENTED_EDGE('',*,*,#833,.T.);
#833 = EDGE_CURVE('',#801,#834,#836,.T.);
#834 = VERTEX_POINT('',#835);
#835 = CARTESIAN_POINT('',(3.795845158021,24.912477988677,0.));
#836 = SURFACE_CURVE('',#837,(#842,#850),.PCURVE_S1.);
#837 = ( BOUNDED_CURVE() B_SPLINE_CURVE(3,(#838,#839,#840,#841),
.UNSPECIFIED.,.F.,.F.) B_SPLINE_CURVE_WITH_KNOTS((4,4),(0.,1.),
.PIECEWISE_BEZIER_KNOTS.) CURVE() GEOMETRIC_REPRESENTATION_ITEM() 
RATIONAL_B_SPLINE_CURVE((1.,1.090235562154,0.878790067642,1.)) 
REPRESENTATION_ITEM('') );
#838 = CARTESIAN_POINT('',(5.461233772552,27.707885248777,0.));
#839 = CARTESIAN_POINT('',(5.359047794867,26.564861801963,0.));
#840 = CARTESIAN_POINT('',(4.887194606101,24.754517604407,0.));
#841 = CARTESIAN_POINT('',(3.795845158021,24.912477988677,0.));
#842 = PCURVE('',#45,#843);
#843 = DEFINITIONAL_REPRESENTATION('',(#844),#849);
#844 = ( BOUNDED_CURVE() B_SPLINE_CURVE(3,(#845,#846,#847,#848),
.UNSPECIFIED.,.F.,.F.) B_SPLINE_CURVE_WITH_KNOTS((4,4),(0.,1.),
.PIECEWISE_BEZIER_KNOTS.) CURVE() GEOMETRIC_REPRESENTATION_ITEM() 
RATIONAL_B_SPLINE_CURVE((1.,1.090235562154,0.878790067642,1.)) 
REPRESENTATION_ITEM('') );
#845 = CARTESIAN_POINT('',(5.461233772552,27.707885248777));
#846 = CARTESIAN_POINT('',(5.359047794867,26.564861801963));
#847 = CARTESIAN_POINT('',(4.887194606101,24.754517604407));
#848 = CARTESIAN_POINT('',(3.795845158021,24.912477988677));
#849 = ( GEOMETRIC_REPRESENTATION_CONTEXT(2) 
PARAMETRIC_REPRESENTATION_CONTEXT() REPRESENTATION_CONTEXT('2D SPACE',''
  ) );
#850 = PCURVE('',#851,#860);
#851 = ( BOUNDED_SURFACE() B_SPLINE_SURFACE(1,3,(
    (#852,#853,#854,#855)
    ,(#856,#857,#858,#859
)),.UNSPECIFIED.,.F.,.F.,.F.) B_SPLINE_SURFACE_WITH_KNOTS((2,2),(4,4),(
    0.,1.),(0.,1.),.PIECEWISE_BEZIER_KNOTS.) 
GEOMETRIC_REPRESENTATION_ITEM() RATIONAL_B_SPLINE_SURFACE((
    (1.,1.090235562154,0.878790067642,1.)
,(1.,1.090235562154,0.878790067642,1.
))) REPRESENTATION_ITEM('') SURFACE() );
#852 = CARTESIAN_POINT('',(5.461233772552,27.707885248777,0.));
#853 = CARTESIAN_POINT('',(5.359047794867,26.564861801963,0.));
#854 = CARTESIAN_POINT('',(4.887194606101,24.754517604407,0.));
#855 = CARTESIAN_POINT('',(3.795845158021,24.912477988677,0.));
#856 = CARTESIAN_POINT('',(5.461233772552,27.707885248777,15.9));
#857 = CARTESIAN_POINT('',(5.359047794867,26.564861801963,15.9));
#858 = CARTESIAN_POINT('',(4.887194606101,24.754517604407,15.9));
#859 = CARTESIAN_POINT('',(3.795845158021,24.912477988677,15.9));
#860 = DEFINITIONAL_REPRESENTATION('',(#861),#864);
#861 = B_SPLINE_CURVE_WITH_KNOTS('',1,(#862,#863),.UNSPECIFIED.,.F.,.F.,
  (2,2),(0.,1.),.PIECEWISE_BEZIER_KNOTS.);
#862 = CARTESIAN_POINT('',(0.,0.));
#863 = CARTESIAN_POINT('',(0.,1.));
#864 = ( GEOMETRIC_REPRESENTATION_CONTEXT(2) 
PARAMETRIC_REPRESENTATION_CONTEXT() REPRESENTATION_CONTEXT('2D SPACE',''
  ) );
#865 = ORIENTED_EDGE('',*,*,#866,.T.);
#866 = EDGE_CURVE('',#834,#867,#869,.T.);
#867 = VERTEX_POINT('',#868);
#868 = CARTESIAN_POINT('',(1.466698587011,25.157281157845,0.));
#869 = SURFACE_CURVE('',#870,(#874,#881),.PCURVE_S1.);
#870 = ( BOUNDED_CURVE() B_SPLINE_CURVE(2,(#871,#872,#873),
.UNSPECIFIED.,.F.,.F.) B_SPLINE_CURVE_WITH_KNOTS((3,3),(0.,1.),
.PIECEWISE_BEZIER_KNOTS.) CURVE() GEOMETRIC_REPRESENTATION_ITEM() 
RATIONAL_B_SPLINE_CURVE((1.,0.998919789238,1.)) REPRESENTATION_ITEM('') 
  );
#871 = CARTESIAN_POINT('',(3.795845158021,24.912477988677,0.));
#872 = CARTESIAN_POINT('',(2.636965753131,25.089053228594,0.));
#873 = CARTESIAN_POINT('',(1.466698587011,25.157281157845,0.));
#874 = PCURVE('',#45,#875);
#875 = DEFINITIONAL_REPRESENTATION('',(#876),#880);
#876 = ( BOUNDED_CURVE() B_SPLINE_CURVE(2,(#877,#878,#879),
.UNSPECIFIED.,.F.,.F.) B_SPLINE_CURVE_WITH_KNOTS((3,3),(0.,1.),
.PIECEWISE_BEZIER_KNOTS.) CURVE() GEOMETRIC_REPRESENTATION_ITEM() 
RATIONAL_B_SPLINE_CURVE((1.,0.998919789238,1.)) REPRESENTATION_ITEM('') 
  );
#877 = CARTESIAN_POINT('',(3.795845158021,24.912477988677));
#878 = CARTESIAN_POINT('',(2.636965753131,25.089053228594));
#879 = CARTESIAN_POINT('',(1.466698587011,25.157281157845));
#880 = ( GEOMETRIC_REPRESENTATION_CONTEXT(2) 
PARAMETRIC_REPRESENTATION_CONTEXT() REPRESENTATION_CONTEXT('2D SPACE',''
  ) );
#881 = PCURVE('',#882,#889);
#882 = ( BOUNDED_SURFACE() B_SPLINE_SURFACE(1,2,(
    (#883,#884,#885)
    ,(#886,#887,#888
)),.UNSPECIFIED.,.F.,.F.,.F.) B_SPLINE_SURFACE_WITH_KNOTS((2,2),(3,3),(
    0.,1.),(0.,1.),.PIECEWISE_BEZIER_KNOTS.) 
GEOMETRIC_REPRESENTATION_ITEM() RATIONAL_B_SPLINE_SURFACE((
    (1.,0.998919789238,1.)
,(1.,0.998919789238,1.))) REPRESENTATION_ITEM('') SURFACE() );
#883 = CARTESIAN_POINT('',(3.795845158021,24.912477988677,0.));
#884 = CARTESIAN_POINT('',(2.636965753131,25.089053228594,0.));
#885 = CARTESIAN_POINT('',(1.466698587011,25.157281157845,0.));
#886 = CARTESIAN_POINT('',(3.795845158021,24.912477988677,15.9));
#887 = CARTESIAN_POINT('',(2.636965753131,25.089053228594,15.9));
#888 = CARTESIAN_POINT('',(1.466698587011,25.157281157845,15.9));
#889 = DEFINITIONAL_REPRESENTATION('',(#890),#893);
#890 = B_SPLINE_CURVE_WITH_KNOTS('',1,(#891,#892),.UNSPECIFIED.,.F.,.F.,
  (2,2),(0.,1.),.PIECEWISE_BEZIER_KNOTS.);
#891 = CARTESIAN_POINT('',(0.,0.));
#892 = CARTESIAN_POINT('',(0.,1.));
#893 = ( GEOMETRIC_REPRESENTATION_CONTEXT(2) 
PARAMETRIC_REPRESENTATION_CONTEXT() REPRESENTATION_CONTEXT('2D SPACE',''
  ) );
#894 = ORIENTED_EDGE('',*,*,#895,.T.);
#895 = EDGE_CURVE('',#867,#896,#898,.T.);
#896 = VERTEX_POINT('',#897);
#897 = CARTESIAN_POINT('',(0.418900559392,28.23785582511,0.));
#898 = SURFACE_CURVE('',#899,(#904,#912),.PCURVE_S1.);
#899 = ( BOUNDED_CURVE() B_SPLINE_CURVE(3,(#900,#901,#902,#903),
.UNSPECIFIED.,.F.,.F.) B_SPLINE_CURVE_WITH_KNOTS((4,4),(0.,1.),
.PIECEWISE_BEZIER_KNOTS.) CURVE() GEOMETRIC_REPRESENTATION_ITEM() 
RATIONAL_B_SPLINE_CURVE((1.,0.878790067642,1.090235562154,1.)) 
REPRESENTATION_ITEM('') );
#900 = CARTESIAN_POINT('',(1.466698587011,25.157281157845,0.));
#901 = CARTESIAN_POINT('',(0.366355932233,25.229676895984,0.));
#902 = CARTESIAN_POINT('',(0.281205590819,27.098564523619,0.));
#903 = CARTESIAN_POINT('',(0.418900559395,28.237855825119,0.));
#904 = PCURVE('',#45,#905);
#905 = DEFINITIONAL_REPRESENTATION('',(#906),#911);
#906 = ( BOUNDED_CURVE() B_SPLINE_CURVE(3,(#907,#908,#909,#910),
.UNSPECIFIED.,.F.,.F.) B_SPLINE_CURVE_WITH_KNOTS((4,4),(0.,1.),
.PIECEWISE_BEZIER_KNOTS.) CURVE() GEOMETRIC_REPRESENTATION_ITEM() 
RATIONAL_B_SPLINE_CURVE((1.,0.878790067642,1.090235562154,1.)) 
REPRESENTATION_ITEM('') );
#907 = CARTESIAN_POINT('',(1.466698587011,25.157281157845));
#908 = CARTESIAN_POINT('',(0.366355932233,25.229676895984));
#909 = CARTESIAN_POINT('',(0.281205590819,27.098564523619));
#910 = CARTESIAN_POINT('',(0.418900559395,28.237855825119));
#911 = ( GEOMETRIC_REPRESENTATION_CONTEXT(2) 
PARAMETRIC_REPRESENTATION_CONTEXT() REPRESENTATION_CONTEXT('2D SPACE',''
  ) );
#912 = PCURVE('',#913,#922);
#913 = ( BOUNDED_SURFACE() B_SPLINE_SURFACE(1,3,(
    (#914,#915,#916,#917)
    ,(#918,#919,#920,#921
)),.UNSPECIFIED.,.F.,.F.,.F.) B_SPLINE_SURFACE_WITH_KNOTS((2,2),(4,4),(
    0.,1.),(0.,1.),.PIECEWISE_BEZIER_KNOTS.) 
GEOMETRIC_REPRESENTATION_ITEM() RATIONAL_B_SPLINE_SURFACE((
    (1.,0.878790067642,1.090235562154,1.)
,(1.,0.878790067642,1.090235562154,1.
))) REPRESENTATION_ITEM('') SURFACE() );
#914 = CARTESIAN_POINT('',(1.466698587011,25.157281157845,0.));
#915 = CARTESIAN_POINT('',(0.366355932233,25.229676895984,0.));
#916 = CARTESIAN_POINT('',(0.281205590819,27.098564523619,0.));
#917 = CARTESIAN_POINT('',(0.41890055939,28.237855825101,0.));
#918 = CARTESIAN_POINT('',(1.466698587011,25.157281157845,15.9));
#919 = CARTESIAN_POINT('',(0.366355932233,25.229676895984,15.9));
#920 = CARTESIAN_POINT('',(0.281205590819,27.098564523619,15.9));
#921 = CARTESIAN_POINT('',(0.41890055939,28.237855825101,15.9));
#922 = DEFINITIONAL_REPRESENTATION('',(#923),#926);
#923 = B_SPLINE_CURVE_WITH_KNOTS('',1,(#924,#925),.UNSPECIFIED.,.F.,.F.,
  (2,2),(0.,1.),.PIECEWISE_BEZIER_KNOTS.);
#924 = CARTESIAN_POINT('',(0.,0.));
#925 = CARTESIAN_POINT('',(0.,1.));
#926 = ( GEOMETRIC_REPRESENTATION_CONTEXT(2) 
PARAMETRIC_REPRESENTATION_CONTEXT() REPRESENTATION_CONTEXT('2D SPACE',''
  ) );
#927 = ORIENTED_EDGE('',*,*,#928,.T.);
#928 = EDGE_CURVE('',#896,#929,#931,.T.);
#929 = VERTEX_POINT('',#930);
#930 = CARTESIAN_POINT('',(-2.246049725858,33.925731541582,0.));
#931 = SURFACE_CURVE('',#932,(#937,#945),.PCURVE_S1.);
#932 = ( BOUNDED_CURVE() B_SPLINE_CURVE(3,(#933,#934,#935,#936),
.UNSPECIFIED.,.F.,.F.) B_SPLINE_CURVE_WITH_KNOTS((4,4),(0.,1.),
.PIECEWISE_BEZIER_KNOTS.) CURVE() GEOMETRIC_REPRESENTATION_ITEM() 
RATIONAL_B_SPLINE_CURVE((1.,0.992368104903,1.010655752079,1.)) 
REPRESENTATION_ITEM('') );
#933 = CARTESIAN_POINT('',(0.41890055939,28.237855825101,0.));
#934 = CARTESIAN_POINT('',(0.278549569842,30.021110255348,0.));
#935 = CARTESIAN_POINT('',(-0.970035506467,32.296080064434,0.));
#936 = CARTESIAN_POINT('',(-2.246049725858,33.925731541582,0.));
#937 = PCURVE('',#45,#938);
#938 = DEFINITIONAL_REPRESENTATION('',(#939),#944);
#939 = ( BOUNDED_CURVE() B_SPLINE_CURVE(3,(#940,#941,#942,#943),
.UNSPECIFIED.,.F.,.F.) B_SPLINE_CURVE_WITH_KNOTS((4,4),(0.,1.),
.PIECEWISE_BEZIER_KNOTS.) CURVE() GEOMETRIC_REPRESENTATION_ITEM() 
RATIONAL_B_SPLINE_CURVE((1.,0.992368104903,1.010655752079,1.)) 
REPRESENTATION_ITEM('') );
#940 = CARTESIAN_POINT('',(0.41890055939,28.237855825101));
#941 = CARTESIAN_POINT('',(0.278549569842,30.021110255348));
#942 = CARTESIAN_POINT('',(-0.970035506467,32.296080064434));
#943 = CARTESIAN_POINT('',(-2.246049725858,33.925731541582));
#944 = ( GEOMETRIC_REPRESENTATION_CONTEXT(2) 
PARAMETRIC_REPRESENTATION_CONTEXT() REPRESENTATION_CONTEXT('2D SPACE',''
  ) );
#945 = PCURVE('',#946,#955);
#946 = ( BOUNDED_SURFACE() B_SPLINE_SURFACE(1,3,(
    (#947,#948,#949,#950)
    ,(#951,#952,#953,#954
)),.UNSPECIFIED.,.F.,.F.,.F.) B_SPLINE_SURFACE_WITH_KNOTS((2,2),(4,4),(
    0.,1.),(0.,1.),.PIECEWISE_BEZIER_KNOTS.) 
GEOMETRIC_REPRESENTATION_ITEM() RATIONAL_B_SPLINE_SURFACE((
    (1.,0.992368104903,1.010655752079,1.)
,(1.,0.992368104903,1.010655752079,1.
))) REPRESENTATION_ITEM('') SURFACE() );
#947 = CARTESIAN_POINT('',(0.41890055939,28.237855825101,0.));
#948 = CARTESIAN_POINT('',(0.278549569842,30.021110255348,0.));
#949 = CARTESIAN_POINT('',(-0.970035506467,32.296080064434,0.));
#950 = CARTESIAN_POINT('',(-2.246049725858,33.925731541582,0.));
#951 = CARTESIAN_POINT('',(0.41890055939,28.237855825101,15.9));
#952 = CARTESIAN_POINT('',(0.278549569842,30.021110255348,15.9));
#953 = CARTESIAN_POINT('',(-0.970035506467,32.296080064434,15.9));
#954 = CARTESIAN_POINT('',(-2.246049725858,33.925731541582,15.9));
#955 = DEFINITIONAL_REPRESENTATION('',(#956),#959);
#956 = B_SPLINE_CURVE_WITH_KNOTS('',1,(#957,#958),.UNSPECIFIED.,.F.,.F.,
  (2,2),(0.,1.),.PIECEWISE_BEZIER_KNOTS.);
#957 = CARTESIAN_POINT('',(0.,0.));
#958 = CARTESIAN_POINT('',(0.,1.));
#959 = ( GEOMETRIC_REPRESENTATION_CONTEXT(2) 
PARAMETRIC_REPRESENTATION_CONTEXT() REPRESENTATION_CONTEXT('2D SPACE',''
  ) );
#960 = ORIENTED_EDGE('',*,*,#961,.T.);
#961 = EDGE_CURVE('',#929,#962,#964,.T.);
#962 = VERTEX_POINT('',#963);
#963 = CARTESIAN_POINT('',(-4.856588056563,33.651352906701,0.));
#964 = SURFACE_CURVE('',#965,(#969,#976),.PCURVE_S1.);
#965 = ( BOUNDED_CURVE() B_SPLINE_CURVE(2,(#966,#967,#968),
.UNSPECIFIED.,.F.,.F.) B_SPLINE_CURVE_WITH_KNOTS((3,3),(0.,1.),
.PIECEWISE_BEZIER_KNOTS.) CURVE() GEOMETRIC_REPRESENTATION_ITEM() 
RATIONAL_B_SPLINE_CURVE((1.,0.999254675315,1.)) REPRESENTATION_ITEM('') 
  );
#966 = CARTESIAN_POINT('',(-2.246049725858,33.925731541582,0.));
#967 = CARTESIAN_POINT('',(-3.556618586731,33.83896545882,0.));
#968 = CARTESIAN_POINT('',(-4.856588056563,33.651352906701,0.));
#969 = PCURVE('',#45,#970);
#970 = DEFINITIONAL_REPRESENTATION('',(#971),#975);
#971 = ( BOUNDED_CURVE() B_SPLINE_CURVE(2,(#972,#973,#974),
.UNSPECIFIED.,.F.,.F.) B_SPLINE_CURVE_WITH_KNOTS((3,3),(0.,1.),
.PIECEWISE_BEZIER_KNOTS.) CURVE() GEOMETRIC_REPRESENTATION_ITEM() 
RATIONAL_B_SPLINE_CURVE((1.,0.999254675315,1.)) REPRESENTATION_ITEM('') 
  );
#972 = CARTESIAN_POINT('',(-2.246049725858,33.925731541582));
#973 = CARTESIAN_POINT('',(-3.556618586731,33.83896545882));
#974 = CARTESIAN_POINT('',(-4.856588056563,33.651352906701));
#975 = ( GEOMETRIC_REPRESENTATION_CONTEXT(2) 
PARAMETRIC_REPRESENTATION_CONTEXT() REPRESENTATION_CONTEXT('2D SPACE',''
  ) );
#976 = PCURVE('',#977,#984);
#977 = ( BOUNDED_SURFACE() B_SPLINE_SURFACE(1,2,(
    (#978,#979,#980)
    ,(#981,#982,#983
)),.UNSPECIFIED.,.F.,.F.,.F.) B_SPLINE_SURFACE_WITH_KNOTS((2,2),(3,3),(
    0.,1.),(0.,1.),.PIECEWISE_BEZIER_KNOTS.) 
GEOMETRIC_REPRESENTATION_ITEM() RATIONAL_B_SPLINE_SURFACE((
    (1.,0.999254675315,1.)
,(1.,0.999254675315,1.))) REPRESENTATION_ITEM('') SURFACE() );
#978 = CARTESIAN_POINT('',(-2.246049725858,33.925731541582,0.));
#979 = CARTESIAN_POINT('',(-3.556618586731,33.83896545882,0.));
#980 = CARTESIAN_POINT('',(-4.856588056563,33.651352906701,0.));
#981 = CARTESIAN_POINT('',(-2.246049725858,33.925731541582,15.9));
#982 = CARTESIAN_POINT('',(-3.556618586731,33.83896545882,15.9));
#983 = CARTESIAN_POINT('',(-4.856588056563,33.651352906701,15.9));
#984 = DEFINITIONAL_REPRESENTATION('',(#985),#988);
#985 = B_SPLINE_CURVE_WITH_KNOTS('',1,(#986,#987),.UNSPECIFIED.,.F.,.F.,
  (2,2),(0.,1.),.PIECEWISE_BEZIER_KNOTS.);
#986 = CARTESIAN_POINT('',(0.,0.));
#987 = CARTESIAN_POINT('',(0.,1.));
#988 = ( GEOMETRIC_REPRESENTATION_CONTEXT(2) 
PARAMETRIC_REPRESENTATION_CONTEXT() REPRESENTATION_CONTEXT('2D SPACE',''
  ) );
#989 = ORIENTED_EDGE('',*,*,#990,.T.);
#990 = EDGE_CURVE('',#962,#991,#993,.T.);
#991 = VERTEX_POINT('',#992);
#992 = CARTESIAN_POINT('',(-6.280726926778,27.533696601603,0.));
#993 = SURFACE_CURVE('',#994,(#999,#1007),.PCURVE_S1.);
#994 = ( BOUNDED_CURVE() B_SPLINE_CURVE(3,(#995,#996,#997,#998),
.UNSPECIFIED.,.F.,.F.) B_SPLINE_CURVE_WITH_KNOTS((4,4),(0.,1.),
.PIECEWISE_BEZIER_KNOTS.) CURVE() GEOMETRIC_REPRESENTATION_ITEM() 
RATIONAL_B_SPLINE_CURVE((1.,1.010655752079,0.992368104903,1.)) 
REPRESENTATION_ITEM('') );
#995 = CARTESIAN_POINT('',(-4.856588056563,33.651352906701,0.));
#996 = CARTESIAN_POINT('',(-5.765894709705,31.792014950436,0.));
#997 = CARTESIAN_POINT('',(-6.514202386842,29.307163255591,0.));
#998 = CARTESIAN_POINT('',(-6.280726926778,27.533696601603,0.));
#999 = PCURVE('',#45,#1000);
#1000 = DEFINITIONAL_REPRESENTATION('',(#1001),#1006);
#1001 = ( BOUNDED_CURVE() B_SPLINE_CURVE(3,(#1002,#1003,#1004,#1005),
.UNSPECIFIED.,.F.,.F.) B_SPLINE_CURVE_WITH_KNOTS((4,4),(0.,1.),
.PIECEWISE_BEZIER_KNOTS.) CURVE() GEOMETRIC_REPRESENTATION_ITEM() 
RATIONAL_B_SPLINE_CURVE((1.,1.010655752079,0.992368104903,1.)) 
REPRESENTATION_ITEM('') );
#1002 = CARTESIAN_POINT('',(-4.856588056563,33.651352906701));
#1003 = CARTESIAN_POINT('',(-5.765894709705,31.792014950436));
#1004 = CARTESIAN_POINT('',(-6.514202386842,29.307163255591));
#1005 = CARTESIAN_POINT('',(-6.280726926778,27.533696601603));
#1006 = ( GEOMETRIC_REPRESENTATION_CONTEXT(2) 
PARAMETRIC_REPRESENTATION_CONTEXT() REPRESENTATION_CONTEXT('2D SPACE',''
  ) );
#1007 = PCURVE('',#1008,#1017);
#1008 = ( BOUNDED_SURFACE() B_SPLINE_SURFACE(1,3,(
    (#1009,#1010,#1011,#1012)
    ,(#1013,#1014,#1015,#1016
)),.UNSPECIFIED.,.F.,.F.,.F.) B_SPLINE_SURFACE_WITH_KNOTS((2,2),(4,4),(
    0.,1.),(0.,1.),.PIECEWISE_BEZIER_KNOTS.) 
GEOMETRIC_REPRESENTATION_ITEM() RATIONAL_B_SPLINE_SURFACE((
    (1.,1.010655752079,0.992368104903,1.)
,(1.,1.010655752079,0.992368104903,1.
))) REPRESENTATION_ITEM('') SURFACE() );
#1009 = CARTESIAN_POINT('',(-4.856588056563,33.651352906701,0.));
#1010 = CARTESIAN_POINT('',(-5.765894709705,31.792014950436,0.));
#1011 = CARTESIAN_POINT('',(-6.514202386842,29.307163255591,0.));
#1012 = CARTESIAN_POINT('',(-6.280726926778,27.533696601603,0.));
#1013 = CARTESIAN_POINT('',(-4.856588056563,33.651352906701,15.9));
#1014 = CARTESIAN_POINT('',(-5.765894709705,31.792014950436,15.9));
#1015 = CARTESIAN_POINT('',(-6.514202386842,29.307163255591,15.9));
#1016 = CARTESIAN_POINT('',(-6.280726926778,27.533696601603,15.9));
#1017 = DEFINITIONAL_REPRESENTATION('',(#1018),#1021);
#1018 = B_SPLINE_CURVE_WITH_KNOTS('',1,(#1019,#1020),.UNSPECIFIED.,.F.,
  .F.,(2,2),(0.,1.),.PIECEWISE_BEZIER_KNOTS.);
#1019 = CARTESIAN_POINT('',(0.,0.));
#1020 = CARTESIAN_POINT('',(0.,1.));
#1021 = ( GEOMETRIC_REPRESENTATION_CONTEXT(2) 
PARAMETRIC_REPRESENTATION_CONTEXT() REPRESENTATION_CONTEXT('2D SPACE',''
  ) );
#1022 = ORIENTED_EDGE('',*,*,#1023,.T.);
#1023 = EDGE_CURVE('',#991,#1024,#1026,.T.);
#1024 = VERTEX_POINT('',#1025);
#1025 = CARTESIAN_POINT('',(-6.66514056579,24.302590422386,0.));
#1026 = SURFACE_CURVE('',#1027,(#1032,#1040),.PCURVE_S1.);
#1027 = ( BOUNDED_CURVE() B_SPLINE_CURVE(3,(#1028,#1029,#1030,#1031),
.UNSPECIFIED.,.F.,.F.) B_SPLINE_CURVE_WITH_KNOTS((4,4),(0.,1.),
.PIECEWISE_BEZIER_KNOTS.) CURVE() GEOMETRIC_REPRESENTATION_ITEM() 
RATIONAL_B_SPLINE_CURVE((1.,1.090235562154,0.878790067642,1.)) 
REPRESENTATION_ITEM('') );
#1028 = CARTESIAN_POINT('',(-6.280726926778,27.533696601603,0.));
#1029 = CARTESIAN_POINT('',(-5.909168942812,26.447929942254,0.));
#1030 = CARTESIAN_POINT('',(-5.603894958358,24.602178241784,0.));
#1031 = CARTESIAN_POINT('',(-6.66514056579,24.302590422386,0.));
#1032 = PCURVE('',#45,#1033);
#1033 = DEFINITIONAL_REPRESENTATION('',(#1034),#1039);
#1034 = ( BOUNDED_CURVE() B_SPLINE_CURVE(3,(#1035,#1036,#1037,#1038),
.UNSPECIFIED.,.F.,.F.) B_SPLINE_CURVE_WITH_KNOTS((4,4),(0.,1.),
.PIECEWISE_BEZIER_KNOTS.) CURVE() GEOMETRIC_REPRESENTATION_ITEM() 
RATIONAL_B_SPLINE_CURVE((1.,1.090235562154,0.878790067642,1.)) 
REPRESENTATION_ITEM('') );
#1035 = CARTESIAN_POINT('',(-6.280726926778,27.533696601603));
#1036 = CARTESIAN_POINT('',(-5.909168942812,26.447929942254));
#1037 = CARTESIAN_POINT('',(-5.603894958358,24.602178241784));
#1038 = CARTESIAN_POINT('',(-6.66514056579,24.302590422386));
#1039 = ( GEOMETRIC_REPRESENTATION_CONTEXT(2) 
PARAMETRIC_REPRESENTATION_CONTEXT() REPRESENTATION_CONTEXT('2D SPACE',''
  ) );
#1040 = PCURVE('',#1041,#1050);
#1041 = ( BOUNDED_SURFACE() B_SPLINE_SURFACE(1,3,(
    (#1042,#1043,#1044,#1045)
    ,(#1046,#1047,#1048,#1049
)),.UNSPECIFIED.,.F.,.F.,.F.) B_SPLINE_SURFACE_WITH_KNOTS((2,2),(4,4),(
    0.,1.),(0.,1.),.PIECEWISE_BEZIER_KNOTS.) 
GEOMETRIC_REPRESENTATION_ITEM() RATIONAL_B_SPLINE_SURFACE((
    (1.,1.090235562154,0.878790067642,1.)
,(1.,1.090235562154,0.878790067642,1.
))) REPRESENTATION_ITEM('') SURFACE() );
#1042 = CARTESIAN_POINT('',(-6.280726926778,27.533696601603,0.));
#1043 = CARTESIAN_POINT('',(-5.909168942812,26.447929942254,0.));
#1044 = CARTESIAN_POINT('',(-5.603894958358,24.602178241784,0.));
#1045 = CARTESIAN_POINT('',(-6.66514056579,24.302590422386,0.));
#1046 = CARTESIAN_POINT('',(-6.280726926778,27.533696601603,15.9));
#1047 = CARTESIAN_POINT('',(-5.909168942812,26.447929942254,15.9));
#1048 = CARTESIAN_POINT('',(-5.603894958358,24.602178241784,15.9));
#1049 = CARTESIAN_POINT('',(-6.66514056579,24.302590422386,15.9));
#1050 = DEFINITIONAL_REPRESENTATION('',(#1051),#1054);
#1051 = B_SPLINE_CURVE_WITH_KNOTS('',1,(#1052,#1053),.UNSPECIFIED.,.F.,
  .F.,(2,2),(0.,1.),.PIECEWISE_BEZIER_KNOTS.);
#1052 = CARTESIAN_POINT('',(0.,0.));
#1053 = CARTESIAN_POINT('',(0.,1.));
#1054 = ( GEOMETRIC_REPRESENTATION_CONTEXT(2) 
PARAMETRIC_REPRESENTATION_CONTEXT() REPRESENTATION_CONTEXT('2D SPACE',''
  ) );
#1055 = ORIENTED_EDGE('',*,*,#1056,.T.);
#1056 = EDGE_CURVE('',#1024,#1057,#1059,.T.);
#1057 = VERTEX_POINT('',#1058);
#1058 = CARTESIAN_POINT('',(-8.892492255161,23.578879988072,0.));
#1059 = SURFACE_CURVE('',#1060,(#1064,#1071),.PCURVE_S1.);
#1060 = ( BOUNDED_CURVE() B_SPLINE_CURVE(2,(#1061,#1062,#1063),
.UNSPECIFIED.,.F.,.F.) B_SPLINE_CURVE_WITH_KNOTS((3,3),(0.,1.),
.PIECEWISE_BEZIER_KNOTS.) CURVE() GEOMETRIC_REPRESENTATION_ITEM() 
RATIONAL_B_SPLINE_CURVE((1.,0.998919789238,1.)) REPRESENTATION_ITEM('') 
  );
#1061 = CARTESIAN_POINT('',(-6.66514056579,24.302590422386,0.));
#1062 = CARTESIAN_POINT('',(-7.795649202416,23.99254121187,0.));
#1063 = CARTESIAN_POINT('',(-8.892492255161,23.578879988072,0.));
#1064 = PCURVE('',#45,#1065);
#1065 = DEFINITIONAL_REPRESENTATION('',(#1066),#1070);
#1066 = ( BOUNDED_CURVE() B_SPLINE_CURVE(2,(#1067,#1068,#1069),
.UNSPECIFIED.,.F.,.F.) B_SPLINE_CURVE_WITH_KNOTS((3,3),(0.,1.),
.PIECEWISE_BEZIER_KNOTS.) CURVE() GEOMETRIC_REPRESENTATION_ITEM() 
RATIONAL_B_SPLINE_CURVE((1.,0.998919789238,1.)) REPRESENTATION_ITEM('') 
  );
#1067 = CARTESIAN_POINT('',(-6.66514056579,24.302590422386));
#1068 = CARTESIAN_POINT('',(-7.795649202416,23.99254121187));
#1069 = CARTESIAN_POINT('',(-8.892492255161,23.578879988072));
#1070 = ( GEOMETRIC_REPRESENTATION_CONTEXT(2) 
PARAMETRIC_REPRESENTATION_CONTEXT() REPRESENTATION_CONTEXT('2D SPACE',''
  ) );
#1071 = PCURVE('',#1072,#1079);
#1072 = ( BOUNDED_SURFACE() B_SPLINE_SURFACE(1,2,(
    (#1073,#1074,#1075)
    ,(#1076,#1077,#1078
)),.UNSPECIFIED.,.F.,.F.,.F.) B_SPLINE_SURFACE_WITH_KNOTS((2,2),(3,3),(
    0.,1.),(0.,1.),.PIECEWISE_BEZIER_KNOTS.) 
GEOMETRIC_REPRESENTATION_ITEM() RATIONAL_B_SPLINE_SURFACE((
    (1.,0.998919789238,1.)
,(1.,0.998919789238,1.))) REPRESENTATION_ITEM('') SURFACE() );
#1073 = CARTESIAN_POINT('',(-6.66514056579,24.302590422386,0.));
#1074 = CARTESIAN_POINT('',(-7.795649202416,23.99254121187,0.));
#1075 = CARTESIAN_POINT('',(-8.892492255161,23.578879988072,0.));
#1076 = CARTESIAN_POINT('',(-6.66514056579,24.302590422386,15.9));
#1077 = CARTESIAN_POINT('',(-7.795649202416,23.99254121187,15.9));
#1078 = CARTESIAN_POINT('',(-8.892492255161,23.578879988072,15.9));
#1079 = DEFINITIONAL_REPRESENTATION('',(#1080),#1083);
#1080 = B_SPLINE_CURVE_WITH_KNOTS('',1,(#1081,#1082),.UNSPECIFIED.,.F.,
  .F.,(2,2),(0.,1.),.PIECEWISE_BEZIER_KNOTS.);
#1081 = CARTESIAN_POINT('',(0.,0.));
#1082 = CARTESIAN_POINT('',(0.,1.));
#1083 = ( GEOMETRIC_REPRESENTATION_CONTEXT(2) 
PARAMETRIC_REPRESENTATION_CONTEXT() REPRESENTATION_CONTEXT('2D SPACE',''
  ) );
#1084 = ORIENTED_EDGE('',*,*,#1085,.T.);
#1085 = EDGE_CURVE('',#1057,#1086,#1088,.T.);
#1086 = VERTEX_POINT('',#1087);
#1087 = CARTESIAN_POINT('',(-11.10268598272,25.966947129906,0.));
#1088 = SURFACE_CURVE('',#1089,(#1094,#1102),.PCURVE_S1.);
#1089 = ( BOUNDED_CURVE() B_SPLINE_CURVE(3,(#1090,#1091,#1092,#1093),
.UNSPECIFIED.,.F.,.F.) B_SPLINE_CURVE_WITH_KNOTS((4,4),(0.,1.),
.PIECEWISE_BEZIER_KNOTS.) CURVE() GEOMETRIC_REPRESENTATION_ITEM() 
RATIONAL_B_SPLINE_CURVE((1.,0.878790067642,1.090235562154,1.)) 
REPRESENTATION_ITEM('') );
#1090 = CARTESIAN_POINT('',(-8.892492255161,23.578879988072,0.));
#1091 = CARTESIAN_POINT('',(-9.927151288787,23.197467108164,0.));
#1092 = CARTESIAN_POINT('',(-10.76508507635,24.870147147211,0.));
#1093 = CARTESIAN_POINT('',(-11.10268598272,25.966947129915,0.));
#1094 = PCURVE('',#45,#1095);
#1095 = DEFINITIONAL_REPRESENTATION('',(#1096),#1101);
#1096 = ( BOUNDED_CURVE() B_SPLINE_CURVE(3,(#1097,#1098,#1099,#1100),
.UNSPECIFIED.,.F.,.F.) B_SPLINE_CURVE_WITH_KNOTS((4,4),(0.,1.),
.PIECEWISE_BEZIER_KNOTS.) CURVE() GEOMETRIC_REPRESENTATION_ITEM() 
RATIONAL_B_SPLINE_CURVE((1.,0.878790067642,1.090235562154,1.)) 
REPRESENTATION_ITEM('') );
#1097 = CARTESIAN_POINT('',(-8.892492255161,23.578879988072));
#1098 = CARTESIAN_POINT('',(-9.927151288787,23.197467108164));
#1099 = CARTESIAN_POINT('',(-10.76508507635,24.870147147211));
#1100 = CARTESIAN_POINT('',(-11.10268598272,25.966947129915));
#1101 = ( GEOMETRIC_REPRESENTATION_CONTEXT(2) 
PARAMETRIC_REPRESENTATION_CONTEXT() REPRESENTATION_CONTEXT('2D SPACE',''
  ) );
#1102 = PCURVE('',#1103,#1112);
#1103 = ( BOUNDED_SURFACE() B_SPLINE_SURFACE(1,3,(
    (#1104,#1105,#1106,#1107)
    ,(#1108,#1109,#1110,#1111
)),.UNSPECIFIED.,.F.,.F.,.F.) B_SPLINE_SURFACE_WITH_KNOTS((2,2),(4,4),(
    0.,1.),(0.,1.),.PIECEWISE_BEZIER_KNOTS.) 
GEOMETRIC_REPRESENTATION_ITEM() RATIONAL_B_SPLINE_SURFACE((
    (1.,0.878790067642,1.090235562154,1.)
,(1.,0.878790067642,1.090235562154,1.
))) REPRESENTATION_ITEM('') SURFACE() );
#1104 = CARTESIAN_POINT('',(-8.892492255161,23.578879988072,0.));
#1105 = CARTESIAN_POINT('',(-9.927151288787,23.197467108164,0.));
#1106 = CARTESIAN_POINT('',(-10.76508507635,24.870147147211,0.));
#1107 = CARTESIAN_POINT('',(-11.10268598272,25.966947129897,0.));
#1108 = CARTESIAN_POINT('',(-8.892492255161,23.578879988072,15.9));
#1109 = CARTESIAN_POINT('',(-9.927151288787,23.197467108164,15.9));
#1110 = CARTESIAN_POINT('',(-10.76508507635,24.870147147211,15.9));
#1111 = CARTESIAN_POINT('',(-11.10268598272,25.966947129897,15.9));
#1112 = DEFINITIONAL_REPRESENTATION('',(#1113),#1116);
#1113 = B_SPLINE_CURVE_WITH_KNOTS('',1,(#1114,#1115),.UNSPECIFIED.,.F.,
  .F.,(2,2),(0.,1.),.PIECEWISE_BEZIER_KNOTS.);
#1114 = CARTESIAN_POINT('',(0.,0.));
#1115 = CARTESIAN_POINT('',(0.,1.));
#1116 = ( GEOMETRIC_REPRESENTATION_CONTEXT(2) 
PARAMETRIC_REPRESENTATION_CONTEXT() REPRESENTATION_CONTEXT('2D SPACE',''
  ) );
#1117 = ORIENTED_EDGE('',*,*,#1118,.T.);
#1118 = EDGE_CURVE('',#1086,#1119,#1121,.T.);
#1119 = VERTEX_POINT('',#1120);
#1120 = CARTESIAN_POINT('',(-15.85070668581,30.079147221338,0.));
#1121 = SURFACE_CURVE('',#1122,(#1127,#1135),.PCURVE_S1.);
#1122 = ( BOUNDED_CURVE() B_SPLINE_CURVE(3,(#1123,#1124,#1125,#1126),
.UNSPECIFIED.,.F.,.F.) B_SPLINE_CURVE_WITH_KNOTS((4,4),(0.,1.),
.PIECEWISE_BEZIER_KNOTS.) CURVE() GEOMETRIC_REPRESENTATION_ITEM() 
RATIONAL_B_SPLINE_CURVE((1.,0.992368104903,1.010655752079,1.)) 
REPRESENTATION_ITEM('') );
#1123 = CARTESIAN_POINT('',(-11.10268598272,25.966947129897,0.));
#1124 = CARTESIAN_POINT('',(-11.95621791241,27.538945224129,0.));
#1125 = CARTESIAN_POINT('',(-14.0221707206,29.10938825696,0.));
#1126 = CARTESIAN_POINT('',(-15.85070668581,30.079147221338,0.));
#1127 = PCURVE('',#45,#1128);
#1128 = DEFINITIONAL_REPRESENTATION('',(#1129),#1134);
#1129 = ( BOUNDED_CURVE() B_SPLINE_CURVE(3,(#1130,#1131,#1132,#1133),
.UNSPECIFIED.,.F.,.F.) B_SPLINE_CURVE_WITH_KNOTS((4,4),(0.,1.),
.PIECEWISE_BEZIER_KNOTS.) CURVE() GEOMETRIC_REPRESENTATION_ITEM() 
RATIONAL_B_SPLINE_CURVE((1.,0.992368104903,1.010655752079,1.)) 
REPRESENTATION_ITEM('') );
#1130 = CARTESIAN_POINT('',(-11.10268598272,25.966947129897));
#1131 = CARTESIAN_POINT('',(-11.95621791241,27.538945224129));
#1132 = CARTESIAN_POINT('',(-14.0221707206,29.10938825696));
#1133 = CARTESIAN_POINT('',(-15.85070668581,30.079147221338));
#1134 = ( GEOMETRIC_REPRESENTATION_CONTEXT(2) 
PARAMETRIC_REPRESENTATION_CONTEXT() REPRESENTATION_CONTEXT('2D SPACE',''
  ) );
#1135 = PCURVE('',#1136,#1145);
#1136 = ( BOUNDED_SURFACE() B_SPLINE_SURFACE(1,3,(
    (#1137,#1138,#1139,#1140)
    ,(#1141,#1142,#1143,#1144
)),.UNSPECIFIED.,.F.,.F.,.F.) B_SPLINE_SURFACE_WITH_KNOTS((2,2),(4,4),(
    0.,1.),(0.,1.),.PIECEWISE_BEZIER_KNOTS.) 
GEOMETRIC_REPRESENTATION_ITEM() RATIONAL_B_SPLINE_SURFACE((
    (1.,0.992368104903,1.010655752079,1.)
,(1.,0.992368104903,1.010655752079,1.
))) REPRESENTATION_ITEM('') SURFACE() );
#1137 = CARTESIAN_POINT('',(-11.10268598272,25.966947129897,0.));
#1138 = CARTESIAN_POINT('',(-11.95621791241,27.538945224129,0.));
#1139 = CARTESIAN_POINT('',(-14.0221707206,29.10938825696,0.));
#1140 = CARTESIAN_POINT('',(-15.85070668581,30.079147221338,0.));
#1141 = CARTESIAN_POINT('',(-11.10268598272,25.966947129897,15.9));
#1142 = CARTESIAN_POINT('',(-11.95621791241,27.538945224129,15.9));
#1143 = CARTESIAN_POINT('',(-14.0221707206,29.10938825696,15.9));
#1144 = CARTESIAN_POINT('',(-15.85070668581,30.079147221338,15.9));
#1145 = DEFINITIONAL_REPRESENTATION('',(#1146),#1149);
#1146 = B_SPLINE_CURVE_WITH_KNOTS('',1,(#1147,#1148),.UNSPECIFIED.,.F.,
  .F.,(2,2),(0.,1.),.PIECEWISE_BEZIER_KNOTS.);
#1147 = CARTESIAN_POINT('',(0.,0.));
#1148 = CARTESIAN_POINT('',(0.,1.));
#1149 = ( GEOMETRIC_REPRESENTATION_CONTEXT(2) 
PARAMETRIC_REPRESENTATION_CONTEXT() REPRESENTATION_CONTEXT('2D SPACE',''
  ) );
#1150 = ORIENTED_EDGE('',*,*,#1151,.T.);
#1151 = EDGE_CURVE('',#1119,#1152,#1154,.T.);
#1152 = VERTEX_POINT('',#1153);
#1153 = CARTESIAN_POINT('',(-18.12395227494,28.766688268517,0.));
#1154 = SURFACE_CURVE('',#1155,(#1159,#1166),.PCURVE_S1.);
#1155 = ( BOUNDED_CURVE() B_SPLINE_CURVE(2,(#1156,#1157,#1158),
.UNSPECIFIED.,.F.,.F.) B_SPLINE_CURVE_WITH_KNOTS((3,3),(0.,1.),
.PIECEWISE_BEZIER_KNOTS.) CURVE() GEOMETRIC_REPRESENTATION_ITEM() 
RATIONAL_B_SPLINE_CURVE((1.,0.999254675315,1.)) REPRESENTATION_ITEM('') 
  );
#1156 = CARTESIAN_POINT('',(-15.85070668581,30.079147221338,0.));
#1157 = CARTESIAN_POINT('',(-17.01267997035,29.466826081562,0.));
#1158 = CARTESIAN_POINT('',(-18.12395227494,28.766688268517,0.));
#1159 = PCURVE('',#45,#1160);
#1160 = DEFINITIONAL_REPRESENTATION('',(#1161),#1165);
#1161 = ( BOUNDED_CURVE() B_SPLINE_CURVE(2,(#1162,#1163,#1164),
.UNSPECIFIED.,.F.,.F.) B_SPLINE_CURVE_WITH_KNOTS((3,3),(0.,1.),
.PIECEWISE_BEZIER_KNOTS.) CURVE() GEOMETRIC_REPRESENTATION_ITEM() 
RATIONAL_B_SPLINE_CURVE((1.,0.999254675315,1.)) REPRESENTATION_ITEM('') 
  );
#1162 = CARTESIAN_POINT('',(-15.85070668581,30.079147221338));
#1163 = CARTESIAN_POINT('',(-17.01267997035,29.466826081562));
#1164 = CARTESIAN_POINT('',(-18.12395227494,28.766688268517));
#1165 = ( GEOMETRIC_REPRESENTATION_CONTEXT(2) 
PARAMETRIC_REPRESENTATION_CONTEXT() REPRESENTATION_CONTEXT('2D SPACE',''
  ) );
#1166 = PCURVE('',#1167,#1174);
#1167 = ( BOUNDED_SURFACE() B_SPLINE_SURFACE(1,2,(
    (#1168,#1169,#1170)
    ,(#1171,#1172,#1173
)),.UNSPECIFIED.,.F.,.F.,.F.) B_SPLINE_SURFACE_WITH_KNOTS((2,2),(3,3),(
    0.,1.),(0.,1.),.PIECEWISE_BEZIER_KNOTS.) 
GEOMETRIC_REPRESENTATION_ITEM() RATIONAL_B_SPLINE_SURFACE((
    (1.,0.999254675315,1.)
,(1.,0.999254675315,1.))) REPRESENTATION_ITEM('') SURFACE() );
#1168 = CARTESIAN_POINT('',(-15.85070668581,30.079147221338,0.));
#1169 = CARTESIAN_POINT('',(-17.01267997035,29.466826081562,0.));
#1170 = CARTESIAN_POINT('',(-18.12395227494,28.766688268517,0.));
#1171 = CARTESIAN_POINT('',(-15.85070668581,30.079147221338,15.9));
#1172 = CARTESIAN_POINT('',(-17.01267997035,29.466826081562,15.9));
#1173 = CARTESIAN_POINT('',(-18.12395227494,28.766688268517,15.9));
#1174 = DEFINITIONAL_REPRESENTATION('',(#1175),#1178);
#1175 = B_SPLINE_CURVE_WITH_KNOTS('',1,(#1176,#1177),.UNSPECIFIED.,.F.,
  .F.,(2,2),(0.,1.),.PIECEWISE_BEZIER_KNOTS.);
#1176 = CARTESIAN_POINT('',(0.,0.));
#1177 = CARTESIAN_POINT('',(0.,1.));
#1178 = ( GEOMETRIC_REPRESENTATION_CONTEXT(2) 
PARAMETRIC_REPRESENTATION_CONTEXT() REPRESENTATION_CONTEXT('2D SPACE',''
  ) );
#1179 = ORIENTED_EDGE('',*,*,#1180,.T.);
#1180 = EDGE_CURVE('',#1152,#1181,#1183,.T.);
#1181 = VERTEX_POINT('',#1182);
#1182 = CARTESIAN_POINT('',(-16.93669288185,22.59868167623,0.));
#1183 = SURFACE_CURVE('',#1184,(#1189,#1197),.PCURVE_S1.);
#1184 = ( BOUNDED_CURVE() B_SPLINE_CURVE(3,(#1185,#1186,#1187,#1188),
.UNSPECIFIED.,.F.,.F.) B_SPLINE_CURVE_WITH_KNOTS((4,4),(0.,1.),
.PIECEWISE_BEZIER_KNOTS.) CURVE() GEOMETRIC_REPRESENTATION_ITEM() 
RATIONAL_B_SPLINE_CURVE((1.,1.010655752079,0.992368104903,1.)) 
REPRESENTATION_ITEM('') );
#1185 = CARTESIAN_POINT('',(-18.12395227494,28.766688268517,0.));
#1186 = CARTESIAN_POINT('',(-18.19838435885,26.698250188723,0.));
#1187 = CARTESIAN_POINT('',(-17.87131720131,24.123861057395,0.));
#1188 = CARTESIAN_POINT('',(-16.93669288185,22.59868167623,0.));
#1189 = PCURVE('',#45,#1190);
#1190 = DEFINITIONAL_REPRESENTATION('',(#1191),#1196);
#1191 = ( BOUNDED_CURVE() B_SPLINE_CURVE(3,(#1192,#1193,#1194,#1195),
.UNSPECIFIED.,.F.,.F.) B_SPLINE_CURVE_WITH_KNOTS((4,4),(0.,1.),
.PIECEWISE_BEZIER_KNOTS.) CURVE() GEOMETRIC_REPRESENTATION_ITEM() 
RATIONAL_B_SPLINE_CURVE((1.,1.010655752079,0.992368104903,1.)) 
REPRESENTATION_ITEM('') );
#1192 = CARTESIAN_POINT('',(-18.12395227494,28.766688268517));
#1193 = CARTESIAN_POINT('',(-18.19838435885,26.698250188723));
#1194 = CARTESIAN_POINT('',(-17.87131720131,24.123861057395));
#1195 = CARTESIAN_POINT('',(-16.93669288185,22.59868167623));
#1196 = ( GEOMETRIC_REPRESENTATION_CONTEXT(2) 
PARAMETRIC_REPRESENTATION_CONTEXT() REPRESENTATION_CONTEXT('2D SPACE',''
  ) );
#1197 = PCURVE('',#1198,#1207);
#1198 = ( BOUNDED_SURFACE() B_SPLINE_SURFACE(1,3,(
    (#1199,#1200,#1201,#1202)
    ,(#1203,#1204,#1205,#1206
)),.UNSPECIFIED.,.F.,.F.,.F.) B_SPLINE_SURFACE_WITH_KNOTS((2,2),(4,4),(
    0.,1.),(0.,1.),.PIECEWISE_BEZIER_KNOTS.) 
GEOMETRIC_REPRESENTATION_ITEM() RATIONAL_B_SPLINE_SURFACE((
    (1.,1.010655752079,0.992368104903,1.)
,(1.,1.010655752079,0.992368104903,1.
))) REPRESENTATION_ITEM('') SURFACE() );
#1199 = CARTESIAN_POINT('',(-18.12395227494,28.766688268517,0.));
#1200 = CARTESIAN_POINT('',(-18.19838435885,26.698250188723,0.));
#1201 = CARTESIAN_POINT('',(-17.87131720131,24.123861057395,0.));
#1202 = CARTESIAN_POINT('',(-16.93669288185,22.59868167623,0.));
#1203 = CARTESIAN_POINT('',(-18.12395227494,28.766688268517,15.9));
#1204 = CARTESIAN_POINT('',(-18.19838435885,26.698250188723,15.9));
#1205 = CARTESIAN_POINT('',(-17.87131720131,24.123861057395,15.9));
#1206 = CARTESIAN_POINT('',(-16.93669288185,22.59868167623,15.9));
#1207 = DEFINITIONAL_REPRESENTATION('',(#1208),#1211);
#1208 = B_SPLINE_CURVE_WITH_KNOTS('',1,(#1209,#1210),.UNSPECIFIED.,.F.,
  .F.,(2,2),(0.,1.),.PIECEWISE_BEZIER_KNOTS.);
#1209 = CARTESIAN_POINT('',(0.,0.));
#1210 = CARTESIAN_POINT('',(0.,1.));
#1211 = ( GEOMETRIC_REPRESENTATION_CONTEXT(2) 
PARAMETRIC_REPRESENTATION_CONTEXT() REPRESENTATION_CONTEXT('2D SPACE',''
  ) );
#1212 = ORIENTED_EDGE('',*,*,#1213,.T.);
#1213 = EDGE_CURVE('',#1181,#1214,#1216,.T.);
#1214 = VERTEX_POINT('',#1215);
#1215 = CARTESIAN_POINT('',(-15.97366293487,19.490564189962,0.));
#1216 = SURFACE_CURVE('',#1217,(#1222,#1230),.PCURVE_S1.);
#1217 = ( BOUNDED_CURVE() B_SPLINE_CURVE(3,(#1218,#1219,#1220,#1221),
.UNSPECIFIED.,.F.,.F.) B_SPLINE_CURVE_WITH_KNOTS((4,4),(0.,1.),
.PIECEWISE_BEZIER_KNOTS.) CURVE() GEOMETRIC_REPRESENTATION_ITEM() 
RATIONAL_B_SPLINE_CURVE((1.,1.090235562154,0.878790067642,1.)) 
REPRESENTATION_ITEM('') );
#1218 = CARTESIAN_POINT('',(-16.93669288185,22.59868167623,0.));
#1219 = CARTESIAN_POINT('',(-16.15563668716,21.757910723628,0.));
#1220 = CARTESIAN_POINT('',(-15.12602017473,20.195898757383,0.));
#1221 = CARTESIAN_POINT('',(-15.97366293487,19.490564189962,0.));
#1222 = PCURVE('',#45,#1223);
#1223 = DEFINITIONAL_REPRESENTATION('',(#1224),#1229);
#1224 = ( BOUNDED_CURVE() B_SPLINE_CURVE(3,(#1225,#1226,#1227,#1228),
.UNSPECIFIED.,.F.,.F.) B_SPLINE_CURVE_WITH_KNOTS((4,4),(0.,1.),
.PIECEWISE_BEZIER_KNOTS.) CURVE() GEOMETRIC_REPRESENTATION_ITEM() 
RATIONAL_B_SPLINE_CURVE((1.,1.090235562154,0.878790067642,1.)) 
REPRESENTATION_ITEM('') );
#1225 = CARTESIAN_POINT('',(-16.93669288185,22.59868167623));
#1226 = CARTESIAN_POINT('',(-16.15563668716,21.757910723628));
#1227 = CARTESIAN_POINT('',(-15.12602017473,20.195898757383));
#1228 = CARTESIAN_POINT('',(-15.97366293487,19.490564189962));
#1229 = ( GEOMETRIC_REPRESENTATION_CONTEXT(2) 
PARAMETRIC_REPRESENTATION_CONTEXT() REPRESENTATION_CONTEXT('2D SPACE',''
  ) );
#1230 = PCURVE('',#1231,#1240);
#1231 = ( BOUNDED_SURFACE() B_SPLINE_SURFACE(1,3,(
    (#1232,#1233,#1234,#1235)
    ,(#1236,#1237,#1238,#1239
)),.UNSPECIFIED.,.F.,.F.,.F.) B_SPLINE_SURFACE_WITH_KNOTS((2,2),(4,4),(
    0.,1.),(0.,1.),.PIECEWISE_BEZIER_KNOTS.) 
GEOMETRIC_REPRESENTATION_ITEM() RATIONAL_B_SPLINE_SURFACE((
    (1.,1.090235562154,0.878790067642,1.)
,(1.,1.090235562154,0.878790067642,1.
))) REPRESENTATION_ITEM('') SURFACE() );
#1232 = CARTESIAN_POINT('',(-16.93669288185,22.59868167623,0.));
#1233 = CARTESIAN_POINT('',(-16.15563668716,21.757910723628,0.));
#1234 = CARTESIAN_POINT('',(-15.12602017473,20.195898757383,0.));
#1235 = CARTESIAN_POINT('',(-15.97366293487,19.490564189962,0.));
#1236 = CARTESIAN_POINT('',(-16.93669288185,22.59868167623,15.9));
#1237 = CARTESIAN_POINT('',(-16.15563668716,21.757910723628,15.9));
#1238 = CARTESIAN_POINT('',(-15.12602017473,20.195898757383,15.9));
#1239 = CARTESIAN_POINT('',(-15.97366293487,19.490564189962,15.9));
#1240 = DEFINITIONAL_REPRESENTATION('',(#1241),#1244);
#1241 = B_SPLINE_CURVE_WITH_KNOTS('',1,(#1242,#1243),.UNSPECIFIED.,.F.,
  .F.,(2,2),(0.,1.),.PIECEWISE_BEZIER_KNOTS.);
#1242 = CARTESIAN_POINT('',(0.,0.));
#1243 = CARTESIAN_POINT('',(0.,1.));
#1244 = ( GEOMETRIC_REPRESENTATION_CONTEXT(2) 
PARAMETRIC_REPRESENTATION_CONTEXT() REPRESENTATION_CONTEXT('2D SPACE',''
  ) );
#1245 = ORIENTED_EDGE('',*,*,#1246,.T.);
#1246 = EDGE_CURVE('',#1214,#1247,#1249,.T.);
#1247 = VERTEX_POINT('',#1248);
#1248 = CARTESIAN_POINT('',(-17.71409040066,17.923476260961,0.));
#1249 = SURFACE_CURVE('',#1250,(#1254,#1261),.PCURVE_S1.);
#1250 = ( BOUNDED_CURVE() B_SPLINE_CURVE(2,(#1251,#1252,#1253),
.UNSPECIFIED.,.F.,.F.) B_SPLINE_CURVE_WITH_KNOTS((3,3),(0.,1.),
.PIECEWISE_BEZIER_KNOTS.) CURVE() GEOMETRIC_REPRESENTATION_ITEM() 
RATIONAL_B_SPLINE_CURVE((1.,0.998919789238,1.)) REPRESENTATION_ITEM('') 
  );
#1251 = CARTESIAN_POINT('',(-15.97366293487,19.490564189962,0.));
#1252 = CARTESIAN_POINT('',(-16.88032558961,18.74750085422,0.));
#1253 = CARTESIAN_POINT('',(-17.71409040066,17.923476260961,0.));
#1254 = PCURVE('',#45,#1255);
#1255 = DEFINITIONAL_REPRESENTATION('',(#1256),#1260);
#1256 = ( BOUNDED_CURVE() B_SPLINE_CURVE(2,(#1257,#1258,#1259),
.UNSPECIFIED.,.F.,.F.) B_SPLINE_CURVE_WITH_KNOTS((3,3),(0.,1.),
.PIECEWISE_BEZIER_KNOTS.) CURVE() GEOMETRIC_REPRESENTATION_ITEM() 
RATIONAL_B_SPLINE_CURVE((1.,0.998919789238,1.)) REPRESENTATION_ITEM('') 
  );
#1257 = CARTESIAN_POINT('',(-15.97366293487,19.490564189962));
#1258 = CARTESIAN_POINT('',(-16.88032558961,18.74750085422));
#1259 = CARTESIAN_POINT('',(-17.71409040066,17.923476260961));
#1260 = ( GEOMETRIC_REPRESENTATION_CONTEXT(2) 
PARAMETRIC_REPRESENTATION_CONTEXT() REPRESENTATION_CONTEXT('2D SPACE',''
  ) );
#1261 = PCURVE('',#1262,#1269);
#1262 = ( BOUNDED_SURFACE() B_SPLINE_SURFACE(1,2,(
    (#1263,#1264,#1265)
    ,(#1266,#1267,#1268
)),.UNSPECIFIED.,.F.,.F.,.F.) B_SPLINE_SURFACE_WITH_KNOTS((2,2),(3,3),(
    0.,1.),(0.,1.),.PIECEWISE_BEZIER_KNOTS.) 
GEOMETRIC_REPRESENTATION_ITEM() RATIONAL_B_SPLINE_SURFACE((
    (1.,0.998919789238,1.)
,(1.,0.998919789238,1.))) REPRESENTATION_ITEM('') SURFACE() );
#1263 = CARTESIAN_POINT('',(-15.97366293487,19.490564189962,0.));
#1264 = CARTESIAN_POINT('',(-16.88032558961,18.74750085422,0.));
#1265 = CARTESIAN_POINT('',(-17.71409040066,17.923476260961,0.));
#1266 = CARTESIAN_POINT('',(-15.97366293487,19.490564189962,15.9));
#1267 = CARTESIAN_POINT('',(-16.88032558961,18.74750085422,15.9));
#1268 = CARTESIAN_POINT('',(-17.71409040066,17.923476260961,15.9));
#1269 = DEFINITIONAL_REPRESENTATION('',(#1270),#1273);
#1270 = B_SPLINE_CURVE_WITH_KNOTS('',1,(#1271,#1272),.UNSPECIFIED.,.F.,
  .F.,(2,2),(0.,1.),.PIECEWISE_BEZIER_KNOTS.);
#1271 = CARTESIAN_POINT('',(0.,0.));
#1272 = CARTESIAN_POINT('',(0.,1.));
#1273 = ( GEOMETRIC_REPRESENTATION_CONTEXT(2) 
PARAMETRIC_REPRESENTATION_CONTEXT() REPRESENTATION_CONTEXT('2D SPACE',''
  ) );
#1274 = ORIENTED_EDGE('',*,*,#1275,.T.);
#1275 = EDGE_CURVE('',#1247,#1276,#1278,.T.);
#1276 = VERTEX_POINT('',#1277);
#1277 = CARTESIAN_POINT('',(-20.70451725369,19.206117373632,0.));
#1278 = SURFACE_CURVE('',#1279,(#1284,#1292),.PCURVE_S1.);
#1279 = ( BOUNDED_CURVE() B_SPLINE_CURVE(3,(#1280,#1281,#1282,#1283),
.UNSPECIFIED.,.F.,.F.) B_SPLINE_CURVE_WITH_KNOTS((4,4),(0.,1.),
.PIECEWISE_BEZIER_KNOTS.) CURVE() GEOMETRIC_REPRESENTATION_ITEM() 
RATIONAL_B_SPLINE_CURVE((1.,0.878790067642,1.090235562154,1.)) 
REPRESENTATION_ITEM('') );
#1280 = CARTESIAN_POINT('',(-17.71409040066,17.923476260961,0.));
#1281 = CARTESIAN_POINT('',(-18.50416386663,17.15420451497,0.));
#1282 = CARTESIAN_POINT('',(-19.94999473609,18.341455390856,0.));
#1283 = CARTESIAN_POINT('',(-20.7045172537,19.20611737364,0.));
#1284 = PCURVE('',#45,#1285);
#1285 = DEFINITIONAL_REPRESENTATION('',(#1286),#1291);
#1286 = ( BOUNDED_CURVE() B_SPLINE_CURVE(3,(#1287,#1288,#1289,#1290),
.UNSPECIFIED.,.F.,.F.) B_SPLINE_CURVE_WITH_KNOTS((4,4),(0.,1.),
.PIECEWISE_BEZIER_KNOTS.) CURVE() GEOMETRIC_REPRESENTATION_ITEM() 
RATIONAL_B_SPLINE_CURVE((1.,0.878790067642,1.090235562154,1.)) 
REPRESENTATION_ITEM('') );
#1287 = CARTESIAN_POINT('',(-17.71409040066,17.923476260961));
#1288 = CARTESIAN_POINT('',(-18.50416386663,17.15420451497));
#1289 = CARTESIAN_POINT('',(-19.94999473609,18.341455390856));
#1290 = CARTESIAN_POINT('',(-20.7045172537,19.20611737364));
#1291 = ( GEOMETRIC_REPRESENTATION_CONTEXT(2) 
PARAMETRIC_REPRESENTATION_CONTEXT() REPRESENTATION_CONTEXT('2D SPACE',''
  ) );
#1292 = PCURVE('',#1293,#1302);
#1293 = ( BOUNDED_SURFACE() B_SPLINE_SURFACE(1,3,(
    (#1294,#1295,#1296,#1297)
    ,(#1298,#1299,#1300,#1301
)),.UNSPECIFIED.,.F.,.F.,.F.) B_SPLINE_SURFACE_WITH_KNOTS((2,2),(4,4),(
    0.,1.),(0.,1.),.PIECEWISE_BEZIER_KNOTS.) 
GEOMETRIC_REPRESENTATION_ITEM() RATIONAL_B_SPLINE_SURFACE((
    (1.,0.878790067642,1.090235562154,1.)
,(1.,0.878790067642,1.090235562154,1.
))) REPRESENTATION_ITEM('') SURFACE() );
#1294 = CARTESIAN_POINT('',(-17.71409040066,17.923476260961,0.));
#1295 = CARTESIAN_POINT('',(-18.50416386663,17.15420451497,0.));
#1296 = CARTESIAN_POINT('',(-19.94999473609,18.341455390856,0.));
#1297 = CARTESIAN_POINT('',(-20.70451725369,19.206117373624,0.));
#1298 = CARTESIAN_POINT('',(-17.71409040066,17.923476260961,15.9));
#1299 = CARTESIAN_POINT('',(-18.50416386663,17.15420451497,15.9));
#1300 = CARTESIAN_POINT('',(-19.94999473609,18.341455390856,15.9));
#1301 = CARTESIAN_POINT('',(-20.70451725369,19.206117373624,15.9));
#1302 = DEFINITIONAL_REPRESENTATION('',(#1303),#1306);
#1303 = B_SPLINE_CURVE_WITH_KNOTS('',1,(#1304,#1305),.UNSPECIFIED.,.F.,
  .F.,(2,2),(0.,1.),.PIECEWISE_BEZIER_KNOTS.);
#1304 = CARTESIAN_POINT('',(0.,0.));
#1305 = CARTESIAN_POINT('',(0.,1.));
#1306 = ( GEOMETRIC_REPRESENTATION_CONTEXT(2) 
PARAMETRIC_REPRESENTATION_CONTEXT() REPRESENTATION_CONTEXT('2D SPACE',''
  ) );
#1307 = ORIENTED_EDGE('',*,*,#1308,.T.);
#1308 = EDGE_CURVE('',#1276,#1309,#1311,.T.);
#1309 = VERTEX_POINT('',#1310);
#1310 = CARTESIAN_POINT('',(-26.71463246063,21.03160508605,0.));
#1311 = SURFACE_CURVE('',#1312,(#1317,#1325),.PCURVE_S1.);
#1312 = ( BOUNDED_CURVE() B_SPLINE_CURVE(3,(#1313,#1314,#1315,#1316),
.UNSPECIFIED.,.F.,.F.) B_SPLINE_CURVE_WITH_KNOTS((4,4),(0.,1.),
.PIECEWISE_BEZIER_KNOTS.) CURVE() GEOMETRIC_REPRESENTATION_ITEM() 
RATIONAL_B_SPLINE_CURVE((1.,0.992368104903,1.010655752079,1.)) 
REPRESENTATION_ITEM('') );
#1313 = CARTESIAN_POINT('',(-20.70451725369,19.206117373624,0.));
#1314 = CARTESIAN_POINT('',(-22.12364669877,20.295046380194,0.));
#1315 = CARTESIAN_POINT('',(-24.64974522972,20.889418769368,0.));
#1316 = CARTESIAN_POINT('',(-26.71463246063,21.03160508605,0.));
#1317 = PCURVE('',#45,#1318);
#1318 = DEFINITIONAL_REPRESENTATION('',(#1319),#1324);
#1319 = ( BOUNDED_CURVE() B_SPLINE_CURVE(3,(#1320,#1321,#1322,#1323),
.UNSPECIFIED.,.F.,.F.) B_SPLINE_CURVE_WITH_KNOTS((4,4),(0.,1.),
.PIECEWISE_BEZIER_KNOTS.) CURVE() GEOMETRIC_REPRESENTATION_ITEM() 
RATIONAL_B_SPLINE_CURVE((1.,0.992368104903,1.010655752079,1.)) 
REPRESENTATION_ITEM('') );
#1320 = CARTESIAN_POINT('',(-20.70451725369,19.206117373624));
#1321 = CARTESIAN_POINT('',(-22.12364669877,20.295046380194));
#1322 = CARTESIAN_POINT('',(-24.64974522972,20.889418769368));
#1323 = CARTESIAN_POINT('',(-26.71463246063,21.03160508605));
#1324 = ( GEOMETRIC_REPRESENTATION_CONTEXT(2) 
PARAMETRIC_REPRESENTATION_CONTEXT() REPRESENTATION_CONTEXT('2D SPACE',''
  ) );
#1325 = PCURVE('',#1326,#1335);
#1326 = ( BOUNDED_SURFACE() B_SPLINE_SURFACE(1,3,(
    (#1327,#1328,#1329,#1330)
    ,(#1331,#1332,#1333,#1334
)),.UNSPECIFIED.,.F.,.F.,.F.) B_SPLINE_SURFACE_WITH_KNOTS((2,2),(4,4),(
    0.,1.),(0.,1.),.PIECEWISE_BEZIER_KNOTS.) 
GEOMETRIC_REPRESENTATION_ITEM() RATIONAL_B_SPLINE_SURFACE((
    (1.,0.992368104903,1.010655752079,1.)
,(1.,0.992368104903,1.010655752079,1.
))) REPRESENTATION_ITEM('') SURFACE() );
#1327 = CARTESIAN_POINT('',(-20.70451725369,19.206117373624,0.));
#1328 = CARTESIAN_POINT('',(-22.12364669877,20.295046380194,0.));
#1329 = CARTESIAN_POINT('',(-24.64974522972,20.889418769368,0.));
#1330 = CARTESIAN_POINT('',(-26.71463246063,21.03160508605,0.));
#1331 = CARTESIAN_POINT('',(-20.70451725369,19.206117373624,15.9));
#1332 = CARTESIAN_POINT('',(-22.12364669877,20.295046380194,15.9));
#1333 = CARTESIAN_POINT('',(-24.64974522972,20.889418769368,15.9));
#1334 = CARTESIAN_POINT('',(-26.71463246063,21.03160508605,15.9));
#1335 = DEFINITIONAL_REPRESENTATION('',(#1336),#1339);
#1336 = B_SPLINE_CURVE_WITH_KNOTS('',1,(#1337,#1338),.UNSPECIFIED.,.F.,
  .F.,(2,2),(0.,1.),.PIECEWISE_BEZIER_KNOTS.);
#1337 = CARTESIAN_POINT('',(0.,0.));
#1338 = CARTESIAN_POINT('',(0.,1.));
#1339 = ( GEOMETRIC_REPRESENTATION_CONTEXT(2) 
PARAMETRIC_REPRESENTATION_CONTEXT() REPRESENTATION_CONTEXT('2D SPACE',''
  ) );
#1340 = ORIENTED_EDGE('',*,*,#1341,.T.);
#1341 = EDGE_CURVE('',#1309,#1342,#1344,.T.);
#1342 = VERTEX_POINT('',#1343);
#1343 = CARTESIAN_POINT('',(-28.25752049405,18.908001891547,0.));
#1344 = SURFACE_CURVE('',#1345,(#1349,#1356),.PCURVE_S1.);
#1345 = ( BOUNDED_CURVE() B_SPLINE_CURVE(2,(#1346,#1347,#1348),
.UNSPECIFIED.,.F.,.F.) B_SPLINE_CURVE_WITH_KNOTS((3,3),(0.,1.),
.PIECEWISE_BEZIER_KNOTS.) CURVE() GEOMETRIC_REPRESENTATION_ITEM() 
RATIONAL_B_SPLINE_CURVE((1.,0.999254675315,1.)) REPRESENTATION_ITEM('') 
  );
#1346 = CARTESIAN_POINT('',(-26.71463246063,21.03160508605,0.));
#1347 = CARTESIAN_POINT('',(-27.52709443175,19.999604777091,0.));
#1348 = CARTESIAN_POINT('',(-28.25752049405,18.908001891547,0.));
#1349 = PCURVE('',#45,#1350);
#1350 = DEFINITIONAL_REPRESENTATION('',(#1351),#1355);
#1351 = ( BOUNDED_CURVE() B_SPLINE_CURVE(2,(#1352,#1353,#1354),
.UNSPECIFIED.,.F.,.F.) B_SPLINE_CURVE_WITH_KNOTS((3,3),(0.,1.),
.PIECEWISE_BEZIER_KNOTS.) CURVE() GEOMETRIC_REPRESENTATION_ITEM() 
RATIONAL_B_SPLINE_CURVE((1.,0.999254675315,1.)) REPRESENTATION_ITEM('') 
  );
#1352 = CARTESIAN_POINT('',(-26.71463246063,21.03160508605));
#1353 = CARTESIAN_POINT('',(-27.52709443175,19.999604777091));
#1354 = CARTESIAN_POINT('',(-28.25752049405,18.908001891547));
#1355 = ( GEOMETRIC_REPRESENTATION_CONTEXT(2) 
PARAMETRIC_REPRESENTATION_CONTEXT() REPRESENTATION_CONTEXT('2D SPACE',''
  ) );
#1356 = PCURVE('',#1357,#1364);
#1357 = ( BOUNDED_SURFACE() B_SPLINE_SURFACE(1,2,(
    (#1358,#1359,#1360)
    ,(#1361,#1362,#1363
)),.UNSPECIFIED.,.F.,.F.,.F.) B_SPLINE_SURFACE_WITH_KNOTS((2,2),(3,3),(
    0.,1.),(0.,1.),.PIECEWISE_BEZIER_KNOTS.) 
GEOMETRIC_REPRESENTATION_ITEM() RATIONAL_B_SPLINE_SURFACE((
    (1.,0.999254675315,1.)
,(1.,0.999254675315,1.))) REPRESENTATION_ITEM('') SURFACE() );
#1358 = CARTESIAN_POINT('',(-26.71463246063,21.03160508605,0.));
#1359 = CARTESIAN_POINT('',(-27.52709443175,19.999604777091,0.));
#1360 = CARTESIAN_POINT('',(-28.25752049405,18.908001891547,0.));
#1361 = CARTESIAN_POINT('',(-26.71463246063,21.03160508605,15.9));
#1362 = CARTESIAN_POINT('',(-27.52709443175,19.999604777091,15.9));
#1363 = CARTESIAN_POINT('',(-28.25752049405,18.908001891547,15.9));
#1364 = DEFINITIONAL_REPRESENTATION('',(#1365),#1368);
#1365 = B_SPLINE_CURVE_WITH_KNOTS('',1,(#1366,#1367),.UNSPECIFIED.,.F.,
  .F.,(2,2),(0.,1.),.PIECEWISE_BEZIER_KNOTS.);
#1366 = CARTESIAN_POINT('',(0.,0.));
#1367 = CARTESIAN_POINT('',(0.,1.));
#1368 = ( GEOMETRIC_REPRESENTATION_CONTEXT(2) 
PARAMETRIC_REPRESENTATION_CONTEXT() REPRESENTATION_CONTEXT('2D SPACE',''
  ) );
#1369 = ORIENTED_EDGE('',*,*,#1370,.T.);
#1370 = EDGE_CURVE('',#1342,#1371,#1373,.T.);
#1371 = VERTEX_POINT('',#1372);
#1372 = CARTESIAN_POINT('',(-24.66415077263,13.75614938646,0.));
#1373 = SURFACE_CURVE('',#1374,(#1379,#1387),.PCURVE_S1.);
#1374 = ( BOUNDED_CURVE() B_SPLINE_CURVE(3,(#1375,#1376,#1377,#1378),
.UNSPECIFIED.,.F.,.F.) B_SPLINE_CURVE_WITH_KNOTS((4,4),(0.,1.),
.PIECEWISE_BEZIER_KNOTS.) CURVE() GEOMETRIC_REPRESENTATION_ITEM() 
RATIONAL_B_SPLINE_CURVE((1.,1.010655752079,0.992368104903,1.)) 
REPRESENTATION_ITEM('') );
#1375 = CARTESIAN_POINT('',(-28.25752049405,18.908001891547,0.));
#1376 = CARTESIAN_POINT('',(-27.48420802522,16.988115423391,0.));
#1377 = CARTESIAN_POINT('',(-26.13831891586,14.769324123978,0.));
#1378 = CARTESIAN_POINT('',(-24.66415077263,13.75614938646,0.));
#1379 = PCURVE('',#45,#1380);
#1380 = DEFINITIONAL_REPRESENTATION('',(#1381),#1386);
#1381 = ( BOUNDED_CURVE() B_SPLINE_CURVE(3,(#1382,#1383,#1384,#1385),
.UNSPECIFIED.,.F.,.F.) B_SPLINE_CURVE_WITH_KNOTS((4,4),(0.,1.),
.PIECEWISE_BEZIER_KNOTS.) CURVE() GEOMETRIC_REPRESENTATION_ITEM() 
RATIONAL_B_SPLINE_CURVE((1.,1.010655752079,0.992368104903,1.)) 
REPRESENTATION_ITEM('') );
#1382 = CARTESIAN_POINT('',(-28.25752049405,18.908001891547));
#1383 = CARTESIAN_POINT('',(-27.48420802522,16.988115423391));
#1384 = CARTESIAN_POINT('',(-26.13831891586,14.769324123978));
#1385 = CARTESIAN_POINT('',(-24.66415077263,13.75614938646));
#1386 = ( GEOMETRIC_REPRESENTATION_CONTEXT(2) 
PARAMETRIC_REPRESENTATION_CONTEXT() REPRESENTATION_CONTEXT('2D SPACE',''
  ) );
#1387 = PCURVE('',#1388,#1397);
#1388 = ( BOUNDED_SURFACE() B_SPLINE_SURFACE(1,3,(
    (#1389,#1390,#1391,#1392)
    ,(#1393,#1394,#1395,#1396
)),.UNSPECIFIED.,.F.,.F.,.F.) B_SPLINE_SURFACE_WITH_KNOTS((2,2),(4,4),(
    0.,1.),(0.,1.),.PIECEWISE_BEZIER_KNOTS.) 
GEOMETRIC_REPRESENTATION_ITEM() RATIONAL_B_SPLINE_SURFACE((
    (1.,1.010655752079,0.992368104903,1.)
,(1.,1.010655752079,0.992368104903,1.
))) REPRESENTATION_ITEM('') SURFACE() );
#1389 = CARTESIAN_POINT('',(-28.25752049405,18.908001891547,0.));
#1390 = CARTESIAN_POINT('',(-27.48420802522,16.988115423391,0.));
#1391 = CARTESIAN_POINT('',(-26.13831891586,14.769324123978,0.));
#1392 = CARTESIAN_POINT('',(-24.66415077263,13.75614938646,0.));
#1393 = CARTESIAN_POINT('',(-28.25752049405,18.908001891547,15.9));
#1394 = CARTESIAN_POINT('',(-27.48420802522,16.988115423391,15.9));
#1395 = CARTESIAN_POINT('',(-26.13831891586,14.769324123978,15.9));
#1396 = CARTESIAN_POINT('',(-24.66415077263,13.75614938646,15.9));
#1397 = DEFINITIONAL_REPRESENTATION('',(#1398),#1401);
#1398 = B_SPLINE_CURVE_WITH_KNOTS('',1,(#1399,#1400),.UNSPECIFIED.,.F.,
  .F.,(2,2),(0.,1.),.PIECEWISE_BEZIER_KNOTS.);
#1399 = CARTESIAN_POINT('',(0.,0.));
#1400 = CARTESIAN_POINT('',(0.,1.));
#1401 = ( GEOMETRIC_REPRESENTATION_CONTEXT(2) 
PARAMETRIC_REPRESENTATION_CONTEXT() REPRESENTATION_CONTEXT('2D SPACE',''
  ) );
#1402 = ORIENTED_EDGE('',*,*,#1403,.T.);
#1403 = EDGE_CURVE('',#1371,#1404,#1406,.T.);
#1404 = VERTEX_POINT('',#1405);
#1405 = CARTESIAN_POINT('',(-22.52019386634,11.308442342876,0.));
#1406 = SURFACE_CURVE('',#1407,(#1412,#1420),.PCURVE_S1.);
#1407 = ( BOUNDED_CURVE() B_SPLINE_CURVE(3,(#1408,#1409,#1410,#1411),
.UNSPECIFIED.,.F.,.F.) B_SPLINE_CURVE_WITH_KNOTS((4,4),(0.,1.),
.PIECEWISE_BEZIER_KNOTS.) CURVE() GEOMETRIC_REPRESENTATION_ITEM() 
RATIONAL_B_SPLINE_CURVE((1.,1.090235562154,0.878790067642,1.)) 
REPRESENTATION_ITEM('') );
#1408 = CARTESIAN_POINT('',(-24.66415077263,13.75614938646,0.));
#1409 = CARTESIAN_POINT('',(-23.60864807895,13.305751076474,0.));
#1410 = CARTESIAN_POINT('',(-22.03271908731,12.297564903851,0.));
#1411 = CARTESIAN_POINT('',(-22.52019386634,11.308442342876,0.));
#1412 = PCURVE('',#45,#1413);
#1413 = DEFINITIONAL_REPRESENTATION('',(#1414),#1419);
#1414 = ( BOUNDED_CURVE() B_SPLINE_CURVE(3,(#1415,#1416,#1417,#1418),
.UNSPECIFIED.,.F.,.F.) B_SPLINE_CURVE_WITH_KNOTS((4,4),(0.,1.),
.PIECEWISE_BEZIER_KNOTS.) CURVE() GEOMETRIC_REPRESENTATION_ITEM() 
RATIONAL_B_SPLINE_CURVE((1.,1.090235562154,0.878790067642,1.)) 
REPRESENTATION_ITEM('') );
#1415 = CARTESIAN_POINT('',(-24.66415077263,13.75614938646));
#1416 = CARTESIAN_POINT('',(-23.60864807895,13.305751076474));
#1417 = CARTESIAN_POINT('',(-22.03271908731,12.297564903851));
#1418 = CARTESIAN_POINT('',(-22.52019386634,11.308442342876));
#1419 = ( GEOMETRIC_REPRESENTATION_CONTEXT(2) 
PARAMETRIC_REPRESENTATION_CONTEXT() REPRESENTATION_CONTEXT('2D SPACE',''
  ) );
#1420 = PCURVE('',#1421,#1430);
#1421 = ( BOUNDED_SURFACE() B_SPLINE_SURFACE(1,3,(
    (#1422,#1423,#1424,#1425)
    ,(#1426,#1427,#1428,#1429
)),.UNSPECIFIED.,.F.,.F.,.F.) B_SPLINE_SURFACE_WITH_KNOTS((2,2),(4,4),(
    0.,1.),(0.,1.),.PIECEWISE_BEZIER_KNOTS.) 
GEOMETRIC_REPRESENTATION_ITEM() RATIONAL_B_SPLINE_SURFACE((
    (1.,1.090235562154,0.878790067642,1.)
,(1.,1.090235562154,0.878790067642,1.
))) REPRESENTATION_ITEM('') SURFACE() );
#1422 = CARTESIAN_POINT('',(-24.66415077263,13.75614938646,0.));
#1423 = CARTESIAN_POINT('',(-23.60864807895,13.305751076474,0.));
#1424 = CARTESIAN_POINT('',(-22.03271908731,12.297564903851,0.));
#1425 = CARTESIAN_POINT('',(-22.52019386634,11.308442342876,0.));
#1426 = CARTESIAN_POINT('',(-24.66415077263,13.75614938646,15.9));
#1427 = CARTESIAN_POINT('',(-23.60864807895,13.305751076474,15.9));
#1428 = CARTESIAN_POINT('',(-22.03271908731,12.297564903851,15.9));
#1429 = CARTESIAN_POINT('',(-22.52019386634,11.308442342876,15.9));
#1430 = DEFINITIONAL_REPRESENTATION('',(#1431),#1434);
#1431 = B_SPLINE_CURVE_WITH_KNOTS('',1,(#1432,#1433),.UNSPECIFIED.,.F.,
  .F.,(2,2),(0.,1.),.PIECEWISE_BEZIER_KNOTS.);
#1432 = CARTESIAN_POINT('',(0.,0.));
#1433 = CARTESIAN_POINT('',(0.,1.));
#1434 = ( GEOMETRIC_REPRESENTATION_CONTEXT(2) 
PARAMETRIC_REPRESENTATION_CONTEXT() REPRESENTATION_CONTEXT('2D SPACE',''
  ) );
#1435 = ORIENTED_EDGE('',*,*,#1436,.T.);
#1436 = EDGE_CURVE('',#1404,#1437,#1439,.T.);
#1437 = VERTEX_POINT('',#1438);
#1438 = CARTESIAN_POINT('',(-23.47276138842,9.168940658661,0.));
#1439 = SURFACE_CURVE('',#1440,(#1444,#1451),.PCURVE_S1.);
#1440 = ( BOUNDED_CURVE() B_SPLINE_CURVE(2,(#1441,#1442,#1443),
.UNSPECIFIED.,.F.,.F.) B_SPLINE_CURVE_WITH_KNOTS((3,3),(0.,1.),
.PIECEWISE_BEZIER_KNOTS.) CURVE() GEOMETRIC_REPRESENTATION_ITEM() 
RATIONAL_B_SPLINE_CURVE((1.,0.998919789238,1.)) REPRESENTATION_ITEM('') 
  );
#1441 = CARTESIAN_POINT('',(-22.52019386634,11.308442342876,0.));
#1442 = CARTESIAN_POINT('',(-23.04624032942,10.260847283176,0.));
#1443 = CARTESIAN_POINT('',(-23.47276138842,9.168940658661,0.));
#1444 = PCURVE('',#45,#1445);
#1445 = DEFINITIONAL_REPRESENTATION('',(#1446),#1450);
#1446 = ( BOUNDED_CURVE() B_SPLINE_CURVE(2,(#1447,#1448,#1449),
.UNSPECIFIED.,.F.,.F.) B_SPLINE_CURVE_WITH_KNOTS((3,3),(0.,1.),
.PIECEWISE_BEZIER_KNOTS.) CURVE() GEOMETRIC_REPRESENTATION_ITEM() 
RATIONAL_B_SPLINE_CURVE((1.,0.998919789238,1.)) REPRESENTATION_ITEM('') 
  );
#1447 = CARTESIAN_POINT('',(-22.52019386634,11.308442342876));
#1448 = CARTESIAN_POINT('',(-23.04624032942,10.260847283176));
#1449 = CARTESIAN_POINT('',(-23.47276138842,9.168940658661));
#1450 = ( GEOMETRIC_REPRESENTATION_CONTEXT(2) 
PARAMETRIC_REPRESENTATION_CONTEXT() REPRESENTATION_CONTEXT('2D SPACE',''
  ) );
#1451 = PCURVE('',#1452,#1459);
#1452 = ( BOUNDED_SURFACE() B_SPLINE_SURFACE(1,2,(
    (#1453,#1454,#1455)
    ,(#1456,#1457,#1458
)),.UNSPECIFIED.,.F.,.F.,.F.) B_SPLINE_SURFACE_WITH_KNOTS((2,2),(3,3),(
    0.,1.),(0.,1.),.PIECEWISE_BEZIER_KNOTS.) 
GEOMETRIC_REPRESENTATION_ITEM() RATIONAL_B_SPLINE_SURFACE((
    (1.,0.998919789238,1.)
,(1.,0.998919789238,1.))) REPRESENTATION_ITEM('') SURFACE() );
#1453 = CARTESIAN_POINT('',(-22.52019386634,11.308442342876,0.));
#1454 = CARTESIAN_POINT('',(-23.04624032942,10.260847283176,0.));
#1455 = CARTESIAN_POINT('',(-23.47276138842,9.168940658661,0.));
#1456 = CARTESIAN_POINT('',(-22.52019386634,11.308442342876,15.9));
#1457 = CARTESIAN_POINT('',(-23.04624032942,10.260847283176,15.9));
#1458 = CARTESIAN_POINT('',(-23.47276138842,9.168940658661,15.9));
#1459 = DEFINITIONAL_REPRESENTATION('',(#1460),#1463);
#1460 = B_SPLINE_CURVE_WITH_KNOTS('',1,(#1461,#1462),.UNSPECIFIED.,.F.,
  .F.,(2,2),(0.,1.),.PIECEWISE_BEZIER_KNOTS.);
#1461 = CARTESIAN_POINT('',(0.,0.));
#1462 = CARTESIAN_POINT('',(0.,1.));
#1463 = ( GEOMETRIC_REPRESENTATION_CONTEXT(2) 
PARAMETRIC_REPRESENTATION_CONTEXT() REPRESENTATION_CONTEXT('2D SPACE',''
  ) );
#1464 = ORIENTED_EDGE('',*,*,#1465,.T.);
#1465 = EDGE_CURVE('',#1437,#1466,#1468,.T.);
#1466 = VERTEX_POINT('',#1467);
#1467 = CARTESIAN_POINT('',(-26.72634939686,9.124375441359,0.));
#1468 = SURFACE_CURVE('',#1469,(#1474,#1482),.PCURVE_S1.);
#1469 = ( BOUNDED_CURVE() B_SPLINE_CURVE(3,(#1470,#1471,#1472,#1473),
.UNSPECIFIED.,.F.,.F.) B_SPLINE_CURVE_WITH_KNOTS((4,4),(0.,1.),
.PIECEWISE_BEZIER_KNOTS.) CURVE() GEOMETRIC_REPRESENTATION_ITEM() 
RATIONAL_B_SPLINE_CURVE((1.,0.878790067642,1.090235562154,1.)) 
REPRESENTATION_ITEM('') );
#1470 = CARTESIAN_POINT('',(-23.47276138842,9.168940658661,0.));
#1471 = CARTESIAN_POINT('',(-23.88163840689,8.144824120082,0.));
#1472 = CARTESIAN_POINT('',(-25.68536906595,8.641359370531,0.));
#1473 = CARTESIAN_POINT('',(-26.72634939687,9.124375441364,0.));
#1474 = PCURVE('',#45,#1475);
#1475 = DEFINITIONAL_REPRESENTATION('',(#1476),#1481);
#1476 = ( BOUNDED_CURVE() B_SPLINE_CURVE(3,(#1477,#1478,#1479,#1480),
.UNSPECIFIED.,.F.,.F.) B_SPLINE_CURVE_WITH_KNOTS((4,4),(0.,1.),
.PIECEWISE_BEZIER_KNOTS.) CURVE() GEOMETRIC_REPRESENTATION_ITEM() 
RATIONAL_B_SPLINE_CURVE((1.,0.878790067642,1.090235562154,1.)) 
REPRESENTATION_ITEM('') );
#1477 = CARTESIAN_POINT('',(-23.47276138842,9.168940658661));
#1478 = CARTESIAN_POINT('',(-23.88163840689,8.144824120082));
#1479 = CARTESIAN_POINT('',(-25.68536906595,8.641359370531));
#1480 = CARTESIAN_POINT('',(-26.72634939687,9.124375441364));
#1481 = ( GEOMETRIC_REPRESENTATION_CONTEXT(2) 
PARAMETRIC_REPRESENTATION_CONTEXT() REPRESENTATION_CONTEXT('2D SPACE',''
  ) );
#1482 = PCURVE('',#1483,#1492);
#1483 = ( BOUNDED_SURFACE() B_SPLINE_SURFACE(1,3,(
    (#1484,#1485,#1486,#1487)
    ,(#1488,#1489,#1490,#1491
)),.UNSPECIFIED.,.F.,.F.,.F.) B_SPLINE_SURFACE_WITH_KNOTS((2,2),(4,4),(
    0.,1.),(0.,1.),.PIECEWISE_BEZIER_KNOTS.) 
GEOMETRIC_REPRESENTATION_ITEM() RATIONAL_B_SPLINE_SURFACE((
    (1.,0.878790067642,1.090235562154,1.)
,(1.,0.878790067642,1.090235562154,1.
))) REPRESENTATION_ITEM('') SURFACE() );
#1484 = CARTESIAN_POINT('',(-23.47276138842,9.168940658661,0.));
#1485 = CARTESIAN_POINT('',(-23.88163840689,8.144824120082,0.));
#1486 = CARTESIAN_POINT('',(-25.68536906595,8.641359370531,0.));
#1487 = CARTESIAN_POINT('',(-26.72634939686,9.124375441353,0.));
#1488 = CARTESIAN_POINT('',(-23.47276138842,9.168940658661,15.9));
#1489 = CARTESIAN_POINT('',(-23.88163840689,8.144824120082,15.9));
#1490 = CARTESIAN_POINT('',(-25.68536906595,8.641359370531,15.9));
#1491 = CARTESIAN_POINT('',(-26.72634939686,9.124375441353,15.9));
#1492 = DEFINITIONAL_REPRESENTATION('',(#1493),#1496);
#1493 = B_SPLINE_CURVE_WITH_KNOTS('',1,(#1494,#1495),.UNSPECIFIED.,.F.,
  .F.,(2,2),(0.,1.),.PIECEWISE_BEZIER_KNOTS.);
#1494 = CARTESIAN_POINT('',(0.,0.));
#1495 = CARTESIAN_POINT('',(0.,1.));
#1496 = ( GEOMETRIC_REPRESENTATION_CONTEXT(2) 
PARAMETRIC_REPRESENTATION_CONTEXT() REPRESENTATION_CONTEXT('2D SPACE',''
  ) );
#1497 = ORIENTED_EDGE('',*,*,#1498,.T.);
#1498 = EDGE_CURVE('',#1466,#1499,#1501,.T.);
#1499 = VERTEX_POINT('',#1500);
#1500 = CARTESIAN_POINT('',(-32.9593555882,8.347507365251,0.));
#1501 = SURFACE_CURVE('',#1502,(#1507,#1515),.PCURVE_S1.);
#1502 = ( BOUNDED_CURVE() B_SPLINE_CURVE(3,(#1503,#1504,#1505,#1506),
.UNSPECIFIED.,.F.,.F.) B_SPLINE_CURVE_WITH_KNOTS((4,4),(0.,1.),
.PIECEWISE_BEZIER_KNOTS.) CURVE() GEOMETRIC_REPRESENTATION_ITEM() 
RATIONAL_B_SPLINE_CURVE((1.,0.992368104903,1.010655752079,1.)) 
REPRESENTATION_ITEM('') );
#1503 = CARTESIAN_POINT('',(-26.72634939686,9.124375441353,0.));
#1504 = CARTESIAN_POINT('',(-28.4656959839,9.541949642416,0.));
#1505 = CARTESIAN_POINT('',(-31.01515485271,9.057479002141,0.));
#1506 = CARTESIAN_POINT('',(-32.9593555882,8.347507365251,0.));
#1507 = PCURVE('',#45,#1508);
#1508 = DEFINITIONAL_REPRESENTATION('',(#1509),#1514);
#1509 = ( BOUNDED_CURVE() B_SPLINE_CURVE(3,(#1510,#1511,#1512,#1513),
.UNSPECIFIED.,.F.,.F.) B_SPLINE_CURVE_WITH_KNOTS((4,4),(0.,1.),
.PIECEWISE_BEZIER_KNOTS.) CURVE() GEOMETRIC_REPRESENTATION_ITEM() 
RATIONAL_B_SPLINE_CURVE((1.,0.992368104903,1.010655752079,1.)) 
REPRESENTATION_ITEM('') );
#1510 = CARTESIAN_POINT('',(-26.72634939686,9.124375441353));
#1511 = CARTESIAN_POINT('',(-28.4656959839,9.541949642416));
#1512 = CARTESIAN_POINT('',(-31.01515485271,9.057479002141));
#1513 = CARTESIAN_POINT('',(-32.9593555882,8.347507365251));
#1514 = ( GEOMETRIC_REPRESENTATION_CONTEXT(2) 
PARAMETRIC_REPRESENTATION_CONTEXT() REPRESENTATION_CONTEXT('2D SPACE',''
  ) );
#1515 = PCURVE('',#1516,#1525);
#1516 = ( BOUNDED_SURFACE() B_SPLINE_SURFACE(1,3,(
    (#1517,#1518,#1519,#1520)
    ,(#1521,#1522,#1523,#1524
)),.UNSPECIFIED.,.F.,.F.,.F.) B_SPLINE_SURFACE_WITH_KNOTS((2,2),(4,4),(
    0.,1.),(0.,1.),.PIECEWISE_BEZIER_KNOTS.) 
GEOMETRIC_REPRESENTATION_ITEM() RATIONAL_B_SPLINE_SURFACE((
    (1.,0.992368104903,1.010655752079,1.)
,(1.,0.992368104903,1.010655752079,1.
))) REPRESENTATION_ITEM('') SURFACE() );
#1517 = CARTESIAN_POINT('',(-26.72634939686,9.124375441353,0.));
#1518 = CARTESIAN_POINT('',(-28.4656959839,9.541949642416,0.));
#1519 = CARTESIAN_POINT('',(-31.01515485271,9.057479002141,0.));
#1520 = CARTESIAN_POINT('',(-32.9593555882,8.347507365251,0.));
#1521 = CARTESIAN_POINT('',(-26.72634939686,9.124375441353,15.9));
#1522 = CARTESIAN_POINT('',(-28.4656959839,9.541949642416,15.9));
#1523 = CARTESIAN_POINT('',(-31.01515485271,9.057479002141,15.9));
#1524 = CARTESIAN_POINT('',(-32.9593555882,8.347507365251,15.9));
#1525 = DEFINITIONAL_REPRESENTATION('',(#1526),#1529);
#1526 = B_SPLINE_CURVE_WITH_KNOTS('',1,(#1527,#1528),.UNSPECIFIED.,.F.,
  .F.,(2,2),(0.,1.),.PIECEWISE_BEZIER_KNOTS.);
#1527 = CARTESIAN_POINT('',(0.,0.));
#1528 = CARTESIAN_POINT('',(0.,1.));
#1529 = ( GEOMETRIC_REPRESENTATION_CONTEXT(2) 
PARAMETRIC_REPRESENTATION_CONTEXT() REPRESENTATION_CONTEXT('2D SPACE',''
  ) );
#1530 = ORIENTED_EDGE('',*,*,#1531,.T.);
#1531 = EDGE_CURVE('',#1499,#1532,#1534,.T.);
#1532 = VERTEX_POINT('',#1533);
#1533 = CARTESIAN_POINT('',(-33.50510670822,5.779950213724,0.));
#1534 = SURFACE_CURVE('',#1535,(#1539,#1546),.PCURVE_S1.);
#1535 = ( BOUNDED_CURVE() B_SPLINE_CURVE(2,(#1536,#1537,#1538),
.UNSPECIFIED.,.F.,.F.) B_SPLINE_CURVE_WITH_KNOTS((3,3),(0.,1.),
.PIECEWISE_BEZIER_KNOTS.) CURVE() GEOMETRIC_REPRESENTATION_ITEM() 
RATIONAL_B_SPLINE_CURVE((1.,0.999254675315,1.)) REPRESENTATION_ITEM('') 
  );
#1536 = CARTESIAN_POINT('',(-32.9593555882,8.347507365251,0.));
#1537 = CARTESIAN_POINT('',(-33.2818241901,7.074270115955,0.));
#1538 = CARTESIAN_POINT('',(-33.50510670822,5.779950213724,0.));
#1539 = PCURVE('',#45,#1540);
#1540 = DEFINITIONAL_REPRESENTATION('',(#1541),#1545);
#1541 = ( BOUNDED_CURVE() B_SPLINE_CURVE(2,(#1542,#1543,#1544),
.UNSPECIFIED.,.F.,.F.) B_SPLINE_CURVE_WITH_KNOTS((3,3),(0.,1.),
.PIECEWISE_BEZIER_KNOTS.) CURVE() GEOMETRIC_REPRESENTATION_ITEM() 
RATIONAL_B_SPLINE_CURVE((1.,0.999254675315,1.)) REPRESENTATION_ITEM('') 
  );
#1542 = CARTESIAN_POINT('',(-32.9593555882,8.347507365251));
#1543 = CARTESIAN_POINT('',(-33.2818241901,7.074270115955));
#1544 = CARTESIAN_POINT('',(-33.50510670822,5.779950213724));
#1545 = ( GEOMETRIC_REPRESENTATION_CONTEXT(2) 
PARAMETRIC_REPRESENTATION_CONTEXT() REPRESENTATION_CONTEXT('2D SPACE',''
  ) );
#1546 = PCURVE('',#1547,#1554);
#1547 = ( BOUNDED_SURFACE() B_SPLINE_SURFACE(1,2,(
    (#1548,#1549,#1550)
    ,(#1551,#1552,#1553
)),.UNSPECIFIED.,.F.,.F.,.F.) B_SPLINE_SURFACE_WITH_KNOTS((2,2),(3,3),(
    0.,1.),(0.,1.),.PIECEWISE_BEZIER_KNOTS.) 
GEOMETRIC_REPRESENTATION_ITEM() RATIONAL_B_SPLINE_SURFACE((
    (1.,0.999254675315,1.)
,(1.,0.999254675315,1.))) REPRESENTATION_ITEM('') SURFACE() );
#1548 = CARTESIAN_POINT('',(-32.9593555882,8.347507365251,0.));
#1549 = CARTESIAN_POINT('',(-33.2818241901,7.074270115955,0.));
#1550 = CARTESIAN_POINT('',(-33.50510670822,5.779950213724,0.));
#1551 = CARTESIAN_POINT('',(-32.9593555882,8.347507365251,15.9));
#1552 = CARTESIAN_POINT('',(-33.2818241901,7.074270115955,15.9));
#1553 = CARTESIAN_POINT('',(-33.50510670822,5.779950213724,15.9));
#1554 = DEFINITIONAL_REPRESENTATION('',(#1555),#1558);
#1555 = B_SPLINE_CURVE_WITH_KNOTS('',1,(#1556,#1557),.UNSPECIFIED.,.F.,
  .F.,(2,2),(0.,1.),.PIECEWISE_BEZIER_KNOTS.);
#1556 = CARTESIAN_POINT('',(0.,0.));
#1557 = CARTESIAN_POINT('',(0.,1.));
#1558 = ( GEOMETRIC_REPRESENTATION_CONTEXT(2) 
PARAMETRIC_REPRESENTATION_CONTEXT() REPRESENTATION_CONTEXT('2D SPACE',''
  ) );
#1559 = ORIENTED_EDGE('',*,*,#1560,.T.);
#1560 = EDGE_CURVE('',#1532,#1561,#1563,.T.);
#1561 = VERTEX_POINT('',#1562);
#1562 = CARTESIAN_POINT('',(-28.12695292805,2.535053897076,0.));
#1563 = SURFACE_CURVE('',#1564,(#1569,#1577),.PCURVE_S1.);
#1564 = ( BOUNDED_CURVE() B_SPLINE_CURVE(3,(#1565,#1566,#1567,#1568),
.UNSPECIFIED.,.F.,.F.) B_SPLINE_CURVE_WITH_KNOTS((4,4),(0.,1.),
.PIECEWISE_BEZIER_KNOTS.) CURVE() GEOMETRIC_REPRESENTATION_ITEM() 
RATIONAL_B_SPLINE_CURVE((1.,1.010655752079,0.992368104903,1.)) 
REPRESENTATION_ITEM('') );
#1565 = CARTESIAN_POINT('',(-33.50510670822,5.779950213724,0.));
#1566 = CARTESIAN_POINT('',(-32.01776243784,4.340581169171,0.));
#1567 = CARTESIAN_POINT('',(-29.88576783068,2.861036874427,0.));
#1568 = CARTESIAN_POINT('',(-28.12695292805,2.535053897076,0.));
#1569 = PCURVE('',#45,#1570);
#1570 = DEFINITIONAL_REPRESENTATION('',(#1571),#1576);
#1571 = ( BOUNDED_CURVE() B_SPLINE_CURVE(3,(#1572,#1573,#1574,#1575),
.UNSPECIFIED.,.F.,.F.) B_SPLINE_CURVE_WITH_KNOTS((4,4),(0.,1.),
.PIECEWISE_BEZIER_KNOTS.) CURVE() GEOMETRIC_REPRESENTATION_ITEM() 
RATIONAL_B_SPLINE_CURVE((1.,1.010655752079,0.992368104903,1.)) 
REPRESENTATION_ITEM('') );
#1572 = CARTESIAN_POINT('',(-33.50510670822,5.779950213724));
#1573 = CARTESIAN_POINT('',(-32.01776243784,4.340581169171));
#1574 = CARTESIAN_POINT('',(-29.88576783068,2.861036874427));
#1575 = CARTESIAN_POINT('',(-28.12695292805,2.535053897076));
#1576 = ( GEOMETRIC_REPRESENTATION_CONTEXT(2) 
PARAMETRIC_REPRESENTATION_CONTEXT() REPRESENTATION_CONTEXT('2D SPACE',''
  ) );
#1577 = PCURVE('',#1578,#1587);
#1578 = ( BOUNDED_SURFACE() B_SPLINE_SURFACE(1,3,(
    (#1579,#1580,#1581,#1582)
    ,(#1583,#1584,#1585,#1586
)),.UNSPECIFIED.,.F.,.F.,.F.) B_SPLINE_SURFACE_WITH_KNOTS((2,2),(4,4),(
    0.,1.),(0.,1.),.PIECEWISE_BEZIER_KNOTS.) 
GEOMETRIC_REPRESENTATION_ITEM() RATIONAL_B_SPLINE_SURFACE((
    (1.,1.010655752079,0.992368104903,1.)
,(1.,1.010655752079,0.992368104903,1.
))) REPRESENTATION_ITEM('') SURFACE() );
#1579 = CARTESIAN_POINT('',(-33.50510670822,5.779950213724,0.));
#1580 = CARTESIAN_POINT('',(-32.01776243784,4.340581169171,0.));
#1581 = CARTESIAN_POINT('',(-29.88576783068,2.861036874427,0.));
#1582 = CARTESIAN_POINT('',(-28.12695292805,2.535053897076,0.));
#1583 = CARTESIAN_POINT('',(-33.50510670822,5.779950213724,15.9));
#1584 = CARTESIAN_POINT('',(-32.01776243784,4.340581169171,15.9));
#1585 = CARTESIAN_POINT('',(-29.88576783068,2.861036874427,15.9));
#1586 = CARTESIAN_POINT('',(-28.12695292805,2.535053897076,15.9));
#1587 = DEFINITIONAL_REPRESENTATION('',(#1588),#1591);
#1588 = B_SPLINE_CURVE_WITH_KNOTS('',1,(#1589,#1590),.UNSPECIFIED.,.F.,
  .F.,(2,2),(0.,1.),.PIECEWISE_BEZIER_KNOTS.);
#1589 = CARTESIAN_POINT('',(0.,0.));
#1590 = CARTESIAN_POINT('',(0.,1.));
#1591 = ( GEOMETRIC_REPRESENTATION_CONTEXT(2) 
PARAMETRIC_REPRESENTATION_CONTEXT() REPRESENTATION_CONTEXT('2D SPACE',''
  ) );
#1592 = ORIENTED_EDGE('',*,*,#1593,.T.);
#1593 = EDGE_CURVE('',#1561,#1594,#1596,.T.);
#1594 = VERTEX_POINT('',#1595);
#1595 = CARTESIAN_POINT('',(-25.17277868879,1.170988080733,0.));
#1596 = SURFACE_CURVE('',#1597,(#1602,#1610),.PCURVE_S1.);
#1597 = ( BOUNDED_CURVE() B_SPLINE_CURVE(3,(#1598,#1599,#1600,#1601),
.UNSPECIFIED.,.F.,.F.) B_SPLINE_CURVE_WITH_KNOTS((4,4),(0.,1.),
.PIECEWISE_BEZIER_KNOTS.) CURVE() GEOMETRIC_REPRESENTATION_ITEM() 
RATIONAL_B_SPLINE_CURVE((1.,1.090235562154,0.878790067642,1.)) 
REPRESENTATION_ITEM('') );
#1598 = CARTESIAN_POINT('',(-28.12695292805,2.535053897076,0.));
#1599 = CARTESIAN_POINT('',(-26.97950974005,2.552906189244,0.));
#1600 = CARTESIAN_POINT('',(-25.12976070872,2.272870358573,0.));
#1601 = CARTESIAN_POINT('',(-25.17277868879,1.170988080733,0.));
#1602 = PCURVE('',#45,#1603);
#1603 = DEFINITIONAL_REPRESENTATION('',(#1604),#1609);
#1604 = ( BOUNDED_CURVE() B_SPLINE_CURVE(3,(#1605,#1606,#1607,#1608),
.UNSPECIFIED.,.F.,.F.) B_SPLINE_CURVE_WITH_KNOTS((4,4),(0.,1.),
.PIECEWISE_BEZIER_KNOTS.) CURVE() GEOMETRIC_REPRESENTATION_ITEM() 
RATIONAL_B_SPLINE_CURVE((1.,1.090235562154,0.878790067642,1.)) 
REPRESENTATION_ITEM('') );
#1605 = CARTESIAN_POINT('',(-28.12695292805,2.535053897076));
#1606 = CARTESIAN_POINT('',(-26.97950974005,2.552906189244));
#1607 = CARTESIAN_POINT('',(-25.12976070872,2.272870358573));
#1608 = CARTESIAN_POINT('',(-25.17277868879,1.170988080733));
#1609 = ( GEOMETRIC_REPRESENTATION_CONTEXT(2) 
PARAMETRIC_REPRESENTATION_CONTEXT() REPRESENTATION_CONTEXT('2D SPACE',''
  ) );
#1610 = PCURVE('',#1611,#1620);
#1611 = ( BOUNDED_SURFACE() B_SPLINE_SURFACE(1,3,(
    (#1612,#1613,#1614,#1615)
    ,(#1616,#1617,#1618,#1619
)),.UNSPECIFIED.,.F.,.F.,.F.) B_SPLINE_SURFACE_WITH_KNOTS((2,2),(4,4),(
    0.,1.),(0.,1.),.PIECEWISE_BEZIER_KNOTS.) 
GEOMETRIC_REPRESENTATION_ITEM() RATIONAL_B_SPLINE_SURFACE((
    (1.,1.090235562154,0.878790067642,1.)
,(1.,1.090235562154,0.878790067642,1.
))) REPRESENTATION_ITEM('') SURFACE() );
#1612 = CARTESIAN_POINT('',(-28.12695292805,2.535053897076,0.));
#1613 = CARTESIAN_POINT('',(-26.97950974005,2.552906189244,0.));
#1614 = CARTESIAN_POINT('',(-25.12976070872,2.272870358573,0.));
#1615 = CARTESIAN_POINT('',(-25.17277868879,1.170988080733,0.));
#1616 = CARTESIAN_POINT('',(-28.12695292805,2.535053897076,15.9));
#1617 = CARTESIAN_POINT('',(-26.97950974005,2.552906189244,15.9));
#1618 = CARTESIAN_POINT('',(-25.12976070872,2.272870358573,15.9));
#1619 = CARTESIAN_POINT('',(-25.17277868879,1.170988080733,15.9));
#1620 = DEFINITIONAL_REPRESENTATION('',(#1621),#1624);
#1621 = B_SPLINE_CURVE_WITH_KNOTS('',1,(#1622,#1623),.UNSPECIFIED.,.F.,
  .F.,(2,2),(0.,1.),.PIECEWISE_BEZIER_KNOTS.);
#1622 = CARTESIAN_POINT('',(0.,0.));
#1623 = CARTESIAN_POINT('',(0.,1.));
#1624 = ( GEOMETRIC_REPRESENTATION_CONTEXT(2) 
PARAMETRIC_REPRESENTATION_CONTEXT() REPRESENTATION_CONTEXT('2D SPACE',''
  ) );
#1625 = ORIENTED_EDGE('',*,*,#1626,.T.);
#1626 = EDGE_CURVE('',#1594,#1627,#1629,.T.);
#1627 = VERTEX_POINT('',#1628);
#1628 = CARTESIAN_POINT('',(-25.17277868879,-1.170988080733,0.));
#1629 = SURFACE_CURVE('',#1630,(#1634,#1641),.PCURVE_S1.);
#1630 = ( BOUNDED_CURVE() B_SPLINE_CURVE(2,(#1631,#1632,#1633),
.UNSPECIFIED.,.F.,.F.) B_SPLINE_CURVE_WITH_KNOTS((3,3),(0.,1.),
.PIECEWISE_BEZIER_KNOTS.) CURVE() GEOMETRIC_REPRESENTATION_ITEM() 
RATIONAL_B_SPLINE_CURVE((1.,0.998919789238,1.)) REPRESENTATION_ITEM('') 
  );
#1631 = CARTESIAN_POINT('',(-25.17277868879,1.170988080733,0.));
#1632 = CARTESIAN_POINT('',(-25.22725074776,-7.993605777301E-15,0.));
#1633 = CARTESIAN_POINT('',(-25.17277868879,-1.170988080733,0.));
#1634 = PCURVE('',#45,#1635);
#1635 = DEFINITIONAL_REPRESENTATION('',(#1636),#1640);
#1636 = ( BOUNDED_CURVE() B_SPLINE_CURVE(2,(#1637,#1638,#1639),
.UNSPECIFIED.,.F.,.F.) B_SPLINE_CURVE_WITH_KNOTS((3,3),(0.,1.),
.PIECEWISE_BEZIER_KNOTS.) CURVE() GEOMETRIC_REPRESENTATION_ITEM() 
RATIONAL_B_SPLINE_CURVE((1.,0.998919789238,1.)) REPRESENTATION_ITEM('') 
  );
#1637 = CARTESIAN_POINT('',(-25.17277868879,1.170988080733));
#1638 = CARTESIAN_POINT('',(-25.22725074776,-7.328070213533E-15));
#1639 = CARTESIAN_POINT('',(-25.17277868879,-1.170988080733));
#1640 = ( GEOMETRIC_REPRESENTATION_CONTEXT(2) 
PARAMETRIC_REPRESENTATION_CONTEXT() REPRESENTATION_CONTEXT('2D SPACE',''
  ) );
#1641 = PCURVE('',#1642,#1649);
#1642 = ( BOUNDED_SURFACE() B_SPLINE_SURFACE(1,2,(
    (#1643,#1644,#1645)
    ,(#1646,#1647,#1648
)),.UNSPECIFIED.,.F.,.F.,.F.) B_SPLINE_SURFACE_WITH_KNOTS((2,2),(3,3),(
    0.,1.),(0.,1.),.PIECEWISE_BEZIER_KNOTS.) 
GEOMETRIC_REPRESENTATION_ITEM() RATIONAL_B_SPLINE_SURFACE((
    (1.,0.998919789238,1.)
,(1.,0.998919789238,1.))) REPRESENTATION_ITEM('') SURFACE() );
#1643 = CARTESIAN_POINT('',(-25.17277868879,1.170988080733,0.));
#1644 = CARTESIAN_POINT('',(-25.22725074776,-7.993605777301E-15,0.));
#1645 = CARTESIAN_POINT('',(-25.17277868879,-1.170988080733,0.));
#1646 = CARTESIAN_POINT('',(-25.17277868879,1.170988080733,15.9));
#1647 = CARTESIAN_POINT('',(-25.22725074776,-7.993605777301E-15,15.9));
#1648 = CARTESIAN_POINT('',(-25.17277868879,-1.170988080733,15.9));
#1649 = DEFINITIONAL_REPRESENTATION('',(#1650),#1653);
#1650 = B_SPLINE_CURVE_WITH_KNOTS('',1,(#1651,#1652),.UNSPECIFIED.,.F.,
  .F.,(2,2),(0.,1.),.PIECEWISE_BEZIER_KNOTS.);
#1651 = CARTESIAN_POINT('',(0.,0.));
#1652 = CARTESIAN_POINT('',(0.,1.));
#1653 = ( GEOMETRIC_REPRESENTATION_CONTEXT(2) 
PARAMETRIC_REPRESENTATION_CONTEXT() REPRESENTATION_CONTEXT('2D SPACE',''
  ) );
#1654 = ORIENTED_EDGE('',*,*,#1655,.T.);
#1655 = EDGE_CURVE('',#1627,#1656,#1658,.T.);
#1656 = VERTEX_POINT('',#1657);
#1657 = CARTESIAN_POINT('',(-28.12695292806,-2.535053897074,0.));
#1658 = SURFACE_CURVE('',#1659,(#1664,#1672),.PCURVE_S1.);
#1659 = ( BOUNDED_CURVE() B_SPLINE_CURVE(3,(#1660,#1661,#1662,#1663),
.UNSPECIFIED.,.F.,.F.) B_SPLINE_CURVE_WITH_KNOTS((4,4),(0.,1.),
.PIECEWISE_BEZIER_KNOTS.) CURVE() GEOMETRIC_REPRESENTATION_ITEM() 
RATIONAL_B_SPLINE_CURVE((1.,0.878790067642,1.090235562154,1.)) 
REPRESENTATION_ITEM('') );
#1660 = CARTESIAN_POINT('',(-25.17277868879,-1.170988080733,0.));
#1661 = CARTESIAN_POINT('',(-25.12976070872,-2.272870358573,0.));
#1662 = CARTESIAN_POINT('',(-26.97950974005,-2.552906189244,0.));
#1663 = CARTESIAN_POINT('',(-28.12695292806,-2.535053897073,0.));
#1664 = PCURVE('',#45,#1665);
#1665 = DEFINITIONAL_REPRESENTATION('',(#1666),#1671);
#1666 = ( BOUNDED_CURVE() B_SPLINE_CURVE(3,(#1667,#1668,#1669,#1670),
.UNSPECIFIED.,.F.,.F.) B_SPLINE_CURVE_WITH_KNOTS((4,4),(0.,1.),
.PIECEWISE_BEZIER_KNOTS.) CURVE() GEOMETRIC_REPRESENTATION_ITEM() 
RATIONAL_B_SPLINE_CURVE((1.,0.878790067642,1.090235562154,1.)) 
REPRESENTATION_ITEM('') );
#1667 = CARTESIAN_POINT('',(-25.17277868879,-1.170988080733));
#1668 = CARTESIAN_POINT('',(-25.12976070872,-2.272870358573));
#1669 = CARTESIAN_POINT('',(-26.97950974005,-2.552906189244));
#1670 = CARTESIAN_POINT('',(-28.12695292806,-2.535053897073));
#1671 = ( GEOMETRIC_REPRESENTATION_CONTEXT(2) 
PARAMETRIC_REPRESENTATION_CONTEXT() REPRESENTATION_CONTEXT('2D SPACE',''
  ) );
#1672 = PCURVE('',#1673,#1682);
#1673 = ( BOUNDED_SURFACE() B_SPLINE_SURFACE(1,3,(
    (#1674,#1675,#1676,#1677)
    ,(#1678,#1679,#1680,#1681
)),.UNSPECIFIED.,.F.,.F.,.F.) B_SPLINE_SURFACE_WITH_KNOTS((2,2),(4,4),(
    0.,1.),(0.,1.),.PIECEWISE_BEZIER_KNOTS.) 
GEOMETRIC_REPRESENTATION_ITEM() RATIONAL_B_SPLINE_SURFACE((
    (1.,0.878790067642,1.090235562154,1.)
,(1.,0.878790067642,1.090235562154,1.
))) REPRESENTATION_ITEM('') SURFACE() );
#1674 = CARTESIAN_POINT('',(-25.17277868879,-1.170988080733,0.));
#1675 = CARTESIAN_POINT('',(-25.12976070872,-2.272870358573,0.));
#1676 = CARTESIAN_POINT('',(-26.97950974005,-2.552906189244,0.));
#1677 = CARTESIAN_POINT('',(-28.12695292805,-2.535053897076,0.));
#1678 = CARTESIAN_POINT('',(-25.17277868879,-1.170988080733,15.9));
#1679 = CARTESIAN_POINT('',(-25.12976070872,-2.272870358573,15.9));
#1680 = CARTESIAN_POINT('',(-26.97950974005,-2.552906189244,15.9));
#1681 = CARTESIAN_POINT('',(-28.12695292805,-2.535053897076,15.9));
#1682 = DEFINITIONAL_REPRESENTATION('',(#1683),#1686);
#1683 = B_SPLINE_CURVE_WITH_KNOTS('',1,(#1684,#1685),.UNSPECIFIED.,.F.,
  .F.,(2,2),(0.,1.),.PIECEWISE_BEZIER_KNOTS.);
#1684 = CARTESIAN_POINT('',(0.,0.));
#1685 = CARTESIAN_POINT('',(0.,1.));
#1686 = ( GEOMETRIC_REPRESENTATION_CONTEXT(2) 
PARAMETRIC_REPRESENTATION_CONTEXT() REPRESENTATION_CONTEXT('2D SPACE',''
  ) );
#1687 = ORIENTED_EDGE('',*,*,#1688,.T.);
#1688 = EDGE_CURVE('',#1656,#1689,#1691,.T.);
#1689 = VERTEX_POINT('',#1690);
#1690 = CARTESIAN_POINT('',(-33.50510670822,-5.779950213724,0.));
#1691 = SURFACE_CURVE('',#1692,(#1697,#1705),.PCURVE_S1.);
#1692 = ( BOUNDED_CURVE() B_SPLINE_CURVE(3,(#1693,#1694,#1695,#1696),
.UNSPECIFIED.,.F.,.F.) B_SPLINE_CURVE_WITH_KNOTS((4,4),(0.,1.),
.PIECEWISE_BEZIER_KNOTS.) CURVE() GEOMETRIC_REPRESENTATION_ITEM() 
RATIONAL_B_SPLINE_CURVE((1.,0.992368104903,1.010655752079,1.)) 
REPRESENTATION_ITEM('') );
#1693 = CARTESIAN_POINT('',(-28.12695292805,-2.535053897076,0.));
#1694 = CARTESIAN_POINT('',(-29.88576783068,-2.861036874427,0.));
#1695 = CARTESIAN_POINT('',(-32.01776243784,-4.340581169171,0.));
#1696 = CARTESIAN_POINT('',(-33.50510670822,-5.779950213724,0.));
#1697 = PCURVE('',#45,#1698);
#1698 = DEFINITIONAL_REPRESENTATION('',(#1699),#1704);
#1699 = ( BOUNDED_CURVE() B_SPLINE_CURVE(3,(#1700,#1701,#1702,#1703),
.UNSPECIFIED.,.F.,.F.) B_SPLINE_CURVE_WITH_KNOTS((4,4),(0.,1.),
.PIECEWISE_BEZIER_KNOTS.) CURVE() GEOMETRIC_REPRESENTATION_ITEM() 
RATIONAL_B_SPLINE_CURVE((1.,0.992368104903,1.010655752079,1.)) 
REPRESENTATION_ITEM('') );
#1700 = CARTESIAN_POINT('',(-28.12695292805,-2.535053897076));
#1701 = CARTESIAN_POINT('',(-29.88576783068,-2.861036874427));
#1702 = CARTESIAN_POINT('',(-32.01776243784,-4.340581169171));
#1703 = CARTESIAN_POINT('',(-33.50510670822,-5.779950213724));
#1704 = ( GEOMETRIC_REPRESENTATION_CONTEXT(2) 
PARAMETRIC_REPRESENTATION_CONTEXT() REPRESENTATION_CONTEXT('2D SPACE',''
  ) );
#1705 = PCURVE('',#1706,#1715);
#1706 = ( BOUNDED_SURFACE() B_SPLINE_SURFACE(1,3,(
    (#1707,#1708,#1709,#1710)
    ,(#1711,#1712,#1713,#1714
)),.UNSPECIFIED.,.F.,.F.,.F.) B_SPLINE_SURFACE_WITH_KNOTS((2,2),(4,4),(
    0.,1.),(0.,1.),.PIECEWISE_BEZIER_KNOTS.) 
GEOMETRIC_REPRESENTATION_ITEM() RATIONAL_B_SPLINE_SURFACE((
    (1.,0.992368104903,1.010655752079,1.)
,(1.,0.992368104903,1.010655752079,1.
))) REPRESENTATION_ITEM('') SURFACE() );
#1707 = CARTESIAN_POINT('',(-28.12695292805,-2.535053897076,0.));
#1708 = CARTESIAN_POINT('',(-29.88576783068,-2.861036874427,0.));
#1709 = CARTESIAN_POINT('',(-32.01776243784,-4.340581169171,0.));
#1710 = CARTESIAN_POINT('',(-33.50510670822,-5.779950213724,0.));
#1711 = CARTESIAN_POINT('',(-28.12695292805,-2.535053897076,15.9));
#1712 = CARTESIAN_POINT('',(-29.88576783068,-2.861036874427,15.9));
#1713 = CARTESIAN_POINT('',(-32.01776243784,-4.340581169171,15.9));
#1714 = CARTESIAN_POINT('',(-33.50510670822,-5.779950213724,15.9));
#1715 = DEFINITIONAL_REPRESENTATION('',(#1716),#1719);
#1716 = B_SPLINE_CURVE_WITH_KNOTS('',1,(#1717,#1718),.UNSPECIFIED.,.F.,
  .F.,(2,2),(0.,1.),.PIECEWISE_BEZIER_KNOTS.);
#1717 = CARTESIAN_POINT('',(0.,0.));
#1718 = CARTESIAN_POINT('',(0.,1.));
#1719 = ( GEOMETRIC_REPRESENTATION_CONTEXT(2) 
PARAMETRIC_REPRESENTATION_CONTEXT() REPRESENTATION_CONTEXT('2D SPACE',''
  ) );
#1720 = ORIENTED_EDGE('',*,*,#1721,.T.);
#1721 = EDGE_CURVE('',#1689,#1722,#1724,.T.);
#1722 = VERTEX_POINT('',#1723);
#1723 = CARTESIAN_POINT('',(-32.9593555882,-8.347507365251,0.));
#1724 = SURFACE_CURVE('',#1725,(#1729,#1736),.PCURVE_S1.);
#1725 = ( BOUNDED_CURVE() B_SPLINE_CURVE(2,(#1726,#1727,#1728),
.UNSPECIFIED.,.F.,.F.) B_SPLINE_CURVE_WITH_KNOTS((3,3),(0.,1.),
.PIECEWISE_BEZIER_KNOTS.) CURVE() GEOMETRIC_REPRESENTATION_ITEM() 
RATIONAL_B_SPLINE_CURVE((1.,0.999254675315,1.)) REPRESENTATION_ITEM('') 
  );
#1726 = CARTESIAN_POINT('',(-33.50510670822,-5.779950213724,0.));
#1727 = CARTESIAN_POINT('',(-33.2818241901,-7.074270115955,0.));
#1728 = CARTESIAN_POINT('',(-32.9593555882,-8.347507365251,0.));
#1729 = PCURVE('',#45,#1730);
#1730 = DEFINITIONAL_REPRESENTATION('',(#1731),#1735);
#1731 = ( BOUNDED_CURVE() B_SPLINE_CURVE(2,(#1732,#1733,#1734),
.UNSPECIFIED.,.F.,.F.) B_SPLINE_CURVE_WITH_KNOTS((3,3),(0.,1.),
.PIECEWISE_BEZIER_KNOTS.) CURVE() GEOMETRIC_REPRESENTATION_ITEM() 
RATIONAL_B_SPLINE_CURVE((1.,0.999254675315,1.)) REPRESENTATION_ITEM('') 
  );
#1732 = CARTESIAN_POINT('',(-33.50510670822,-5.779950213724));
#1733 = CARTESIAN_POINT('',(-33.2818241901,-7.074270115955));
#1734 = CARTESIAN_POINT('',(-32.9593555882,-8.347507365251));
#1735 = ( GEOMETRIC_REPRESENTATION_CONTEXT(2) 
PARAMETRIC_REPRESENTATION_CONTEXT() REPRESENTATION_CONTEXT('2D SPACE',''
  ) );
#1736 = PCURVE('',#1737,#1744);
#1737 = ( BOUNDED_SURFACE() B_SPLINE_SURFACE(1,2,(
    (#1738,#1739,#1740)
    ,(#1741,#1742,#1743
)),.UNSPECIFIED.,.F.,.F.,.F.) B_SPLINE_SURFACE_WITH_KNOTS((2,2),(3,3),(
    0.,1.),(0.,1.),.PIECEWISE_BEZIER_KNOTS.) 
GEOMETRIC_REPRESENTATION_ITEM() RATIONAL_B_SPLINE_SURFACE((
    (1.,0.999254675315,1.)
,(1.,0.999254675315,1.))) REPRESENTATION_ITEM('') SURFACE() );
#1738 = CARTESIAN_POINT('',(-33.50510670822,-5.779950213724,0.));
#1739 = CARTESIAN_POINT('',(-33.2818241901,-7.074270115955,0.));
#1740 = CARTESIAN_POINT('',(-32.9593555882,-8.347507365251,0.));
#1741 = CARTESIAN_POINT('',(-33.50510670822,-5.779950213724,15.9));
#1742 = CARTESIAN_POINT('',(-33.2818241901,-7.074270115955,15.9));
#1743 = CARTESIAN_POINT('',(-32.9593555882,-8.347507365251,15.9));
#1744 = DEFINITIONAL_REPRESENTATION('',(#1745),#1748);
#1745 = B_SPLINE_CURVE_WITH_KNOTS('',1,(#1746,#1747),.UNSPECIFIED.,.F.,
  .F.,(2,2),(0.,1.),.PIECEWISE_BEZIER_KNOTS.);
#1746 = CARTESIAN_POINT('',(0.,0.));
#1747 = CARTESIAN_POINT('',(0.,1.));
#1748 = ( GEOMETRIC_REPRESENTATION_CONTEXT(2) 
PARAMETRIC_REPRESENTATION_CONTEXT() REPRESENTATION_CONTEXT('2D SPACE',''
  ) );
#1749 = ORIENTED_EDGE('',*,*,#1750,.T.);
#1750 = EDGE_CURVE('',#1722,#1751,#1753,.T.);
#1751 = VERTEX_POINT('',#1752);
#1752 = CARTESIAN_POINT('',(-26.72634939686,-9.124375441353,0.));
#1753 = SURFACE_CURVE('',#1754,(#1759,#1767),.PCURVE_S1.);
#1754 = ( BOUNDED_CURVE() B_SPLINE_CURVE(3,(#1755,#1756,#1757,#1758),
.UNSPECIFIED.,.F.,.F.) B_SPLINE_CURVE_WITH_KNOTS((4,4),(0.,1.),
.PIECEWISE_BEZIER_KNOTS.) CURVE() GEOMETRIC_REPRESENTATION_ITEM() 
RATIONAL_B_SPLINE_CURVE((1.,1.010655752079,0.992368104903,1.)) 
REPRESENTATION_ITEM('') );
#1755 = CARTESIAN_POINT('',(-32.9593555882,-8.347507365251,0.));
#1756 = CARTESIAN_POINT('',(-31.01515485271,-9.057479002141,0.));
#1757 = CARTESIAN_POINT('',(-28.4656959839,-9.541949642416,0.));
#1758 = CARTESIAN_POINT('',(-26.72634939686,-9.124375441353,0.));
#1759 = PCURVE('',#45,#1760);
#1760 = DEFINITIONAL_REPRESENTATION('',(#1761),#1766);
#1761 = ( BOUNDED_CURVE() B_SPLINE_CURVE(3,(#1762,#1763,#1764,#1765),
.UNSPECIFIED.,.F.,.F.) B_SPLINE_CURVE_WITH_KNOTS((4,4),(0.,1.),
.PIECEWISE_BEZIER_KNOTS.) CURVE() GEOMETRIC_REPRESENTATION_ITEM() 
RATIONAL_B_SPLINE_CURVE((1.,1.010655752079,0.992368104903,1.)) 
REPRESENTATION_ITEM('') );
#1762 = CARTESIAN_POINT('',(-32.9593555882,-8.347507365251));
#1763 = CARTESIAN_POINT('',(-31.01515485271,-9.057479002141));
#1764 = CARTESIAN_POINT('',(-28.4656959839,-9.541949642416));
#1765 = CARTESIAN_POINT('',(-26.72634939686,-9.124375441353));
#1766 = ( GEOMETRIC_REPRESENTATION_CONTEXT(2) 
PARAMETRIC_REPRESENTATION_CONTEXT() REPRESENTATION_CONTEXT('2D SPACE',''
  ) );
#1767 = PCURVE('',#1768,#1777);
#1768 = ( BOUNDED_SURFACE() B_SPLINE_SURFACE(1,3,(
    (#1769,#1770,#1771,#1772)
    ,(#1773,#1774,#1775,#1776
)),.UNSPECIFIED.,.F.,.F.,.F.) B_SPLINE_SURFACE_WITH_KNOTS((2,2),(4,4),(
    0.,1.),(0.,1.),.PIECEWISE_BEZIER_KNOTS.) 
GEOMETRIC_REPRESENTATION_ITEM() RATIONAL_B_SPLINE_SURFACE((
    (1.,1.010655752079,0.992368104903,1.)
,(1.,1.010655752079,0.992368104903,1.
))) REPRESENTATION_ITEM('') SURFACE() );
#1769 = CARTESIAN_POINT('',(-32.9593555882,-8.347507365251,0.));
#1770 = CARTESIAN_POINT('',(-31.01515485271,-9.057479002141,0.));
#1771 = CARTESIAN_POINT('',(-28.4656959839,-9.541949642416,0.));
#1772 = CARTESIAN_POINT('',(-26.72634939686,-9.124375441353,0.));
#1773 = CARTESIAN_POINT('',(-32.9593555882,-8.347507365251,15.9));
#1774 = CARTESIAN_POINT('',(-31.01515485271,-9.057479002141,15.9));
#1775 = CARTESIAN_POINT('',(-28.4656959839,-9.541949642416,15.9));
#1776 = CARTESIAN_POINT('',(-26.72634939686,-9.124375441353,15.9));
#1777 = DEFINITIONAL_REPRESENTATION('',(#1778),#1781);
#1778 = B_SPLINE_CURVE_WITH_KNOTS('',1,(#1779,#1780),.UNSPECIFIED.,.F.,
  .F.,(2,2),(0.,1.),.PIECEWISE_BEZIER_KNOTS.);
#1779 = CARTESIAN_POINT('',(0.,0.));
#1780 = CARTESIAN_POINT('',(0.,1.));
#1781 = ( GEOMETRIC_REPRESENTATION_CONTEXT(2) 
PARAMETRIC_REPRESENTATION_CONTEXT() REPRESENTATION_CONTEXT('2D SPACE',''
  ) );
#1782 = ORIENTED_EDGE('',*,*,#1783,.T.);
#1783 = EDGE_CURVE('',#1751,#1784,#1786,.T.);
#1784 = VERTEX_POINT('',#1785);
#1785 = CARTESIAN_POINT('',(-23.47276138842,-9.168940658661,0.));
#1786 = SURFACE_CURVE('',#1787,(#1792,#1800),.PCURVE_S1.);
#1787 = ( BOUNDED_CURVE() B_SPLINE_CURVE(3,(#1788,#1789,#1790,#1791),
.UNSPECIFIED.,.F.,.F.) B_SPLINE_CURVE_WITH_KNOTS((4,4),(0.,1.),
.PIECEWISE_BEZIER_KNOTS.) CURVE() GEOMETRIC_REPRESENTATION_ITEM() 
RATIONAL_B_SPLINE_CURVE((1.,1.090235562154,0.878790067642,1.)) 
REPRESENTATION_ITEM('') );
#1788 = CARTESIAN_POINT('',(-26.72634939686,-9.124375441353,0.));
#1789 = CARTESIAN_POINT('',(-25.68536906595,-8.641359370531,0.));
#1790 = CARTESIAN_POINT('',(-23.88163840689,-8.144824120082,0.));
#1791 = CARTESIAN_POINT('',(-23.47276138842,-9.168940658661,0.));
#1792 = PCURVE('',#45,#1793);
#1793 = DEFINITIONAL_REPRESENTATION('',(#1794),#1799);
#1794 = ( BOUNDED_CURVE() B_SPLINE_CURVE(3,(#1795,#1796,#1797,#1798),
.UNSPECIFIED.,.F.,.F.) B_SPLINE_CURVE_WITH_KNOTS((4,4),(0.,1.),
.PIECEWISE_BEZIER_KNOTS.) CURVE() GEOMETRIC_REPRESENTATION_ITEM() 
RATIONAL_B_SPLINE_CURVE((1.,1.090235562154,0.878790067642,1.)) 
REPRESENTATION_ITEM('') );
#1795 = CARTESIAN_POINT('',(-26.72634939686,-9.124375441353));
#1796 = CARTESIAN_POINT('',(-25.68536906595,-8.641359370531));
#1797 = CARTESIAN_POINT('',(-23.88163840689,-8.144824120082));
#1798 = CARTESIAN_POINT('',(-23.47276138842,-9.168940658661));
#1799 = ( GEOMETRIC_REPRESENTATION_CONTEXT(2) 
PARAMETRIC_REPRESENTATION_CONTEXT() REPRESENTATION_CONTEXT('2D SPACE',''
  ) );
#1800 = PCURVE('',#1801,#1810);
#1801 = ( BOUNDED_SURFACE() B_SPLINE_SURFACE(1,3,(
    (#1802,#1803,#1804,#1805)
    ,(#1806,#1807,#1808,#1809
)),.UNSPECIFIED.,.F.,.F.,.F.) B_SPLINE_SURFACE_WITH_KNOTS((2,2),(4,4),(
    0.,1.),(0.,1.),.PIECEWISE_BEZIER_KNOTS.) 
GEOMETRIC_REPRESENTATION_ITEM() RATIONAL_B_SPLINE_SURFACE((
    (1.,1.090235562154,0.878790067642,1.)
,(1.,1.090235562154,0.878790067642,1.
))) REPRESENTATION_ITEM('') SURFACE() );
#1802 = CARTESIAN_POINT('',(-26.72634939686,-9.124375441353,0.));
#1803 = CARTESIAN_POINT('',(-25.68536906595,-8.641359370531,0.));
#1804 = CARTESIAN_POINT('',(-23.88163840689,-8.144824120082,0.));
#1805 = CARTESIAN_POINT('',(-23.47276138842,-9.168940658661,0.));
#1806 = CARTESIAN_POINT('',(-26.72634939686,-9.124375441353,15.9));
#1807 = CARTESIAN_POINT('',(-25.68536906595,-8.641359370531,15.9));
#1808 = CARTESIAN_POINT('',(-23.88163840689,-8.144824120082,15.9));
#1809 = CARTESIAN_POINT('',(-23.47276138842,-9.168940658661,15.9));
#1810 = DEFINITIONAL_REPRESENTATION('',(#1811),#1814);
#1811 = B_SPLINE_CURVE_WITH_KNOTS('',1,(#1812,#1813),.UNSPECIFIED.,.F.,
  .F.,(2,2),(0.,1.),.PIECEWISE_BEZIER_KNOTS.);
#1812 = CARTESIAN_POINT('',(0.,0.));
#1813 = CARTESIAN_POINT('',(0.,1.));
#1814 = ( GEOMETRIC_REPRESENTATION_CONTEXT(2) 
PARAMETRIC_REPRESENTATION_CONTEXT() REPRESENTATION_CONTEXT('2D SPACE',''
  ) );
#1815 = ORIENTED_EDGE('',*,*,#1816,.T.);
#1816 = EDGE_CURVE('',#1784,#1817,#1819,.T.);
#1817 = VERTEX_POINT('',#1818);
#1818 = CARTESIAN_POINT('',(-22.52019386634,-11.30844234287,0.));
#1819 = SURFACE_CURVE('',#1820,(#1824,#1831),.PCURVE_S1.);
#1820 = ( BOUNDED_CURVE() B_SPLINE_CURVE(2,(#1821,#1822,#1823),
.UNSPECIFIED.,.F.,.F.) B_SPLINE_CURVE_WITH_KNOTS((3,3),(0.,1.),
.PIECEWISE_BEZIER_KNOTS.) CURVE() GEOMETRIC_REPRESENTATION_ITEM() 
RATIONAL_B_SPLINE_CURVE((1.,0.998919789238,1.)) REPRESENTATION_ITEM('') 
  );
#1821 = CARTESIAN_POINT('',(-23.47276138842,-9.168940658661,0.));
#1822 = CARTESIAN_POINT('',(-23.04624032942,-10.26084728317,0.));
#1823 = CARTESIAN_POINT('',(-22.52019386634,-11.30844234287,0.));
#1824 = PCURVE('',#45,#1825);
#1825 = DEFINITIONAL_REPRESENTATION('',(#1826),#1830);
#1826 = ( BOUNDED_CURVE() B_SPLINE_CURVE(2,(#1827,#1828,#1829),
.UNSPECIFIED.,.F.,.F.) B_SPLINE_CURVE_WITH_KNOTS((3,3),(0.,1.),
.PIECEWISE_BEZIER_KNOTS.) CURVE() GEOMETRIC_REPRESENTATION_ITEM() 
RATIONAL_B_SPLINE_CURVE((1.,0.998919789238,1.)) REPRESENTATION_ITEM('') 
  );
#1827 = CARTESIAN_POINT('',(-23.47276138842,-9.168940658661));
#1828 = CARTESIAN_POINT('',(-23.04624032942,-10.26084728317));
#1829 = CARTESIAN_POINT('',(-22.52019386634,-11.30844234287));
#1830 = ( GEOMETRIC_REPRESENTATION_CONTEXT(2) 
PARAMETRIC_REPRESENTATION_CONTEXT() REPRESENTATION_CONTEXT('2D SPACE',''
  ) );
#1831 = PCURVE('',#1832,#1839);
#1832 = ( BOUNDED_SURFACE() B_SPLINE_SURFACE(1,2,(
    (#1833,#1834,#1835)
    ,(#1836,#1837,#1838
)),.UNSPECIFIED.,.F.,.F.,.F.) B_SPLINE_SURFACE_WITH_KNOTS((2,2),(3,3),(
    0.,1.),(0.,1.),.PIECEWISE_BEZIER_KNOTS.) 
GEOMETRIC_REPRESENTATION_ITEM() RATIONAL_B_SPLINE_SURFACE((
    (1.,0.998919789238,1.)
,(1.,0.998919789238,1.))) REPRESENTATION_ITEM('') SURFACE() );
#1833 = CARTESIAN_POINT('',(-23.47276138842,-9.168940658661,0.));
#1834 = CARTESIAN_POINT('',(-23.04624032942,-10.26084728317,0.));
#1835 = CARTESIAN_POINT('',(-22.52019386634,-11.30844234287,0.));
#1836 = CARTESIAN_POINT('',(-23.47276138842,-9.168940658661,15.9));
#1837 = CARTESIAN_POINT('',(-23.04624032942,-10.26084728317,15.9));
#1838 = CARTESIAN_POINT('',(-22.52019386634,-11.30844234287,15.9));
#1839 = DEFINITIONAL_REPRESENTATION('',(#1840),#1843);
#1840 = B_SPLINE_CURVE_WITH_KNOTS('',1,(#1841,#1842),.UNSPECIFIED.,.F.,
  .F.,(2,2),(0.,1.),.PIECEWISE_BEZIER_KNOTS.);
#1841 = CARTESIAN_POINT('',(0.,0.));
#1842 = CARTESIAN_POINT('',(0.,1.));
#1843 = ( GEOMETRIC_REPRESENTATION_CONTEXT(2) 
PARAMETRIC_REPRESENTATION_CONTEXT() REPRESENTATION_CONTEXT('2D SPACE',''
  ) );
#1844 = ORIENTED_EDGE('',*,*,#1845,.T.);
#1845 = EDGE_CURVE('',#1817,#1846,#1848,.T.);
#1846 = VERTEX_POINT('',#1847);
#1847 = CARTESIAN_POINT('',(-24.66415077264,-13.75614938646,0.));
#1848 = SURFACE_CURVE('',#1849,(#1854,#1862),.PCURVE_S1.);
#1849 = ( BOUNDED_CURVE() B_SPLINE_CURVE(3,(#1850,#1851,#1852,#1853),
.UNSPECIFIED.,.F.,.F.) B_SPLINE_CURVE_WITH_KNOTS((4,4),(0.,1.),
.PIECEWISE_BEZIER_KNOTS.) CURVE() GEOMETRIC_REPRESENTATION_ITEM() 
RATIONAL_B_SPLINE_CURVE((1.,0.878790067642,1.090235562154,1.)) 
REPRESENTATION_ITEM('') );
#1850 = CARTESIAN_POINT('',(-22.52019386634,-11.30844234287,0.));
#1851 = CARTESIAN_POINT('',(-22.03271908731,-12.29756490385,0.));
#1852 = CARTESIAN_POINT('',(-23.60864807895,-13.30575107647,0.));
#1853 = CARTESIAN_POINT('',(-24.66415077265,-13.75614938646,0.));
#1854 = PCURVE('',#45,#1855);
#1855 = DEFINITIONAL_REPRESENTATION('',(#1856),#1861);
#1856 = ( BOUNDED_CURVE() B_SPLINE_CURVE(3,(#1857,#1858,#1859,#1860),
.UNSPECIFIED.,.F.,.F.) B_SPLINE_CURVE_WITH_KNOTS((4,4),(0.,1.),
.PIECEWISE_BEZIER_KNOTS.) CURVE() GEOMETRIC_REPRESENTATION_ITEM() 
RATIONAL_B_SPLINE_CURVE((1.,0.878790067642,1.090235562154,1.)) 
REPRESENTATION_ITEM('') );
#1857 = CARTESIAN_POINT('',(-22.52019386634,-11.30844234287));
#1858 = CARTESIAN_POINT('',(-22.03271908731,-12.29756490385));
#1859 = CARTESIAN_POINT('',(-23.60864807895,-13.30575107647));
#1860 = CARTESIAN_POINT('',(-24.66415077265,-13.75614938646));
#1861 = ( GEOMETRIC_REPRESENTATION_CONTEXT(2) 
PARAMETRIC_REPRESENTATION_CONTEXT() REPRESENTATION_CONTEXT('2D SPACE',''
  ) );
#1862 = PCURVE('',#1863,#1872);
#1863 = ( BOUNDED_SURFACE() B_SPLINE_SURFACE(1,3,(
    (#1864,#1865,#1866,#1867)
    ,(#1868,#1869,#1870,#1871
)),.UNSPECIFIED.,.F.,.F.,.F.) B_SPLINE_SURFACE_WITH_KNOTS((2,2),(4,4),(
    0.,1.),(0.,1.),.PIECEWISE_BEZIER_KNOTS.) 
GEOMETRIC_REPRESENTATION_ITEM() RATIONAL_B_SPLINE_SURFACE((
    (1.,0.878790067642,1.090235562154,1.)
,(1.,0.878790067642,1.090235562154,1.
))) REPRESENTATION_ITEM('') SURFACE() );
#1864 = CARTESIAN_POINT('',(-22.52019386634,-11.30844234287,0.));
#1865 = CARTESIAN_POINT('',(-22.03271908731,-12.29756490385,0.));
#1866 = CARTESIAN_POINT('',(-23.60864807895,-13.30575107647,0.));
#1867 = CARTESIAN_POINT('',(-24.66415077263,-13.75614938646,0.));
#1868 = CARTESIAN_POINT('',(-22.52019386634,-11.30844234287,15.9));
#1869 = CARTESIAN_POINT('',(-22.03271908731,-12.29756490385,15.9));
#1870 = CARTESIAN_POINT('',(-23.60864807895,-13.30575107647,15.9));
#1871 = CARTESIAN_POINT('',(-24.66415077263,-13.75614938646,15.9));
#1872 = DEFINITIONAL_REPRESENTATION('',(#1873),#1876);
#1873 = B_SPLINE_CURVE_WITH_KNOTS('',1,(#1874,#1875),.UNSPECIFIED.,.F.,
  .F.,(2,2),(0.,1.),.PIECEWISE_BEZIER_KNOTS.);
#1874 = CARTESIAN_POINT('',(0.,0.));
#1875 = CARTESIAN_POINT('',(0.,1.));
#1876 = ( GEOMETRIC_REPRESENTATION_CONTEXT(2) 
PARAMETRIC_REPRESENTATION_CONTEXT() REPRESENTATION_CONTEXT('2D SPACE',''
  ) );
#1877 = ORIENTED_EDGE('',*,*,#1878,.T.);
#1878 = EDGE_CURVE('',#1846,#1879,#1881,.T.);
#1879 = VERTEX_POINT('',#1880);
#1880 = CARTESIAN_POINT('',(-28.25752049405,-18.90800189154,0.));
#1881 = SURFACE_CURVE('',#1882,(#1887,#1895),.PCURVE_S1.);
#1882 = ( BOUNDED_CURVE() B_SPLINE_CURVE(3,(#1883,#1884,#1885,#1886),
.UNSPECIFIED.,.F.,.F.) B_SPLINE_CURVE_WITH_KNOTS((4,4),(0.,1.),
.PIECEWISE_BEZIER_KNOTS.) CURVE() GEOMETRIC_REPRESENTATION_ITEM() 
RATIONAL_B_SPLINE_CURVE((1.,0.992368104903,1.010655752079,1.)) 
REPRESENTATION_ITEM('') );
#1883 = CARTESIAN_POINT('',(-24.66415077263,-13.75614938646,0.));
#1884 = CARTESIAN_POINT('',(-26.13831891586,-14.76932412397,0.));
#1885 = CARTESIAN_POINT('',(-27.48420802522,-16.98811542339,0.));
#1886 = CARTESIAN_POINT('',(-28.25752049405,-18.90800189154,0.));
#1887 = PCURVE('',#45,#1888);
#1888 = DEFINITIONAL_REPRESENTATION('',(#1889),#1894);
#1889 = ( BOUNDED_CURVE() B_SPLINE_CURVE(3,(#1890,#1891,#1892,#1893),
.UNSPECIFIED.,.F.,.F.) B_SPLINE_CURVE_WITH_KNOTS((4,4),(0.,1.),
.PIECEWISE_BEZIER_KNOTS.) CURVE() GEOMETRIC_REPRESENTATION_ITEM() 
RATIONAL_B_SPLINE_CURVE((1.,0.992368104903,1.010655752079,1.)) 
REPRESENTATION_ITEM('') );
#1890 = CARTESIAN_POINT('',(-24.66415077263,-13.75614938646));
#1891 = CARTESIAN_POINT('',(-26.13831891586,-14.76932412397));
#1892 = CARTESIAN_POINT('',(-27.48420802522,-16.98811542339));
#1893 = CARTESIAN_POINT('',(-28.25752049405,-18.90800189154));
#1894 = ( GEOMETRIC_REPRESENTATION_CONTEXT(2) 
PARAMETRIC_REPRESENTATION_CONTEXT() REPRESENTATION_CONTEXT('2D SPACE',''
  ) );
#1895 = PCURVE('',#1896,#1905);
#1896 = ( BOUNDED_SURFACE() B_SPLINE_SURFACE(1,3,(
    (#1897,#1898,#1899,#1900)
    ,(#1901,#1902,#1903,#1904
)),.UNSPECIFIED.,.F.,.F.,.F.) B_SPLINE_SURFACE_WITH_KNOTS((2,2),(4,4),(
    0.,1.),(0.,1.),.PIECEWISE_BEZIER_KNOTS.) 
GEOMETRIC_REPRESENTATION_ITEM() RATIONAL_B_SPLINE_SURFACE((
    (1.,0.992368104903,1.010655752079,1.)
,(1.,0.992368104903,1.010655752079,1.
))) REPRESENTATION_ITEM('') SURFACE() );
#1897 = CARTESIAN_POINT('',(-24.66415077263,-13.75614938646,0.));
#1898 = CARTESIAN_POINT('',(-26.13831891586,-14.76932412397,0.));
#1899 = CARTESIAN_POINT('',(-27.48420802522,-16.98811542339,0.));
#1900 = CARTESIAN_POINT('',(-28.25752049405,-18.90800189154,0.));
#1901 = CARTESIAN_POINT('',(-24.66415077263,-13.75614938646,15.9));
#1902 = CARTESIAN_POINT('',(-26.13831891586,-14.76932412397,15.9));
#1903 = CARTESIAN_POINT('',(-27.48420802522,-16.98811542339,15.9));
#1904 = CARTESIAN_POINT('',(-28.25752049405,-18.90800189154,15.9));
#1905 = DEFINITIONAL_REPRESENTATION('',(#1906),#1909);
#1906 = B_SPLINE_CURVE_WITH_KNOTS('',1,(#1907,#1908),.UNSPECIFIED.,.F.,
  .F.,(2,2),(0.,1.),.PIECEWISE_BEZIER_KNOTS.);
#1907 = CARTESIAN_POINT('',(0.,0.));
#1908 = CARTESIAN_POINT('',(0.,1.));
#1909 = ( GEOMETRIC_REPRESENTATION_CONTEXT(2) 
PARAMETRIC_REPRESENTATION_CONTEXT() REPRESENTATION_CONTEXT('2D SPACE',''
  ) );
#1910 = ORIENTED_EDGE('',*,*,#1911,.T.);
#1911 = EDGE_CURVE('',#1879,#1912,#1914,.T.);
#1912 = VERTEX_POINT('',#1913);
#1913 = CARTESIAN_POINT('',(-26.71463246063,-21.03160508605,0.));
#1914 = SURFACE_CURVE('',#1915,(#1919,#1926),.PCURVE_S1.);
#1915 = ( BOUNDED_CURVE() B_SPLINE_CURVE(2,(#1916,#1917,#1918),
.UNSPECIFIED.,.F.,.F.) B_SPLINE_CURVE_WITH_KNOTS((3,3),(0.,1.),
.PIECEWISE_BEZIER_KNOTS.) CURVE() GEOMETRIC_REPRESENTATION_ITEM() 
RATIONAL_B_SPLINE_CURVE((1.,0.999254675315,1.)) REPRESENTATION_ITEM('') 
  );
#1916 = CARTESIAN_POINT('',(-28.25752049405,-18.90800189154,0.));
#1917 = CARTESIAN_POINT('',(-27.52709443175,-19.99960477709,0.));
#1918 = CARTESIAN_POINT('',(-26.71463246063,-21.03160508605,0.));
#1919 = PCURVE('',#45,#1920);
#1920 = DEFINITIONAL_REPRESENTATION('',(#1921),#1925);
#1921 = ( BOUNDED_CURVE() B_SPLINE_CURVE(2,(#1922,#1923,#1924),
.UNSPECIFIED.,.F.,.F.) B_SPLINE_CURVE_WITH_KNOTS((3,3),(0.,1.),
.PIECEWISE_BEZIER_KNOTS.) CURVE() GEOMETRIC_REPRESENTATION_ITEM() 
RATIONAL_B_SPLINE_CURVE((1.,0.999254675315,1.)) REPRESENTATION_ITEM('') 
  );
#1922 = CARTESIAN_POINT('',(-28.25752049405,-18.90800189154));
#1923 = CARTESIAN_POINT('',(-27.52709443175,-19.99960477709));
#1924 = CARTESIAN_POINT('',(-26.71463246063,-21.03160508605));
#1925 = ( GEOMETRIC_REPRESENTATION_CONTEXT(2) 
PARAMETRIC_REPRESENTATION_CONTEXT() REPRESENTATION_CONTEXT('2D SPACE',''
  ) );
#1926 = PCURVE('',#1927,#1934);
#1927 = ( BOUNDED_SURFACE() B_SPLINE_SURFACE(1,2,(
    (#1928,#1929,#1930)
    ,(#1931,#1932,#1933
)),.UNSPECIFIED.,.F.,.F.,.F.) B_SPLINE_SURFACE_WITH_KNOTS((2,2),(3,3),(
    0.,1.),(0.,1.),.PIECEWISE_BEZIER_KNOTS.) 
GEOMETRIC_REPRESENTATION_ITEM() RATIONAL_B_SPLINE_SURFACE((
    (1.,0.999254675315,1.)
,(1.,0.999254675315,1.))) REPRESENTATION_ITEM('') SURFACE() );
#1928 = CARTESIAN_POINT('',(-28.25752049405,-18.90800189154,0.));
#1929 = CARTESIAN_POINT('',(-27.52709443175,-19.99960477709,0.));
#1930 = CARTESIAN_POINT('',(-26.71463246063,-21.03160508605,0.));
#1931 = CARTESIAN_POINT('',(-28.25752049405,-18.90800189154,15.9));
#1932 = CARTESIAN_POINT('',(-27.52709443175,-19.99960477709,15.9));
#1933 = CARTESIAN_POINT('',(-26.71463246063,-21.03160508605,15.9));
#1934 = DEFINITIONAL_REPRESENTATION('',(#1935),#1938);
#1935 = B_SPLINE_CURVE_WITH_KNOTS('',1,(#1936,#1937),.UNSPECIFIED.,.F.,
  .F.,(2,2),(0.,1.),.PIECEWISE_BEZIER_KNOTS.);
#1936 = CARTESIAN_POINT('',(0.,0.));
#1937 = CARTESIAN_POINT('',(0.,1.));
#1938 = ( GEOMETRIC_REPRESENTATION_CONTEXT(2) 
PARAMETRIC_REPRESENTATION_CONTEXT() REPRESENTATION_CONTEXT('2D SPACE',''
  ) );
#1939 = ORIENTED_EDGE('',*,*,#1940,.T.);
#1940 = EDGE_CURVE('',#1912,#1941,#1943,.T.);
#1941 = VERTEX_POINT('',#1942);
#1942 = CARTESIAN_POINT('',(-20.70451725369,-19.20611737362,0.));
#1943 = SURFACE_CURVE('',#1944,(#1949,#1957),.PCURVE_S1.);
#1944 = ( BOUNDED_CURVE() B_SPLINE_CURVE(3,(#1945,#1946,#1947,#1948),
.UNSPECIFIED.,.F.,.F.) B_SPLINE_CURVE_WITH_KNOTS((4,4),(0.,1.),
.PIECEWISE_BEZIER_KNOTS.) CURVE() GEOMETRIC_REPRESENTATION_ITEM() 
RATIONAL_B_SPLINE_CURVE((1.,1.010655752079,0.992368104903,1.)) 
REPRESENTATION_ITEM('') );
#1945 = CARTESIAN_POINT('',(-26.71463246063,-21.03160508605,0.));
#1946 = CARTESIAN_POINT('',(-24.64974522972,-20.88941876936,0.));
#1947 = CARTESIAN_POINT('',(-22.12364669877,-20.29504638019,0.));
#1948 = CARTESIAN_POINT('',(-20.70451725369,-19.20611737362,0.));
#1949 = PCURVE('',#45,#1950);
#1950 = DEFINITIONAL_REPRESENTATION('',(#1951),#1956);
#1951 = ( BOUNDED_CURVE() B_SPLINE_CURVE(3,(#1952,#1953,#1954,#1955),
.UNSPECIFIED.,.F.,.F.) B_SPLINE_CURVE_WITH_KNOTS((4,4),(0.,1.),
.PIECEWISE_BEZIER_KNOTS.) CURVE() GEOMETRIC_REPRESENTATION_ITEM() 
RATIONAL_B_SPLINE_CURVE((1.,1.010655752079,0.992368104903,1.)) 
REPRESENTATION_ITEM('') );
#1952 = CARTESIAN_POINT('',(-26.71463246063,-21.03160508605));
#1953 = CARTESIAN_POINT('',(-24.64974522972,-20.88941876936));
#1954 = CARTESIAN_POINT('',(-22.12364669877,-20.29504638019));
#1955 = CARTESIAN_POINT('',(-20.70451725369,-19.20611737362));
#1956 = ( GEOMETRIC_REPRESENTATION_CONTEXT(2) 
PARAMETRIC_REPRESENTATION_CONTEXT() REPRESENTATION_CONTEXT('2D SPACE',''
  ) );
#1957 = PCURVE('',#1958,#1967);
#1958 = ( BOUNDED_SURFACE() B_SPLINE_SURFACE(1,3,(
    (#1959,#1960,#1961,#1962)
    ,(#1963,#1964,#1965,#1966
)),.UNSPECIFIED.,.F.,.F.,.F.) B_SPLINE_SURFACE_WITH_KNOTS((2,2),(4,4),(
    0.,1.),(0.,1.),.PIECEWISE_BEZIER_KNOTS.) 
GEOMETRIC_REPRESENTATION_ITEM() RATIONAL_B_SPLINE_SURFACE((
    (1.,1.010655752079,0.992368104903,1.)
,(1.,1.010655752079,0.992368104903,1.
))) REPRESENTATION_ITEM('') SURFACE() );
#1959 = CARTESIAN_POINT('',(-26.71463246063,-21.03160508605,0.));
#1960 = CARTESIAN_POINT('',(-24.64974522972,-20.88941876936,0.));
#1961 = CARTESIAN_POINT('',(-22.12364669877,-20.29504638019,0.));
#1962 = CARTESIAN_POINT('',(-20.70451725369,-19.20611737362,0.));
#1963 = CARTESIAN_POINT('',(-26.71463246063,-21.03160508605,15.9));
#1964 = CARTESIAN_POINT('',(-24.64974522972,-20.88941876936,15.9));
#1965 = CARTESIAN_POINT('',(-22.12364669877,-20.29504638019,15.9));
#1966 = CARTESIAN_POINT('',(-20.70451725369,-19.20611737362,15.9));
#1967 = DEFINITIONAL_REPRESENTATION('',(#1968),#1971);
#1968 = B_SPLINE_CURVE_WITH_KNOTS('',1,(#1969,#1970),.UNSPECIFIED.,.F.,
  .F.,(2,2),(0.,1.),.PIECEWISE_BEZIER_KNOTS.);
#1969 = CARTESIAN_POINT('',(0.,0.));
#1970 = CARTESIAN_POINT('',(0.,1.));
#1971 = ( GEOMETRIC_REPRESENTATION_CONTEXT(2) 
PARAMETRIC_REPRESENTATION_CONTEXT() REPRESENTATION_CONTEXT('2D SPACE',''
  ) );
#1972 = ORIENTED_EDGE('',*,*,#1973,.T.);
#1973 = EDGE_CURVE('',#1941,#1974,#1976,.T.);
#1974 = VERTEX_POINT('',#1975);
#1975 = CARTESIAN_POINT('',(-17.71409040066,-17.92347626096,0.));
#1976 = SURFACE_CURVE('',#1977,(#1982,#1990),.PCURVE_S1.);
#1977 = ( BOUNDED_CURVE() B_SPLINE_CURVE(3,(#1978,#1979,#1980,#1981),
.UNSPECIFIED.,.F.,.F.) B_SPLINE_CURVE_WITH_KNOTS((4,4),(0.,1.),
.PIECEWISE_BEZIER_KNOTS.) CURVE() GEOMETRIC_REPRESENTATION_ITEM() 
RATIONAL_B_SPLINE_CURVE((1.,1.090235562154,0.878790067642,1.)) 
REPRESENTATION_ITEM('') );
#1978 = CARTESIAN_POINT('',(-20.70451725369,-19.20611737362,0.));
#1979 = CARTESIAN_POINT('',(-19.94999473609,-18.34145539085,0.));
#1980 = CARTESIAN_POINT('',(-18.50416386663,-17.15420451497,0.));
#1981 = CARTESIAN_POINT('',(-17.71409040066,-17.92347626096,0.));
#1982 = PCURVE('',#45,#1983);
#1983 = DEFINITIONAL_REPRESENTATION('',(#1984),#1989);
#1984 = ( BOUNDED_CURVE() B_SPLINE_CURVE(3,(#1985,#1986,#1987,#1988),
.UNSPECIFIED.,.F.,.F.) B_SPLINE_CURVE_WITH_KNOTS((4,4),(0.,1.),
.PIECEWISE_BEZIER_KNOTS.) CURVE() GEOMETRIC_REPRESENTATION_ITEM() 
RATIONAL_B_SPLINE_CURVE((1.,1.090235562154,0.878790067642,1.)) 
REPRESENTATION_ITEM('') );
#1985 = CARTESIAN_POINT('',(-20.70451725369,-19.20611737362));
#1986 = CARTESIAN_POINT('',(-19.94999473609,-18.34145539085));
#1987 = CARTESIAN_POINT('',(-18.50416386663,-17.15420451497));
#1988 = CARTESIAN_POINT('',(-17.71409040066,-17.92347626096));
#1989 = ( GEOMETRIC_REPRESENTATION_CONTEXT(2) 
PARAMETRIC_REPRESENTATION_CONTEXT() REPRESENTATION_CONTEXT('2D SPACE',''
  ) );
#1990 = PCURVE('',#1991,#2000);
#1991 = ( BOUNDED_SURFACE() B_SPLINE_SURFACE(1,3,(
    (#1992,#1993,#1994,#1995)
    ,(#1996,#1997,#1998,#1999
)),.UNSPECIFIED.,.F.,.F.,.F.) B_SPLINE_SURFACE_WITH_KNOTS((2,2),(4,4),(
    0.,1.),(0.,1.),.PIECEWISE_BEZIER_KNOTS.) 
GEOMETRIC_REPRESENTATION_ITEM() RATIONAL_B_SPLINE_SURFACE((
    (1.,1.090235562154,0.878790067642,1.)
,(1.,1.090235562154,0.878790067642,1.
))) REPRESENTATION_ITEM('') SURFACE() );
#1992 = CARTESIAN_POINT('',(-20.70451725369,-19.20611737362,0.));
#1993 = CARTESIAN_POINT('',(-19.94999473609,-18.34145539085,0.));
#1994 = CARTESIAN_POINT('',(-18.50416386663,-17.15420451497,0.));
#1995 = CARTESIAN_POINT('',(-17.71409040066,-17.92347626096,0.));
#1996 = CARTESIAN_POINT('',(-20.70451725369,-19.20611737362,15.9));
#1997 = CARTESIAN_POINT('',(-19.94999473609,-18.34145539085,15.9));
#1998 = CARTESIAN_POINT('',(-18.50416386663,-17.15420451497,15.9));
#1999 = CARTESIAN_POINT('',(-17.71409040066,-17.92347626096,15.9));
#2000 = DEFINITIONAL_REPRESENTATION('',(#2001),#2004);
#2001 = B_SPLINE_CURVE_WITH_KNOTS('',1,(#2002,#2003),.UNSPECIFIED.,.F.,
  .F.,(2,2),(0.,1.),.PIECEWISE_BEZIER_KNOTS.);
#2002 = CARTESIAN_POINT('',(0.,0.));
#2003 = CARTESIAN_POINT('',(0.,1.));
#2004 = ( GEOMETRIC_REPRESENTATION_CONTEXT(2) 
PARAMETRIC_REPRESENTATION_CONTEXT() REPRESENTATION_CONTEXT('2D SPACE',''
  ) );
#2005 = ORIENTED_EDGE('',*,*,#2006,.T.);
#2006 = EDGE_CURVE('',#1974,#2007,#2009,.T.);
#2007 = VERTEX_POINT('',#2008);
#2008 = CARTESIAN_POINT('',(-15.97366293487,-19.49056418996,0.));
#2009 = SURFACE_CURVE('',#2010,(#2014,#2021),.PCURVE_S1.);
#2010 = ( BOUNDED_CURVE() B_SPLINE_CURVE(2,(#2011,#2012,#2013),
.UNSPECIFIED.,.F.,.F.) B_SPLINE_CURVE_WITH_KNOTS((3,3),(0.,1.),
.PIECEWISE_BEZIER_KNOTS.) CURVE() GEOMETRIC_REPRESENTATION_ITEM() 
RATIONAL_B_SPLINE_CURVE((1.,0.998919789238,1.)) REPRESENTATION_ITEM('') 
  );
#2011 = CARTESIAN_POINT('',(-17.71409040066,-17.92347626096,0.));
#2012 = CARTESIAN_POINT('',(-16.88032558961,-18.74750085422,0.));
#2013 = CARTESIAN_POINT('',(-15.97366293487,-19.49056418996,0.));
#2014 = PCURVE('',#45,#2015);
#2015 = DEFINITIONAL_REPRESENTATION('',(#2016),#2020);
#2016 = ( BOUNDED_CURVE() B_SPLINE_CURVE(2,(#2017,#2018,#2019),
.UNSPECIFIED.,.F.,.F.) B_SPLINE_CURVE_WITH_KNOTS((3,3),(0.,1.),
.PIECEWISE_BEZIER_KNOTS.) CURVE() GEOMETRIC_REPRESENTATION_ITEM() 
RATIONAL_B_SPLINE_CURVE((1.,0.998919789238,1.)) REPRESENTATION_ITEM('') 
  );
#2017 = CARTESIAN_POINT('',(-17.71409040066,-17.92347626096));
#2018 = CARTESIAN_POINT('',(-16.88032558961,-18.74750085422));
#2019 = CARTESIAN_POINT('',(-15.97366293487,-19.49056418996));
#2020 = ( GEOMETRIC_REPRESENTATION_CONTEXT(2) 
PARAMETRIC_REPRESENTATION_CONTEXT() REPRESENTATION_CONTEXT('2D SPACE',''
  ) );
#2021 = PCURVE('',#2022,#2029);
#2022 = ( BOUNDED_SURFACE() B_SPLINE_SURFACE(1,2,(
    (#2023,#2024,#2025)
    ,(#2026,#2027,#2028
)),.UNSPECIFIED.,.F.,.F.,.F.) B_SPLINE_SURFACE_WITH_KNOTS((2,2),(3,3),(
    0.,1.),(0.,1.),.PIECEWISE_BEZIER_KNOTS.) 
GEOMETRIC_REPRESENTATION_ITEM() RATIONAL_B_SPLINE_SURFACE((
    (1.,0.998919789238,1.)
,(1.,0.998919789238,1.))) REPRESENTATION_ITEM('') SURFACE() );
#2023 = CARTESIAN_POINT('',(-17.71409040066,-17.92347626096,0.));
#2024 = CARTESIAN_POINT('',(-16.88032558961,-18.74750085422,0.));
#2025 = CARTESIAN_POINT('',(-15.97366293487,-19.49056418996,0.));
#2026 = CARTESIAN_POINT('',(-17.71409040066,-17.92347626096,15.9));
#2027 = CARTESIAN_POINT('',(-16.88032558961,-18.74750085422,15.9));
#2028 = CARTESIAN_POINT('',(-15.97366293487,-19.49056418996,15.9));
#2029 = DEFINITIONAL_REPRESENTATION('',(#2030),#2033);
#2030 = B_SPLINE_CURVE_WITH_KNOTS('',1,(#2031,#2032),.UNSPECIFIED.,.F.,
  .F.,(2,2),(0.,1.),.PIECEWISE_BEZIER_KNOTS.);
#2031 = CARTESIAN_POINT('',(0.,0.));
#2032 = CARTESIAN_POINT('',(0.,1.));
#2033 = ( GEOMETRIC_REPRESENTATION_CONTEXT(2) 
PARAMETRIC_REPRESENTATION_CONTEXT() REPRESENTATION_CONTEXT('2D SPACE',''
  ) );
#2034 = ORIENTED_EDGE('',*,*,#2035,.T.);
#2035 = EDGE_CURVE('',#2007,#2036,#2038,.T.);
#2036 = VERTEX_POINT('',#2037);
#2037 = CARTESIAN_POINT('',(-16.93669288186,-22.59868167623,0.));
#2038 = SURFACE_CURVE('',#2039,(#2044,#2052),.PCURVE_S1.);
#2039 = ( BOUNDED_CURVE() B_SPLINE_CURVE(3,(#2040,#2041,#2042,#2043),
.UNSPECIFIED.,.F.,.F.) B_SPLINE_CURVE_WITH_KNOTS((4,4),(0.,1.),
.PIECEWISE_BEZIER_KNOTS.) CURVE() GEOMETRIC_REPRESENTATION_ITEM() 
RATIONAL_B_SPLINE_CURVE((1.,0.878790067642,1.090235562154,1.)) 
REPRESENTATION_ITEM('') );
#2040 = CARTESIAN_POINT('',(-15.97366293487,-19.49056418996,0.));
#2041 = CARTESIAN_POINT('',(-15.12602017473,-20.19589875738,0.));
#2042 = CARTESIAN_POINT('',(-16.15563668716,-21.75791072362,0.));
#2043 = CARTESIAN_POINT('',(-16.93669288187,-22.59868167624,0.));
#2044 = PCURVE('',#45,#2045);
#2045 = DEFINITIONAL_REPRESENTATION('',(#2046),#2051);
#2046 = ( BOUNDED_CURVE() B_SPLINE_CURVE(3,(#2047,#2048,#2049,#2050),
.UNSPECIFIED.,.F.,.F.) B_SPLINE_CURVE_WITH_KNOTS((4,4),(0.,1.),
.PIECEWISE_BEZIER_KNOTS.) CURVE() GEOMETRIC_REPRESENTATION_ITEM() 
RATIONAL_B_SPLINE_CURVE((1.,0.878790067642,1.090235562154,1.)) 
REPRESENTATION_ITEM('') );
#2047 = CARTESIAN_POINT('',(-15.97366293487,-19.49056418996));
#2048 = CARTESIAN_POINT('',(-15.12602017473,-20.19589875738));
#2049 = CARTESIAN_POINT('',(-16.15563668716,-21.75791072362));
#2050 = CARTESIAN_POINT('',(-16.93669288187,-22.59868167624));
#2051 = ( GEOMETRIC_REPRESENTATION_CONTEXT(2) 
PARAMETRIC_REPRESENTATION_CONTEXT() REPRESENTATION_CONTEXT('2D SPACE',''
  ) );
#2052 = PCURVE('',#2053,#2062);
#2053 = ( BOUNDED_SURFACE() B_SPLINE_SURFACE(1,3,(
    (#2054,#2055,#2056,#2057)
    ,(#2058,#2059,#2060,#2061
)),.UNSPECIFIED.,.F.,.F.,.F.) B_SPLINE_SURFACE_WITH_KNOTS((2,2),(4,4),(
    0.,1.),(0.,1.),.PIECEWISE_BEZIER_KNOTS.) 
GEOMETRIC_REPRESENTATION_ITEM() RATIONAL_B_SPLINE_SURFACE((
    (1.,0.878790067642,1.090235562154,1.)
,(1.,0.878790067642,1.090235562154,1.
))) REPRESENTATION_ITEM('') SURFACE() );
#2054 = CARTESIAN_POINT('',(-15.97366293487,-19.49056418996,0.));
#2055 = CARTESIAN_POINT('',(-15.12602017473,-20.19589875738,0.));
#2056 = CARTESIAN_POINT('',(-16.15563668716,-21.75791072362,0.));
#2057 = CARTESIAN_POINT('',(-16.93669288185,-22.59868167623,0.));
#2058 = CARTESIAN_POINT('',(-15.97366293487,-19.49056418996,15.9));
#2059 = CARTESIAN_POINT('',(-15.12602017473,-20.19589875738,15.9));
#2060 = CARTESIAN_POINT('',(-16.15563668716,-21.75791072362,15.9));
#2061 = CARTESIAN_POINT('',(-16.93669288185,-22.59868167623,15.9));
#2062 = DEFINITIONAL_REPRESENTATION('',(#2063),#2066);
#2063 = B_SPLINE_CURVE_WITH_KNOTS('',1,(#2064,#2065),.UNSPECIFIED.,.F.,
  .F.,(2,2),(0.,1.),.PIECEWISE_BEZIER_KNOTS.);
#2064 = CARTESIAN_POINT('',(0.,0.));
#2065 = CARTESIAN_POINT('',(0.,1.));
#2066 = ( GEOMETRIC_REPRESENTATION_CONTEXT(2) 
PARAMETRIC_REPRESENTATION_CONTEXT() REPRESENTATION_CONTEXT('2D SPACE',''
  ) );
#2067 = ORIENTED_EDGE('',*,*,#2068,.T.);
#2068 = EDGE_CURVE('',#2036,#2069,#2071,.T.);
#2069 = VERTEX_POINT('',#2070);
#2070 = CARTESIAN_POINT('',(-18.12395227494,-28.76668826851,0.));
#2071 = SURFACE_CURVE('',#2072,(#2077,#2085),.PCURVE_S1.);
#2072 = ( BOUNDED_CURVE() B_SPLINE_CURVE(3,(#2073,#2074,#2075,#2076),
.UNSPECIFIED.,.F.,.F.) B_SPLINE_CURVE_WITH_KNOTS((4,4),(0.,1.),
.PIECEWISE_BEZIER_KNOTS.) CURVE() GEOMETRIC_REPRESENTATION_ITEM() 
RATIONAL_B_SPLINE_CURVE((1.,0.992368104903,1.010655752079,1.)) 
REPRESENTATION_ITEM('') );
#2073 = CARTESIAN_POINT('',(-16.93669288185,-22.59868167623,0.));
#2074 = CARTESIAN_POINT('',(-17.87131720131,-24.12386105739,0.));
#2075 = CARTESIAN_POINT('',(-18.19838435885,-26.69825018872,0.));
#2076 = CARTESIAN_POINT('',(-18.12395227494,-28.76668826851,0.));
#2077 = PCURVE('',#45,#2078);
#2078 = DEFINITIONAL_REPRESENTATION('',(#2079),#2084);
#2079 = ( BOUNDED_CURVE() B_SPLINE_CURVE(3,(#2080,#2081,#2082,#2083),
.UNSPECIFIED.,.F.,.F.) B_SPLINE_CURVE_WITH_KNOTS((4,4),(0.,1.),
.PIECEWISE_BEZIER_KNOTS.) CURVE() GEOMETRIC_REPRESENTATION_ITEM() 
RATIONAL_B_SPLINE_CURVE((1.,0.992368104903,1.010655752079,1.)) 
REPRESENTATION_ITEM('') );
#2080 = CARTESIAN_POINT('',(-16.93669288185,-22.59868167623));
#2081 = CARTESIAN_POINT('',(-17.87131720131,-24.12386105739));
#2082 = CARTESIAN_POINT('',(-18.19838435885,-26.69825018872));
#2083 = CARTESIAN_POINT('',(-18.12395227494,-28.76668826851));
#2084 = ( GEOMETRIC_REPRESENTATION_CONTEXT(2) 
PARAMETRIC_REPRESENTATION_CONTEXT() REPRESENTATION_CONTEXT('2D SPACE',''
  ) );
#2085 = PCURVE('',#2086,#2095);
#2086 = ( BOUNDED_SURFACE() B_SPLINE_SURFACE(1,3,(
    (#2087,#2088,#2089,#2090)
    ,(#2091,#2092,#2093,#2094
)),.UNSPECIFIED.,.F.,.F.,.F.) B_SPLINE_SURFACE_WITH_KNOTS((2,2),(4,4),(
    0.,1.),(0.,1.),.PIECEWISE_BEZIER_KNOTS.) 
GEOMETRIC_REPRESENTATION_ITEM() RATIONAL_B_SPLINE_SURFACE((
    (1.,0.992368104903,1.010655752079,1.)
,(1.,0.992368104903,1.010655752079,1.
))) REPRESENTATION_ITEM('') SURFACE() );
#2087 = CARTESIAN_POINT('',(-16.93669288185,-22.59868167623,0.));
#2088 = CARTESIAN_POINT('',(-17.87131720131,-24.12386105739,0.));
#2089 = CARTESIAN_POINT('',(-18.19838435885,-26.69825018872,0.));
#2090 = CARTESIAN_POINT('',(-18.12395227494,-28.76668826851,0.));
#2091 = CARTESIAN_POINT('',(-16.93669288185,-22.59868167623,15.9));
#2092 = CARTESIAN_POINT('',(-17.87131720131,-24.12386105739,15.9));
#2093 = CARTESIAN_POINT('',(-18.19838435885,-26.69825018872,15.9));
#2094 = CARTESIAN_POINT('',(-18.12395227494,-28.76668826851,15.9));
#2095 = DEFINITIONAL_REPRESENTATION('',(#2096),#2099);
#2096 = B_SPLINE_CURVE_WITH_KNOTS('',1,(#2097,#2098),.UNSPECIFIED.,.F.,
  .F.,(2,2),(0.,1.),.PIECEWISE_BEZIER_KNOTS.);
#2097 = CARTESIAN_POINT('',(0.,0.));
#2098 = CARTESIAN_POINT('',(0.,1.));
#2099 = ( GEOMETRIC_REPRESENTATION_CONTEXT(2) 
PARAMETRIC_REPRESENTATION_CONTEXT() REPRESENTATION_CONTEXT('2D SPACE',''
  ) );
#2100 = ORIENTED_EDGE('',*,*,#2101,.T.);
#2101 = EDGE_CURVE('',#2069,#2102,#2104,.T.);
#2102 = VERTEX_POINT('',#2103);
#2103 = CARTESIAN_POINT('',(-15.85070668581,-30.07914722133,0.));
#2104 = SURFACE_CURVE('',#2105,(#2109,#2116),.PCURVE_S1.);
#2105 = ( BOUNDED_CURVE() B_SPLINE_CURVE(2,(#2106,#2107,#2108),
.UNSPECIFIED.,.F.,.F.) B_SPLINE_CURVE_WITH_KNOTS((3,3),(0.,1.),
.PIECEWISE_BEZIER_KNOTS.) CURVE() GEOMETRIC_REPRESENTATION_ITEM() 
RATIONAL_B_SPLINE_CURVE((1.,0.999254675315,1.)) REPRESENTATION_ITEM('') 
  );
#2106 = CARTESIAN_POINT('',(-18.12395227494,-28.76668826851,0.));
#2107 = CARTESIAN_POINT('',(-17.01267997035,-29.46682608156,0.));
#2108 = CARTESIAN_POINT('',(-15.85070668581,-30.07914722133,0.));
#2109 = PCURVE('',#45,#2110);
#2110 = DEFINITIONAL_REPRESENTATION('',(#2111),#2115);
#2111 = ( BOUNDED_CURVE() B_SPLINE_CURVE(2,(#2112,#2113,#2114),
.UNSPECIFIED.,.F.,.F.) B_SPLINE_CURVE_WITH_KNOTS((3,3),(0.,1.),
.PIECEWISE_BEZIER_KNOTS.) CURVE() GEOMETRIC_REPRESENTATION_ITEM() 
RATIONAL_B_SPLINE_CURVE((1.,0.999254675315,1.)) REPRESENTATION_ITEM('') 
  );
#2112 = CARTESIAN_POINT('',(-18.12395227494,-28.76668826851));
#2113 = CARTESIAN_POINT('',(-17.01267997035,-29.46682608156));
#2114 = CARTESIAN_POINT('',(-15.85070668581,-30.07914722133));
#2115 = ( GEOMETRIC_REPRESENTATION_CONTEXT(2) 
PARAMETRIC_REPRESENTATION_CONTEXT() REPRESENTATION_CONTEXT('2D SPACE',''
  ) );
#2116 = PCURVE('',#2117,#2124);
#2117 = ( BOUNDED_SURFACE() B_SPLINE_SURFACE(1,2,(
    (#2118,#2119,#2120)
    ,(#2121,#2122,#2123
)),.UNSPECIFIED.,.F.,.F.,.F.) B_SPLINE_SURFACE_WITH_KNOTS((2,2),(3,3),(
    0.,1.),(0.,1.),.PIECEWISE_BEZIER_KNOTS.) 
GEOMETRIC_REPRESENTATION_ITEM() RATIONAL_B_SPLINE_SURFACE((
    (1.,0.999254675315,1.)
,(1.,0.999254675315,1.))) REPRESENTATION_ITEM('') SURFACE() );
#2118 = CARTESIAN_POINT('',(-18.12395227494,-28.76668826851,0.));
#2119 = CARTESIAN_POINT('',(-17.01267997035,-29.46682608156,0.));
#2120 = CARTESIAN_POINT('',(-15.85070668581,-30.07914722133,0.));
#2121 = CARTESIAN_POINT('',(-18.12395227494,-28.76668826851,15.9));
#2122 = CARTESIAN_POINT('',(-17.01267997035,-29.46682608156,15.9));
#2123 = CARTESIAN_POINT('',(-15.85070668581,-30.07914722133,15.9));
#2124 = DEFINITIONAL_REPRESENTATION('',(#2125),#2128);
#2125 = B_SPLINE_CURVE_WITH_KNOTS('',1,(#2126,#2127),.UNSPECIFIED.,.F.,
  .F.,(2,2),(0.,1.),.PIECEWISE_BEZIER_KNOTS.);
#2126 = CARTESIAN_POINT('',(0.,0.));
#2127 = CARTESIAN_POINT('',(0.,1.));
#2128 = ( GEOMETRIC_REPRESENTATION_CONTEXT(2) 
PARAMETRIC_REPRESENTATION_CONTEXT() REPRESENTATION_CONTEXT('2D SPACE',''
  ) );
#2129 = ORIENTED_EDGE('',*,*,#2130,.T.);
#2130 = EDGE_CURVE('',#2102,#2131,#2133,.T.);
#2131 = VERTEX_POINT('',#2132);
#2132 = CARTESIAN_POINT('',(-11.10268598272,-25.96694712989,0.));
#2133 = SURFACE_CURVE('',#2134,(#2139,#2147),.PCURVE_S1.);
#2134 = ( BOUNDED_CURVE() B_SPLINE_CURVE(3,(#2135,#2136,#2137,#2138),
.UNSPECIFIED.,.F.,.F.) B_SPLINE_CURVE_WITH_KNOTS((4,4),(0.,1.),
.PIECEWISE_BEZIER_KNOTS.) CURVE() GEOMETRIC_REPRESENTATION_ITEM() 
RATIONAL_B_SPLINE_CURVE((1.,1.010655752079,0.992368104903,1.)) 
REPRESENTATION_ITEM('') );
#2135 = CARTESIAN_POINT('',(-15.85070668581,-30.07914722133,0.));
#2136 = CARTESIAN_POINT('',(-14.0221707206,-29.10938825696,0.));
#2137 = CARTESIAN_POINT('',(-11.95621791241,-27.53894522412,0.));
#2138 = CARTESIAN_POINT('',(-11.10268598272,-25.96694712989,0.));
#2139 = PCURVE('',#45,#2140);
#2140 = DEFINITIONAL_REPRESENTATION('',(#2141),#2146);
#2141 = ( BOUNDED_CURVE() B_SPLINE_CURVE(3,(#2142,#2143,#2144,#2145),
.UNSPECIFIED.,.F.,.F.) B_SPLINE_CURVE_WITH_KNOTS((4,4),(0.,1.),
.PIECEWISE_BEZIER_KNOTS.) CURVE() GEOMETRIC_REPRESENTATION_ITEM() 
RATIONAL_B_SPLINE_CURVE((1.,1.010655752079,0.992368104903,1.)) 
REPRESENTATION_ITEM('') );
#2142 = CARTESIAN_POINT('',(-15.85070668581,-30.07914722133));
#2143 = CARTESIAN_POINT('',(-14.0221707206,-29.10938825696));
#2144 = CARTESIAN_POINT('',(-11.95621791241,-27.53894522412));
#2145 = CARTESIAN_POINT('',(-11.10268598272,-25.96694712989));
#2146 = ( GEOMETRIC_REPRESENTATION_CONTEXT(2) 
PARAMETRIC_REPRESENTATION_CONTEXT() REPRESENTATION_CONTEXT('2D SPACE',''
  ) );
#2147 = PCURVE('',#2148,#2157);
#2148 = ( BOUNDED_SURFACE() B_SPLINE_SURFACE(1,3,(
    (#2149,#2150,#2151,#2152)
    ,(#2153,#2154,#2155,#2156
)),.UNSPECIFIED.,.F.,.F.,.F.) B_SPLINE_SURFACE_WITH_KNOTS((2,2),(4,4),(
    0.,1.),(0.,1.),.PIECEWISE_BEZIER_KNOTS.) 
GEOMETRIC_REPRESENTATION_ITEM() RATIONAL_B_SPLINE_SURFACE((
    (1.,1.010655752079,0.992368104903,1.)
,(1.,1.010655752079,0.992368104903,1.
))) REPRESENTATION_ITEM('') SURFACE() );
#2149 = CARTESIAN_POINT('',(-15.85070668581,-30.07914722133,0.));
#2150 = CARTESIAN_POINT('',(-14.0221707206,-29.10938825696,0.));
#2151 = CARTESIAN_POINT('',(-11.95621791241,-27.53894522412,0.));
#2152 = CARTESIAN_POINT('',(-11.10268598272,-25.96694712989,0.));
#2153 = CARTESIAN_POINT('',(-15.85070668581,-30.07914722133,15.9));
#2154 = CARTESIAN_POINT('',(-14.0221707206,-29.10938825696,15.9));
#2155 = CARTESIAN_POINT('',(-11.95621791241,-27.53894522412,15.9));
#2156 = CARTESIAN_POINT('',(-11.10268598272,-25.96694712989,15.9));
#2157 = DEFINITIONAL_REPRESENTATION('',(#2158),#2161);
#2158 = B_SPLINE_CURVE_WITH_KNOTS('',1,(#2159,#2160),.UNSPECIFIED.,.F.,
  .F.,(2,2),(0.,1.),.PIECEWISE_BEZIER_KNOTS.);
#2159 = CARTESIAN_POINT('',(0.,0.));
#2160 = CARTESIAN_POINT('',(0.,1.));
#2161 = ( GEOMETRIC_REPRESENTATION_CONTEXT(2) 
PARAMETRIC_REPRESENTATION_CONTEXT() REPRESENTATION_CONTEXT('2D SPACE',''
  ) );
#2162 = ORIENTED_EDGE('',*,*,#2163,.T.);
#2163 = EDGE_CURVE('',#2131,#2164,#2166,.T.);
#2164 = VERTEX_POINT('',#2165);
#2165 = CARTESIAN_POINT('',(-8.892492255161,-23.57887998807,0.));
#2166 = SURFACE_CURVE('',#2167,(#2172,#2180),.PCURVE_S1.);
#2167 = ( BOUNDED_CURVE() B_SPLINE_CURVE(3,(#2168,#2169,#2170,#2171),
.UNSPECIFIED.,.F.,.F.) B_SPLINE_CURVE_WITH_KNOTS((4,4),(0.,1.),
.PIECEWISE_BEZIER_KNOTS.) CURVE() GEOMETRIC_REPRESENTATION_ITEM() 
RATIONAL_B_SPLINE_CURVE((1.,1.090235562154,0.878790067642,1.)) 
REPRESENTATION_ITEM('') );
#2168 = CARTESIAN_POINT('',(-11.10268598272,-25.96694712989,0.));
#2169 = CARTESIAN_POINT('',(-10.76508507635,-24.87014714721,0.));
#2170 = CARTESIAN_POINT('',(-9.927151288787,-23.19746710816,0.));
#2171 = CARTESIAN_POINT('',(-8.892492255161,-23.57887998807,0.));
#2172 = PCURVE('',#45,#2173);
#2173 = DEFINITIONAL_REPRESENTATION('',(#2174),#2179);
#2174 = ( BOUNDED_CURVE() B_SPLINE_CURVE(3,(#2175,#2176,#2177,#2178),
.UNSPECIFIED.,.F.,.F.) B_SPLINE_CURVE_WITH_KNOTS((4,4),(0.,1.),
.PIECEWISE_BEZIER_KNOTS.) CURVE() GEOMETRIC_REPRESENTATION_ITEM() 
RATIONAL_B_SPLINE_CURVE((1.,1.090235562154,0.878790067642,1.)) 
REPRESENTATION_ITEM('') );
#2175 = CARTESIAN_POINT('',(-11.10268598272,-25.96694712989));
#2176 = CARTESIAN_POINT('',(-10.76508507635,-24.87014714721));
#2177 = CARTESIAN_POINT('',(-9.927151288787,-23.19746710816));
#2178 = CARTESIAN_POINT('',(-8.892492255161,-23.57887998807));
#2179 = ( GEOMETRIC_REPRESENTATION_CONTEXT(2) 
PARAMETRIC_REPRESENTATION_CONTEXT() REPRESENTATION_CONTEXT('2D SPACE',''
  ) );
#2180 = PCURVE('',#2181,#2190);
#2181 = ( BOUNDED_SURFACE() B_SPLINE_SURFACE(1,3,(
    (#2182,#2183,#2184,#2185)
    ,(#2186,#2187,#2188,#2189
)),.UNSPECIFIED.,.F.,.F.,.F.) B_SPLINE_SURFACE_WITH_KNOTS((2,2),(4,4),(
    0.,1.),(0.,1.),.PIECEWISE_BEZIER_KNOTS.) 
GEOMETRIC_REPRESENTATION_ITEM() RATIONAL_B_SPLINE_SURFACE((
    (1.,1.090235562154,0.878790067642,1.)
,(1.,1.090235562154,0.878790067642,1.
))) REPRESENTATION_ITEM('') SURFACE() );
#2182 = CARTESIAN_POINT('',(-11.10268598272,-25.96694712989,0.));
#2183 = CARTESIAN_POINT('',(-10.76508507635,-24.87014714721,0.));
#2184 = CARTESIAN_POINT('',(-9.927151288787,-23.19746710816,0.));
#2185 = CARTESIAN_POINT('',(-8.892492255161,-23.57887998807,0.));
#2186 = CARTESIAN_POINT('',(-11.10268598272,-25.96694712989,15.9));
#2187 = CARTESIAN_POINT('',(-10.76508507635,-24.87014714721,15.9));
#2188 = CARTESIAN_POINT('',(-9.927151288787,-23.19746710816,15.9));
#2189 = CARTESIAN_POINT('',(-8.892492255161,-23.57887998807,15.9));
#2190 = DEFINITIONAL_REPRESENTATION('',(#2191),#2194);
#2191 = B_SPLINE_CURVE_WITH_KNOTS('',1,(#2192,#2193),.UNSPECIFIED.,.F.,
  .F.,(2,2),(0.,1.),.PIECEWISE_BEZIER_KNOTS.);
#2192 = CARTESIAN_POINT('',(0.,0.));
#2193 = CARTESIAN_POINT('',(0.,1.));
#2194 = ( GEOMETRIC_REPRESENTATION_CONTEXT(2) 
PARAMETRIC_REPRESENTATION_CONTEXT() REPRESENTATION_CONTEXT('2D SPACE',''
  ) );
#2195 = ORIENTED_EDGE('',*,*,#2196,.T.);
#2196 = EDGE_CURVE('',#2164,#2197,#2199,.T.);
#2197 = VERTEX_POINT('',#2198);
#2198 = CARTESIAN_POINT('',(-6.66514056579,-24.30259042238,0.));
#2199 = SURFACE_CURVE('',#2200,(#2204,#2211),.PCURVE_S1.);
#2200 = ( BOUNDED_CURVE() B_SPLINE_CURVE(2,(#2201,#2202,#2203),
.UNSPECIFIED.,.F.,.F.) B_SPLINE_CURVE_WITH_KNOTS((3,3),(0.,1.),
.PIECEWISE_BEZIER_KNOTS.) CURVE() GEOMETRIC_REPRESENTATION_ITEM() 
RATIONAL_B_SPLINE_CURVE((1.,0.998919789238,1.)) REPRESENTATION_ITEM('') 
  );
#2201 = CARTESIAN_POINT('',(-8.892492255161,-23.57887998807,0.));
#2202 = CARTESIAN_POINT('',(-7.795649202416,-23.99254121187,0.));
#2203 = CARTESIAN_POINT('',(-6.66514056579,-24.30259042238,0.));
#2204 = PCURVE('',#45,#2205);
#2205 = DEFINITIONAL_REPRESENTATION('',(#2206),#2210);
#2206 = ( BOUNDED_CURVE() B_SPLINE_CURVE(2,(#2207,#2208,#2209),
.UNSPECIFIED.,.F.,.F.) B_SPLINE_CURVE_WITH_KNOTS((3,3),(0.,1.),
.PIECEWISE_BEZIER_KNOTS.) CURVE() GEOMETRIC_REPRESENTATION_ITEM() 
RATIONAL_B_SPLINE_CURVE((1.,0.998919789238,1.)) REPRESENTATION_ITEM('') 
  );
#2207 = CARTESIAN_POINT('',(-8.892492255161,-23.57887998807));
#2208 = CARTESIAN_POINT('',(-7.795649202416,-23.99254121187));
#2209 = CARTESIAN_POINT('',(-6.66514056579,-24.30259042238));
#2210 = ( GEOMETRIC_REPRESENTATION_CONTEXT(2) 
PARAMETRIC_REPRESENTATION_CONTEXT() REPRESENTATION_CONTEXT('2D SPACE',''
  ) );
#2211 = PCURVE('',#2212,#2219);
#2212 = ( BOUNDED_SURFACE() B_SPLINE_SURFACE(1,2,(
    (#2213,#2214,#2215)
    ,(#2216,#2217,#2218
)),.UNSPECIFIED.,.F.,.F.,.F.) B_SPLINE_SURFACE_WITH_KNOTS((2,2),(3,3),(
    0.,1.),(0.,1.),.PIECEWISE_BEZIER_KNOTS.) 
GEOMETRIC_REPRESENTATION_ITEM() RATIONAL_B_SPLINE_SURFACE((
    (1.,0.998919789238,1.)
,(1.,0.998919789238,1.))) REPRESENTATION_ITEM('') SURFACE() );
#2213 = CARTESIAN_POINT('',(-8.892492255161,-23.57887998807,0.));
#2214 = CARTESIAN_POINT('',(-7.795649202416,-23.99254121187,0.));
#2215 = CARTESIAN_POINT('',(-6.66514056579,-24.30259042238,0.));
#2216 = CARTESIAN_POINT('',(-8.892492255161,-23.57887998807,15.9));
#2217 = CARTESIAN_POINT('',(-7.795649202416,-23.99254121187,15.9));
#2218 = CARTESIAN_POINT('',(-6.66514056579,-24.30259042238,15.9));
#2219 = DEFINITIONAL_REPRESENTATION('',(#2220),#2223);
#2220 = B_SPLINE_CURVE_WITH_KNOTS('',1,(#2221,#2222),.UNSPECIFIED.,.F.,
  .F.,(2,2),(0.,1.),.PIECEWISE_BEZIER_KNOTS.);
#2221 = CARTESIAN_POINT('',(0.,0.));
#2222 = CARTESIAN_POINT('',(0.,1.));
#2223 = ( GEOMETRIC_REPRESENTATION_CONTEXT(2) 
PARAMETRIC_REPRESENTATION_CONTEXT() REPRESENTATION_CONTEXT('2D SPACE',''
  ) );
#2224 = ORIENTED_EDGE('',*,*,#2225,.T.);
#2225 = EDGE_CURVE('',#2197,#2226,#2228,.T.);
#2226 = VERTEX_POINT('',#2227);
#2227 = CARTESIAN_POINT('',(-6.280726926783,-27.53369660161,0.));
#2228 = SURFACE_CURVE('',#2229,(#2234,#2242),.PCURVE_S1.);
#2229 = ( BOUNDED_CURVE() B_SPLINE_CURVE(3,(#2230,#2231,#2232,#2233),
.UNSPECIFIED.,.F.,.F.) B_SPLINE_CURVE_WITH_KNOTS((4,4),(0.,1.),
.PIECEWISE_BEZIER_KNOTS.) CURVE() GEOMETRIC_REPRESENTATION_ITEM() 
RATIONAL_B_SPLINE_CURVE((1.,0.878790067642,1.090235562154,1.)) 
REPRESENTATION_ITEM('') );
#2230 = CARTESIAN_POINT('',(-6.66514056579,-24.30259042238,0.));
#2231 = CARTESIAN_POINT('',(-5.603894958358,-24.60217824178,0.));
#2232 = CARTESIAN_POINT('',(-5.909168942812,-26.44792994225,0.));
#2233 = CARTESIAN_POINT('',(-6.280726926787,-27.53369660161,0.));
#2234 = PCURVE('',#45,#2235);
#2235 = DEFINITIONAL_REPRESENTATION('',(#2236),#2241);
#2236 = ( BOUNDED_CURVE() B_SPLINE_CURVE(3,(#2237,#2238,#2239,#2240),
.UNSPECIFIED.,.F.,.F.) B_SPLINE_CURVE_WITH_KNOTS((4,4),(0.,1.),
.PIECEWISE_BEZIER_KNOTS.) CURVE() GEOMETRIC_REPRESENTATION_ITEM() 
RATIONAL_B_SPLINE_CURVE((1.,0.878790067642,1.090235562154,1.)) 
REPRESENTATION_ITEM('') );
#2237 = CARTESIAN_POINT('',(-6.66514056579,-24.30259042238));
#2238 = CARTESIAN_POINT('',(-5.603894958358,-24.60217824178));
#2239 = CARTESIAN_POINT('',(-5.909168942812,-26.44792994225));
#2240 = CARTESIAN_POINT('',(-6.280726926787,-27.53369660161));
#2241 = ( GEOMETRIC_REPRESENTATION_CONTEXT(2) 
PARAMETRIC_REPRESENTATION_CONTEXT() REPRESENTATION_CONTEXT('2D SPACE',''
  ) );
#2242 = PCURVE('',#2243,#2252);
#2243 = ( BOUNDED_SURFACE() B_SPLINE_SURFACE(1,3,(
    (#2244,#2245,#2246,#2247)
    ,(#2248,#2249,#2250,#2251
)),.UNSPECIFIED.,.F.,.F.,.F.) B_SPLINE_SURFACE_WITH_KNOTS((2,2),(4,4),(
    0.,1.),(0.,1.),.PIECEWISE_BEZIER_KNOTS.) 
GEOMETRIC_REPRESENTATION_ITEM() RATIONAL_B_SPLINE_SURFACE((
    (1.,0.878790067642,1.090235562154,1.)
,(1.,0.878790067642,1.090235562154,1.
))) REPRESENTATION_ITEM('') SURFACE() );
#2244 = CARTESIAN_POINT('',(-6.66514056579,-24.30259042238,0.));
#2245 = CARTESIAN_POINT('',(-5.603894958358,-24.60217824178,0.));
#2246 = CARTESIAN_POINT('',(-5.909168942812,-26.44792994225,0.));
#2247 = CARTESIAN_POINT('',(-6.280726926778,-27.5336966016,0.));
#2248 = CARTESIAN_POINT('',(-6.66514056579,-24.30259042238,15.9));
#2249 = CARTESIAN_POINT('',(-5.603894958358,-24.60217824178,15.9));
#2250 = CARTESIAN_POINT('',(-5.909168942812,-26.44792994225,15.9));
#2251 = CARTESIAN_POINT('',(-6.280726926778,-27.5336966016,15.9));
#2252 = DEFINITIONAL_REPRESENTATION('',(#2253),#2256);
#2253 = B_SPLINE_CURVE_WITH_KNOTS('',1,(#2254,#2255),.UNSPECIFIED.,.F.,
  .F.,(2,2),(0.,1.),.PIECEWISE_BEZIER_KNOTS.);
#2254 = CARTESIAN_POINT('',(0.,0.));
#2255 = CARTESIAN_POINT('',(0.,1.));
#2256 = ( GEOMETRIC_REPRESENTATION_CONTEXT(2) 
PARAMETRIC_REPRESENTATION_CONTEXT() REPRESENTATION_CONTEXT('2D SPACE',''
  ) );
#2257 = ORIENTED_EDGE('',*,*,#2258,.T.);
#2258 = EDGE_CURVE('',#2226,#2259,#2261,.T.);
#2259 = VERTEX_POINT('',#2260);
#2260 = CARTESIAN_POINT('',(-4.856588056563,-33.6513529067,0.));
#2261 = SURFACE_CURVE('',#2262,(#2267,#2275),.PCURVE_S1.);
#2262 = ( BOUNDED_CURVE() B_SPLINE_CURVE(3,(#2263,#2264,#2265,#2266),
.UNSPECIFIED.,.F.,.F.) B_SPLINE_CURVE_WITH_KNOTS((4,4),(0.,1.),
.PIECEWISE_BEZIER_KNOTS.) CURVE() GEOMETRIC_REPRESENTATION_ITEM() 
RATIONAL_B_SPLINE_CURVE((1.,0.992368104903,1.010655752079,1.)) 
REPRESENTATION_ITEM('') );
#2263 = CARTESIAN_POINT('',(-6.280726926778,-27.5336966016,0.));
#2264 = CARTESIAN_POINT('',(-6.514202386842,-29.30716325559,0.));
#2265 = CARTESIAN_POINT('',(-5.765894709704,-31.79201495043,0.));
#2266 = CARTESIAN_POINT('',(-4.856588056563,-33.6513529067,0.));
#2267 = PCURVE('',#45,#2268);
#2268 = DEFINITIONAL_REPRESENTATION('',(#2269),#2274);
#2269 = ( BOUNDED_CURVE() B_SPLINE_CURVE(3,(#2270,#2271,#2272,#2273),
.UNSPECIFIED.,.F.,.F.) B_SPLINE_CURVE_WITH_KNOTS((4,4),(0.,1.),
.PIECEWISE_BEZIER_KNOTS.) CURVE() GEOMETRIC_REPRESENTATION_ITEM() 
RATIONAL_B_SPLINE_CURVE((1.,0.992368104903,1.010655752079,1.)) 
REPRESENTATION_ITEM('') );
#2270 = CARTESIAN_POINT('',(-6.280726926778,-27.5336966016));
#2271 = CARTESIAN_POINT('',(-6.514202386842,-29.30716325559));
#2272 = CARTESIAN_POINT('',(-5.765894709704,-31.79201495043));
#2273 = CARTESIAN_POINT('',(-4.856588056563,-33.6513529067));
#2274 = ( GEOMETRIC_REPRESENTATION_CONTEXT(2) 
PARAMETRIC_REPRESENTATION_CONTEXT() REPRESENTATION_CONTEXT('2D SPACE',''
  ) );
#2275 = PCURVE('',#2276,#2285);
#2276 = ( BOUNDED_SURFACE() B_SPLINE_SURFACE(1,3,(
    (#2277,#2278,#2279,#2280)
    ,(#2281,#2282,#2283,#2284
)),.UNSPECIFIED.,.F.,.F.,.F.) B_SPLINE_SURFACE_WITH_KNOTS((2,2),(4,4),(
    0.,1.),(0.,1.),.PIECEWISE_BEZIER_KNOTS.) 
GEOMETRIC_REPRESENTATION_ITEM() RATIONAL_B_SPLINE_SURFACE((
    (1.,0.992368104903,1.010655752079,1.)
,(1.,0.992368104903,1.010655752079,1.
))) REPRESENTATION_ITEM('') SURFACE() );
#2277 = CARTESIAN_POINT('',(-6.280726926778,-27.5336966016,0.));
#2278 = CARTESIAN_POINT('',(-6.514202386842,-29.30716325559,0.));
#2279 = CARTESIAN_POINT('',(-5.765894709704,-31.79201495043,0.));
#2280 = CARTESIAN_POINT('',(-4.856588056563,-33.6513529067,0.));
#2281 = CARTESIAN_POINT('',(-6.280726926778,-27.5336966016,15.9));
#2282 = CARTESIAN_POINT('',(-6.514202386842,-29.30716325559,15.9));
#2283 = CARTESIAN_POINT('',(-5.765894709704,-31.79201495043,15.9));
#2284 = CARTESIAN_POINT('',(-4.856588056563,-33.6513529067,15.9));
#2285 = DEFINITIONAL_REPRESENTATION('',(#2286),#2289);
#2286 = B_SPLINE_CURVE_WITH_KNOTS('',1,(#2287,#2288),.UNSPECIFIED.,.F.,
  .F.,(2,2),(0.,1.),.PIECEWISE_BEZIER_KNOTS.);
#2287 = CARTESIAN_POINT('',(0.,0.));
#2288 = CARTESIAN_POINT('',(0.,1.));
#2289 = ( GEOMETRIC_REPRESENTATION_CONTEXT(2) 
PARAMETRIC_REPRESENTATION_CONTEXT() REPRESENTATION_CONTEXT('2D SPACE',''
  ) );
#2290 = ORIENTED_EDGE('',*,*,#2291,.T.);
#2291 = EDGE_CURVE('',#2259,#2292,#2294,.T.);
#2292 = VERTEX_POINT('',#2293);
#2293 = CARTESIAN_POINT('',(-2.246049725858,-33.92573154158,0.));
#2294 = SURFACE_CURVE('',#2295,(#2299,#2306),.PCURVE_S1.);
#2295 = ( BOUNDED_CURVE() B_SPLINE_CURVE(2,(#2296,#2297,#2298),
.UNSPECIFIED.,.F.,.F.) B_SPLINE_CURVE_WITH_KNOTS((3,3),(0.,1.),
.PIECEWISE_BEZIER_KNOTS.) CURVE() GEOMETRIC_REPRESENTATION_ITEM() 
RATIONAL_B_SPLINE_CURVE((1.,0.999254675315,1.)) REPRESENTATION_ITEM('') 
  );
#2296 = CARTESIAN_POINT('',(-4.856588056563,-33.6513529067,0.));
#2297 = CARTESIAN_POINT('',(-3.556618586731,-33.83896545882,0.));
#2298 = CARTESIAN_POINT('',(-2.246049725858,-33.92573154158,0.));
#2299 = PCURVE('',#45,#2300);
#2300 = DEFINITIONAL_REPRESENTATION('',(#2301),#2305);
#2301 = ( BOUNDED_CURVE() B_SPLINE_CURVE(2,(#2302,#2303,#2304),
.UNSPECIFIED.,.F.,.F.) B_SPLINE_CURVE_WITH_KNOTS((3,3),(0.,1.),
.PIECEWISE_BEZIER_KNOTS.) CURVE() GEOMETRIC_REPRESENTATION_ITEM() 
RATIONAL_B_SPLINE_CURVE((1.,0.999254675315,1.)) REPRESENTATION_ITEM('') 
  );
#2302 = CARTESIAN_POINT('',(-4.856588056563,-33.6513529067));
#2303 = CARTESIAN_POINT('',(-3.556618586731,-33.83896545882));
#2304 = CARTESIAN_POINT('',(-2.246049725858,-33.92573154158));
#2305 = ( GEOMETRIC_REPRESENTATION_CONTEXT(2) 
PARAMETRIC_REPRESENTATION_CONTEXT() REPRESENTATION_CONTEXT('2D SPACE',''
  ) );
#2306 = PCURVE('',#2307,#2314);
#2307 = ( BOUNDED_SURFACE() B_SPLINE_SURFACE(1,2,(
    (#2308,#2309,#2310)
    ,(#2311,#2312,#2313
)),.UNSPECIFIED.,.F.,.F.,.F.) B_SPLINE_SURFACE_WITH_KNOTS((2,2),(3,3),(
    0.,1.),(0.,1.),.PIECEWISE_BEZIER_KNOTS.) 
GEOMETRIC_REPRESENTATION_ITEM() RATIONAL_B_SPLINE_SURFACE((
    (1.,0.999254675315,1.)
,(1.,0.999254675315,1.))) REPRESENTATION_ITEM('') SURFACE() );
#2308 = CARTESIAN_POINT('',(-4.856588056563,-33.6513529067,0.));
#2309 = CARTESIAN_POINT('',(-3.556618586731,-33.83896545882,0.));
#2310 = CARTESIAN_POINT('',(-2.246049725858,-33.92573154158,0.));
#2311 = CARTESIAN_POINT('',(-4.856588056563,-33.6513529067,15.9));
#2312 = CARTESIAN_POINT('',(-3.556618586731,-33.83896545882,15.9));
#2313 = CARTESIAN_POINT('',(-2.246049725858,-33.92573154158,15.9));
#2314 = DEFINITIONAL_REPRESENTATION('',(#2315),#2318);
#2315 = B_SPLINE_CURVE_WITH_KNOTS('',1,(#2316,#2317),.UNSPECIFIED.,.F.,
  .F.,(2,2),(0.,1.),.PIECEWISE_BEZIER_KNOTS.);
#2316 = CARTESIAN_POINT('',(0.,0.));
#2317 = CARTESIAN_POINT('',(0.,1.));
#2318 = ( GEOMETRIC_REPRESENTATION_CONTEXT(2) 
PARAMETRIC_REPRESENTATION_CONTEXT() REPRESENTATION_CONTEXT('2D SPACE',''
  ) );
#2319 = ORIENTED_EDGE('',*,*,#2320,.T.);
#2320 = EDGE_CURVE('',#2292,#2321,#2323,.T.);
#2321 = VERTEX_POINT('',#2322);
#2322 = CARTESIAN_POINT('',(0.41890055939,-28.2378558251,0.));
#2323 = SURFACE_CURVE('',#2324,(#2329,#2337),.PCURVE_S1.);
#2324 = ( BOUNDED_CURVE() B_SPLINE_CURVE(3,(#2325,#2326,#2327,#2328),
.UNSPECIFIED.,.F.,.F.) B_SPLINE_CURVE_WITH_KNOTS((4,4),(0.,1.),
.PIECEWISE_BEZIER_KNOTS.) CURVE() GEOMETRIC_REPRESENTATION_ITEM() 
RATIONAL_B_SPLINE_CURVE((1.,1.010655752079,0.992368104903,1.)) 
REPRESENTATION_ITEM('') );
#2325 = CARTESIAN_POINT('',(-2.246049725858,-33.92573154158,0.));
#2326 = CARTESIAN_POINT('',(-0.970035506467,-32.29608006443,0.));
#2327 = CARTESIAN_POINT('',(0.278549569842,-30.02111025534,0.));
#2328 = CARTESIAN_POINT('',(0.41890055939,-28.2378558251,0.));
#2329 = PCURVE('',#45,#2330);
#2330 = DEFINITIONAL_REPRESENTATION('',(#2331),#2336);
#2331 = ( BOUNDED_CURVE() B_SPLINE_CURVE(3,(#2332,#2333,#2334,#2335),
.UNSPECIFIED.,.F.,.F.) B_SPLINE_CURVE_WITH_KNOTS((4,4),(0.,1.),
.PIECEWISE_BEZIER_KNOTS.) CURVE() GEOMETRIC_REPRESENTATION_ITEM() 
RATIONAL_B_SPLINE_CURVE((1.,1.010655752079,0.992368104903,1.)) 
REPRESENTATION_ITEM('') );
#2332 = CARTESIAN_POINT('',(-2.246049725858,-33.92573154158));
#2333 = CARTESIAN_POINT('',(-0.970035506467,-32.29608006443));
#2334 = CARTESIAN_POINT('',(0.278549569842,-30.02111025534));
#2335 = CARTESIAN_POINT('',(0.41890055939,-28.2378558251));
#2336 = ( GEOMETRIC_REPRESENTATION_CONTEXT(2) 
PARAMETRIC_REPRESENTATION_CONTEXT() REPRESENTATION_CONTEXT('2D SPACE',''
  ) );
#2337 = PCURVE('',#2338,#2347);
#2338 = ( BOUNDED_SURFACE() B_SPLINE_SURFACE(1,3,(
    (#2339,#2340,#2341,#2342)
    ,(#2343,#2344,#2345,#2346
)),.UNSPECIFIED.,.F.,.F.,.F.) B_SPLINE_SURFACE_WITH_KNOTS((2,2),(4,4),(
    0.,1.),(0.,1.),.PIECEWISE_BEZIER_KNOTS.) 
GEOMETRIC_REPRESENTATION_ITEM() RATIONAL_B_SPLINE_SURFACE((
    (1.,1.010655752079,0.992368104903,1.)
,(1.,1.010655752079,0.992368104903,1.
))) REPRESENTATION_ITEM('') SURFACE() );
#2339 = CARTESIAN_POINT('',(-2.246049725858,-33.92573154158,0.));
#2340 = CARTESIAN_POINT('',(-0.970035506467,-32.29608006443,0.));
#2341 = CARTESIAN_POINT('',(0.278549569842,-30.02111025534,0.));
#2342 = CARTESIAN_POINT('',(0.41890055939,-28.2378558251,0.));
#2343 = CARTESIAN_POINT('',(-2.246049725858,-33.92573154158,15.9));
#2344 = CARTESIAN_POINT('',(-0.970035506467,-32.29608006443,15.9));
#2345 = CARTESIAN_POINT('',(0.278549569842,-30.02111025534,15.9));
#2346 = CARTESIAN_POINT('',(0.41890055939,-28.2378558251,15.9));
#2347 = DEFINITIONAL_REPRESENTATION('',(#2348),#2351);
#2348 = B_SPLINE_CURVE_WITH_KNOTS('',1,(#2349,#2350),.UNSPECIFIED.,.F.,
  .F.,(2,2),(0.,1.),.PIECEWISE_BEZIER_KNOTS.);
#2349 = CARTESIAN_POINT('',(0.,0.));
#2350 = CARTESIAN_POINT('',(0.,1.));
#2351 = ( GEOMETRIC_REPRESENTATION_CONTEXT(2) 
PARAMETRIC_REPRESENTATION_CONTEXT() REPRESENTATION_CONTEXT('2D SPACE',''
  ) );
#2352 = ORIENTED_EDGE('',*,*,#2353,.T.);
#2353 = EDGE_CURVE('',#2321,#2354,#2356,.T.);
#2354 = VERTEX_POINT('',#2355);
#2355 = CARTESIAN_POINT('',(1.466698587011,-25.15728115784,0.));
#2356 = SURFACE_CURVE('',#2357,(#2362,#2370),.PCURVE_S1.);
#2357 = ( BOUNDED_CURVE() B_SPLINE_CURVE(3,(#2358,#2359,#2360,#2361),
.UNSPECIFIED.,.F.,.F.) B_SPLINE_CURVE_WITH_KNOTS((4,4),(0.,1.),
.PIECEWISE_BEZIER_KNOTS.) CURVE() GEOMETRIC_REPRESENTATION_ITEM() 
RATIONAL_B_SPLINE_CURVE((1.,1.090235562154,0.878790067642,1.)) 
REPRESENTATION_ITEM('') );
#2358 = CARTESIAN_POINT('',(0.41890055939,-28.2378558251,0.));
#2359 = CARTESIAN_POINT('',(0.281205590819,-27.09856452361,0.));
#2360 = CARTESIAN_POINT('',(0.366355932233,-25.22967689598,0.));
#2361 = CARTESIAN_POINT('',(1.466698587011,-25.15728115784,0.));
#2362 = PCURVE('',#45,#2363);
#2363 = DEFINITIONAL_REPRESENTATION('',(#2364),#2369);
#2364 = ( BOUNDED_CURVE() B_SPLINE_CURVE(3,(#2365,#2366,#2367,#2368),
.UNSPECIFIED.,.F.,.F.) B_SPLINE_CURVE_WITH_KNOTS((4,4),(0.,1.),
.PIECEWISE_BEZIER_KNOTS.) CURVE() GEOMETRIC_REPRESENTATION_ITEM() 
RATIONAL_B_SPLINE_CURVE((1.,1.090235562154,0.878790067642,1.)) 
REPRESENTATION_ITEM('') );
#2365 = CARTESIAN_POINT('',(0.41890055939,-28.2378558251));
#2366 = CARTESIAN_POINT('',(0.281205590819,-27.09856452361));
#2367 = CARTESIAN_POINT('',(0.366355932233,-25.22967689598));
#2368 = CARTESIAN_POINT('',(1.466698587011,-25.15728115784));
#2369 = ( GEOMETRIC_REPRESENTATION_CONTEXT(2) 
PARAMETRIC_REPRESENTATION_CONTEXT() REPRESENTATION_CONTEXT('2D SPACE',''
  ) );
#2370 = PCURVE('',#2371,#2380);
#2371 = ( BOUNDED_SURFACE() B_SPLINE_SURFACE(1,3,(
    (#2372,#2373,#2374,#2375)
    ,(#2376,#2377,#2378,#2379
)),.UNSPECIFIED.,.F.,.F.,.F.) B_SPLINE_SURFACE_WITH_KNOTS((2,2),(4,4),(
    0.,1.),(0.,1.),.PIECEWISE_BEZIER_KNOTS.) 
GEOMETRIC_REPRESENTATION_ITEM() RATIONAL_B_SPLINE_SURFACE((
    (1.,1.090235562154,0.878790067642,1.)
,(1.,1.090235562154,0.878790067642,1.
))) REPRESENTATION_ITEM('') SURFACE() );
#2372 = CARTESIAN_POINT('',(0.41890055939,-28.2378558251,0.));
#2373 = CARTESIAN_POINT('',(0.281205590819,-27.09856452361,0.));
#2374 = CARTESIAN_POINT('',(0.366355932233,-25.22967689598,0.));
#2375 = CARTESIAN_POINT('',(1.466698587011,-25.15728115784,0.));
#2376 = CARTESIAN_POINT('',(0.41890055939,-28.2378558251,15.9));
#2377 = CARTESIAN_POINT('',(0.281205590819,-27.09856452361,15.9));
#2378 = CARTESIAN_POINT('',(0.366355932233,-25.22967689598,15.9));
#2379 = CARTESIAN_POINT('',(1.466698587011,-25.15728115784,15.9));
#2380 = DEFINITIONAL_REPRESENTATION('',(#2381),#2384);
#2381 = B_SPLINE_CURVE_WITH_KNOTS('',1,(#2382,#2383),.UNSPECIFIED.,.F.,
  .F.,(2,2),(0.,1.),.PIECEWISE_BEZIER_KNOTS.);
#2382 = CARTESIAN_POINT('',(0.,0.));
#2383 = CARTESIAN_POINT('',(0.,1.));
#2384 = ( GEOMETRIC_REPRESENTATION_CONTEXT(2) 
PARAMETRIC_REPRESENTATION_CONTEXT() REPRESENTATION_CONTEXT('2D SPACE',''
  ) );
#2385 = ORIENTED_EDGE('',*,*,#2386,.T.);
#2386 = EDGE_CURVE('',#2354,#2387,#2389,.T.);
#2387 = VERTEX_POINT('',#2388);
#2388 = CARTESIAN_POINT('',(3.795845158021,-24.91247798867,0.));
#2389 = SURFACE_CURVE('',#2390,(#2394,#2401),.PCURVE_S1.);
#2390 = ( BOUNDED_CURVE() B_SPLINE_CURVE(2,(#2391,#2392,#2393),
.UNSPECIFIED.,.F.,.F.) B_SPLINE_CURVE_WITH_KNOTS((3,3),(0.,1.),
.PIECEWISE_BEZIER_KNOTS.) CURVE() GEOMETRIC_REPRESENTATION_ITEM() 
RATIONAL_B_SPLINE_CURVE((1.,0.998919789238,1.)) REPRESENTATION_ITEM('') 
  );
#2391 = CARTESIAN_POINT('',(1.466698587011,-25.15728115784,0.));
#2392 = CARTESIAN_POINT('',(2.636965753131,-25.08905322859,0.));
#2393 = CARTESIAN_POINT('',(3.795845158021,-24.91247798867,0.));
#2394 = PCURVE('',#45,#2395);
#2395 = DEFINITIONAL_REPRESENTATION('',(#2396),#2400);
#2396 = ( BOUNDED_CURVE() B_SPLINE_CURVE(2,(#2397,#2398,#2399),
.UNSPECIFIED.,.F.,.F.) B_SPLINE_CURVE_WITH_KNOTS((3,3),(0.,1.),
.PIECEWISE_BEZIER_KNOTS.) CURVE() GEOMETRIC_REPRESENTATION_ITEM() 
RATIONAL_B_SPLINE_CURVE((1.,0.998919789238,1.)) REPRESENTATION_ITEM('') 
  );
#2397 = CARTESIAN_POINT('',(1.466698587011,-25.15728115784));
#2398 = CARTESIAN_POINT('',(2.636965753131,-25.08905322859));
#2399 = CARTESIAN_POINT('',(3.795845158021,-24.91247798867));
#2400 = ( GEOMETRIC_REPRESENTATION_CONTEXT(2) 
PARAMETRIC_REPRESENTATION_CONTEXT() REPRESENTATION_CONTEXT('2D SPACE',''
  ) );
#2401 = PCURVE('',#2402,#2409);
#2402 = ( BOUNDED_SURFACE() B_SPLINE_SURFACE(1,2,(
    (#2403,#2404,#2405)
    ,(#2406,#2407,#2408
)),.UNSPECIFIED.,.F.,.F.,.F.) B_SPLINE_SURFACE_WITH_KNOTS((2,2),(3,3),(
    0.,1.),(0.,1.),.PIECEWISE_BEZIER_KNOTS.) 
GEOMETRIC_REPRESENTATION_ITEM() RATIONAL_B_SPLINE_SURFACE((
    (1.,0.998919789238,1.)
,(1.,0.998919789238,1.))) REPRESENTATION_ITEM('') SURFACE() );
#2403 = CARTESIAN_POINT('',(1.466698587011,-25.15728115784,0.));
#2404 = CARTESIAN_POINT('',(2.636965753131,-25.08905322859,0.));
#2405 = CARTESIAN_POINT('',(3.795845158021,-24.91247798867,0.));
#2406 = CARTESIAN_POINT('',(1.466698587011,-25.15728115784,15.9));
#2407 = CARTESIAN_POINT('',(2.636965753131,-25.08905322859,15.9));
#2408 = CARTESIAN_POINT('',(3.795845158021,-24.91247798867,15.9));
#2409 = DEFINITIONAL_REPRESENTATION('',(#2410),#2413);
#2410 = B_SPLINE_CURVE_WITH_KNOTS('',1,(#2411,#2412),.UNSPECIFIED.,.F.,
  .F.,(2,2),(0.,1.),.PIECEWISE_BEZIER_KNOTS.);
#2411 = CARTESIAN_POINT('',(0.,0.));
#2412 = CARTESIAN_POINT('',(0.,1.));
#2413 = ( GEOMETRIC_REPRESENTATION_CONTEXT(2) 
PARAMETRIC_REPRESENTATION_CONTEXT() REPRESENTATION_CONTEXT('2D SPACE',''
  ) );
#2414 = ORIENTED_EDGE('',*,*,#2415,.T.);
#2415 = EDGE_CURVE('',#2387,#2416,#2418,.T.);
#2416 = VERTEX_POINT('',#2417);
#2417 = CARTESIAN_POINT('',(5.461233772551,-27.70788524878,0.));
#2418 = SURFACE_CURVE('',#2419,(#2424,#2432),.PCURVE_S1.);
#2419 = ( BOUNDED_CURVE() B_SPLINE_CURVE(3,(#2420,#2421,#2422,#2423),
.UNSPECIFIED.,.F.,.F.) B_SPLINE_CURVE_WITH_KNOTS((4,4),(0.,1.),
.PIECEWISE_BEZIER_KNOTS.) CURVE() GEOMETRIC_REPRESENTATION_ITEM() 
RATIONAL_B_SPLINE_CURVE((1.,0.878790067642,1.090235562154,1.)) 
REPRESENTATION_ITEM('') );
#2420 = CARTESIAN_POINT('',(3.795845158021,-24.91247798867,0.));
#2421 = CARTESIAN_POINT('',(4.887194606101,-24.7545176044,0.));
#2422 = CARTESIAN_POINT('',(5.359047794867,-26.56486180196,0.));
#2423 = CARTESIAN_POINT('',(5.46123377255,-27.70788524879,0.));
#2424 = PCURVE('',#45,#2425);
#2425 = DEFINITIONAL_REPRESENTATION('',(#2426),#2431);
#2426 = ( BOUNDED_CURVE() B_SPLINE_CURVE(3,(#2427,#2428,#2429,#2430),
.UNSPECIFIED.,.F.,.F.) B_SPLINE_CURVE_WITH_KNOTS((4,4),(0.,1.),
.PIECEWISE_BEZIER_KNOTS.) CURVE() GEOMETRIC_REPRESENTATION_ITEM() 
RATIONAL_B_SPLINE_CURVE((1.,0.878790067642,1.090235562154,1.)) 
REPRESENTATION_ITEM('') );
#2427 = CARTESIAN_POINT('',(3.795845158021,-24.91247798867));
#2428 = CARTESIAN_POINT('',(4.887194606101,-24.7545176044));
#2429 = CARTESIAN_POINT('',(5.359047794867,-26.56486180196));
#2430 = CARTESIAN_POINT('',(5.46123377255,-27.70788524879));
#2431 = ( GEOMETRIC_REPRESENTATION_CONTEXT(2) 
PARAMETRIC_REPRESENTATION_CONTEXT() REPRESENTATION_CONTEXT('2D SPACE',''
  ) );
#2432 = PCURVE('',#2433,#2442);
#2433 = ( BOUNDED_SURFACE() B_SPLINE_SURFACE(1,3,(
    (#2434,#2435,#2436,#2437)
    ,(#2438,#2439,#2440,#2441
)),.UNSPECIFIED.,.F.,.F.,.F.) B_SPLINE_SURFACE_WITH_KNOTS((2,2),(4,4),(
    0.,1.),(0.,1.),.PIECEWISE_BEZIER_KNOTS.) 
GEOMETRIC_REPRESENTATION_ITEM() RATIONAL_B_SPLINE_SURFACE((
    (1.,0.878790067642,1.090235562154,1.)
,(1.,0.878790067642,1.090235562154,1.
))) REPRESENTATION_ITEM('') SURFACE() );
#2434 = CARTESIAN_POINT('',(3.795845158021,-24.91247798867,0.));
#2435 = CARTESIAN_POINT('',(4.887194606101,-24.7545176044,0.));
#2436 = CARTESIAN_POINT('',(5.359047794867,-26.56486180196,0.));
#2437 = CARTESIAN_POINT('',(5.461233772552,-27.70788524877,0.));
#2438 = CARTESIAN_POINT('',(3.795845158021,-24.91247798867,15.9));
#2439 = CARTESIAN_POINT('',(4.887194606101,-24.7545176044,15.9));
#2440 = CARTESIAN_POINT('',(5.359047794867,-26.56486180196,15.9));
#2441 = CARTESIAN_POINT('',(5.461233772552,-27.70788524877,15.9));
#2442 = DEFINITIONAL_REPRESENTATION('',(#2443),#2446);
#2443 = B_SPLINE_CURVE_WITH_KNOTS('',1,(#2444,#2445),.UNSPECIFIED.,.F.,
  .F.,(2,2),(0.,1.),.PIECEWISE_BEZIER_KNOTS.);
#2444 = CARTESIAN_POINT('',(0.,0.));
#2445 = CARTESIAN_POINT('',(0.,1.));
#2446 = ( GEOMETRIC_REPRESENTATION_CONTEXT(2) 
PARAMETRIC_REPRESENTATION_CONTEXT() REPRESENTATION_CONTEXT('2D SPACE',''
  ) );
#2447 = ORIENTED_EDGE('',*,*,#2448,.T.);
#2448 = EDGE_CURVE('',#2416,#2449,#2451,.T.);
#2449 = VERTEX_POINT('',#2450);
#2450 = CARTESIAN_POINT('',(9.250524357516,-32.71739291437,0.));
#2451 = SURFACE_CURVE('',#2452,(#2457,#2465),.PCURVE_S1.);
#2452 = ( BOUNDED_CURVE() B_SPLINE_CURVE(3,(#2453,#2454,#2455,#2456),
.UNSPECIFIED.,.F.,.F.) B_SPLINE_CURVE_WITH_KNOTS((4,4),(0.,1.),
.PIECEWISE_BEZIER_KNOTS.) CURVE() GEOMETRIC_REPRESENTATION_ITEM() 
RATIONAL_B_SPLINE_CURVE((1.,0.992368104903,1.010655752079,1.)) 
REPRESENTATION_ITEM('') );
#2453 = CARTESIAN_POINT('',(5.461233772552,-27.70788524877,0.));
#2454 = CARTESIAN_POINT('',(5.969277199989,-29.42299067967,0.));
#2455 = CARTESIAN_POINT('',(7.66357051626,-31.38865150583,0.));
#2456 = CARTESIAN_POINT('',(9.250524357516,-32.71739291437,0.));
#2457 = PCURVE('',#45,#2458);
#2458 = DEFINITIONAL_REPRESENTATION('',(#2459),#2464);
#2459 = ( BOUNDED_CURVE() B_SPLINE_CURVE(3,(#2460,#2461,#2462,#2463),
.UNSPECIFIED.,.F.,.F.) B_SPLINE_CURVE_WITH_KNOTS((4,4),(0.,1.),
.PIECEWISE_BEZIER_KNOTS.) CURVE() GEOMETRIC_REPRESENTATION_ITEM() 
RATIONAL_B_SPLINE_CURVE((1.,0.992368104903,1.010655752079,1.)) 
REPRESENTATION_ITEM('') );
#2460 = CARTESIAN_POINT('',(5.461233772552,-27.70788524877));
#2461 = CARTESIAN_POINT('',(5.969277199989,-29.42299067967));
#2462 = CARTESIAN_POINT('',(7.66357051626,-31.38865150583));
#2463 = CARTESIAN_POINT('',(9.250524357516,-32.71739291437));
#2464 = ( GEOMETRIC_REPRESENTATION_CONTEXT(2) 
PARAMETRIC_REPRESENTATION_CONTEXT() REPRESENTATION_CONTEXT('2D SPACE',''
  ) );
#2465 = PCURVE('',#2466,#2475);
#2466 = ( BOUNDED_SURFACE() B_SPLINE_SURFACE(1,3,(
    (#2467,#2468,#2469,#2470)
    ,(#2471,#2472,#2473,#2474
)),.UNSPECIFIED.,.F.,.F.,.F.) B_SPLINE_SURFACE_WITH_KNOTS((2,2),(4,4),(
    0.,1.),(0.,1.),.PIECEWISE_BEZIER_KNOTS.) 
GEOMETRIC_REPRESENTATION_ITEM() RATIONAL_B_SPLINE_SURFACE((
    (1.,0.992368104903,1.010655752079,1.)
,(1.,0.992368104903,1.010655752079,1.
))) REPRESENTATION_ITEM('') SURFACE() );
#2467 = CARTESIAN_POINT('',(5.461233772552,-27.70788524877,0.));
#2468 = CARTESIAN_POINT('',(5.969277199989,-29.42299067967,0.));
#2469 = CARTESIAN_POINT('',(7.66357051626,-31.38865150583,0.));
#2470 = CARTESIAN_POINT('',(9.250524357516,-32.71739291437,0.));
#2471 = CARTESIAN_POINT('',(5.461233772552,-27.70788524877,15.9));
#2472 = CARTESIAN_POINT('',(5.969277199989,-29.42299067967,15.9));
#2473 = CARTESIAN_POINT('',(7.66357051626,-31.38865150583,15.9));
#2474 = CARTESIAN_POINT('',(9.250524357516,-32.71739291437,15.9));
#2475 = DEFINITIONAL_REPRESENTATION('',(#2476),#2479);
#2476 = B_SPLINE_CURVE_WITH_KNOTS('',1,(#2477,#2478),.UNSPECIFIED.,.F.,
  .F.,(2,2),(0.,1.),.PIECEWISE_BEZIER_KNOTS.);
#2477 = CARTESIAN_POINT('',(0.,0.));
#2478 = CARTESIAN_POINT('',(0.,1.));
#2479 = ( GEOMETRIC_REPRESENTATION_CONTEXT(2) 
PARAMETRIC_REPRESENTATION_CONTEXT() REPRESENTATION_CONTEXT('2D SPACE',''
  ) );
#2480 = ORIENTED_EDGE('',*,*,#2481,.T.);
#2481 = EDGE_CURVE('',#2449,#2482,#2484,.T.);
#2482 = VERTEX_POINT('',#2483);
#2483 = CARTESIAN_POINT('',(11.746969636417,-31.90624867269,0.));
#2484 = SURFACE_CURVE('',#2485,(#2489,#2496),.PCURVE_S1.);
#2485 = ( BOUNDED_CURVE() B_SPLINE_CURVE(2,(#2486,#2487,#2488),
.UNSPECIFIED.,.F.,.F.) B_SPLINE_CURVE_WITH_KNOTS((3,3),(0.,1.),
.PIECEWISE_BEZIER_KNOTS.) CURVE() GEOMETRIC_REPRESENTATION_ITEM() 
RATIONAL_B_SPLINE_CURVE((1.,0.999254675315,1.)) REPRESENTATION_ITEM('') 
  );
#2486 = CARTESIAN_POINT('',(9.250524357516,-32.71739291437,0.));
#2487 = CARTESIAN_POINT('',(10.514414461403,-32.36004029089,0.));
#2488 = CARTESIAN_POINT('',(11.746969636417,-31.90624867269,0.));
#2489 = PCURVE('',#45,#2490);
#2490 = DEFINITIONAL_REPRESENTATION('',(#2491),#2495);
#2491 = ( BOUNDED_CURVE() B_SPLINE_CURVE(2,(#2492,#2493,#2494),
.UNSPECIFIED.,.F.,.F.) B_SPLINE_CURVE_WITH_KNOTS((3,3),(0.,1.),
.PIECEWISE_BEZIER_KNOTS.) CURVE() GEOMETRIC_REPRESENTATION_ITEM() 
RATIONAL_B_SPLINE_CURVE((1.,0.999254675315,1.)) REPRESENTATION_ITEM('') 
  );
#2492 = CARTESIAN_POINT('',(9.250524357516,-32.71739291437));
#2493 = CARTESIAN_POINT('',(10.514414461403,-32.36004029089));
#2494 = CARTESIAN_POINT('',(11.746969636417,-31.90624867269));
#2495 = ( GEOMETRIC_REPRESENTATION_CONTEXT(2) 
PARAMETRIC_REPRESENTATION_CONTEXT() REPRESENTATION_CONTEXT('2D SPACE',''
  ) );
#2496 = PCURVE('',#2497,#2504);
#2497 = ( BOUNDED_SURFACE() B_SPLINE_SURFACE(1,2,(
    (#2498,#2499,#2500)
    ,(#2501,#2502,#2503
)),.UNSPECIFIED.,.F.,.F.,.F.) B_SPLINE_SURFACE_WITH_KNOTS((2,2),(3,3),(
    0.,1.),(0.,1.),.PIECEWISE_BEZIER_KNOTS.) 
GEOMETRIC_REPRESENTATION_ITEM() RATIONAL_B_SPLINE_SURFACE((
    (1.,0.999254675315,1.)
,(1.,0.999254675315,1.))) REPRESENTATION_ITEM('') SURFACE() );
#2498 = CARTESIAN_POINT('',(9.250524357516,-32.71739291437,0.));
#2499 = CARTESIAN_POINT('',(10.514414461403,-32.36004029089,0.));
#2500 = CARTESIAN_POINT('',(11.746969636417,-31.90624867269,0.));
#2501 = CARTESIAN_POINT('',(9.250524357516,-32.71739291437,15.9));
#2502 = CARTESIAN_POINT('',(10.514414461403,-32.36004029089,15.9));
#2503 = CARTESIAN_POINT('',(11.746969636417,-31.90624867269,15.9));
#2504 = DEFINITIONAL_REPRESENTATION('',(#2505),#2508);
#2505 = B_SPLINE_CURVE_WITH_KNOTS('',1,(#2506,#2507),.UNSPECIFIED.,.F.,
  .F.,(2,2),(0.,1.),.PIECEWISE_BEZIER_KNOTS.);
#2506 = CARTESIAN_POINT('',(0.,0.));
#2507 = CARTESIAN_POINT('',(0.,1.));
#2508 = ( GEOMETRIC_REPRESENTATION_CONTEXT(2) 
PARAMETRIC_REPRESENTATION_CONTEXT() REPRESENTATION_CONTEXT('2D SPACE',''
  ) );
#2509 = ORIENTED_EDGE('',*,*,#2510,.T.);
#2510 = EDGE_CURVE('',#2482,#2511,#2513,.T.);
#2511 = VERTEX_POINT('',#2512);
#2512 = CARTESIAN_POINT('',(11.868055389194,-25.62618271527,0.));
#2513 = SURFACE_CURVE('',#2514,(#2519,#2527),.PCURVE_S1.);
#2514 = ( BOUNDED_CURVE() B_SPLINE_CURVE(3,(#2515,#2516,#2517,#2518),
.UNSPECIFIED.,.F.,.F.) B_SPLINE_CURVE_WITH_KNOTS((4,4),(0.,1.),
.PIECEWISE_BEZIER_KNOTS.) CURVE() GEOMETRIC_REPRESENTATION_ITEM() 
RATIONAL_B_SPLINE_CURVE((1.,1.010655752079,0.992368104903,1.)) 
REPRESENTATION_ITEM('') );
#2515 = CARTESIAN_POINT('',(11.746969636417,-31.90624867269,0.));
#2516 = CARTESIAN_POINT('',(12.24982765923,-29.89848622809,0.));
#2517 = CARTESIAN_POINT('',(12.465153300926,-27.31235259019,0.));
#2518 = CARTESIAN_POINT('',(11.868055389194,-25.62618271527,0.));
#2519 = PCURVE('',#45,#2520);
#2520 = DEFINITIONAL_REPRESENTATION('',(#2521),#2526);
#2521 = ( BOUNDED_CURVE() B_SPLINE_CURVE(3,(#2522,#2523,#2524,#2525),
.UNSPECIFIED.,.F.,.F.) B_SPLINE_CURVE_WITH_KNOTS((4,4),(0.,1.),
.PIECEWISE_BEZIER_KNOTS.) CURVE() GEOMETRIC_REPRESENTATION_ITEM() 
RATIONAL_B_SPLINE_CURVE((1.,1.010655752079,0.992368104903,1.)) 
REPRESENTATION_ITEM('') );
#2522 = CARTESIAN_POINT('',(11.746969636417,-31.90624867269));
#2523 = CARTESIAN_POINT('',(12.24982765923,-29.89848622809));
#2524 = CARTESIAN_POINT('',(12.465153300926,-27.31235259019));
#2525 = CARTESIAN_POINT('',(11.868055389194,-25.62618271527));
#2526 = ( GEOMETRIC_REPRESENTATION_CONTEXT(2) 
PARAMETRIC_REPRESENTATION_CONTEXT() REPRESENTATION_CONTEXT('2D SPACE',''
  ) );
#2527 = PCURVE('',#2528,#2537);
#2528 = ( BOUNDED_SURFACE() B_SPLINE_SURFACE(1,3,(
    (#2529,#2530,#2531,#2532)
    ,(#2533,#2534,#2535,#2536
)),.UNSPECIFIED.,.F.,.F.,.F.) B_SPLINE_SURFACE_WITH_KNOTS((2,2),(4,4),(
    0.,1.),(0.,1.),.PIECEWISE_BEZIER_KNOTS.) 
GEOMETRIC_REPRESENTATION_ITEM() RATIONAL_B_SPLINE_SURFACE((
    (1.,1.010655752079,0.992368104903,1.)
,(1.,1.010655752079,0.992368104903,1.
))) REPRESENTATION_ITEM('') SURFACE() );
#2529 = CARTESIAN_POINT('',(11.746969636417,-31.90624867269,0.));
#2530 = CARTESIAN_POINT('',(12.24982765923,-29.89848622809,0.));
#2531 = CARTESIAN_POINT('',(12.465153300926,-27.31235259019,0.));
#2532 = CARTESIAN_POINT('',(11.868055389194,-25.62618271527,0.));
#2533 = CARTESIAN_POINT('',(11.746969636417,-31.90624867269,15.9));
#2534 = CARTESIAN_POINT('',(12.24982765923,-29.89848622809,15.9));
#2535 = CARTESIAN_POINT('',(12.465153300926,-27.31235259019,15.9));
#2536 = CARTESIAN_POINT('',(11.868055389194,-25.62618271527,15.9));
#2537 = DEFINITIONAL_REPRESENTATION('',(#2538),#2541);
#2538 = B_SPLINE_CURVE_WITH_KNOTS('',1,(#2539,#2540),.UNSPECIFIED.,.F.,
  .F.,(2,2),(0.,1.),.PIECEWISE_BEZIER_KNOTS.);
#2539 = CARTESIAN_POINT('',(0.,0.));
#2540 = CARTESIAN_POINT('',(0.,1.));
#2541 = ( GEOMETRIC_REPRESENTATION_CONTEXT(2) 
PARAMETRIC_REPRESENTATION_CONTEXT() REPRESENTATION_CONTEXT('2D SPACE',''
  ) );
#2542 = ORIENTED_EDGE('',*,*,#2543,.T.);
#2543 = EDGE_CURVE('',#2511,#2544,#2546,.T.);
#2544 = VERTEX_POINT('',#2545);
#2545 = CARTESIAN_POINT('',(11.572283918951,-22.3857598687,0.));
#2546 = SURFACE_CURVE('',#2547,(#2552,#2560),.PCURVE_S1.);
#2547 = ( BOUNDED_CURVE() B_SPLINE_CURVE(3,(#2548,#2549,#2550,#2551),
.UNSPECIFIED.,.F.,.F.) B_SPLINE_CURVE_WITH_KNOTS((4,4),(0.,1.),
.PIECEWISE_BEZIER_KNOTS.) CURVE() GEOMETRIC_REPRESENTATION_ITEM() 
RATIONAL_B_SPLINE_CURVE((1.,1.090235562154,0.878790067642,1.)) 
REPRESENTATION_ITEM('') );
#2548 = CARTESIAN_POINT('',(11.868055389194,-25.62618271527,0.));
#2549 = CARTESIAN_POINT('',(11.278873256666,-24.64139391116,0.));
#2550 = CARTESIAN_POINT('',(10.596516884332,-22.89944634406,0.));
#2551 = CARTESIAN_POINT('',(11.572283918951,-22.3857598687,0.));
#2552 = PCURVE('',#45,#2553);
#2553 = DEFINITIONAL_REPRESENTATION('',(#2554),#2559);
#2554 = ( BOUNDED_CURVE() B_SPLINE_CURVE(3,(#2555,#2556,#2557,#2558),
.UNSPECIFIED.,.F.,.F.) B_SPLINE_CURVE_WITH_KNOTS((4,4),(0.,1.),
.PIECEWISE_BEZIER_KNOTS.) CURVE() GEOMETRIC_REPRESENTATION_ITEM() 
RATIONAL_B_SPLINE_CURVE((1.,1.090235562154,0.878790067642,1.)) 
REPRESENTATION_ITEM('') );
#2555 = CARTESIAN_POINT('',(11.868055389194,-25.62618271527));
#2556 = CARTESIAN_POINT('',(11.278873256666,-24.64139391116));
#2557 = CARTESIAN_POINT('',(10.596516884332,-22.89944634406));
#2558 = CARTESIAN_POINT('',(11.572283918951,-22.3857598687));
#2559 = ( GEOMETRIC_REPRESENTATION_CONTEXT(2) 
PARAMETRIC_REPRESENTATION_CONTEXT() REPRESENTATION_CONTEXT('2D SPACE',''
  ) );
#2560 = PCURVE('',#2561,#2570);
#2561 = ( BOUNDED_SURFACE() B_SPLINE_SURFACE(1,3,(
    (#2562,#2563,#2564,#2565)
    ,(#2566,#2567,#2568,#2569
)),.UNSPECIFIED.,.F.,.F.,.F.) B_SPLINE_SURFACE_WITH_KNOTS((2,2),(4,4),(
    0.,1.),(0.,1.),.PIECEWISE_BEZIER_KNOTS.) 
GEOMETRIC_REPRESENTATION_ITEM() RATIONAL_B_SPLINE_SURFACE((
    (1.,1.090235562154,0.878790067642,1.)
,(1.,1.090235562154,0.878790067642,1.
))) REPRESENTATION_ITEM('') SURFACE() );
#2562 = CARTESIAN_POINT('',(11.868055389194,-25.62618271527,0.));
#2563 = CARTESIAN_POINT('',(11.278873256666,-24.64139391116,0.));
#2564 = CARTESIAN_POINT('',(10.596516884332,-22.89944634406,0.));
#2565 = CARTESIAN_POINT('',(11.572283918951,-22.3857598687,0.));
#2566 = CARTESIAN_POINT('',(11.868055389194,-25.62618271527,15.9));
#2567 = CARTESIAN_POINT('',(11.278873256666,-24.64139391116,15.9));
#2568 = CARTESIAN_POINT('',(10.596516884332,-22.89944634406,15.9));
#2569 = CARTESIAN_POINT('',(11.572283918951,-22.3857598687,15.9));
#2570 = DEFINITIONAL_REPRESENTATION('',(#2571),#2574);
#2571 = B_SPLINE_CURVE_WITH_KNOTS('',1,(#2572,#2573),.UNSPECIFIED.,.F.,
  .F.,(2,2),(0.,1.),.PIECEWISE_BEZIER_KNOTS.);
#2572 = CARTESIAN_POINT('',(0.,0.));
#2573 = CARTESIAN_POINT('',(0.,1.));
#2574 = ( GEOMETRIC_REPRESENTATION_CONTEXT(2) 
PARAMETRIC_REPRESENTATION_CONTEXT() REPRESENTATION_CONTEXT('2D SPACE',''
  ) );
#2575 = ORIENTED_EDGE('',*,*,#2576,.T.);
#2576 = EDGE_CURVE('',#2544,#2577,#2579,.T.);
#2577 = VERTEX_POINT('',#2578);
#2578 = CARTESIAN_POINT('',(13.600494769839,-21.21477178796,0.));
#2579 = SURFACE_CURVE('',#2580,(#2584,#2591),.PCURVE_S1.);
#2580 = ( BOUNDED_CURVE() B_SPLINE_CURVE(2,(#2581,#2582,#2583),
.UNSPECIFIED.,.F.,.F.) B_SPLINE_CURVE_WITH_KNOTS((3,3),(0.,1.),
.PIECEWISE_BEZIER_KNOTS.) CURVE() GEOMETRIC_REPRESENTATION_ITEM() 
RATIONAL_B_SPLINE_CURVE((1.,0.998919789238,1.)) REPRESENTATION_ITEM('') 
  );
#2581 = CARTESIAN_POINT('',(11.572283918951,-22.3857598687,0.));
#2582 = CARTESIAN_POINT('',(12.613625373881,-21.8474400152,0.));
#2583 = CARTESIAN_POINT('',(13.600494769839,-21.21477178796,0.));
#2584 = PCURVE('',#45,#2585);
#2585 = DEFINITIONAL_REPRESENTATION('',(#2586),#2590);
#2586 = ( BOUNDED_CURVE() B_SPLINE_CURVE(2,(#2587,#2588,#2589),
.UNSPECIFIED.,.F.,.F.) B_SPLINE_CURVE_WITH_KNOTS((3,3),(0.,1.),
.PIECEWISE_BEZIER_KNOTS.) CURVE() GEOMETRIC_REPRESENTATION_ITEM() 
RATIONAL_B_SPLINE_CURVE((1.,0.998919789238,1.)) REPRESENTATION_ITEM('') 
  );
#2587 = CARTESIAN_POINT('',(11.572283918951,-22.3857598687));
#2588 = CARTESIAN_POINT('',(12.613625373881,-21.8474400152));
#2589 = CARTESIAN_POINT('',(13.600494769839,-21.21477178796));
#2590 = ( GEOMETRIC_REPRESENTATION_CONTEXT(2) 
PARAMETRIC_REPRESENTATION_CONTEXT() REPRESENTATION_CONTEXT('2D SPACE',''
  ) );
#2591 = PCURVE('',#2592,#2599);
#2592 = ( BOUNDED_SURFACE() B_SPLINE_SURFACE(1,2,(
    (#2593,#2594,#2595)
    ,(#2596,#2597,#2598
)),.UNSPECIFIED.,.F.,.F.,.F.) B_SPLINE_SURFACE_WITH_KNOTS((2,2),(3,3),(
    0.,1.),(0.,1.),.PIECEWISE_BEZIER_KNOTS.) 
GEOMETRIC_REPRESENTATION_ITEM() RATIONAL_B_SPLINE_SURFACE((
    (1.,0.998919789238,1.)
,(1.,0.998919789238,1.))) REPRESENTATION_ITEM('') SURFACE() );
#2593 = CARTESIAN_POINT('',(11.572283918951,-22.3857598687,0.));
#2594 = CARTESIAN_POINT('',(12.613625373881,-21.8474400152,0.));
#2595 = CARTESIAN_POINT('',(13.600494769839,-21.21477178796,0.));
#2596 = CARTESIAN_POINT('',(11.572283918951,-22.3857598687,15.9));
#2597 = CARTESIAN_POINT('',(12.613625373881,-21.8474400152,15.9));
#2598 = CARTESIAN_POINT('',(13.600494769839,-21.21477178796,15.9));
#2599 = DEFINITIONAL_REPRESENTATION('',(#2600),#2603);
#2600 = B_SPLINE_CURVE_WITH_KNOTS('',1,(#2601,#2602),.UNSPECIFIED.,.F.,
  .F.,(2,2),(0.,1.),.PIECEWISE_BEZIER_KNOTS.);
#2601 = CARTESIAN_POINT('',(0.,0.));
#2602 = CARTESIAN_POINT('',(0.,1.));
#2603 = ( GEOMETRIC_REPRESENTATION_CONTEXT(2) 
PARAMETRIC_REPRESENTATION_CONTEXT() REPRESENTATION_CONTEXT('2D SPACE',''
  ) );
#2604 = ORIENTED_EDGE('',*,*,#2605,.T.);
#2605 = EDGE_CURVE('',#2577,#2606,#2608,.T.);
#2606 = VERTEX_POINT('',#2607);
#2607 = CARTESIAN_POINT('',(16.258897538859,-23.09112881821,0.));
#2608 = SURFACE_CURVE('',#2609,(#2614,#2622),.PCURVE_S1.);
#2609 = ( BOUNDED_CURVE() B_SPLINE_CURVE(3,(#2610,#2611,#2612,#2613),
.UNSPECIFIED.,.F.,.F.) B_SPLINE_CURVE_WITH_KNOTS((4,4),(0.,1.),
.PIECEWISE_BEZIER_KNOTS.) CURVE() GEOMETRIC_REPRESENTATION_ITEM() 
RATIONAL_B_SPLINE_CURVE((1.,0.878790067642,1.090235562154,1.)) 
REPRESENTATION_ITEM('') );
#2610 = CARTESIAN_POINT('',(13.600494769839,-21.21477178796,0.));
#2611 = CARTESIAN_POINT('',(14.533243824396,-20.62657598549,0.));
#2612 = CARTESIAN_POINT('',(15.700636483394,-22.08848772191,0.));
#2613 = CARTESIAN_POINT('',(16.258897538862,-23.09112881822,0.));
#2614 = PCURVE('',#45,#2615);
#2615 = DEFINITIONAL_REPRESENTATION('',(#2616),#2621);
#2616 = ( BOUNDED_CURVE() B_SPLINE_CURVE(3,(#2617,#2618,#2619,#2620),
.UNSPECIFIED.,.F.,.F.) B_SPLINE_CURVE_WITH_KNOTS((4,4),(0.,1.),
.PIECEWISE_BEZIER_KNOTS.) CURVE() GEOMETRIC_REPRESENTATION_ITEM() 
RATIONAL_B_SPLINE_CURVE((1.,0.878790067642,1.090235562154,1.)) 
REPRESENTATION_ITEM('') );
#2617 = CARTESIAN_POINT('',(13.600494769839,-21.21477178796));
#2618 = CARTESIAN_POINT('',(14.533243824396,-20.62657598549));
#2619 = CARTESIAN_POINT('',(15.700636483394,-22.08848772191));
#2620 = CARTESIAN_POINT('',(16.258897538862,-23.09112881822));
#2621 = ( GEOMETRIC_REPRESENTATION_CONTEXT(2) 
PARAMETRIC_REPRESENTATION_CONTEXT() REPRESENTATION_CONTEXT('2D SPACE',''
  ) );
#2622 = PCURVE('',#2623,#2632);
#2623 = ( BOUNDED_SURFACE() B_SPLINE_SURFACE(1,3,(
    (#2624,#2625,#2626,#2627)
    ,(#2628,#2629,#2630,#2631
)),.UNSPECIFIED.,.F.,.F.,.F.) B_SPLINE_SURFACE_WITH_KNOTS((2,2),(4,4),(
    0.,1.),(0.,1.),.PIECEWISE_BEZIER_KNOTS.) 
GEOMETRIC_REPRESENTATION_ITEM() RATIONAL_B_SPLINE_SURFACE((
    (1.,0.878790067642,1.090235562154,1.)
,(1.,0.878790067642,1.090235562154,1.
))) REPRESENTATION_ITEM('') SURFACE() );
#2624 = CARTESIAN_POINT('',(13.600494769839,-21.21477178796,0.));
#2625 = CARTESIAN_POINT('',(14.533243824396,-20.62657598549,0.));
#2626 = CARTESIAN_POINT('',(15.700636483394,-22.08848772191,0.));
#2627 = CARTESIAN_POINT('',(16.258897538856,-23.0911288182,0.));
#2628 = CARTESIAN_POINT('',(13.600494769839,-21.21477178796,15.9));
#2629 = CARTESIAN_POINT('',(14.533243824396,-20.62657598549,15.9));
#2630 = CARTESIAN_POINT('',(15.700636483394,-22.08848772191,15.9));
#2631 = CARTESIAN_POINT('',(16.258897538856,-23.0911288182,15.9));
#2632 = DEFINITIONAL_REPRESENTATION('',(#2633),#2636);
#2633 = B_SPLINE_CURVE_WITH_KNOTS('',1,(#2634,#2635),.UNSPECIFIED.,.F.,
  .F.,(2,2),(0.,1.),.PIECEWISE_BEZIER_KNOTS.);
#2634 = CARTESIAN_POINT('',(0.,0.));
#2635 = CARTESIAN_POINT('',(0.,1.));
#2636 = ( GEOMETRIC_REPRESENTATION_CONTEXT(2) 
PARAMETRIC_REPRESENTATION_CONTEXT() REPRESENTATION_CONTEXT('2D SPACE',''
  ) );
#2637 = ORIENTED_EDGE('',*,*,#2638,.T.);
#2638 = EDGE_CURVE('',#2606,#2639,#2641,.T.);
#2639 = VERTEX_POINT('',#2640);
#2640 = CARTESIAN_POINT('',(21.758137071806,-26.12629845896,0.));
#2641 = SURFACE_CURVE('',#2642,(#2647,#2655),.PCURVE_S1.);
#2642 = ( BOUNDED_CURVE() B_SPLINE_CURVE(3,(#2643,#2644,#2645,#2646),
.UNSPECIFIED.,.F.,.F.) B_SPLINE_CURVE_WITH_KNOTS((4,4),(0.,1.),
.PIECEWISE_BEZIER_KNOTS.) CURVE() GEOMETRIC_REPRESENTATION_ITEM() 
RATIONAL_B_SPLINE_CURVE((1.,0.992368104903,1.010655752079,1.)) 
REPRESENTATION_ITEM('') );
#2643 = CARTESIAN_POINT('',(16.258897538856,-23.0911288182,0.));
#2644 = CARTESIAN_POINT('',(17.420614529762,-24.45131571576,0.));
#2645 = CARTESIAN_POINT('',(19.76793477861,-25.55790505891,0.));
#2646 = CARTESIAN_POINT('',(21.758137071806,-26.12629845896,0.));
#2647 = PCURVE('',#45,#2648);
#2648 = DEFINITIONAL_REPRESENTATION('',(#2649),#2654);
#2649 = ( BOUNDED_CURVE() B_SPLINE_CURVE(3,(#2650,#2651,#2652,#2653),
.UNSPECIFIED.,.F.,.F.) B_SPLINE_CURVE_WITH_KNOTS((4,4),(0.,1.),
.PIECEWISE_BEZIER_KNOTS.) CURVE() GEOMETRIC_REPRESENTATION_ITEM() 
RATIONAL_B_SPLINE_CURVE((1.,0.992368104903,1.010655752079,1.)) 
REPRESENTATION_ITEM('') );
#2650 = CARTESIAN_POINT('',(16.258897538856,-23.0911288182));
#2651 = CARTESIAN_POINT('',(17.420614529762,-24.45131571576));
#2652 = CARTESIAN_POINT('',(19.76793477861,-25.55790505891));
#2653 = CARTESIAN_POINT('',(21.758137071806,-26.12629845896));
#2654 = ( GEOMETRIC_REPRESENTATION_CONTEXT(2) 
PARAMETRIC_REPRESENTATION_CONTEXT() REPRESENTATION_CONTEXT('2D SPACE',''
  ) );
#2655 = PCURVE('',#2656,#2665);
#2656 = ( BOUNDED_SURFACE() B_SPLINE_SURFACE(1,3,(
    (#2657,#2658,#2659,#2660)
    ,(#2661,#2662,#2663,#2664
)),.UNSPECIFIED.,.F.,.F.,.F.) B_SPLINE_SURFACE_WITH_KNOTS((2,2),(4,4),(
    0.,1.),(0.,1.),.PIECEWISE_BEZIER_KNOTS.) 
GEOMETRIC_REPRESENTATION_ITEM() RATIONAL_B_SPLINE_SURFACE((
    (1.,0.992368104903,1.010655752079,1.)
,(1.,0.992368104903,1.010655752079,1.
))) REPRESENTATION_ITEM('') SURFACE() );
#2657 = CARTESIAN_POINT('',(16.258897538856,-23.0911288182,0.));
#2658 = CARTESIAN_POINT('',(17.420614529762,-24.45131571576,0.));
#2659 = CARTESIAN_POINT('',(19.76793477861,-25.55790505891,0.));
#2660 = CARTESIAN_POINT('',(21.758137071806,-26.12629845896,0.));
#2661 = CARTESIAN_POINT('',(16.258897538856,-23.0911288182,15.9));
#2662 = CARTESIAN_POINT('',(17.420614529762,-24.45131571576,15.9));
#2663 = CARTESIAN_POINT('',(19.76793477861,-25.55790505891,15.9));
#2664 = CARTESIAN_POINT('',(21.758137071806,-26.12629845896,15.9));
#2665 = DEFINITIONAL_REPRESENTATION('',(#2666),#2669);
#2666 = B_SPLINE_CURVE_WITH_KNOTS('',1,(#2667,#2668),.UNSPECIFIED.,.F.,
  .F.,(2,2),(0.,1.),.PIECEWISE_BEZIER_KNOTS.);
#2667 = CARTESIAN_POINT('',(0.,0.));
#2668 = CARTESIAN_POINT('',(0.,1.));
#2669 = ( GEOMETRIC_REPRESENTATION_CONTEXT(2) 
PARAMETRIC_REPRESENTATION_CONTEXT() REPRESENTATION_CONTEXT('2D SPACE',''
  ) );
#2670 = ORIENTED_EDGE('',*,*,#2671,.T.);
#2671 = EDGE_CURVE('',#2639,#2672,#2674,.T.);
#2672 = VERTEX_POINT('',#2673);
#2673 = CARTESIAN_POINT('',(23.708831230686,-24.36988554912,0.));
#2674 = SURFACE_CURVE('',#2675,(#2679,#2686),.PCURVE_S1.);
#2675 = ( BOUNDED_CURVE() B_SPLINE_CURVE(2,(#2676,#2677,#2678),
.UNSPECIFIED.,.F.,.F.) B_SPLINE_CURVE_WITH_KNOTS((3,3),(0.,1.),
.PIECEWISE_BEZIER_KNOTS.) CURVE() GEOMETRIC_REPRESENTATION_ITEM() 
RATIONAL_B_SPLINE_CURVE((1.,0.999254675315,1.)) REPRESENTATION_ITEM('') 
  );
#2676 = CARTESIAN_POINT('',(21.758137071806,-26.12629845896,0.));
#2677 = CARTESIAN_POINT('',(22.767409728704,-25.28577017494,0.));
#2678 = CARTESIAN_POINT('',(23.708831230686,-24.36988554912,0.));
#2679 = PCURVE('',#45,#2680);
#2680 = DEFINITIONAL_REPRESENTATION('',(#2681),#2685);
#2681 = ( BOUNDED_CURVE() B_SPLINE_CURVE(2,(#2682,#2683,#2684),
.UNSPECIFIED.,.F.,.F.) B_SPLINE_CURVE_WITH_KNOTS((3,3),(0.,1.),
.PIECEWISE_BEZIER_KNOTS.) CURVE() GEOMETRIC_REPRESENTATION_ITEM() 
RATIONAL_B_SPLINE_CURVE((1.,0.999254675315,1.)) REPRESENTATION_ITEM('') 
  );
#2682 = CARTESIAN_POINT('',(21.758137071806,-26.12629845896));
#2683 = CARTESIAN_POINT('',(22.767409728704,-25.28577017494));
#2684 = CARTESIAN_POINT('',(23.708831230686,-24.36988554912));
#2685 = ( GEOMETRIC_REPRESENTATION_CONTEXT(2) 
PARAMETRIC_REPRESENTATION_CONTEXT() REPRESENTATION_CONTEXT('2D SPACE',''
  ) );
#2686 = PCURVE('',#2687,#2694);
#2687 = ( BOUNDED_SURFACE() B_SPLINE_SURFACE(1,2,(
    (#2688,#2689,#2690)
    ,(#2691,#2692,#2693
)),.UNSPECIFIED.,.F.,.F.,.F.) B_SPLINE_SURFACE_WITH_KNOTS((2,2),(3,3),(
    0.,1.),(0.,1.),.PIECEWISE_BEZIER_KNOTS.) 
GEOMETRIC_REPRESENTATION_ITEM() RATIONAL_B_SPLINE_SURFACE((
    (1.,0.999254675315,1.)
,(1.,0.999254675315,1.))) REPRESENTATION_ITEM('') SURFACE() );
#2688 = CARTESIAN_POINT('',(21.758137071806,-26.12629845896,0.));
#2689 = CARTESIAN_POINT('',(22.767409728704,-25.28577017494,0.));
#2690 = CARTESIAN_POINT('',(23.708831230686,-24.36988554912,0.));
#2691 = CARTESIAN_POINT('',(21.758137071806,-26.12629845896,15.9));
#2692 = CARTESIAN_POINT('',(22.767409728704,-25.28577017494,15.9));
#2693 = CARTESIAN_POINT('',(23.708831230686,-24.36988554912,15.9));
#2694 = DEFINITIONAL_REPRESENTATION('',(#2695),#2698);
#2695 = B_SPLINE_CURVE_WITH_KNOTS('',1,(#2696,#2697),.UNSPECIFIED.,.F.,
  .F.,(2,2),(0.,1.),.PIECEWISE_BEZIER_KNOTS.);
#2696 = CARTESIAN_POINT('',(0.,0.));
#2697 = CARTESIAN_POINT('',(0.,1.));
#2698 = ( GEOMETRIC_REPRESENTATION_CONTEXT(2) 
PARAMETRIC_REPRESENTATION_CONTEXT() REPRESENTATION_CONTEXT('2D SPACE',''
  ) );
#2699 = ORIENTED_EDGE('',*,*,#2700,.T.);
#2700 = EDGE_CURVE('',#2672,#2701,#2703,.T.);
#2701 = VERTEX_POINT('',#2702);
#2702 = CARTESIAN_POINT('',(21.265115624309,-18.58350980742,0.));
#2703 = SURFACE_CURVE('',#2704,(#2709,#2717),.PCURVE_S1.);
#2704 = ( BOUNDED_CURVE() B_SPLINE_CURVE(3,(#2705,#2706,#2707,#2708),
.UNSPECIFIED.,.F.,.F.) B_SPLINE_CURVE_WITH_KNOTS((4,4),(0.,1.),
.PIECEWISE_BEZIER_KNOTS.) CURVE() GEOMETRIC_REPRESENTATION_ITEM() 
RATIONAL_B_SPLINE_CURVE((1.,1.010655752079,0.992368104903,1.)) 
REPRESENTATION_ITEM('') );
#2705 = CARTESIAN_POINT('',(23.708831230686,-24.36988554912,0.));
#2706 = CARTESIAN_POINT('',(23.351584336456,-22.33117250368,0.));
#2707 = CARTESIAN_POINT('',(22.496418783918,-19.88104103726,0.));
#2708 = CARTESIAN_POINT('',(21.265115624309,-18.58350980742,0.));
#2709 = PCURVE('',#45,#2710);
#2710 = DEFINITIONAL_REPRESENTATION('',(#2711),#2716);
#2711 = ( BOUNDED_CURVE() B_SPLINE_CURVE(3,(#2712,#2713,#2714,#2715),
.UNSPECIFIED.,.F.,.F.) B_SPLINE_CURVE_WITH_KNOTS((4,4),(0.,1.),
.PIECEWISE_BEZIER_KNOTS.) CURVE() GEOMETRIC_REPRESENTATION_ITEM() 
RATIONAL_B_SPLINE_CURVE((1.,1.010655752079,0.992368104903,1.)) 
REPRESENTATION_ITEM('') );
#2712 = CARTESIAN_POINT('',(23.708831230686,-24.36988554912));
#2713 = CARTESIAN_POINT('',(23.351584336456,-22.33117250368));
#2714 = CARTESIAN_POINT('',(22.496418783918,-19.88104103726));
#2715 = CARTESIAN_POINT('',(21.265115624309,-18.58350980742));
#2716 = ( GEOMETRIC_REPRESENTATION_CONTEXT(2) 
PARAMETRIC_REPRESENTATION_CONTEXT() REPRESENTATION_CONTEXT('2D SPACE',''
  ) );
#2717 = PCURVE('',#2718,#2727);
#2718 = ( BOUNDED_SURFACE() B_SPLINE_SURFACE(1,3,(
    (#2719,#2720,#2721,#2722)
    ,(#2723,#2724,#2725,#2726
)),.UNSPECIFIED.,.F.,.F.,.F.) B_SPLINE_SURFACE_WITH_KNOTS((2,2),(4,4),(
    0.,1.),(0.,1.),.PIECEWISE_BEZIER_KNOTS.) 
GEOMETRIC_REPRESENTATION_ITEM() RATIONAL_B_SPLINE_SURFACE((
    (1.,1.010655752079,0.992368104903,1.)
,(1.,1.010655752079,0.992368104903,1.
))) REPRESENTATION_ITEM('') SURFACE() );
#2719 = CARTESIAN_POINT('',(23.708831230686,-24.36988554912,0.));
#2720 = CARTESIAN_POINT('',(23.351584336456,-22.33117250368,0.));
#2721 = CARTESIAN_POINT('',(22.496418783918,-19.88104103726,0.));
#2722 = CARTESIAN_POINT('',(21.265115624309,-18.58350980742,0.));
#2723 = CARTESIAN_POINT('',(23.708831230686,-24.36988554912,15.9));
#2724 = CARTESIAN_POINT('',(23.351584336456,-22.33117250368,15.9));
#2725 = CARTESIAN_POINT('',(22.496418783918,-19.88104103726,15.9));
#2726 = CARTESIAN_POINT('',(21.265115624309,-18.58350980742,15.9));
#2727 = DEFINITIONAL_REPRESENTATION('',(#2728),#2731);
#2728 = B_SPLINE_CURVE_WITH_KNOTS('',1,(#2729,#2730),.UNSPECIFIED.,.F.,
  .F.,(2,2),(0.,1.),.PIECEWISE_BEZIER_KNOTS.);
#2729 = CARTESIAN_POINT('',(0.,0.));
#2730 = CARTESIAN_POINT('',(0.,1.));
#2731 = ( GEOMETRIC_REPRESENTATION_CONTEXT(2) 
PARAMETRIC_REPRESENTATION_CONTEXT() REPRESENTATION_CONTEXT('2D SPACE',''
  ) );
#2732 = ORIENTED_EDGE('',*,*,#2733,.T.);
#2733 = EDGE_CURVE('',#2701,#2734,#2736,.T.);
#2734 = VERTEX_POINT('',#2735);
#2735 = CARTESIAN_POINT('',(19.676916230405,-15.74353733001,0.));
#2736 = SURFACE_CURVE('',#2737,(#2742,#2750),.PCURVE_S1.);
#2737 = ( BOUNDED_CURVE() B_SPLINE_CURVE(3,(#2738,#2739,#2740,#2741),
.UNSPECIFIED.,.F.,.F.) B_SPLINE_CURVE_WITH_KNOTS((4,4),(0.,1.),
.PIECEWISE_BEZIER_KNOTS.) CURVE() GEOMETRIC_REPRESENTATION_ITEM() 
RATIONAL_B_SPLINE_CURVE((1.,1.090235562154,0.878790067642,1.)) 
REPRESENTATION_ITEM('') );
#2738 = CARTESIAN_POINT('',(21.265115624309,-18.58350980742,0.));
#2739 = CARTESIAN_POINT('',(20.326321271089,-17.92350243143,0.));
#2740 = CARTESIAN_POINT('',(18.994443800795,-16.60969348432,0.));
#2741 = CARTESIAN_POINT('',(19.676916230405,-15.74353733001,0.));
#2742 = PCURVE('',#45,#2743);
#2743 = DEFINITIONAL_REPRESENTATION('',(#2744),#2749);
#2744 = ( BOUNDED_CURVE() B_SPLINE_CURVE(3,(#2745,#2746,#2747,#2748),
.UNSPECIFIED.,.F.,.F.) B_SPLINE_CURVE_WITH_KNOTS((4,4),(0.,1.),
.PIECEWISE_BEZIER_KNOTS.) CURVE() GEOMETRIC_REPRESENTATION_ITEM() 
RATIONAL_B_SPLINE_CURVE((1.,1.090235562154,0.878790067642,1.)) 
REPRESENTATION_ITEM('') );
#2745 = CARTESIAN_POINT('',(21.265115624309,-18.58350980742));
#2746 = CARTESIAN_POINT('',(20.326321271089,-17.92350243143));
#2747 = CARTESIAN_POINT('',(18.994443800795,-16.60969348432));
#2748 = CARTESIAN_POINT('',(19.676916230405,-15.74353733001));
#2749 = ( GEOMETRIC_REPRESENTATION_CONTEXT(2) 
PARAMETRIC_REPRESENTATION_CONTEXT() REPRESENTATION_CONTEXT('2D SPACE',''
  ) );
#2750 = PCURVE('',#2751,#2760);
#2751 = ( BOUNDED_SURFACE() B_SPLINE_SURFACE(1,3,(
    (#2752,#2753,#2754,#2755)
    ,(#2756,#2757,#2758,#2759
)),.UNSPECIFIED.,.F.,.F.,.F.) B_SPLINE_SURFACE_WITH_KNOTS((2,2),(4,4),(
    0.,1.),(0.,1.),.PIECEWISE_BEZIER_KNOTS.) 
GEOMETRIC_REPRESENTATION_ITEM() RATIONAL_B_SPLINE_SURFACE((
    (1.,1.090235562154,0.878790067642,1.)
,(1.,1.090235562154,0.878790067642,1.
))) REPRESENTATION_ITEM('') SURFACE() );
#2752 = CARTESIAN_POINT('',(21.265115624309,-18.58350980742,0.));
#2753 = CARTESIAN_POINT('',(20.326321271089,-17.92350243143,0.));
#2754 = CARTESIAN_POINT('',(18.994443800795,-16.60969348432,0.));
#2755 = CARTESIAN_POINT('',(19.676916230405,-15.74353733001,0.));
#2756 = CARTESIAN_POINT('',(21.265115624309,-18.58350980742,15.9));
#2757 = CARTESIAN_POINT('',(20.326321271089,-17.92350243143,15.9));
#2758 = CARTESIAN_POINT('',(18.994443800795,-16.60969348432,15.9));
#2759 = CARTESIAN_POINT('',(19.676916230405,-15.74353733001,15.9));
#2760 = DEFINITIONAL_REPRESENTATION('',(#2761),#2764);
#2761 = B_SPLINE_CURVE_WITH_KNOTS('',1,(#2762,#2763),.UNSPECIFIED.,.F.,
  .F.,(2,2),(0.,1.),.PIECEWISE_BEZIER_KNOTS.);
#2762 = CARTESIAN_POINT('',(0.,0.));
#2763 = CARTESIAN_POINT('',(0.,1.));
#2764 = ( GEOMETRIC_REPRESENTATION_CONTEXT(2) 
PARAMETRIC_REPRESENTATION_CONTEXT() REPRESENTATION_CONTEXT('2D SPACE',''
  ) );
#2765 = ORIENTED_EDGE('',*,*,#2766,.T.);
#2766 = EDGE_CURVE('',#2734,#2767,#2769,.T.);
#2767 = VERTEX_POINT('',#2768);
#2768 = CARTESIAN_POINT('',(21.053495279336,-13.84883881496,0.));
#2769 = SURFACE_CURVE('',#2770,(#2774,#2781),.PCURVE_S1.);
#2770 = ( BOUNDED_CURVE() B_SPLINE_CURVE(2,(#2771,#2772,#2773),
.UNSPECIFIED.,.F.,.F.) B_SPLINE_CURVE_WITH_KNOTS((3,3),(0.,1.),
.PIECEWISE_BEZIER_KNOTS.) CURVE() GEOMETRIC_REPRESENTATION_ITEM() 
RATIONAL_B_SPLINE_CURVE((1.,0.998919789238,1.)) REPRESENTATION_ITEM('') 
  );
#2771 = CARTESIAN_POINT('',(19.676916230405,-15.74353733001,0.));
#2772 = CARTESIAN_POINT('',(20.409274576297,-14.82820594541,0.));
#2773 = CARTESIAN_POINT('',(21.053495279336,-13.84883881496,0.));
#2774 = PCURVE('',#45,#2775);
#2775 = DEFINITIONAL_REPRESENTATION('',(#2776),#2780);
#2776 = ( BOUNDED_CURVE() B_SPLINE_CURVE(2,(#2777,#2778,#2779),
.UNSPECIFIED.,.F.,.F.) B_SPLINE_CURVE_WITH_KNOTS((3,3),(0.,1.),
.PIECEWISE_BEZIER_KNOTS.) CURVE() GEOMETRIC_REPRESENTATION_ITEM() 
RATIONAL_B_SPLINE_CURVE((1.,0.998919789238,1.)) REPRESENTATION_ITEM('') 
  );
#2777 = CARTESIAN_POINT('',(19.676916230405,-15.74353733001));
#2778 = CARTESIAN_POINT('',(20.409274576297,-14.82820594541));
#2779 = CARTESIAN_POINT('',(21.053495279336,-13.84883881496));
#2780 = ( GEOMETRIC_REPRESENTATION_CONTEXT(2) 
PARAMETRIC_REPRESENTATION_CONTEXT() REPRESENTATION_CONTEXT('2D SPACE',''
  ) );
#2781 = PCURVE('',#2782,#2789);
#2782 = ( BOUNDED_SURFACE() B_SPLINE_SURFACE(1,2,(
    (#2783,#2784,#2785)
    ,(#2786,#2787,#2788
)),.UNSPECIFIED.,.F.,.F.,.F.) B_SPLINE_SURFACE_WITH_KNOTS((2,2),(3,3),(
    0.,1.),(0.,1.),.PIECEWISE_BEZIER_KNOTS.) 
GEOMETRIC_REPRESENTATION_ITEM() RATIONAL_B_SPLINE_SURFACE((
    (1.,0.998919789238,1.)
,(1.,0.998919789238,1.))) REPRESENTATION_ITEM('') SURFACE() );
#2783 = CARTESIAN_POINT('',(19.676916230405,-15.74353733001,0.));
#2784 = CARTESIAN_POINT('',(20.409274576297,-14.82820594541,0.));
#2785 = CARTESIAN_POINT('',(21.053495279336,-13.84883881496,0.));
#2786 = CARTESIAN_POINT('',(19.676916230405,-15.74353733001,15.9));
#2787 = CARTESIAN_POINT('',(20.409274576297,-14.82820594541,15.9));
#2788 = CARTESIAN_POINT('',(21.053495279336,-13.84883881496,15.9));
#2789 = DEFINITIONAL_REPRESENTATION('',(#2790),#2793);
#2790 = B_SPLINE_CURVE_WITH_KNOTS('',1,(#2791,#2792),.UNSPECIFIED.,.F.,
  .F.,(2,2),(0.,1.),.PIECEWISE_BEZIER_KNOTS.);
#2791 = CARTESIAN_POINT('',(0.,0.));
#2792 = CARTESIAN_POINT('',(0.,1.));
#2793 = ( GEOMETRIC_REPRESENTATION_CONTEXT(2) 
PARAMETRIC_REPRESENTATION_CONTEXT() REPRESENTATION_CONTEXT('2D SPACE',''
  ) );
#2794 = ORIENTED_EDGE('',*,*,#2795,.T.);
#2795 = EDGE_CURVE('',#2767,#2796,#2798,.T.);
#2796 = VERTEX_POINT('',#2797);
#2797 = CARTESIAN_POINT('',(24.245250213252,-14.48170643864,0.));
#2798 = SURFACE_CURVE('',#2799,(#2804,#2812),.PCURVE_S1.);
#2799 = ( BOUNDED_CURVE() B_SPLINE_CURVE(3,(#2800,#2801,#2802,#2803),
.UNSPECIFIED.,.F.,.F.) B_SPLINE_CURVE_WITH_KNOTS((4,4),(0.,1.),
.PIECEWISE_BEZIER_KNOTS.) CURVE() GEOMETRIC_REPRESENTATION_ITEM() 
RATIONAL_B_SPLINE_CURVE((1.,0.878790067642,1.090235562154,1.)) 
REPRESENTATION_ITEM('') );
#2800 = CARTESIAN_POINT('',(21.053495279336,-13.84883881496,0.));
#2801 = CARTESIAN_POINT('',(21.666363155079,-12.93211199213,0.));
#2802 = CARTESIAN_POINT('',(23.327442488136,-13.79281344714,0.));
#2803 = CARTESIAN_POINT('',(24.245250213258,-14.48170643865,0.));
#2804 = PCURVE('',#45,#2805);
#2805 = DEFINITIONAL_REPRESENTATION('',(#2806),#2811);
#2806 = ( BOUNDED_CURVE() B_SPLINE_CURVE(3,(#2807,#2808,#2809,#2810),
.UNSPECIFIED.,.F.,.F.) B_SPLINE_CURVE_WITH_KNOTS((4,4),(0.,1.),
.PIECEWISE_BEZIER_KNOTS.) CURVE() GEOMETRIC_REPRESENTATION_ITEM() 
RATIONAL_B_SPLINE_CURVE((1.,0.878790067642,1.090235562154,1.)) 
REPRESENTATION_ITEM('') );
#2807 = CARTESIAN_POINT('',(21.053495279336,-13.84883881496));
#2808 = CARTESIAN_POINT('',(21.666363155079,-12.93211199213));
#2809 = CARTESIAN_POINT('',(23.327442488136,-13.79281344714));
#2810 = CARTESIAN_POINT('',(24.245250213258,-14.48170643865));
#2811 = ( GEOMETRIC_REPRESENTATION_CONTEXT(2) 
PARAMETRIC_REPRESENTATION_CONTEXT() REPRESENTATION_CONTEXT('2D SPACE',''
  ) );
#2812 = PCURVE('',#2813,#2822);
#2813 = ( BOUNDED_SURFACE() B_SPLINE_SURFACE(1,3,(
    (#2814,#2815,#2816,#2817)
    ,(#2818,#2819,#2820,#2821
)),.UNSPECIFIED.,.F.,.F.,.F.) B_SPLINE_SURFACE_WITH_KNOTS((2,2),(4,4),(
    0.,1.),(0.,1.),.PIECEWISE_BEZIER_KNOTS.) 
GEOMETRIC_REPRESENTATION_ITEM() RATIONAL_B_SPLINE_SURFACE((
    (1.,0.878790067642,1.090235562154,1.)
,(1.,0.878790067642,1.090235562154,1.
))) REPRESENTATION_ITEM('') SURFACE() );
#2814 = CARTESIAN_POINT('',(21.053495279336,-13.84883881496,0.));
#2815 = CARTESIAN_POINT('',(21.666363155079,-12.93211199213,0.));
#2816 = CARTESIAN_POINT('',(23.327442488136,-13.79281344714,0.));
#2817 = CARTESIAN_POINT('',(24.245250213245,-14.48170643864,0.));
#2818 = CARTESIAN_POINT('',(21.053495279336,-13.84883881496,15.9));
#2819 = CARTESIAN_POINT('',(21.666363155079,-12.93211199213,15.9));
#2820 = CARTESIAN_POINT('',(23.327442488136,-13.79281344714,15.9));
#2821 = CARTESIAN_POINT('',(24.245250213245,-14.48170643864,15.9));
#2822 = DEFINITIONAL_REPRESENTATION('',(#2823),#2826);
#2823 = B_SPLINE_CURVE_WITH_KNOTS('',1,(#2824,#2825),.UNSPECIFIED.,.F.,
  .F.,(2,2),(0.,1.),.PIECEWISE_BEZIER_KNOTS.);
#2824 = CARTESIAN_POINT('',(0.,0.));
#2825 = CARTESIAN_POINT('',(0.,1.));
#2826 = ( GEOMETRIC_REPRESENTATION_CONTEXT(2) 
PARAMETRIC_REPRESENTATION_CONTEXT() REPRESENTATION_CONTEXT('2D SPACE',''
  ) );
#2827 = ORIENTED_EDGE('',*,*,#2828,.T.);
#2828 = EDGE_CURVE('',#2796,#2829,#2831,.T.);
#2829 = VERTEX_POINT('',#2830);
#2830 = CARTESIAN_POINT('',(30.50357021991,-15.01772965003,0.));
#2831 = SURFACE_CURVE('',#2832,(#2837,#2845),.PCURVE_S1.);
#2832 = ( BOUNDED_CURVE() B_SPLINE_CURVE(3,(#2833,#2834,#2835,#2836),
.UNSPECIFIED.,.F.,.F.) B_SPLINE_CURVE_WITH_KNOTS((4,4),(0.,1.),
.PIECEWISE_BEZIER_KNOTS.) CURVE() GEOMETRIC_REPRESENTATION_ITEM() 
RATIONAL_B_SPLINE_CURVE((1.,0.992368104903,1.010655752079,1.)) 
REPRESENTATION_ITEM('') );
#2833 = CARTESIAN_POINT('',(24.245250213245,-14.48170643864,0.));
#2834 = CARTESIAN_POINT('',(25.859769346024,-15.25178613137,0.));
#2835 = CARTESIAN_POINT('',(28.45424353169,-15.30796464104,0.));
#2836 = CARTESIAN_POINT('',(30.50357021991,-15.01772965003,0.));
#2837 = PCURVE('',#45,#2838);
#2838 = DEFINITIONAL_REPRESENTATION('',(#2839),#2844);
#2839 = ( BOUNDED_CURVE() B_SPLINE_CURVE(3,(#2840,#2841,#2842,#2843),
.UNSPECIFIED.,.F.,.F.) B_SPLINE_CURVE_WITH_KNOTS((4,4),(0.,1.),
.PIECEWISE_BEZIER_KNOTS.) CURVE() GEOMETRIC_REPRESENTATION_ITEM() 
RATIONAL_B_SPLINE_CURVE((1.,0.992368104903,1.010655752079,1.)) 
REPRESENTATION_ITEM('') );
#2840 = CARTESIAN_POINT('',(24.245250213245,-14.48170643864));
#2841 = CARTESIAN_POINT('',(25.859769346024,-15.25178613137));
#2842 = CARTESIAN_POINT('',(28.45424353169,-15.30796464104));
#2843 = CARTESIAN_POINT('',(30.50357021991,-15.01772965003));
#2844 = ( GEOMETRIC_REPRESENTATION_CONTEXT(2) 
PARAMETRIC_REPRESENTATION_CONTEXT() REPRESENTATION_CONTEXT('2D SPACE',''
  ) );
#2845 = PCURVE('',#2846,#2855);
#2846 = ( BOUNDED_SURFACE() B_SPLINE_SURFACE(1,3,(
    (#2847,#2848,#2849,#2850)
    ,(#2851,#2852,#2853,#2854
)),.UNSPECIFIED.,.F.,.F.,.F.) B_SPLINE_SURFACE_WITH_KNOTS((2,2),(4,4),(
    0.,1.),(0.,1.),.PIECEWISE_BEZIER_KNOTS.) 
GEOMETRIC_REPRESENTATION_ITEM() RATIONAL_B_SPLINE_SURFACE((
    (1.,0.992368104903,1.010655752079,1.)
,(1.,0.992368104903,1.010655752079,1.
))) REPRESENTATION_ITEM('') SURFACE() );
#2847 = CARTESIAN_POINT('',(24.245250213245,-14.48170643864,0.));
#2848 = CARTESIAN_POINT('',(25.859769346024,-15.25178613137,0.));
#2849 = CARTESIAN_POINT('',(28.45424353169,-15.30796464104,0.));
#2850 = CARTESIAN_POINT('',(30.50357021991,-15.01772965003,0.));
#2851 = CARTESIAN_POINT('',(24.245250213245,-14.48170643864,15.9));
#2852 = CARTESIAN_POINT('',(25.859769346024,-15.25178613137,15.9));
#2853 = CARTESIAN_POINT('',(28.45424353169,-15.30796464104,15.9));
#2854 = CARTESIAN_POINT('',(30.50357021991,-15.01772965003,15.9));
#2855 = DEFINITIONAL_REPRESENTATION('',(#2856),#2859);
#2856 = B_SPLINE_CURVE_WITH_KNOTS('',1,(#2857,#2858),.UNSPECIFIED.,.F.,
  .F.,(2,2),(0.,1.),.PIECEWISE_BEZIER_KNOTS.);
#2857 = CARTESIAN_POINT('',(0.,0.));
#2858 = CARTESIAN_POINT('',(0.,1.));
#2859 = ( GEOMETRIC_REPRESENTATION_CONTEXT(2) 
PARAMETRIC_REPRESENTATION_CONTEXT() REPRESENTATION_CONTEXT('2D SPACE',''
  ) );
#2860 = ORIENTED_EDGE('',*,*,#2861,.T.);
#2861 = EDGE_CURVE('',#2829,#2862,#2864,.T.);
#2862 = VERTEX_POINT('',#2863);
#2863 = CARTESIAN_POINT('',(31.5712205172,-12.61974782065,0.));
#2864 = SURFACE_CURVE('',#2865,(#2869,#2876),.PCURVE_S1.);
#2865 = ( BOUNDED_CURVE() B_SPLINE_CURVE(2,(#2866,#2867,#2868),
.UNSPECIFIED.,.F.,.F.) B_SPLINE_CURVE_WITH_KNOTS((3,3),(0.,1.),
.PIECEWISE_BEZIER_KNOTS.) CURVE() GEOMETRIC_REPRESENTATION_ITEM() 
RATIONAL_B_SPLINE_CURVE((1.,0.999254675315,1.)) REPRESENTATION_ITEM('') 
  );
#2866 = CARTESIAN_POINT('',(30.50357021991,-15.01772965003,0.));
#2867 = CARTESIAN_POINT('',(31.083713018488,-13.83936068172,0.));
#2868 = CARTESIAN_POINT('',(31.5712205172,-12.61974782065,0.));
#2869 = PCURVE('',#45,#2870);
#2870 = DEFINITIONAL_REPRESENTATION('',(#2871),#2875);
#2871 = ( BOUNDED_CURVE() B_SPLINE_CURVE(2,(#2872,#2873,#2874),
.UNSPECIFIED.,.F.,.F.) B_SPLINE_CURVE_WITH_KNOTS((3,3),(0.,1.),
.PIECEWISE_BEZIER_KNOTS.) CURVE() GEOMETRIC_REPRESENTATION_ITEM() 
RATIONAL_B_SPLINE_CURVE((1.,0.999254675315,1.)) REPRESENTATION_ITEM('') 
  );
#2872 = CARTESIAN_POINT('',(30.50357021991,-15.01772965003));
#2873 = CARTESIAN_POINT('',(31.083713018488,-13.83936068172));
#2874 = CARTESIAN_POINT('',(31.5712205172,-12.61974782065));
#2875 = ( GEOMETRIC_REPRESENTATION_CONTEXT(2) 
PARAMETRIC_REPRESENTATION_CONTEXT() REPRESENTATION_CONTEXT('2D SPACE',''
  ) );
#2876 = PCURVE('',#2877,#2884);
#2877 = ( BOUNDED_SURFACE() B_SPLINE_SURFACE(1,2,(
    (#2878,#2879,#2880)
    ,(#2881,#2882,#2883
)),.UNSPECIFIED.,.F.,.F.,.F.) B_SPLINE_SURFACE_WITH_KNOTS((2,2),(3,3),(
    0.,1.),(0.,1.),.PIECEWISE_BEZIER_KNOTS.) 
GEOMETRIC_REPRESENTATION_ITEM() RATIONAL_B_SPLINE_SURFACE((
    (1.,0.999254675315,1.)
,(1.,0.999254675315,1.))) REPRESENTATION_ITEM('') SURFACE() );
#2878 = CARTESIAN_POINT('',(30.50357021991,-15.01772965003,0.));
#2879 = CARTESIAN_POINT('',(31.083713018488,-13.83936068172,0.));
#2880 = CARTESIAN_POINT('',(31.5712205172,-12.61974782065,0.));
#2881 = CARTESIAN_POINT('',(30.50357021991,-15.01772965003,15.9));
#2882 = CARTESIAN_POINT('',(31.083713018488,-13.83936068172,15.9));
#2883 = CARTESIAN_POINT('',(31.5712205172,-12.61974782065,15.9));
#2884 = DEFINITIONAL_REPRESENTATION('',(#2885),#2888);
#2885 = B_SPLINE_CURVE_WITH_KNOTS('',1,(#2886,#2887),.UNSPECIFIED.,.F.,
  .F.,(2,2),(0.,1.),.PIECEWISE_BEZIER_KNOTS.);
#2886 = CARTESIAN_POINT('',(0.,0.));
#2887 = CARTESIAN_POINT('',(0.,1.));
#2888 = ( GEOMETRIC_REPRESENTATION_CONTEXT(2) 
PARAMETRIC_REPRESENTATION_CONTEXT() REPRESENTATION_CONTEXT('2D SPACE',''
  ) );
#2889 = ORIENTED_EDGE('',*,*,#2890,.T.);
#2890 = EDGE_CURVE('',#2862,#2891,#2893,.T.);
#2891 = VERTEX_POINT('',#2892);
#2892 = CARTESIAN_POINT('',(26.98524418047,-8.327579227979,0.));
#2893 = SURFACE_CURVE('',#2894,(#2899,#2907),.PCURVE_S1.);
#2894 = ( BOUNDED_CURVE() B_SPLINE_CURVE(3,(#2895,#2896,#2897,#2898),
.UNSPECIFIED.,.F.,.F.) B_SPLINE_CURVE_WITH_KNOTS((4,4),(0.,1.),
.PIECEWISE_BEZIER_KNOTS.) CURVE() GEOMETRIC_REPRESENTATION_ITEM() 
RATIONAL_B_SPLINE_CURVE((1.,1.010655752079,0.992368104903,1.)) 
REPRESENTATION_ITEM('') );
#2895 = CARTESIAN_POINT('',(31.5712205172,-12.61974782065,0.));
#2896 = CARTESIAN_POINT('',(30.415639939424,-10.90259618106,0.));
#2897 = CARTESIAN_POINT('',(28.637849085621,-9.012116875397,0.));
#2898 = CARTESIAN_POINT('',(26.98524418047,-8.327579227979,0.));
#2899 = PCURVE('',#45,#2900);
#2900 = DEFINITIONAL_REPRESENTATION('',(#2901),#2906);
#2901 = ( BOUNDED_CURVE() B_SPLINE_CURVE(3,(#2902,#2903,#2904,#2905),
.UNSPECIFIED.,.F.,.F.) B_SPLINE_CURVE_WITH_KNOTS((4,4),(0.,1.),
.PIECEWISE_BEZIER_KNOTS.) CURVE() GEOMETRIC_REPRESENTATION_ITEM() 
RATIONAL_B_SPLINE_CURVE((1.,1.010655752079,0.992368104903,1.)) 
REPRESENTATION_ITEM('') );
#2902 = CARTESIAN_POINT('',(31.5712205172,-12.61974782065));
#2903 = CARTESIAN_POINT('',(30.415639939424,-10.90259618106));
#2904 = CARTESIAN_POINT('',(28.637849085621,-9.012116875397));
#2905 = CARTESIAN_POINT('',(26.98524418047,-8.327579227979));
#2906 = ( GEOMETRIC_REPRESENTATION_CONTEXT(2) 
PARAMETRIC_REPRESENTATION_CONTEXT() REPRESENTATION_CONTEXT('2D SPACE',''
  ) );
#2907 = PCURVE('',#2908,#2917);
#2908 = ( BOUNDED_SURFACE() B_SPLINE_SURFACE(1,3,(
    (#2909,#2910,#2911,#2912)
    ,(#2913,#2914,#2915,#2916
)),.UNSPECIFIED.,.F.,.F.,.F.) B_SPLINE_SURFACE_WITH_KNOTS((2,2),(4,4),(
    0.,1.),(0.,1.),.PIECEWISE_BEZIER_KNOTS.) 
GEOMETRIC_REPRESENTATION_ITEM() RATIONAL_B_SPLINE_SURFACE((
    (1.,1.010655752079,0.992368104903,1.)
,(1.,1.010655752079,0.992368104903,1.
))) REPRESENTATION_ITEM('') SURFACE() );
#2909 = CARTESIAN_POINT('',(31.5712205172,-12.61974782065,0.));
#2910 = CARTESIAN_POINT('',(30.415639939424,-10.90259618106,0.));
#2911 = CARTESIAN_POINT('',(28.637849085621,-9.012116875397,0.));
#2912 = CARTESIAN_POINT('',(26.98524418047,-8.327579227979,0.));
#2913 = CARTESIAN_POINT('',(31.5712205172,-12.61974782065,15.9));
#2914 = CARTESIAN_POINT('',(30.415639939424,-10.90259618106,15.9));
#2915 = CARTESIAN_POINT('',(28.637849085621,-9.012116875397,15.9));
#2916 = CARTESIAN_POINT('',(26.98524418047,-8.327579227979,15.9));
#2917 = DEFINITIONAL_REPRESENTATION('',(#2918),#2921);
#2918 = B_SPLINE_CURVE_WITH_KNOTS('',1,(#2919,#2920),.UNSPECIFIED.,.F.,
  .F.,(2,2),(0.,1.),.PIECEWISE_BEZIER_KNOTS.);
#2919 = CARTESIAN_POINT('',(0.,0.));
#2920 = CARTESIAN_POINT('',(0.,1.));
#2921 = ( GEOMETRIC_REPRESENTATION_CONTEXT(2) 
PARAMETRIC_REPRESENTATION_CONTEXT() REPRESENTATION_CONTEXT('2D SPACE',''
  ) );
#2922 = ORIENTED_EDGE('',*,*,#2923,.T.);
#2923 = EDGE_CURVE('',#2891,#22,#2924,.T.);
#2924 = SURFACE_CURVE('',#2925,(#2930,#2938),.PCURVE_S1.);
#2925 = ( BOUNDED_CURVE() B_SPLINE_CURVE(3,(#2926,#2927,#2928,#2929),
.UNSPECIFIED.,.F.,.F.) B_SPLINE_CURVE_WITH_KNOTS((4,4),(0.,1.),
.PIECEWISE_BEZIER_KNOTS.) CURVE() GEOMETRIC_REPRESENTATION_ITEM() 
RATIONAL_B_SPLINE_CURVE((1.,1.090235562154,0.878790067642,1.)) 
REPRESENTATION_ITEM('') );
#2926 = CARTESIAN_POINT('',(26.98524418047,-8.327579227979,0.));
#2927 = CARTESIAN_POINT('',(25.859163678909,-8.106474551398,0.));
#2928 = CARTESIAN_POINT('',(24.108058824997,-7.447973726814,0.));
#2929 = CARTESIAN_POINT('',(24.37923096645,-6.379114161425,0.));
#2930 = PCURVE('',#45,#2931);
#2931 = DEFINITIONAL_REPRESENTATION('',(#2932),#2937);
#2932 = ( BOUNDED_CURVE() B_SPLINE_CURVE(3,(#2933,#2934,#2935,#2936),
.UNSPECIFIED.,.F.,.F.) B_SPLINE_CURVE_WITH_KNOTS((4,4),(0.,1.),
.PIECEWISE_BEZIER_KNOTS.) CURVE() GEOMETRIC_REPRESENTATION_ITEM() 
RATIONAL_B_SPLINE_CURVE((1.,1.090235562154,0.878790067642,1.)) 
REPRESENTATION_ITEM('') );
#2933 = CARTESIAN_POINT('',(26.98524418047,-8.327579227979));
#2934 = CARTESIAN_POINT('',(25.859163678909,-8.106474551398));
#2935 = CARTESIAN_POINT('',(24.108058824997,-7.447973726814));
#2936 = CARTESIAN_POINT('',(24.37923096645,-6.379114161425));
#2937 = ( GEOMETRIC_REPRESENTATION_CONTEXT(2) 
PARAMETRIC_REPRESENTATION_CONTEXT() REPRESENTATION_CONTEXT('2D SPACE',''
  ) );
#2938 = PCURVE('',#71,#2939);
#2939 = DEFINITIONAL_REPRESENTATION('',(#2940),#2943);
#2940 = B_SPLINE_CURVE_WITH_KNOTS('',1,(#2941,#2942),.UNSPECIFIED.,.F.,
  .F.,(2,2),(0.,1.),.PIECEWISE_BEZIER_KNOTS.);
#2941 = CARTESIAN_POINT('',(0.,0.));
#2942 = CARTESIAN_POINT('',(0.,1.));
#2943 = ( GEOMETRIC_REPRESENTATION_CONTEXT(2) 
PARAMETRIC_REPRESENTATION_CONTEXT() REPRESENTATION_CONTEXT('2D SPACE',''
  ) );
#2944 = FACE_BOUND('',#2945,.F.);
#2945 = EDGE_LOOP('',(#2946));
#2946 = ORIENTED_EDGE('',*,*,#2947,.T.);
#2947 = EDGE_CURVE('',#2948,#2948,#2950,.T.);
#2948 = VERTEX_POINT('',#2949);
#2949 = CARTESIAN_POINT('',(-4.25,-1.040949779275E-15,0.));
#2950 = SURFACE_CURVE('',#2951,(#2956,#2967),.PCURVE_S1.);
#2951 = CIRCLE('',#2952,4.25);
#2952 = AXIS2_PLACEMENT_3D('',#2953,#2954,#2955);
#2953 = CARTESIAN_POINT('',(0.,0.,0.));
#2954 = DIRECTION('',(0.,0.,-1.));
#2955 = DIRECTION('',(-1.,0.,0.));
#2956 = PCURVE('',#45,#2957);
#2957 = DEFINITIONAL_REPRESENTATION('',(#2958),#2966);
#2958 = ( BOUNDED_CURVE() B_SPLINE_CURVE(2,(#2959,#2960,#2961,#2962,
#2963,#2964,#2965),.UNSPECIFIED.,.T.,.F.) B_SPLINE_CURVE_WITH_KNOTS((1,2
    ,2,2,2,1),(-2.094395102393,0.,2.094395102393,4.188790204786,
6.28318530718,8.377580409573),.UNSPECIFIED.) CURVE() 
GEOMETRIC_REPRESENTATION_ITEM() RATIONAL_B_SPLINE_CURVE((1.,0.5,1.,0.5,
1.,0.5,1.)) REPRESENTATION_ITEM('') );
#2959 = CARTESIAN_POINT('',(-4.25,6.655355637683E-16));
#2960 = CARTESIAN_POINT('',(-4.25,7.361215932168));
#2961 = CARTESIAN_POINT('',(2.125,3.680607966084));
#2962 = CARTESIAN_POINT('',(8.5,1.706485343044E-15));
#2963 = CARTESIAN_POINT('',(2.125,-3.680607966084));
#2964 = CARTESIAN_POINT('',(-4.25,-7.361215932168));
#2965 = CARTESIAN_POINT('',(-4.25,6.655355637683E-16));
#2966 = ( GEOMETRIC_REPRESENTATION_CONTEXT(2) 
PARAMETRIC_REPRESENTATION_CONTEXT() REPRESENTATION_CONTEXT('2D SPACE',''
  ) );
#2967 = PCURVE('',#2968,#2973);
#2968 = CYLINDRICAL_SURFACE('',#2969,4.25);
#2969 = AXIS2_PLACEMENT_3D('',#2970,#2971,#2972);
#2970 = CARTESIAN_POINT('',(0.,0.,15.9));
#2971 = DIRECTION('',(0.,0.,-1.));
#2972 = DIRECTION('',(-1.,0.,0.));
#2973 = DEFINITIONAL_REPRESENTATION('',(#2974),#2978);
#2974 = LINE('',#2975,#2976);
#2975 = CARTESIAN_POINT('',(0.,15.9));
#2976 = VECTOR('',#2977,1.);
#2977 = DIRECTION('',(1.,0.));
#2978 = ( GEOMETRIC_REPRESENTATION_CONTEXT(2) 
PARAMETRIC_REPRESENTATION_CONTEXT() REPRESENTATION_CONTEXT('2D SPACE',''
  ) );
#2979 = ADVANCED_FACE('',(#2980),#71,.F.);
#2980 = FACE_BOUND('',#2981,.F.);
#2981 = EDGE_LOOP('',(#2982,#2983,#3003,#3025));
#2982 = ORIENTED_EDGE('',*,*,#2923,.F.);
#2983 = ORIENTED_EDGE('',*,*,#2984,.T.);
#2984 = EDGE_CURVE('',#2891,#2985,#2987,.T.);
#2985 = VERTEX_POINT('',#2986);
#2986 = CARTESIAN_POINT('',(26.98524418047,-8.327579227979,15.9));
#2987 = SURFACE_CURVE('',#2988,(#2991,#2997),.PCURVE_S1.);
#2988 = B_SPLINE_CURVE_WITH_KNOTS('',1,(#2989,#2990),.UNSPECIFIED.,.F.,
  .F.,(2,2),(0.,1.),.PIECEWISE_BEZIER_KNOTS.);
#2989 = CARTESIAN_POINT('',(26.98524418047,-8.327579227979,0.));
#2990 = CARTESIAN_POINT('',(26.98524418047,-8.327579227979,15.9));
#2991 = PCURVE('',#71,#2992);
#2992 = DEFINITIONAL_REPRESENTATION('',(#2993),#2996);
#2993 = B_SPLINE_CURVE_WITH_KNOTS('',1,(#2994,#2995),.UNSPECIFIED.,.F.,
  .F.,(2,2),(0.,1.),.PIECEWISE_BEZIER_KNOTS.);
#2994 = CARTESIAN_POINT('',(0.,0.));
#2995 = CARTESIAN_POINT('',(1.,0.));
#2996 = ( GEOMETRIC_REPRESENTATION_CONTEXT(2) 
PARAMETRIC_REPRESENTATION_CONTEXT() REPRESENTATION_CONTEXT('2D SPACE',''
  ) );
#2997 = PCURVE('',#2908,#2998);
#2998 = DEFINITIONAL_REPRESENTATION('',(#2999),#3002);
#2999 = B_SPLINE_CURVE_WITH_KNOTS('',1,(#3000,#3001),.UNSPECIFIED.,.F.,
  .F.,(2,2),(0.,1.),.PIECEWISE_BEZIER_KNOTS.);
#3000 = CARTESIAN_POINT('',(0.,1.));
#3001 = CARTESIAN_POINT('',(1.,1.));
#3002 = ( GEOMETRIC_REPRESENTATION_CONTEXT(2) 
PARAMETRIC_REPRESENTATION_CONTEXT() REPRESENTATION_CONTEXT('2D SPACE',''
  ) );
#3003 = ORIENTED_EDGE('',*,*,#3004,.T.);
#3004 = EDGE_CURVE('',#2985,#58,#3005,.T.);
#3005 = SURFACE_CURVE('',#3006,(#3011,#3017),.PCURVE_S1.);
#3006 = ( BOUNDED_CURVE() B_SPLINE_CURVE(3,(#3007,#3008,#3009,#3010),
.UNSPECIFIED.,.F.,.F.) B_SPLINE_CURVE_WITH_KNOTS((4,4),(0.,1.),
.PIECEWISE_BEZIER_KNOTS.) CURVE() GEOMETRIC_REPRESENTATION_ITEM() 
RATIONAL_B_SPLINE_CURVE((1.,1.090235562154,0.878790067642,1.)) 
REPRESENTATION_ITEM('') );
#3007 = CARTESIAN_POINT('',(26.98524418047,-8.327579227979,15.9));
#3008 = CARTESIAN_POINT('',(25.859163678909,-8.106474551398,15.9));
#3009 = CARTESIAN_POINT('',(24.108058824997,-7.447973726814,15.9));
#3010 = CARTESIAN_POINT('',(24.37923096645,-6.379114161425,15.9));
#3011 = PCURVE('',#71,#3012);
#3012 = DEFINITIONAL_REPRESENTATION('',(#3013),#3016);
#3013 = B_SPLINE_CURVE_WITH_KNOTS('',1,(#3014,#3015),.UNSPECIFIED.,.F.,
  .F.,(2,2),(0.,1.),.PIECEWISE_BEZIER_KNOTS.);
#3014 = CARTESIAN_POINT('',(1.,0.));
#3015 = CARTESIAN_POINT('',(1.,1.));
#3016 = ( GEOMETRIC_REPRESENTATION_CONTEXT(2) 
PARAMETRIC_REPRESENTATION_CONTEXT() REPRESENTATION_CONTEXT('2D SPACE',''
  ) );
#3017 = PCURVE('',#101,#3018);
#3018 = DEFINITIONAL_REPRESENTATION('',(#3019),#3024);
#3019 = ( BOUNDED_CURVE() B_SPLINE_CURVE(3,(#3020,#3021,#3022,#3023),
.UNSPECIFIED.,.F.,.F.) B_SPLINE_CURVE_WITH_KNOTS((4,4),(0.,1.),
.PIECEWISE_BEZIER_KNOTS.) CURVE() GEOMETRIC_REPRESENTATION_ITEM() 
RATIONAL_B_SPLINE_CURVE((1.,1.090235562154,0.878790067642,1.)) 
REPRESENTATION_ITEM('') );
#3020 = CARTESIAN_POINT('',(26.98524418047,-8.327579227979));
#3021 = CARTESIAN_POINT('',(25.859163678909,-8.106474551398));
#3022 = CARTESIAN_POINT('',(24.108058824997,-7.447973726814));
#3023 = CARTESIAN_POINT('',(24.37923096645,-6.379114161425));
#3024 = ( GEOMETRIC_REPRESENTATION_CONTEXT(2) 
PARAMETRIC_REPRESENTATION_CONTEXT() REPRESENTATION_CONTEXT('2D SPACE',''
  ) );
#3025 = ORIENTED_EDGE('',*,*,#57,.F.);
#3026 = ADVANCED_FACE('',(#3027,#5083),#101,.T.);
#3027 = FACE_BOUND('',#3028,.T.);
#3028 = EDGE_LOOP('',(#3029,#3030,#3054,#3078,#3100,#3124,#3148,#3170,
    #3194,#3218,#3240,#3264,#3288,#3310,#3334,#3358,#3380,#3404,#3428,
    #3450,#3474,#3498,#3520,#3544,#3568,#3590,#3614,#3638,#3660,#3684,
    #3708,#3730,#3754,#3778,#3800,#3824,#3848,#3870,#3894,#3918,#3940,
    #3964,#3988,#4010,#4034,#4058,#4080,#4104,#4128,#4150,#4174,#4198,
    #4220,#4244,#4268,#4290,#4314,#4338,#4360,#4384,#4408,#4430,#4454,
    #4478,#4500,#4524,#4548,#4570,#4594,#4618,#4640,#4664,#4688,#4710,
    #4734,#4758,#4780,#4804,#4828,#4850,#4874,#4898,#4920,#4944,#4968,
    #4990,#5014,#5038,#5060,#5082));
#3029 = ORIENTED_EDGE('',*,*,#86,.T.);
#3030 = ORIENTED_EDGE('',*,*,#3031,.T.);
#3031 = EDGE_CURVE('',#87,#3032,#3034,.T.);
#3032 = VERTEX_POINT('',#3033);
#3033 = CARTESIAN_POINT('',(28.039378864589,-3.36826545367,15.9));
#3034 = SURFACE_CURVE('',#3035,(#3040,#3048),.PCURVE_S1.);
#3035 = ( BOUNDED_CURVE() B_SPLINE_CURVE(3,(#3036,#3037,#3038,#3039),
.UNSPECIFIED.,.F.,.F.) B_SPLINE_CURVE_WITH_KNOTS((4,4),(0.,1.),
.PIECEWISE_BEZIER_KNOTS.) CURVE() GEOMETRIC_REPRESENTATION_ITEM() 
RATIONAL_B_SPLINE_CURVE((1.,0.878790067642,1.090235562154,1.)) 
REPRESENTATION_ITEM('') );
#3036 = CARTESIAN_POINT('',(24.866155190035,-4.08831579811,15.9));
#3037 = CARTESIAN_POINT('',(25.053171463517,-3.001568350781,15.9));
#3038 = CARTESIAN_POINT('',(26.920721763518,-3.112236423582,15.9));
#3039 = CARTESIAN_POINT('',(28.039378864598,-3.368265453674,15.9));
#3040 = PCURVE('',#101,#3041);
#3041 = DEFINITIONAL_REPRESENTATION('',(#3042),#3047);
#3042 = ( BOUNDED_CURVE() B_SPLINE_CURVE(3,(#3043,#3044,#3045,#3046),
.UNSPECIFIED.,.F.,.F.) B_SPLINE_CURVE_WITH_KNOTS((4,4),(0.,1.),
.PIECEWISE_BEZIER_KNOTS.) CURVE() GEOMETRIC_REPRESENTATION_ITEM() 
RATIONAL_B_SPLINE_CURVE((1.,0.878790067642,1.090235562154,1.)) 
REPRESENTATION_ITEM('') );
#3043 = CARTESIAN_POINT('',(24.866155190035,-4.08831579811));
#3044 = CARTESIAN_POINT('',(25.053171463517,-3.001568350781));
#3045 = CARTESIAN_POINT('',(26.920721763518,-3.112236423582));
#3046 = CARTESIAN_POINT('',(28.039378864598,-3.368265453674));
#3047 = ( GEOMETRIC_REPRESENTATION_CONTEXT(2) 
PARAMETRIC_REPRESENTATION_CONTEXT() REPRESENTATION_CONTEXT('2D SPACE',''
  ) );
#3048 = PCURVE('',#125,#3049);
#3049 = DEFINITIONAL_REPRESENTATION('',(#3050),#3053);
#3050 = B_SPLINE_CURVE_WITH_KNOTS('',1,(#3051,#3052),.UNSPECIFIED.,.F.,
  .F.,(2,2),(0.,1.),.PIECEWISE_BEZIER_KNOTS.);
#3051 = CARTESIAN_POINT('',(1.,0.));
#3052 = CARTESIAN_POINT('',(1.,1.));
#3053 = ( GEOMETRIC_REPRESENTATION_CONTEXT(2) 
PARAMETRIC_REPRESENTATION_CONTEXT() REPRESENTATION_CONTEXT('2D SPACE',''
  ) );
#3054 = ORIENTED_EDGE('',*,*,#3055,.T.);
#3055 = EDGE_CURVE('',#3032,#3056,#3058,.T.);
#3056 = VERTEX_POINT('',#3057);
#3057 = CARTESIAN_POINT('',(33.974658960756,-1.312458952821,15.9));
#3058 = SURFACE_CURVE('',#3059,(#3064,#3072),.PCURVE_S1.);
#3059 = ( BOUNDED_CURVE() B_SPLINE_CURVE(3,(#3060,#3061,#3062,#3063),
.UNSPECIFIED.,.F.,.F.) B_SPLINE_CURVE_WITH_KNOTS((4,4),(0.,1.),
.PIECEWISE_BEZIER_KNOTS.) CURVE() GEOMETRIC_REPRESENTATION_ITEM() 
RATIONAL_B_SPLINE_CURVE((1.,0.992368104903,1.010655752079,1.)) 
REPRESENTATION_ITEM('') );
#3060 = CARTESIAN_POINT('',(28.039378864581,-3.368265453666,15.9));
#3061 = CARTESIAN_POINT('',(29.827535113729,-3.415084166734,15.9));
#3062 = CARTESIAN_POINT('',(32.220555079452,-2.411138068238,15.9));
#3063 = CARTESIAN_POINT('',(33.974658960756,-1.312458952821,15.9));
#3064 = PCURVE('',#101,#3065);
#3065 = DEFINITIONAL_REPRESENTATION('',(#3066),#3071);
#3066 = ( BOUNDED_CURVE() B_SPLINE_CURVE(3,(#3067,#3068,#3069,#3070),
.UNSPECIFIED.,.F.,.F.) B_SPLINE_CURVE_WITH_KNOTS((4,4),(0.,1.),
.PIECEWISE_BEZIER_KNOTS.) CURVE() GEOMETRIC_REPRESENTATION_ITEM() 
RATIONAL_B_SPLINE_CURVE((1.,0.992368104903,1.010655752079,1.)) 
REPRESENTATION_ITEM('') );
#3067 = CARTESIAN_POINT('',(28.039378864581,-3.368265453666));
#3068 = CARTESIAN_POINT('',(29.827535113729,-3.415084166734));
#3069 = CARTESIAN_POINT('',(32.220555079452,-2.411138068238));
#3070 = CARTESIAN_POINT('',(33.974658960756,-1.312458952821));
#3071 = ( GEOMETRIC_REPRESENTATION_CONTEXT(2) 
PARAMETRIC_REPRESENTATION_CONTEXT() REPRESENTATION_CONTEXT('2D SPACE',''
  ) );
#3072 = PCURVE('',#186,#3073);
#3073 = DEFINITIONAL_REPRESENTATION('',(#3074),#3077);
#3074 = B_SPLINE_CURVE_WITH_KNOTS('',1,(#3075,#3076),.UNSPECIFIED.,.F.,
  .F.,(2,2),(0.,1.),.PIECEWISE_BEZIER_KNOTS.);
#3075 = CARTESIAN_POINT('',(1.,0.));
#3076 = CARTESIAN_POINT('',(1.,1.));
#3077 = ( GEOMETRIC_REPRESENTATION_CONTEXT(2) 
PARAMETRIC_REPRESENTATION_CONTEXT() REPRESENTATION_CONTEXT('2D SPACE',''
  ) );
#3078 = ORIENTED_EDGE('',*,*,#3079,.T.);
#3079 = EDGE_CURVE('',#3056,#3080,#3082,.T.);
#3080 = VERTEX_POINT('',#3081);
#3081 = CARTESIAN_POINT('',(33.974658960756,1.312458952821,15.9));
#3082 = SURFACE_CURVE('',#3083,(#3087,#3094),.PCURVE_S1.);
#3083 = ( BOUNDED_CURVE() B_SPLINE_CURVE(2,(#3084,#3085,#3086),
.UNSPECIFIED.,.F.,.F.) B_SPLINE_CURVE_WITH_KNOTS((3,3),(0.,1.),
.PIECEWISE_BEZIER_KNOTS.) CURVE() GEOMETRIC_REPRESENTATION_ITEM() 
RATIONAL_B_SPLINE_CURVE((1.,0.999254675315,1.)) REPRESENTATION_ITEM('') 
  );
#3084 = CARTESIAN_POINT('',(33.974658960756,-1.312458952821,15.9));
#3085 = CARTESIAN_POINT('',(34.025359940708,2.223759659867E-16,15.9));
#3086 = CARTESIAN_POINT('',(33.974658960756,1.312458952821,15.9));
#3087 = PCURVE('',#101,#3088);
#3088 = DEFINITIONAL_REPRESENTATION('',(#3089),#3093);
#3089 = ( BOUNDED_CURVE() B_SPLINE_CURVE(2,(#3090,#3091,#3092),
.UNSPECIFIED.,.F.,.F.) B_SPLINE_CURVE_WITH_KNOTS((3,3),(0.,1.),
.PIECEWISE_BEZIER_KNOTS.) CURVE() GEOMETRIC_REPRESENTATION_ITEM() 
RATIONAL_B_SPLINE_CURVE((1.,0.999254675315,1.)) REPRESENTATION_ITEM('') 
  );
#3090 = CARTESIAN_POINT('',(33.974658960756,-1.312458952821));
#3091 = CARTESIAN_POINT('',(34.025359940708,8.87911529755E-16));
#3092 = CARTESIAN_POINT('',(33.974658960756,1.312458952821));
#3093 = ( GEOMETRIC_REPRESENTATION_CONTEXT(2) 
PARAMETRIC_REPRESENTATION_CONTEXT() REPRESENTATION_CONTEXT('2D SPACE',''
  ) );
#3094 = PCURVE('',#217,#3095);
#3095 = DEFINITIONAL_REPRESENTATION('',(#3096),#3099);
#3096 = B_SPLINE_CURVE_WITH_KNOTS('',1,(#3097,#3098),.UNSPECIFIED.,.F.,
  .F.,(2,2),(0.,1.),.PIECEWISE_BEZIER_KNOTS.);
#3097 = CARTESIAN_POINT('',(1.,0.));
#3098 = CARTESIAN_POINT('',(1.,1.));
#3099 = ( GEOMETRIC_REPRESENTATION_CONTEXT(2) 
PARAMETRIC_REPRESENTATION_CONTEXT() REPRESENTATION_CONTEXT('2D SPACE',''
  ) );
#3100 = ORIENTED_EDGE('',*,*,#3101,.T.);
#3101 = EDGE_CURVE('',#3080,#3102,#3104,.T.);
#3102 = VERTEX_POINT('',#3103);
#3103 = CARTESIAN_POINT('',(28.039378864581,3.368265453666,15.9));
#3104 = SURFACE_CURVE('',#3105,(#3110,#3118),.PCURVE_S1.);
#3105 = ( BOUNDED_CURVE() B_SPLINE_CURVE(3,(#3106,#3107,#3108,#3109),
.UNSPECIFIED.,.F.,.F.) B_SPLINE_CURVE_WITH_KNOTS((4,4),(0.,1.),
.PIECEWISE_BEZIER_KNOTS.) CURVE() GEOMETRIC_REPRESENTATION_ITEM() 
RATIONAL_B_SPLINE_CURVE((1.,1.010655752079,0.992368104903,1.)) 
REPRESENTATION_ITEM('') );
#3106 = CARTESIAN_POINT('',(33.974658960756,1.312458952821,15.9));
#3107 = CARTESIAN_POINT('',(32.220555079452,2.411138068238,15.9));
#3108 = CARTESIAN_POINT('',(29.827535113729,3.415084166734,15.9));
#3109 = CARTESIAN_POINT('',(28.039378864581,3.368265453666,15.9));
#3110 = PCURVE('',#101,#3111);
#3111 = DEFINITIONAL_REPRESENTATION('',(#3112),#3117);
#3112 = ( BOUNDED_CURVE() B_SPLINE_CURVE(3,(#3113,#3114,#3115,#3116),
.UNSPECIFIED.,.F.,.F.) B_SPLINE_CURVE_WITH_KNOTS((4,4),(0.,1.),
.PIECEWISE_BEZIER_KNOTS.) CURVE() GEOMETRIC_REPRESENTATION_ITEM() 
RATIONAL_B_SPLINE_CURVE((1.,1.010655752079,0.992368104903,1.)) 
REPRESENTATION_ITEM('') );
#3113 = CARTESIAN_POINT('',(33.974658960756,1.312458952821));
#3114 = CARTESIAN_POINT('',(32.220555079452,2.411138068238));
#3115 = CARTESIAN_POINT('',(29.827535113729,3.415084166734));
#3116 = CARTESIAN_POINT('',(28.039378864581,3.368265453666));
#3117 = ( GEOMETRIC_REPRESENTATION_CONTEXT(2) 
PARAMETRIC_REPRESENTATION_CONTEXT() REPRESENTATION_CONTEXT('2D SPACE',''
  ) );
#3118 = PCURVE('',#248,#3119);
#3119 = DEFINITIONAL_REPRESENTATION('',(#3120),#3123);
#3120 = B_SPLINE_CURVE_WITH_KNOTS('',1,(#3121,#3122),.UNSPECIFIED.,.F.,
  .F.,(2,2),(0.,1.),.PIECEWISE_BEZIER_KNOTS.);
#3121 = CARTESIAN_POINT('',(1.,0.));
#3122 = CARTESIAN_POINT('',(1.,1.));
#3123 = ( GEOMETRIC_REPRESENTATION_CONTEXT(2) 
PARAMETRIC_REPRESENTATION_CONTEXT() REPRESENTATION_CONTEXT('2D SPACE',''
  ) );
#3124 = ORIENTED_EDGE('',*,*,#3125,.T.);
#3125 = EDGE_CURVE('',#3102,#3126,#3128,.T.);
#3126 = VERTEX_POINT('',#3127);
#3127 = CARTESIAN_POINT('',(24.866155190035,4.08831579811,15.9));
#3128 = SURFACE_CURVE('',#3129,(#3134,#3142),.PCURVE_S1.);
#3129 = ( BOUNDED_CURVE() B_SPLINE_CURVE(3,(#3130,#3131,#3132,#3133),
.UNSPECIFIED.,.F.,.F.) B_SPLINE_CURVE_WITH_KNOTS((4,4),(0.,1.),
.PIECEWISE_BEZIER_KNOTS.) CURVE() GEOMETRIC_REPRESENTATION_ITEM() 
RATIONAL_B_SPLINE_CURVE((1.,1.090235562154,0.878790067642,1.)) 
REPRESENTATION_ITEM('') );
#3130 = CARTESIAN_POINT('',(28.039378864581,3.368265453666,15.9));
#3131 = CARTESIAN_POINT('',(26.920721763518,3.112236423582,15.9));
#3132 = CARTESIAN_POINT('',(25.053171463517,3.001568350781,15.9));
#3133 = CARTESIAN_POINT('',(24.866155190035,4.08831579811,15.9));
#3134 = PCURVE('',#101,#3135);
#3135 = DEFINITIONAL_REPRESENTATION('',(#3136),#3141);
#3136 = ( BOUNDED_CURVE() B_SPLINE_CURVE(3,(#3137,#3138,#3139,#3140),
.UNSPECIFIED.,.F.,.F.) B_SPLINE_CURVE_WITH_KNOTS((4,4),(0.,1.),
.PIECEWISE_BEZIER_KNOTS.) CURVE() GEOMETRIC_REPRESENTATION_ITEM() 
RATIONAL_B_SPLINE_CURVE((1.,1.090235562154,0.878790067642,1.)) 
REPRESENTATION_ITEM('') );
#3137 = CARTESIAN_POINT('',(28.039378864581,3.368265453666));
#3138 = CARTESIAN_POINT('',(26.920721763518,3.112236423582));
#3139 = CARTESIAN_POINT('',(25.053171463517,3.001568350781));
#3140 = CARTESIAN_POINT('',(24.866155190035,4.08831579811));
#3141 = ( GEOMETRIC_REPRESENTATION_CONTEXT(2) 
PARAMETRIC_REPRESENTATION_CONTEXT() REPRESENTATION_CONTEXT('2D SPACE',''
  ) );
#3142 = PCURVE('',#281,#3143);
#3143 = DEFINITIONAL_REPRESENTATION('',(#3144),#3147);
#3144 = B_SPLINE_CURVE_WITH_KNOTS('',1,(#3145,#3146),.UNSPECIFIED.,.F.,
  .F.,(2,2),(0.,1.),.PIECEWISE_BEZIER_KNOTS.);
#3145 = CARTESIAN_POINT('',(1.,0.));
#3146 = CARTESIAN_POINT('',(1.,1.));
#3147 = ( GEOMETRIC_REPRESENTATION_CONTEXT(2) 
PARAMETRIC_REPRESENTATION_CONTEXT() REPRESENTATION_CONTEXT('2D SPACE',''
  ) );
#3148 = ORIENTED_EDGE('',*,*,#3149,.T.);
#3149 = EDGE_CURVE('',#3126,#3150,#3152,.T.);
#3150 = VERTEX_POINT('',#3151);
#3151 = CARTESIAN_POINT('',(24.37923096645,6.379114161425,15.9));
#3152 = SURFACE_CURVE('',#3153,(#3157,#3164),.PCURVE_S1.);
#3153 = ( BOUNDED_CURVE() B_SPLINE_CURVE(2,(#3154,#3155,#3156),
.UNSPECIFIED.,.F.,.F.) B_SPLINE_CURVE_WITH_KNOTS((3,3),(0.,1.),
.PIECEWISE_BEZIER_KNOTS.) CURVE() GEOMETRIC_REPRESENTATION_ITEM() 
RATIONAL_B_SPLINE_CURVE((1.,0.998919789238,1.)) REPRESENTATION_ITEM('') 
  );
#3154 = CARTESIAN_POINT('',(24.866155190035,4.08831579811,15.9));
#3155 = CARTESIAN_POINT('',(24.675974792033,5.245040357651,15.9));
#3156 = CARTESIAN_POINT('',(24.37923096645,6.379114161425,15.9));
#3157 = PCURVE('',#101,#3158);
#3158 = DEFINITIONAL_REPRESENTATION('',(#3159),#3163);
#3159 = ( BOUNDED_CURVE() B_SPLINE_CURVE(2,(#3160,#3161,#3162),
.UNSPECIFIED.,.F.,.F.) B_SPLINE_CURVE_WITH_KNOTS((3,3),(0.,1.),
.PIECEWISE_BEZIER_KNOTS.) CURVE() GEOMETRIC_REPRESENTATION_ITEM() 
RATIONAL_B_SPLINE_CURVE((1.,0.998919789238,1.)) REPRESENTATION_ITEM('') 
  );
#3160 = CARTESIAN_POINT('',(24.866155190035,4.08831579811));
#3161 = CARTESIAN_POINT('',(24.675974792033,5.245040357651));
#3162 = CARTESIAN_POINT('',(24.37923096645,6.379114161425));
#3163 = ( GEOMETRIC_REPRESENTATION_CONTEXT(2) 
PARAMETRIC_REPRESENTATION_CONTEXT() REPRESENTATION_CONTEXT('2D SPACE',''
  ) );
#3164 = PCURVE('',#312,#3165);
#3165 = DEFINITIONAL_REPRESENTATION('',(#3166),#3169);
#3166 = B_SPLINE_CURVE_WITH_KNOTS('',1,(#3167,#3168),.UNSPECIFIED.,.F.,
  .F.,(2,2),(0.,1.),.PIECEWISE_BEZIER_KNOTS.);
#3167 = CARTESIAN_POINT('',(1.,0.));
#3168 = CARTESIAN_POINT('',(1.,1.));
#3169 = ( GEOMETRIC_REPRESENTATION_CONTEXT(2) 
PARAMETRIC_REPRESENTATION_CONTEXT() REPRESENTATION_CONTEXT('2D SPACE',''
  ) );
#3170 = ORIENTED_EDGE('',*,*,#3171,.T.);
#3171 = EDGE_CURVE('',#3150,#3172,#3174,.T.);
#3172 = VERTEX_POINT('',#3173);
#3173 = CARTESIAN_POINT('',(26.98524418048,8.327579227979,15.9));
#3174 = SURFACE_CURVE('',#3175,(#3180,#3188),.PCURVE_S1.);
#3175 = ( BOUNDED_CURVE() B_SPLINE_CURVE(3,(#3176,#3177,#3178,#3179),
.UNSPECIFIED.,.F.,.F.) B_SPLINE_CURVE_WITH_KNOTS((4,4),(0.,1.),
.PIECEWISE_BEZIER_KNOTS.) CURVE() GEOMETRIC_REPRESENTATION_ITEM() 
RATIONAL_B_SPLINE_CURVE((1.,0.878790067642,1.090235562154,1.)) 
REPRESENTATION_ITEM('') );
#3176 = CARTESIAN_POINT('',(24.37923096645,6.379114161425,15.9));
#3177 = CARTESIAN_POINT('',(24.108058824997,7.447973726814,15.9));
#3178 = CARTESIAN_POINT('',(25.859163678909,8.106474551398,15.9));
#3179 = CARTESIAN_POINT('',(26.985244180489,8.327579227979,15.9));
#3180 = PCURVE('',#101,#3181);
#3181 = DEFINITIONAL_REPRESENTATION('',(#3182),#3187);
#3182 = ( BOUNDED_CURVE() B_SPLINE_CURVE(3,(#3183,#3184,#3185,#3186),
.UNSPECIFIED.,.F.,.F.) B_SPLINE_CURVE_WITH_KNOTS((4,4),(0.,1.),
.PIECEWISE_BEZIER_KNOTS.) CURVE() GEOMETRIC_REPRESENTATION_ITEM() 
RATIONAL_B_SPLINE_CURVE((1.,0.878790067642,1.090235562154,1.)) 
REPRESENTATION_ITEM('') );
#3183 = CARTESIAN_POINT('',(24.37923096645,6.379114161425));
#3184 = CARTESIAN_POINT('',(24.108058824997,7.447973726814));
#3185 = CARTESIAN_POINT('',(25.859163678909,8.106474551398));
#3186 = CARTESIAN_POINT('',(26.985244180489,8.327579227979));
#3187 = ( GEOMETRIC_REPRESENTATION_CONTEXT(2) 
PARAMETRIC_REPRESENTATION_CONTEXT() REPRESENTATION_CONTEXT('2D SPACE',''
  ) );
#3188 = PCURVE('',#343,#3189);
#3189 = DEFINITIONAL_REPRESENTATION('',(#3190),#3193);
#3190 = B_SPLINE_CURVE_WITH_KNOTS('',1,(#3191,#3192),.UNSPECIFIED.,.F.,
  .F.,(2,2),(0.,1.),.PIECEWISE_BEZIER_KNOTS.);
#3191 = CARTESIAN_POINT('',(1.,0.));
#3192 = CARTESIAN_POINT('',(1.,1.));
#3193 = ( GEOMETRIC_REPRESENTATION_CONTEXT(2) 
PARAMETRIC_REPRESENTATION_CONTEXT() REPRESENTATION_CONTEXT('2D SPACE',''
  ) );
#3194 = ORIENTED_EDGE('',*,*,#3195,.T.);
#3195 = EDGE_CURVE('',#3172,#3196,#3198,.T.);
#3196 = VERTEX_POINT('',#3197);
#3197 = CARTESIAN_POINT('',(31.5712205172,12.619747820651,15.9));
#3198 = SURFACE_CURVE('',#3199,(#3204,#3212),.PCURVE_S1.);
#3199 = ( BOUNDED_CURVE() B_SPLINE_CURVE(3,(#3200,#3201,#3202,#3203),
.UNSPECIFIED.,.F.,.F.) B_SPLINE_CURVE_WITH_KNOTS((4,4),(0.,1.),
.PIECEWISE_BEZIER_KNOTS.) CURVE() GEOMETRIC_REPRESENTATION_ITEM() 
RATIONAL_B_SPLINE_CURVE((1.,0.992368104903,1.010655752079,1.)) 
REPRESENTATION_ITEM('') );
#3200 = CARTESIAN_POINT('',(26.98524418047,8.327579227979,15.9));
#3201 = CARTESIAN_POINT('',(28.637849085621,9.012116875397,15.9));
#3202 = CARTESIAN_POINT('',(30.415639939424,10.902596181067,15.9));
#3203 = CARTESIAN_POINT('',(31.5712205172,12.619747820651,15.9));
#3204 = PCURVE('',#101,#3205);
#3205 = DEFINITIONAL_REPRESENTATION('',(#3206),#3211);
#3206 = ( BOUNDED_CURVE() B_SPLINE_CURVE(3,(#3207,#3208,#3209,#3210),
.UNSPECIFIED.,.F.,.F.) B_SPLINE_CURVE_WITH_KNOTS((4,4),(0.,1.),
.PIECEWISE_BEZIER_KNOTS.) CURVE() GEOMETRIC_REPRESENTATION_ITEM() 
RATIONAL_B_SPLINE_CURVE((1.,0.992368104903,1.010655752079,1.)) 
REPRESENTATION_ITEM('') );
#3207 = CARTESIAN_POINT('',(26.98524418047,8.327579227979));
#3208 = CARTESIAN_POINT('',(28.637849085621,9.012116875397));
#3209 = CARTESIAN_POINT('',(30.415639939424,10.902596181067));
#3210 = CARTESIAN_POINT('',(31.5712205172,12.619747820651));
#3211 = ( GEOMETRIC_REPRESENTATION_CONTEXT(2) 
PARAMETRIC_REPRESENTATION_CONTEXT() REPRESENTATION_CONTEXT('2D SPACE',''
  ) );
#3212 = PCURVE('',#376,#3213);
#3213 = DEFINITIONAL_REPRESENTATION('',(#3214),#3217);
#3214 = B_SPLINE_CURVE_WITH_KNOTS('',1,(#3215,#3216),.UNSPECIFIED.,.F.,
  .F.,(2,2),(0.,1.),.PIECEWISE_BEZIER_KNOTS.);
#3215 = CARTESIAN_POINT('',(1.,0.));
#3216 = CARTESIAN_POINT('',(1.,1.));
#3217 = ( GEOMETRIC_REPRESENTATION_CONTEXT(2) 
PARAMETRIC_REPRESENTATION_CONTEXT() REPRESENTATION_CONTEXT('2D SPACE',''
  ) );
#3218 = ORIENTED_EDGE('',*,*,#3219,.T.);
#3219 = EDGE_CURVE('',#3196,#3220,#3222,.T.);
#3220 = VERTEX_POINT('',#3221);
#3221 = CARTESIAN_POINT('',(30.50357021991,15.017729650035,15.9));
#3222 = SURFACE_CURVE('',#3223,(#3227,#3234),.PCURVE_S1.);
#3223 = ( BOUNDED_CURVE() B_SPLINE_CURVE(2,(#3224,#3225,#3226),
.UNSPECIFIED.,.F.,.F.) B_SPLINE_CURVE_WITH_KNOTS((3,3),(0.,1.),
.PIECEWISE_BEZIER_KNOTS.) CURVE() GEOMETRIC_REPRESENTATION_ITEM() 
RATIONAL_B_SPLINE_CURVE((1.,0.999254675315,1.)) REPRESENTATION_ITEM('') 
  );
#3224 = CARTESIAN_POINT('',(31.5712205172,12.619747820651,15.9));
#3225 = CARTESIAN_POINT('',(31.083713018488,13.839360681729,15.9));
#3226 = CARTESIAN_POINT('',(30.50357021991,15.017729650035,15.9));
#3227 = PCURVE('',#101,#3228);
#3228 = DEFINITIONAL_REPRESENTATION('',(#3229),#3233);
#3229 = ( BOUNDED_CURVE() B_SPLINE_CURVE(2,(#3230,#3231,#3232),
.UNSPECIFIED.,.F.,.F.) B_SPLINE_CURVE_WITH_KNOTS((3,3),(0.,1.),
.PIECEWISE_BEZIER_KNOTS.) CURVE() GEOMETRIC_REPRESENTATION_ITEM() 
RATIONAL_B_SPLINE_CURVE((1.,0.999254675315,1.)) REPRESENTATION_ITEM('') 
  );
#3230 = CARTESIAN_POINT('',(31.5712205172,12.619747820651));
#3231 = CARTESIAN_POINT('',(31.083713018488,13.839360681729));
#3232 = CARTESIAN_POINT('',(30.50357021991,15.017729650035));
#3233 = ( GEOMETRIC_REPRESENTATION_CONTEXT(2) 
PARAMETRIC_REPRESENTATION_CONTEXT() REPRESENTATION_CONTEXT('2D SPACE',''
  ) );
#3234 = PCURVE('',#407,#3235);
#3235 = DEFINITIONAL_REPRESENTATION('',(#3236),#3239);
#3236 = B_SPLINE_CURVE_WITH_KNOTS('',1,(#3237,#3238),.UNSPECIFIED.,.F.,
  .F.,(2,2),(0.,1.),.PIECEWISE_BEZIER_KNOTS.);
#3237 = CARTESIAN_POINT('',(1.,0.));
#3238 = CARTESIAN_POINT('',(1.,1.));
#3239 = ( GEOMETRIC_REPRESENTATION_CONTEXT(2) 
PARAMETRIC_REPRESENTATION_CONTEXT() REPRESENTATION_CONTEXT('2D SPACE',''
  ) );
#3240 = ORIENTED_EDGE('',*,*,#3241,.T.);
#3241 = EDGE_CURVE('',#3220,#3242,#3244,.T.);
#3242 = VERTEX_POINT('',#3243);
#3243 = CARTESIAN_POINT('',(24.245250213245,14.481706438642,15.9));
#3244 = SURFACE_CURVE('',#3245,(#3250,#3258),.PCURVE_S1.);
#3245 = ( BOUNDED_CURVE() B_SPLINE_CURVE(3,(#3246,#3247,#3248,#3249),
.UNSPECIFIED.,.F.,.F.) B_SPLINE_CURVE_WITH_KNOTS((4,4),(0.,1.),
.PIECEWISE_BEZIER_KNOTS.) CURVE() GEOMETRIC_REPRESENTATION_ITEM() 
RATIONAL_B_SPLINE_CURVE((1.,1.010655752079,0.992368104903,1.)) 
REPRESENTATION_ITEM('') );
#3246 = CARTESIAN_POINT('',(30.50357021991,15.017729650035,15.9));
#3247 = CARTESIAN_POINT('',(28.45424353169,15.307964641043,15.9));
#3248 = CARTESIAN_POINT('',(25.859769346024,15.25178613137,15.9));
#3249 = CARTESIAN_POINT('',(24.245250213245,14.481706438642,15.9));
#3250 = PCURVE('',#101,#3251);
#3251 = DEFINITIONAL_REPRESENTATION('',(#3252),#3257);
#3252 = ( BOUNDED_CURVE() B_SPLINE_CURVE(3,(#3253,#3254,#3255,#3256),
.UNSPECIFIED.,.F.,.F.) B_SPLINE_CURVE_WITH_KNOTS((4,4),(0.,1.),
.PIECEWISE_BEZIER_KNOTS.) CURVE() GEOMETRIC_REPRESENTATION_ITEM() 
RATIONAL_B_SPLINE_CURVE((1.,1.010655752079,0.992368104903,1.)) 
REPRESENTATION_ITEM('') );
#3253 = CARTESIAN_POINT('',(30.50357021991,15.017729650035));
#3254 = CARTESIAN_POINT('',(28.45424353169,15.307964641043));
#3255 = CARTESIAN_POINT('',(25.859769346024,15.25178613137));
#3256 = CARTESIAN_POINT('',(24.245250213245,14.481706438642));
#3257 = ( GEOMETRIC_REPRESENTATION_CONTEXT(2) 
PARAMETRIC_REPRESENTATION_CONTEXT() REPRESENTATION_CONTEXT('2D SPACE',''
  ) );
#3258 = PCURVE('',#438,#3259);
#3259 = DEFINITIONAL_REPRESENTATION('',(#3260),#3263);
#3260 = B_SPLINE_CURVE_WITH_KNOTS('',1,(#3261,#3262),.UNSPECIFIED.,.F.,
  .F.,(2,2),(0.,1.),.PIECEWISE_BEZIER_KNOTS.);
#3261 = CARTESIAN_POINT('',(1.,0.));
#3262 = CARTESIAN_POINT('',(1.,1.));
#3263 = ( GEOMETRIC_REPRESENTATION_CONTEXT(2) 
PARAMETRIC_REPRESENTATION_CONTEXT() REPRESENTATION_CONTEXT('2D SPACE',''
  ) );
#3264 = ORIENTED_EDGE('',*,*,#3265,.T.);
#3265 = EDGE_CURVE('',#3242,#3266,#3268,.T.);
#3266 = VERTEX_POINT('',#3267);
#3267 = CARTESIAN_POINT('',(21.053495279336,13.848838814969,15.9));
#3268 = SURFACE_CURVE('',#3269,(#3274,#3282),.PCURVE_S1.);
#3269 = ( BOUNDED_CURVE() B_SPLINE_CURVE(3,(#3270,#3271,#3272,#3273),
.UNSPECIFIED.,.F.,.F.) B_SPLINE_CURVE_WITH_KNOTS((4,4),(0.,1.),
.PIECEWISE_BEZIER_KNOTS.) CURVE() GEOMETRIC_REPRESENTATION_ITEM() 
RATIONAL_B_SPLINE_CURVE((1.,1.090235562154,0.878790067642,1.)) 
REPRESENTATION_ITEM('') );
#3270 = CARTESIAN_POINT('',(24.245250213245,14.481706438642,15.9));
#3271 = CARTESIAN_POINT('',(23.327442488136,13.792813447145,15.9));
#3272 = CARTESIAN_POINT('',(21.666363155079,12.932111992133,15.9));
#3273 = CARTESIAN_POINT('',(21.053495279336,13.848838814969,15.9));
#3274 = PCURVE('',#101,#3275);
#3275 = DEFINITIONAL_REPRESENTATION('',(#3276),#3281);
#3276 = ( BOUNDED_CURVE() B_SPLINE_CURVE(3,(#3277,#3278,#3279,#3280),
.UNSPECIFIED.,.F.,.F.) B_SPLINE_CURVE_WITH_KNOTS((4,4),(0.,1.),
.PIECEWISE_BEZIER_KNOTS.) CURVE() GEOMETRIC_REPRESENTATION_ITEM() 
RATIONAL_B_SPLINE_CURVE((1.,1.090235562154,0.878790067642,1.)) 
REPRESENTATION_ITEM('') );
#3277 = CARTESIAN_POINT('',(24.245250213245,14.481706438642));
#3278 = CARTESIAN_POINT('',(23.327442488136,13.792813447145));
#3279 = CARTESIAN_POINT('',(21.666363155079,12.932111992133));
#3280 = CARTESIAN_POINT('',(21.053495279336,13.848838814969));
#3281 = ( GEOMETRIC_REPRESENTATION_CONTEXT(2) 
PARAMETRIC_REPRESENTATION_CONTEXT() REPRESENTATION_CONTEXT('2D SPACE',''
  ) );
#3282 = PCURVE('',#471,#3283);
#3283 = DEFINITIONAL_REPRESENTATION('',(#3284),#3287);
#3284 = B_SPLINE_CURVE_WITH_KNOTS('',1,(#3285,#3286),.UNSPECIFIED.,.F.,
  .F.,(2,2),(0.,1.),.PIECEWISE_BEZIER_KNOTS.);
#3285 = CARTESIAN_POINT('',(1.,0.));
#3286 = CARTESIAN_POINT('',(1.,1.));
#3287 = ( GEOMETRIC_REPRESENTATION_CONTEXT(2) 
PARAMETRIC_REPRESENTATION_CONTEXT() REPRESENTATION_CONTEXT('2D SPACE',''
  ) );
#3288 = ORIENTED_EDGE('',*,*,#3289,.T.);
#3289 = EDGE_CURVE('',#3266,#3290,#3292,.T.);
#3290 = VERTEX_POINT('',#3291);
#3291 = CARTESIAN_POINT('',(19.676916230405,15.743537330017,15.9));
#3292 = SURFACE_CURVE('',#3293,(#3297,#3304),.PCURVE_S1.);
#3293 = ( BOUNDED_CURVE() B_SPLINE_CURVE(2,(#3294,#3295,#3296),
.UNSPECIFIED.,.F.,.F.) B_SPLINE_CURVE_WITH_KNOTS((3,3),(0.,1.),
.PIECEWISE_BEZIER_KNOTS.) CURVE() GEOMETRIC_REPRESENTATION_ITEM() 
RATIONAL_B_SPLINE_CURVE((1.,0.998919789238,1.)) REPRESENTATION_ITEM('') 
  );
#3294 = CARTESIAN_POINT('',(21.053495279336,13.848838814969,15.9));
#3295 = CARTESIAN_POINT('',(20.409274576297,14.828205945418,15.9));
#3296 = CARTESIAN_POINT('',(19.676916230405,15.743537330017,15.9));
#3297 = PCURVE('',#101,#3298);
#3298 = DEFINITIONAL_REPRESENTATION('',(#3299),#3303);
#3299 = ( BOUNDED_CURVE() B_SPLINE_CURVE(2,(#3300,#3301,#3302),
.UNSPECIFIED.,.F.,.F.) B_SPLINE_CURVE_WITH_KNOTS((3,3),(0.,1.),
.PIECEWISE_BEZIER_KNOTS.) CURVE() GEOMETRIC_REPRESENTATION_ITEM() 
RATIONAL_B_SPLINE_CURVE((1.,0.998919789238,1.)) REPRESENTATION_ITEM('') 
  );
#3300 = CARTESIAN_POINT('',(21.053495279336,13.848838814969));
#3301 = CARTESIAN_POINT('',(20.409274576297,14.828205945418));
#3302 = CARTESIAN_POINT('',(19.676916230405,15.743537330017));
#3303 = ( GEOMETRIC_REPRESENTATION_CONTEXT(2) 
PARAMETRIC_REPRESENTATION_CONTEXT() REPRESENTATION_CONTEXT('2D SPACE',''
  ) );
#3304 = PCURVE('',#502,#3305);
#3305 = DEFINITIONAL_REPRESENTATION('',(#3306),#3309);
#3306 = B_SPLINE_CURVE_WITH_KNOTS('',1,(#3307,#3308),.UNSPECIFIED.,.F.,
  .F.,(2,2),(0.,1.),.PIECEWISE_BEZIER_KNOTS.);
#3307 = CARTESIAN_POINT('',(1.,0.));
#3308 = CARTESIAN_POINT('',(1.,1.));
#3309 = ( GEOMETRIC_REPRESENTATION_CONTEXT(2) 
PARAMETRIC_REPRESENTATION_CONTEXT() REPRESENTATION_CONTEXT('2D SPACE',''
  ) );
#3310 = ORIENTED_EDGE('',*,*,#3311,.T.);
#3311 = EDGE_CURVE('',#3290,#3312,#3314,.T.);
#3312 = VERTEX_POINT('',#3313);
#3313 = CARTESIAN_POINT('',(21.265115624318,18.583509807428,15.9));
#3314 = SURFACE_CURVE('',#3315,(#3320,#3328),.PCURVE_S1.);
#3315 = ( BOUNDED_CURVE() B_SPLINE_CURVE(3,(#3316,#3317,#3318,#3319),
.UNSPECIFIED.,.F.,.F.) B_SPLINE_CURVE_WITH_KNOTS((4,4),(0.,1.),
.PIECEWISE_BEZIER_KNOTS.) CURVE() GEOMETRIC_REPRESENTATION_ITEM() 
RATIONAL_B_SPLINE_CURVE((1.,0.878790067642,1.090235562154,1.)) 
REPRESENTATION_ITEM('') );
#3316 = CARTESIAN_POINT('',(19.676916230405,15.743537330017,15.9));
#3317 = CARTESIAN_POINT('',(18.994443800795,16.609693484325,15.9));
#3318 = CARTESIAN_POINT('',(20.326321271089,17.923502431432,15.9));
#3319 = CARTESIAN_POINT('',(21.265115624326,18.583509807432,15.9));
#3320 = PCURVE('',#101,#3321);
#3321 = DEFINITIONAL_REPRESENTATION('',(#3322),#3327);
#3322 = ( BOUNDED_CURVE() B_SPLINE_CURVE(3,(#3323,#3324,#3325,#3326),
.UNSPECIFIED.,.F.,.F.) B_SPLINE_CURVE_WITH_KNOTS((4,4),(0.,1.),
.PIECEWISE_BEZIER_KNOTS.) CURVE() GEOMETRIC_REPRESENTATION_ITEM() 
RATIONAL_B_SPLINE_CURVE((1.,0.878790067642,1.090235562154,1.)) 
REPRESENTATION_ITEM('') );
#3323 = CARTESIAN_POINT('',(19.676916230405,15.743537330017));
#3324 = CARTESIAN_POINT('',(18.994443800795,16.609693484325));
#3325 = CARTESIAN_POINT('',(20.326321271089,17.923502431432));
#3326 = CARTESIAN_POINT('',(21.265115624326,18.583509807432));
#3327 = ( GEOMETRIC_REPRESENTATION_CONTEXT(2) 
PARAMETRIC_REPRESENTATION_CONTEXT() REPRESENTATION_CONTEXT('2D SPACE',''
  ) );
#3328 = PCURVE('',#533,#3329);
#3329 = DEFINITIONAL_REPRESENTATION('',(#3330),#3333);
#3330 = B_SPLINE_CURVE_WITH_KNOTS('',1,(#3331,#3332),.UNSPECIFIED.,.F.,
  .F.,(2,2),(0.,1.),.PIECEWISE_BEZIER_KNOTS.);
#3331 = CARTESIAN_POINT('',(1.,0.));
#3332 = CARTESIAN_POINT('',(1.,1.));
#3333 = ( GEOMETRIC_REPRESENTATION_CONTEXT(2) 
PARAMETRIC_REPRESENTATION_CONTEXT() REPRESENTATION_CONTEXT('2D SPACE',''
  ) );
#3334 = ORIENTED_EDGE('',*,*,#3335,.T.);
#3335 = EDGE_CURVE('',#3312,#3336,#3338,.T.);
#3336 = VERTEX_POINT('',#3337);
#3337 = CARTESIAN_POINT('',(23.708831230686,24.369885549123,15.9));
#3338 = SURFACE_CURVE('',#3339,(#3344,#3352),.PCURVE_S1.);
#3339 = ( BOUNDED_CURVE() B_SPLINE_CURVE(3,(#3340,#3341,#3342,#3343),
.UNSPECIFIED.,.F.,.F.) B_SPLINE_CURVE_WITH_KNOTS((4,4),(0.,1.),
.PIECEWISE_BEZIER_KNOTS.) CURVE() GEOMETRIC_REPRESENTATION_ITEM() 
RATIONAL_B_SPLINE_CURVE((1.,0.992368104903,1.010655752079,1.)) 
REPRESENTATION_ITEM('') );
#3340 = CARTESIAN_POINT('',(21.265115624309,18.583509807424,15.9));
#3341 = CARTESIAN_POINT('',(22.496418783918,19.88104103726,15.9));
#3342 = CARTESIAN_POINT('',(23.351584336456,22.331172503689,15.9));
#3343 = CARTESIAN_POINT('',(23.708831230686,24.369885549123,15.9));
#3344 = PCURVE('',#101,#3345);
#3345 = DEFINITIONAL_REPRESENTATION('',(#3346),#3351);
#3346 = ( BOUNDED_CURVE() B_SPLINE_CURVE(3,(#3347,#3348,#3349,#3350),
.UNSPECIFIED.,.F.,.F.) B_SPLINE_CURVE_WITH_KNOTS((4,4),(0.,1.),
.PIECEWISE_BEZIER_KNOTS.) CURVE() GEOMETRIC_REPRESENTATION_ITEM() 
RATIONAL_B_SPLINE_CURVE((1.,0.992368104903,1.010655752079,1.)) 
REPRESENTATION_ITEM('') );
#3347 = CARTESIAN_POINT('',(21.265115624309,18.583509807424));
#3348 = CARTESIAN_POINT('',(22.496418783918,19.88104103726));
#3349 = CARTESIAN_POINT('',(23.351584336456,22.331172503689));
#3350 = CARTESIAN_POINT('',(23.708831230686,24.369885549123));
#3351 = ( GEOMETRIC_REPRESENTATION_CONTEXT(2) 
PARAMETRIC_REPRESENTATION_CONTEXT() REPRESENTATION_CONTEXT('2D SPACE',''
  ) );
#3352 = PCURVE('',#566,#3353);
#3353 = DEFINITIONAL_REPRESENTATION('',(#3354),#3357);
#3354 = B_SPLINE_CURVE_WITH_KNOTS('',1,(#3355,#3356),.UNSPECIFIED.,.F.,
  .F.,(2,2),(0.,1.),.PIECEWISE_BEZIER_KNOTS.);
#3355 = CARTESIAN_POINT('',(1.,0.));
#3356 = CARTESIAN_POINT('',(1.,1.));
#3357 = ( GEOMETRIC_REPRESENTATION_CONTEXT(2) 
PARAMETRIC_REPRESENTATION_CONTEXT() REPRESENTATION_CONTEXT('2D SPACE',''
  ) );
#3358 = ORIENTED_EDGE('',*,*,#3359,.T.);
#3359 = EDGE_CURVE('',#3336,#3360,#3362,.T.);
#3360 = VERTEX_POINT('',#3361);
#3361 = CARTESIAN_POINT('',(21.758137071806,26.126298458967,15.9));
#3362 = SURFACE_CURVE('',#3363,(#3367,#3374),.PCURVE_S1.);
#3363 = ( BOUNDED_CURVE() B_SPLINE_CURVE(2,(#3364,#3365,#3366),
.UNSPECIFIED.,.F.,.F.) B_SPLINE_CURVE_WITH_KNOTS((3,3),(0.,1.),
.PIECEWISE_BEZIER_KNOTS.) CURVE() GEOMETRIC_REPRESENTATION_ITEM() 
RATIONAL_B_SPLINE_CURVE((1.,0.999254675315,1.)) REPRESENTATION_ITEM('') 
  );
#3364 = CARTESIAN_POINT('',(23.708831230686,24.369885549123,15.9));
#3365 = CARTESIAN_POINT('',(22.767409728704,25.285770174943,15.9));
#3366 = CARTESIAN_POINT('',(21.758137071806,26.126298458967,15.9));
#3367 = PCURVE('',#101,#3368);
#3368 = DEFINITIONAL_REPRESENTATION('',(#3369),#3373);
#3369 = ( BOUNDED_CURVE() B_SPLINE_CURVE(2,(#3370,#3371,#3372),
.UNSPECIFIED.,.F.,.F.) B_SPLINE_CURVE_WITH_KNOTS((3,3),(0.,1.),
.PIECEWISE_BEZIER_KNOTS.) CURVE() GEOMETRIC_REPRESENTATION_ITEM() 
RATIONAL_B_SPLINE_CURVE((1.,0.999254675315,1.)) REPRESENTATION_ITEM('') 
  );
#3370 = CARTESIAN_POINT('',(23.708831230686,24.369885549123));
#3371 = CARTESIAN_POINT('',(22.767409728704,25.285770174943));
#3372 = CARTESIAN_POINT('',(21.758137071806,26.126298458967));
#3373 = ( GEOMETRIC_REPRESENTATION_CONTEXT(2) 
PARAMETRIC_REPRESENTATION_CONTEXT() REPRESENTATION_CONTEXT('2D SPACE',''
  ) );
#3374 = PCURVE('',#597,#3375);
#3375 = DEFINITIONAL_REPRESENTATION('',(#3376),#3379);
#3376 = B_SPLINE_CURVE_WITH_KNOTS('',1,(#3377,#3378),.UNSPECIFIED.,.F.,
  .F.,(2,2),(0.,1.),.PIECEWISE_BEZIER_KNOTS.);
#3377 = CARTESIAN_POINT('',(1.,0.));
#3378 = CARTESIAN_POINT('',(1.,1.));
#3379 = ( GEOMETRIC_REPRESENTATION_CONTEXT(2) 
PARAMETRIC_REPRESENTATION_CONTEXT() REPRESENTATION_CONTEXT('2D SPACE',''
  ) );
#3380 = ORIENTED_EDGE('',*,*,#3381,.T.);
#3381 = EDGE_CURVE('',#3360,#3382,#3384,.T.);
#3382 = VERTEX_POINT('',#3383);
#3383 = CARTESIAN_POINT('',(16.258897538856,23.091128818203,15.9));
#3384 = SURFACE_CURVE('',#3385,(#3390,#3398),.PCURVE_S1.);
#3385 = ( BOUNDED_CURVE() B_SPLINE_CURVE(3,(#3386,#3387,#3388,#3389),
.UNSPECIFIED.,.F.,.F.) B_SPLINE_CURVE_WITH_KNOTS((4,4),(0.,1.),
.PIECEWISE_BEZIER_KNOTS.) CURVE() GEOMETRIC_REPRESENTATION_ITEM() 
RATIONAL_B_SPLINE_CURVE((1.,1.010655752079,0.992368104903,1.)) 
REPRESENTATION_ITEM('') );
#3386 = CARTESIAN_POINT('',(21.758137071806,26.126298458967,15.9));
#3387 = CARTESIAN_POINT('',(19.76793477861,25.557905058919,15.9));
#3388 = CARTESIAN_POINT('',(17.420614529762,24.451315715766,15.9));
#3389 = CARTESIAN_POINT('',(16.258897538856,23.091128818203,15.9));
#3390 = PCURVE('',#101,#3391);
#3391 = DEFINITIONAL_REPRESENTATION('',(#3392),#3397);
#3392 = ( BOUNDED_CURVE() B_SPLINE_CURVE(3,(#3393,#3394,#3395,#3396),
.UNSPECIFIED.,.F.,.F.) B_SPLINE_CURVE_WITH_KNOTS((4,4),(0.,1.),
.PIECEWISE_BEZIER_KNOTS.) CURVE() GEOMETRIC_REPRESENTATION_ITEM() 
RATIONAL_B_SPLINE_CURVE((1.,1.010655752079,0.992368104903,1.)) 
REPRESENTATION_ITEM('') );
#3393 = CARTESIAN_POINT('',(21.758137071806,26.126298458967));
#3394 = CARTESIAN_POINT('',(19.76793477861,25.557905058919));
#3395 = CARTESIAN_POINT('',(17.420614529762,24.451315715766));
#3396 = CARTESIAN_POINT('',(16.258897538856,23.091128818203));
#3397 = ( GEOMETRIC_REPRESENTATION_CONTEXT(2) 
PARAMETRIC_REPRESENTATION_CONTEXT() REPRESENTATION_CONTEXT('2D SPACE',''
  ) );
#3398 = PCURVE('',#628,#3399);
#3399 = DEFINITIONAL_REPRESENTATION('',(#3400),#3403);
#3400 = B_SPLINE_CURVE_WITH_KNOTS('',1,(#3401,#3402),.UNSPECIFIED.,.F.,
  .F.,(2,2),(0.,1.),.PIECEWISE_BEZIER_KNOTS.);
#3401 = CARTESIAN_POINT('',(1.,0.));
#3402 = CARTESIAN_POINT('',(1.,1.));
#3403 = ( GEOMETRIC_REPRESENTATION_CONTEXT(2) 
PARAMETRIC_REPRESENTATION_CONTEXT() REPRESENTATION_CONTEXT('2D SPACE',''
  ) );
#3404 = ORIENTED_EDGE('',*,*,#3405,.T.);
#3405 = EDGE_CURVE('',#3382,#3406,#3408,.T.);
#3406 = VERTEX_POINT('',#3407);
#3407 = CARTESIAN_POINT('',(13.600494769839,21.214771787969,15.9));
#3408 = SURFACE_CURVE('',#3409,(#3414,#3422),.PCURVE_S1.);
#3409 = ( BOUNDED_CURVE() B_SPLINE_CURVE(3,(#3410,#3411,#3412,#3413),
.UNSPECIFIED.,.F.,.F.) B_SPLINE_CURVE_WITH_KNOTS((4,4),(0.,1.),
.PIECEWISE_BEZIER_KNOTS.) CURVE() GEOMETRIC_REPRESENTATION_ITEM() 
RATIONAL_B_SPLINE_CURVE((1.,1.090235562154,0.878790067642,1.)) 
REPRESENTATION_ITEM('') );
#3410 = CARTESIAN_POINT('',(16.258897538856,23.091128818203,15.9));
#3411 = CARTESIAN_POINT('',(15.700636483394,22.088487721919,15.9));
#3412 = CARTESIAN_POINT('',(14.533243824397,20.626575985496,15.9));
#3413 = CARTESIAN_POINT('',(13.600494769839,21.214771787969,15.9));
#3414 = PCURVE('',#101,#3415);
#3415 = DEFINITIONAL_REPRESENTATION('',(#3416),#3421);
#3416 = ( BOUNDED_CURVE() B_SPLINE_CURVE(3,(#3417,#3418,#3419,#3420),
.UNSPECIFIED.,.F.,.F.) B_SPLINE_CURVE_WITH_KNOTS((4,4),(0.,1.),
.PIECEWISE_BEZIER_KNOTS.) CURVE() GEOMETRIC_REPRESENTATION_ITEM() 
RATIONAL_B_SPLINE_CURVE((1.,1.090235562154,0.878790067642,1.)) 
REPRESENTATION_ITEM('') );
#3417 = CARTESIAN_POINT('',(16.258897538856,23.091128818203));
#3418 = CARTESIAN_POINT('',(15.700636483394,22.088487721919));
#3419 = CARTESIAN_POINT('',(14.533243824397,20.626575985496));
#3420 = CARTESIAN_POINT('',(13.600494769839,21.214771787969));
#3421 = ( GEOMETRIC_REPRESENTATION_CONTEXT(2) 
PARAMETRIC_REPRESENTATION_CONTEXT() REPRESENTATION_CONTEXT('2D SPACE',''
  ) );
#3422 = PCURVE('',#661,#3423);
#3423 = DEFINITIONAL_REPRESENTATION('',(#3424),#3427);
#3424 = B_SPLINE_CURVE_WITH_KNOTS('',1,(#3425,#3426),.UNSPECIFIED.,.F.,
  .F.,(2,2),(0.,1.),.PIECEWISE_BEZIER_KNOTS.);
#3425 = CARTESIAN_POINT('',(1.,0.));
#3426 = CARTESIAN_POINT('',(1.,1.));
#3427 = ( GEOMETRIC_REPRESENTATION_CONTEXT(2) 
PARAMETRIC_REPRESENTATION_CONTEXT() REPRESENTATION_CONTEXT('2D SPACE',''
  ) );
#3428 = ORIENTED_EDGE('',*,*,#3429,.T.);
#3429 = EDGE_CURVE('',#3406,#3430,#3432,.T.);
#3430 = VERTEX_POINT('',#3431);
#3431 = CARTESIAN_POINT('',(11.572283918951,22.385759868702,15.9));
#3432 = SURFACE_CURVE('',#3433,(#3437,#3444),.PCURVE_S1.);
#3433 = ( BOUNDED_CURVE() B_SPLINE_CURVE(2,(#3434,#3435,#3436),
.UNSPECIFIED.,.F.,.F.) B_SPLINE_CURVE_WITH_KNOTS((3,3),(0.,1.),
.PIECEWISE_BEZIER_KNOTS.) CURVE() GEOMETRIC_REPRESENTATION_ITEM() 
RATIONAL_B_SPLINE_CURVE((1.,0.998919789238,1.)) REPRESENTATION_ITEM('') 
  );
#3434 = CARTESIAN_POINT('',(13.600494769839,21.214771787969,15.9));
#3435 = CARTESIAN_POINT('',(12.613625373881,21.847440015201,15.9));
#3436 = CARTESIAN_POINT('',(11.572283918951,22.385759868702,15.9));
#3437 = PCURVE('',#101,#3438);
#3438 = DEFINITIONAL_REPRESENTATION('',(#3439),#3443);
#3439 = ( BOUNDED_CURVE() B_SPLINE_CURVE(2,(#3440,#3441,#3442),
.UNSPECIFIED.,.F.,.F.) B_SPLINE_CURVE_WITH_KNOTS((3,3),(0.,1.),
.PIECEWISE_BEZIER_KNOTS.) CURVE() GEOMETRIC_REPRESENTATION_ITEM() 
RATIONAL_B_SPLINE_CURVE((1.,0.998919789238,1.)) REPRESENTATION_ITEM('') 
  );
#3440 = CARTESIAN_POINT('',(13.600494769839,21.214771787969));
#3441 = CARTESIAN_POINT('',(12.613625373881,21.847440015201));
#3442 = CARTESIAN_POINT('',(11.572283918951,22.385759868702));
#3443 = ( GEOMETRIC_REPRESENTATION_CONTEXT(2) 
PARAMETRIC_REPRESENTATION_CONTEXT() REPRESENTATION_CONTEXT('2D SPACE',''
  ) );
#3444 = PCURVE('',#692,#3445);
#3445 = DEFINITIONAL_REPRESENTATION('',(#3446),#3449);
#3446 = B_SPLINE_CURVE_WITH_KNOTS('',1,(#3447,#3448),.UNSPECIFIED.,.F.,
  .F.,(2,2),(0.,1.),.PIECEWISE_BEZIER_KNOTS.);
#3447 = CARTESIAN_POINT('',(1.,0.));
#3448 = CARTESIAN_POINT('',(1.,1.));
#3449 = ( GEOMETRIC_REPRESENTATION_CONTEXT(2) 
PARAMETRIC_REPRESENTATION_CONTEXT() REPRESENTATION_CONTEXT('2D SPACE',''
  ) );
#3450 = ORIENTED_EDGE('',*,*,#3451,.T.);
#3451 = EDGE_CURVE('',#3430,#3452,#3454,.T.);
#3452 = VERTEX_POINT('',#3453);
#3453 = CARTESIAN_POINT('',(11.868055389201,25.626182715286,15.9));
#3454 = SURFACE_CURVE('',#3455,(#3460,#3468),.PCURVE_S1.);
#3455 = ( BOUNDED_CURVE() B_SPLINE_CURVE(3,(#3456,#3457,#3458,#3459),
.UNSPECIFIED.,.F.,.F.) B_SPLINE_CURVE_WITH_KNOTS((4,4),(0.,1.),
.PIECEWISE_BEZIER_KNOTS.) CURVE() GEOMETRIC_REPRESENTATION_ITEM() 
RATIONAL_B_SPLINE_CURVE((1.,0.878790067642,1.090235562154,1.)) 
REPRESENTATION_ITEM('') );
#3456 = CARTESIAN_POINT('',(11.572283918951,22.385759868702,15.9));
#3457 = CARTESIAN_POINT('',(10.596516884332,22.899446344069,15.9));
#3458 = CARTESIAN_POINT('',(11.278873256666,24.641393911163,15.9));
#3459 = CARTESIAN_POINT('',(11.868055389207,25.626182715293,15.9));
#3460 = PCURVE('',#101,#3461);
#3461 = DEFINITIONAL_REPRESENTATION('',(#3462),#3467);
#3462 = ( BOUNDED_CURVE() B_SPLINE_CURVE(3,(#3463,#3464,#3465,#3466),
.UNSPECIFIED.,.F.,.F.) B_SPLINE_CURVE_WITH_KNOTS((4,4),(0.,1.),
.PIECEWISE_BEZIER_KNOTS.) CURVE() GEOMETRIC_REPRESENTATION_ITEM() 
RATIONAL_B_SPLINE_CURVE((1.,0.878790067642,1.090235562154,1.)) 
REPRESENTATION_ITEM('') );
#3463 = CARTESIAN_POINT('',(11.572283918951,22.385759868702));
#3464 = CARTESIAN_POINT('',(10.596516884332,22.899446344069));
#3465 = CARTESIAN_POINT('',(11.278873256666,24.641393911163));
#3466 = CARTESIAN_POINT('',(11.868055389207,25.626182715293));
#3467 = ( GEOMETRIC_REPRESENTATION_CONTEXT(2) 
PARAMETRIC_REPRESENTATION_CONTEXT() REPRESENTATION_CONTEXT('2D SPACE',''
  ) );
#3468 = PCURVE('',#723,#3469);
#3469 = DEFINITIONAL_REPRESENTATION('',(#3470),#3473);
#3470 = B_SPLINE_CURVE_WITH_KNOTS('',1,(#3471,#3472),.UNSPECIFIED.,.F.,
  .F.,(2,2),(0.,1.),.PIECEWISE_BEZIER_KNOTS.);
#3471 = CARTESIAN_POINT('',(1.,0.));
#3472 = CARTESIAN_POINT('',(1.,1.));
#3473 = ( GEOMETRIC_REPRESENTATION_CONTEXT(2) 
PARAMETRIC_REPRESENTATION_CONTEXT() REPRESENTATION_CONTEXT('2D SPACE',''
  ) );
#3474 = ORIENTED_EDGE('',*,*,#3475,.T.);
#3475 = EDGE_CURVE('',#3452,#3476,#3478,.T.);
#3476 = VERTEX_POINT('',#3477);
#3477 = CARTESIAN_POINT('',(11.746969636417,31.906248672691,15.9));
#3478 = SURFACE_CURVE('',#3479,(#3484,#3492),.PCURVE_S1.);
#3479 = ( BOUNDED_CURVE() B_SPLINE_CURVE(3,(#3480,#3481,#3482,#3483),
.UNSPECIFIED.,.F.,.F.) B_SPLINE_CURVE_WITH_KNOTS((4,4),(0.,1.),
.PIECEWISE_BEZIER_KNOTS.) CURVE() GEOMETRIC_REPRESENTATION_ITEM() 
RATIONAL_B_SPLINE_CURVE((1.,0.992368104903,1.010655752079,1.)) 
REPRESENTATION_ITEM('') );
#3480 = CARTESIAN_POINT('',(11.868055389194,25.626182715279,15.9));
#3481 = CARTESIAN_POINT('',(12.465153300926,27.312352590193,15.9));
#3482 = CARTESIAN_POINT('',(12.24982765923,29.89848622809,15.9));
#3483 = CARTESIAN_POINT('',(11.746969636417,31.906248672691,15.9));
#3484 = PCURVE('',#101,#3485);
#3485 = DEFINITIONAL_REPRESENTATION('',(#3486),#3491);
#3486 = ( BOUNDED_CURVE() B_SPLINE_CURVE(3,(#3487,#3488,#3489,#3490),
.UNSPECIFIED.,.F.,.F.) B_SPLINE_CURVE_WITH_KNOTS((4,4),(0.,1.),
.PIECEWISE_BEZIER_KNOTS.) CURVE() GEOMETRIC_REPRESENTATION_ITEM() 
RATIONAL_B_SPLINE_CURVE((1.,0.992368104903,1.010655752079,1.)) 
REPRESENTATION_ITEM('') );
#3487 = CARTESIAN_POINT('',(11.868055389194,25.626182715279));
#3488 = CARTESIAN_POINT('',(12.465153300926,27.312352590193));
#3489 = CARTESIAN_POINT('',(12.24982765923,29.89848622809));
#3490 = CARTESIAN_POINT('',(11.746969636417,31.906248672691));
#3491 = ( GEOMETRIC_REPRESENTATION_CONTEXT(2) 
PARAMETRIC_REPRESENTATION_CONTEXT() REPRESENTATION_CONTEXT('2D SPACE',''
  ) );
#3492 = PCURVE('',#756,#3493);
#3493 = DEFINITIONAL_REPRESENTATION('',(#3494),#3497);
#3494 = B_SPLINE_CURVE_WITH_KNOTS('',1,(#3495,#3496),.UNSPECIFIED.,.F.,
  .F.,(2,2),(0.,1.),.PIECEWISE_BEZIER_KNOTS.);
#3495 = CARTESIAN_POINT('',(1.,0.));
#3496 = CARTESIAN_POINT('',(1.,1.));
#3497 = ( GEOMETRIC_REPRESENTATION_CONTEXT(2) 
PARAMETRIC_REPRESENTATION_CONTEXT() REPRESENTATION_CONTEXT('2D SPACE',''
  ) );
#3498 = ORIENTED_EDGE('',*,*,#3499,.T.);
#3499 = EDGE_CURVE('',#3476,#3500,#3502,.T.);
#3500 = VERTEX_POINT('',#3501);
#3501 = CARTESIAN_POINT('',(9.250524357516,32.717392914374,15.9));
#3502 = SURFACE_CURVE('',#3503,(#3507,#3514),.PCURVE_S1.);
#3503 = ( BOUNDED_CURVE() B_SPLINE_CURVE(2,(#3504,#3505,#3506),
.UNSPECIFIED.,.F.,.F.) B_SPLINE_CURVE_WITH_KNOTS((3,3),(0.,1.),
.PIECEWISE_BEZIER_KNOTS.) CURVE() GEOMETRIC_REPRESENTATION_ITEM() 
RATIONAL_B_SPLINE_CURVE((1.,0.999254675315,1.)) REPRESENTATION_ITEM('') 
  );
#3504 = CARTESIAN_POINT('',(11.746969636417,31.906248672691,15.9));
#3505 = CARTESIAN_POINT('',(10.514414461403,32.360040290898,15.9));
#3506 = CARTESIAN_POINT('',(9.250524357516,32.717392914374,15.9));
#3507 = PCURVE('',#101,#3508);
#3508 = DEFINITIONAL_REPRESENTATION('',(#3509),#3513);
#3509 = ( BOUNDED_CURVE() B_SPLINE_CURVE(2,(#3510,#3511,#3512),
.UNSPECIFIED.,.F.,.F.) B_SPLINE_CURVE_WITH_KNOTS((3,3),(0.,1.),
.PIECEWISE_BEZIER_KNOTS.) CURVE() GEOMETRIC_REPRESENTATION_ITEM() 
RATIONAL_B_SPLINE_CURVE((1.,0.999254675315,1.)) REPRESENTATION_ITEM('') 
  );
#3510 = CARTESIAN_POINT('',(11.746969636417,31.906248672691));
#3511 = CARTESIAN_POINT('',(10.514414461403,32.360040290898));
#3512 = CARTESIAN_POINT('',(9.250524357516,32.717392914374));
#3513 = ( GEOMETRIC_REPRESENTATION_CONTEXT(2) 
PARAMETRIC_REPRESENTATION_CONTEXT() REPRESENTATION_CONTEXT('2D SPACE',''
  ) );
#3514 = PCURVE('',#787,#3515);
#3515 = DEFINITIONAL_REPRESENTATION('',(#3516),#3519);
#3516 = B_SPLINE_CURVE_WITH_KNOTS('',1,(#3517,#3518),.UNSPECIFIED.,.F.,
  .F.,(2,2),(0.,1.),.PIECEWISE_BEZIER_KNOTS.);
#3517 = CARTESIAN_POINT('',(1.,0.));
#3518 = CARTESIAN_POINT('',(1.,1.));
#3519 = ( GEOMETRIC_REPRESENTATION_CONTEXT(2) 
PARAMETRIC_REPRESENTATION_CONTEXT() REPRESENTATION_CONTEXT('2D SPACE',''
  ) );
#3520 = ORIENTED_EDGE('',*,*,#3521,.T.);
#3521 = EDGE_CURVE('',#3500,#3522,#3524,.T.);
#3522 = VERTEX_POINT('',#3523);
#3523 = CARTESIAN_POINT('',(5.461233772552,27.707885248777,15.9));
#3524 = SURFACE_CURVE('',#3525,(#3530,#3538),.PCURVE_S1.);
#3525 = ( BOUNDED_CURVE() B_SPLINE_CURVE(3,(#3526,#3527,#3528,#3529),
.UNSPECIFIED.,.F.,.F.) B_SPLINE_CURVE_WITH_KNOTS((4,4),(0.,1.),
.PIECEWISE_BEZIER_KNOTS.) CURVE() GEOMETRIC_REPRESENTATION_ITEM() 
RATIONAL_B_SPLINE_CURVE((1.,1.010655752079,0.992368104903,1.)) 
REPRESENTATION_ITEM('') );
#3526 = CARTESIAN_POINT('',(9.250524357516,32.717392914374,15.9));
#3527 = CARTESIAN_POINT('',(7.66357051626,31.38865150583,15.9));
#3528 = CARTESIAN_POINT('',(5.969277199989,29.422990679676,15.9));
#3529 = CARTESIAN_POINT('',(5.461233772552,27.707885248777,15.9));
#3530 = PCURVE('',#101,#3531);
#3531 = DEFINITIONAL_REPRESENTATION('',(#3532),#3537);
#3532 = ( BOUNDED_CURVE() B_SPLINE_CURVE(3,(#3533,#3534,#3535,#3536),
.UNSPECIFIED.,.F.,.F.) B_SPLINE_CURVE_WITH_KNOTS((4,4),(0.,1.),
.PIECEWISE_BEZIER_KNOTS.) CURVE() GEOMETRIC_REPRESENTATION_ITEM() 
RATIONAL_B_SPLINE_CURVE((1.,1.010655752079,0.992368104903,1.)) 
REPRESENTATION_ITEM('') );
#3533 = CARTESIAN_POINT('',(9.250524357516,32.717392914374));
#3534 = CARTESIAN_POINT('',(7.66357051626,31.38865150583));
#3535 = CARTESIAN_POINT('',(5.969277199989,29.422990679676));
#3536 = CARTESIAN_POINT('',(5.461233772552,27.707885248777));
#3537 = ( GEOMETRIC_REPRESENTATION_CONTEXT(2) 
PARAMETRIC_REPRESENTATION_CONTEXT() REPRESENTATION_CONTEXT('2D SPACE',''
  ) );
#3538 = PCURVE('',#818,#3539);
#3539 = DEFINITIONAL_REPRESENTATION('',(#3540),#3543);
#3540 = B_SPLINE_CURVE_WITH_KNOTS('',1,(#3541,#3542),.UNSPECIFIED.,.F.,
  .F.,(2,2),(0.,1.),.PIECEWISE_BEZIER_KNOTS.);
#3541 = CARTESIAN_POINT('',(1.,0.));
#3542 = CARTESIAN_POINT('',(1.,1.));
#3543 = ( GEOMETRIC_REPRESENTATION_CONTEXT(2) 
PARAMETRIC_REPRESENTATION_CONTEXT() REPRESENTATION_CONTEXT('2D SPACE',''
  ) );
#3544 = ORIENTED_EDGE('',*,*,#3545,.T.);
#3545 = EDGE_CURVE('',#3522,#3546,#3548,.T.);
#3546 = VERTEX_POINT('',#3547);
#3547 = CARTESIAN_POINT('',(3.795845158021,24.912477988677,15.9));
#3548 = SURFACE_CURVE('',#3549,(#3554,#3562),.PCURVE_S1.);
#3549 = ( BOUNDED_CURVE() B_SPLINE_CURVE(3,(#3550,#3551,#3552,#3553),
.UNSPECIFIED.,.F.,.F.) B_SPLINE_CURVE_WITH_KNOTS((4,4),(0.,1.),
.PIECEWISE_BEZIER_KNOTS.) CURVE() GEOMETRIC_REPRESENTATION_ITEM() 
RATIONAL_B_SPLINE_CURVE((1.,1.090235562154,0.878790067642,1.)) 
REPRESENTATION_ITEM('') );
#3550 = CARTESIAN_POINT('',(5.461233772552,27.707885248777,15.9));
#3551 = CARTESIAN_POINT('',(5.359047794867,26.564861801963,15.9));
#3552 = CARTESIAN_POINT('',(4.887194606101,24.754517604407,15.9));
#3553 = CARTESIAN_POINT('',(3.795845158021,24.912477988677,15.9));
#3554 = PCURVE('',#101,#3555);
#3555 = DEFINITIONAL_REPRESENTATION('',(#3556),#3561);
#3556 = ( BOUNDED_CURVE() B_SPLINE_CURVE(3,(#3557,#3558,#3559,#3560),
.UNSPECIFIED.,.F.,.F.) B_SPLINE_CURVE_WITH_KNOTS((4,4),(0.,1.),
.PIECEWISE_BEZIER_KNOTS.) CURVE() GEOMETRIC_REPRESENTATION_ITEM() 
RATIONAL_B_SPLINE_CURVE((1.,1.090235562154,0.878790067642,1.)) 
REPRESENTATION_ITEM('') );
#3557 = CARTESIAN_POINT('',(5.461233772552,27.707885248777));
#3558 = CARTESIAN_POINT('',(5.359047794867,26.564861801963));
#3559 = CARTESIAN_POINT('',(4.887194606101,24.754517604407));
#3560 = CARTESIAN_POINT('',(3.795845158021,24.912477988677));
#3561 = ( GEOMETRIC_REPRESENTATION_CONTEXT(2) 
PARAMETRIC_REPRESENTATION_CONTEXT() REPRESENTATION_CONTEXT('2D SPACE',''
  ) );
#3562 = PCURVE('',#851,#3563);
#3563 = DEFINITIONAL_REPRESENTATION('',(#3564),#3567);
#3564 = B_SPLINE_CURVE_WITH_KNOTS('',1,(#3565,#3566),.UNSPECIFIED.,.F.,
  .F.,(2,2),(0.,1.),.PIECEWISE_BEZIER_KNOTS.);
#3565 = CARTESIAN_POINT('',(1.,0.));
#3566 = CARTESIAN_POINT('',(1.,1.));
#3567 = ( GEOMETRIC_REPRESENTATION_CONTEXT(2) 
PARAMETRIC_REPRESENTATION_CONTEXT() REPRESENTATION_CONTEXT('2D SPACE',''
  ) );
#3568 = ORIENTED_EDGE('',*,*,#3569,.T.);
#3569 = EDGE_CURVE('',#3546,#3570,#3572,.T.);
#3570 = VERTEX_POINT('',#3571);
#3571 = CARTESIAN_POINT('',(1.466698587011,25.157281157845,15.9));
#3572 = SURFACE_CURVE('',#3573,(#3577,#3584),.PCURVE_S1.);
#3573 = ( BOUNDED_CURVE() B_SPLINE_CURVE(2,(#3574,#3575,#3576),
.UNSPECIFIED.,.F.,.F.) B_SPLINE_CURVE_WITH_KNOTS((3,3),(0.,1.),
.PIECEWISE_BEZIER_KNOTS.) CURVE() GEOMETRIC_REPRESENTATION_ITEM() 
RATIONAL_B_SPLINE_CURVE((1.,0.998919789238,1.)) REPRESENTATION_ITEM('') 
  );
#3574 = CARTESIAN_POINT('',(3.795845158021,24.912477988677,15.9));
#3575 = CARTESIAN_POINT('',(2.636965753131,25.089053228594,15.9));
#3576 = CARTESIAN_POINT('',(1.466698587011,25.157281157845,15.9));
#3577 = PCURVE('',#101,#3578);
#3578 = DEFINITIONAL_REPRESENTATION('',(#3579),#3583);
#3579 = ( BOUNDED_CURVE() B_SPLINE_CURVE(2,(#3580,#3581,#3582),
.UNSPECIFIED.,.F.,.F.) B_SPLINE_CURVE_WITH_KNOTS((3,3),(0.,1.),
.PIECEWISE_BEZIER_KNOTS.) CURVE() GEOMETRIC_REPRESENTATION_ITEM() 
RATIONAL_B_SPLINE_CURVE((1.,0.998919789238,1.)) REPRESENTATION_ITEM('') 
  );
#3580 = CARTESIAN_POINT('',(3.795845158021,24.912477988677));
#3581 = CARTESIAN_POINT('',(2.636965753131,25.089053228594));
#3582 = CARTESIAN_POINT('',(1.466698587011,25.157281157845));
#3583 = ( GEOMETRIC_REPRESENTATION_CONTEXT(2) 
PARAMETRIC_REPRESENTATION_CONTEXT() REPRESENTATION_CONTEXT('2D SPACE',''
  ) );
#3584 = PCURVE('',#882,#3585);
#3585 = DEFINITIONAL_REPRESENTATION('',(#3586),#3589);
#3586 = B_SPLINE_CURVE_WITH_KNOTS('',1,(#3587,#3588),.UNSPECIFIED.,.F.,
  .F.,(2,2),(0.,1.),.PIECEWISE_BEZIER_KNOTS.);
#3587 = CARTESIAN_POINT('',(1.,0.));
#3588 = CARTESIAN_POINT('',(1.,1.));
#3589 = ( GEOMETRIC_REPRESENTATION_CONTEXT(2) 
PARAMETRIC_REPRESENTATION_CONTEXT() REPRESENTATION_CONTEXT('2D SPACE',''
  ) );
#3590 = ORIENTED_EDGE('',*,*,#3591,.T.);
#3591 = EDGE_CURVE('',#3570,#3592,#3594,.T.);
#3592 = VERTEX_POINT('',#3593);
#3593 = CARTESIAN_POINT('',(0.418900559392,28.23785582511,15.9));
#3594 = SURFACE_CURVE('',#3595,(#3600,#3608),.PCURVE_S1.);
#3595 = ( BOUNDED_CURVE() B_SPLINE_CURVE(3,(#3596,#3597,#3598,#3599),
.UNSPECIFIED.,.F.,.F.) B_SPLINE_CURVE_WITH_KNOTS((4,4),(0.,1.),
.PIECEWISE_BEZIER_KNOTS.) CURVE() GEOMETRIC_REPRESENTATION_ITEM() 
RATIONAL_B_SPLINE_CURVE((1.,0.878790067642,1.090235562154,1.)) 
REPRESENTATION_ITEM('') );
#3596 = CARTESIAN_POINT('',(1.466698587011,25.157281157845,15.9));
#3597 = CARTESIAN_POINT('',(0.366355932233,25.229676895984,15.9));
#3598 = CARTESIAN_POINT('',(0.281205590819,27.098564523619,15.9));
#3599 = CARTESIAN_POINT('',(0.418900559395,28.237855825119,15.9));
#3600 = PCURVE('',#101,#3601);
#3601 = DEFINITIONAL_REPRESENTATION('',(#3602),#3607);
#3602 = ( BOUNDED_CURVE() B_SPLINE_CURVE(3,(#3603,#3604,#3605,#3606),
.UNSPECIFIED.,.F.,.F.) B_SPLINE_CURVE_WITH_KNOTS((4,4),(0.,1.),
.PIECEWISE_BEZIER_KNOTS.) CURVE() GEOMETRIC_REPRESENTATION_ITEM() 
RATIONAL_B_SPLINE_CURVE((1.,0.878790067642,1.090235562154,1.)) 
REPRESENTATION_ITEM('') );
#3603 = CARTESIAN_POINT('',(1.466698587011,25.157281157845));
#3604 = CARTESIAN_POINT('',(0.366355932233,25.229676895984));
#3605 = CARTESIAN_POINT('',(0.281205590819,27.098564523619));
#3606 = CARTESIAN_POINT('',(0.418900559395,28.237855825119));
#3607 = ( GEOMETRIC_REPRESENTATION_CONTEXT(2) 
PARAMETRIC_REPRESENTATION_CONTEXT() REPRESENTATION_CONTEXT('2D SPACE',''
  ) );
#3608 = PCURVE('',#913,#3609);
#3609 = DEFINITIONAL_REPRESENTATION('',(#3610),#3613);
#3610 = B_SPLINE_CURVE_WITH_KNOTS('',1,(#3611,#3612),.UNSPECIFIED.,.F.,
  .F.,(2,2),(0.,1.),.PIECEWISE_BEZIER_KNOTS.);
#3611 = CARTESIAN_POINT('',(1.,0.));
#3612 = CARTESIAN_POINT('',(1.,1.));
#3613 = ( GEOMETRIC_REPRESENTATION_CONTEXT(2) 
PARAMETRIC_REPRESENTATION_CONTEXT() REPRESENTATION_CONTEXT('2D SPACE',''
  ) );
#3614 = ORIENTED_EDGE('',*,*,#3615,.T.);
#3615 = EDGE_CURVE('',#3592,#3616,#3618,.T.);
#3616 = VERTEX_POINT('',#3617);
#3617 = CARTESIAN_POINT('',(-2.246049725858,33.925731541582,15.9));
#3618 = SURFACE_CURVE('',#3619,(#3624,#3632),.PCURVE_S1.);
#3619 = ( BOUNDED_CURVE() B_SPLINE_CURVE(3,(#3620,#3621,#3622,#3623),
.UNSPECIFIED.,.F.,.F.) B_SPLINE_CURVE_WITH_KNOTS((4,4),(0.,1.),
.PIECEWISE_BEZIER_KNOTS.) CURVE() GEOMETRIC_REPRESENTATION_ITEM() 
RATIONAL_B_SPLINE_CURVE((1.,0.992368104903,1.010655752079,1.)) 
REPRESENTATION_ITEM('') );
#3620 = CARTESIAN_POINT('',(0.41890055939,28.237855825101,15.9));
#3621 = CARTESIAN_POINT('',(0.278549569842,30.021110255348,15.9));
#3622 = CARTESIAN_POINT('',(-0.970035506467,32.296080064434,15.9));
#3623 = CARTESIAN_POINT('',(-2.246049725858,33.925731541582,15.9));
#3624 = PCURVE('',#101,#3625);
#3625 = DEFINITIONAL_REPRESENTATION('',(#3626),#3631);
#3626 = ( BOUNDED_CURVE() B_SPLINE_CURVE(3,(#3627,#3628,#3629,#3630),
.UNSPECIFIED.,.F.,.F.) B_SPLINE_CURVE_WITH_KNOTS((4,4),(0.,1.),
.PIECEWISE_BEZIER_KNOTS.) CURVE() GEOMETRIC_REPRESENTATION_ITEM() 
RATIONAL_B_SPLINE_CURVE((1.,0.992368104903,1.010655752079,1.)) 
REPRESENTATION_ITEM('') );
#3627 = CARTESIAN_POINT('',(0.41890055939,28.237855825101));
#3628 = CARTESIAN_POINT('',(0.278549569842,30.021110255348));
#3629 = CARTESIAN_POINT('',(-0.970035506467,32.296080064434));
#3630 = CARTESIAN_POINT('',(-2.246049725858,33.925731541582));
#3631 = ( GEOMETRIC_REPRESENTATION_CONTEXT(2) 
PARAMETRIC_REPRESENTATION_CONTEXT() REPRESENTATION_CONTEXT('2D SPACE',''
  ) );
#3632 = PCURVE('',#946,#3633);
#3633 = DEFINITIONAL_REPRESENTATION('',(#3634),#3637);
#3634 = B_SPLINE_CURVE_WITH_KNOTS('',1,(#3635,#3636),.UNSPECIFIED.,.F.,
  .F.,(2,2),(0.,1.),.PIECEWISE_BEZIER_KNOTS.);
#3635 = CARTESIAN_POINT('',(1.,0.));
#3636 = CARTESIAN_POINT('',(1.,1.));
#3637 = ( GEOMETRIC_REPRESENTATION_CONTEXT(2) 
PARAMETRIC_REPRESENTATION_CONTEXT() REPRESENTATION_CONTEXT('2D SPACE',''
  ) );
#3638 = ORIENTED_EDGE('',*,*,#3639,.T.);
#3639 = EDGE_CURVE('',#3616,#3640,#3642,.T.);
#3640 = VERTEX_POINT('',#3641);
#3641 = CARTESIAN_POINT('',(-4.856588056563,33.651352906701,15.9));
#3642 = SURFACE_CURVE('',#3643,(#3647,#3654),.PCURVE_S1.);
#3643 = ( BOUNDED_CURVE() B_SPLINE_CURVE(2,(#3644,#3645,#3646),
.UNSPECIFIED.,.F.,.F.) B_SPLINE_CURVE_WITH_KNOTS((3,3),(0.,1.),
.PIECEWISE_BEZIER_KNOTS.) CURVE() GEOMETRIC_REPRESENTATION_ITEM() 
RATIONAL_B_SPLINE_CURVE((1.,0.999254675315,1.)) REPRESENTATION_ITEM('') 
  );
#3644 = CARTESIAN_POINT('',(-2.246049725858,33.925731541582,15.9));
#3645 = CARTESIAN_POINT('',(-3.556618586731,33.83896545882,15.9));
#3646 = CARTESIAN_POINT('',(-4.856588056563,33.651352906701,15.9));
#3647 = PCURVE('',#101,#3648);
#3648 = DEFINITIONAL_REPRESENTATION('',(#3649),#3653);
#3649 = ( BOUNDED_CURVE() B_SPLINE_CURVE(2,(#3650,#3651,#3652),
.UNSPECIFIED.,.F.,.F.) B_SPLINE_CURVE_WITH_KNOTS((3,3),(0.,1.),
.PIECEWISE_BEZIER_KNOTS.) CURVE() GEOMETRIC_REPRESENTATION_ITEM() 
RATIONAL_B_SPLINE_CURVE((1.,0.999254675315,1.)) REPRESENTATION_ITEM('') 
  );
#3650 = CARTESIAN_POINT('',(-2.246049725858,33.925731541582));
#3651 = CARTESIAN_POINT('',(-3.556618586731,33.83896545882));
#3652 = CARTESIAN_POINT('',(-4.856588056563,33.651352906701));
#3653 = ( GEOMETRIC_REPRESENTATION_CONTEXT(2) 
PARAMETRIC_REPRESENTATION_CONTEXT() REPRESENTATION_CONTEXT('2D SPACE',''
  ) );
#3654 = PCURVE('',#977,#3655);
#3655 = DEFINITIONAL_REPRESENTATION('',(#3656),#3659);
#3656 = B_SPLINE_CURVE_WITH_KNOTS('',1,(#3657,#3658),.UNSPECIFIED.,.F.,
  .F.,(2,2),(0.,1.),.PIECEWISE_BEZIER_KNOTS.);
#3657 = CARTESIAN_POINT('',(1.,0.));
#3658 = CARTESIAN_POINT('',(1.,1.));
#3659 = ( GEOMETRIC_REPRESENTATION_CONTEXT(2) 
PARAMETRIC_REPRESENTATION_CONTEXT() REPRESENTATION_CONTEXT('2D SPACE',''
  ) );
#3660 = ORIENTED_EDGE('',*,*,#3661,.T.);
#3661 = EDGE_CURVE('',#3640,#3662,#3664,.T.);
#3662 = VERTEX_POINT('',#3663);
#3663 = CARTESIAN_POINT('',(-6.280726926778,27.533696601603,15.9));
#3664 = SURFACE_CURVE('',#3665,(#3670,#3678),.PCURVE_S1.);
#3665 = ( BOUNDED_CURVE() B_SPLINE_CURVE(3,(#3666,#3667,#3668,#3669),
.UNSPECIFIED.,.F.,.F.) B_SPLINE_CURVE_WITH_KNOTS((4,4),(0.,1.),
.PIECEWISE_BEZIER_KNOTS.) CURVE() GEOMETRIC_REPRESENTATION_ITEM() 
RATIONAL_B_SPLINE_CURVE((1.,1.010655752079,0.992368104903,1.)) 
REPRESENTATION_ITEM('') );
#3666 = CARTESIAN_POINT('',(-4.856588056563,33.651352906701,15.9));
#3667 = CARTESIAN_POINT('',(-5.765894709705,31.792014950436,15.9));
#3668 = CARTESIAN_POINT('',(-6.514202386842,29.307163255591,15.9));
#3669 = CARTESIAN_POINT('',(-6.280726926778,27.533696601603,15.9));
#3670 = PCURVE('',#101,#3671);
#3671 = DEFINITIONAL_REPRESENTATION('',(#3672),#3677);
#3672 = ( BOUNDED_CURVE() B_SPLINE_CURVE(3,(#3673,#3674,#3675,#3676),
.UNSPECIFIED.,.F.,.F.) B_SPLINE_CURVE_WITH_KNOTS((4,4),(0.,1.),
.PIECEWISE_BEZIER_KNOTS.) CURVE() GEOMETRIC_REPRESENTATION_ITEM() 
RATIONAL_B_SPLINE_CURVE((1.,1.010655752079,0.992368104903,1.)) 
REPRESENTATION_ITEM('') );
#3673 = CARTESIAN_POINT('',(-4.856588056563,33.651352906701));
#3674 = CARTESIAN_POINT('',(-5.765894709705,31.792014950436));
#3675 = CARTESIAN_POINT('',(-6.514202386842,29.307163255591));
#3676 = CARTESIAN_POINT('',(-6.280726926778,27.533696601603));
#3677 = ( GEOMETRIC_REPRESENTATION_CONTEXT(2) 
PARAMETRIC_REPRESENTATION_CONTEXT() REPRESENTATION_CONTEXT('2D SPACE',''
  ) );
#3678 = PCURVE('',#1008,#3679);
#3679 = DEFINITIONAL_REPRESENTATION('',(#3680),#3683);
#3680 = B_SPLINE_CURVE_WITH_KNOTS('',1,(#3681,#3682),.UNSPECIFIED.,.F.,
  .F.,(2,2),(0.,1.),.PIECEWISE_BEZIER_KNOTS.);
#3681 = CARTESIAN_POINT('',(1.,0.));
#3682 = CARTESIAN_POINT('',(1.,1.));
#3683 = ( GEOMETRIC_REPRESENTATION_CONTEXT(2) 
PARAMETRIC_REPRESENTATION_CONTEXT() REPRESENTATION_CONTEXT('2D SPACE',''
  ) );
#3684 = ORIENTED_EDGE('',*,*,#3685,.T.);
#3685 = EDGE_CURVE('',#3662,#3686,#3688,.T.);
#3686 = VERTEX_POINT('',#3687);
#3687 = CARTESIAN_POINT('',(-6.66514056579,24.302590422386,15.9));
#3688 = SURFACE_CURVE('',#3689,(#3694,#3702),.PCURVE_S1.);
#3689 = ( BOUNDED_CURVE() B_SPLINE_CURVE(3,(#3690,#3691,#3692,#3693),
.UNSPECIFIED.,.F.,.F.) B_SPLINE_CURVE_WITH_KNOTS((4,4),(0.,1.),
.PIECEWISE_BEZIER_KNOTS.) CURVE() GEOMETRIC_REPRESENTATION_ITEM() 
RATIONAL_B_SPLINE_CURVE((1.,1.090235562154,0.878790067642,1.)) 
REPRESENTATION_ITEM('') );
#3690 = CARTESIAN_POINT('',(-6.280726926778,27.533696601603,15.9));
#3691 = CARTESIAN_POINT('',(-5.909168942812,26.447929942254,15.9));
#3692 = CARTESIAN_POINT('',(-5.603894958358,24.602178241784,15.9));
#3693 = CARTESIAN_POINT('',(-6.66514056579,24.302590422386,15.9));
#3694 = PCURVE('',#101,#3695);
#3695 = DEFINITIONAL_REPRESENTATION('',(#3696),#3701);
#3696 = ( BOUNDED_CURVE() B_SPLINE_CURVE(3,(#3697,#3698,#3699,#3700),
.UNSPECIFIED.,.F.,.F.) B_SPLINE_CURVE_WITH_KNOTS((4,4),(0.,1.),
.PIECEWISE_BEZIER_KNOTS.) CURVE() GEOMETRIC_REPRESENTATION_ITEM() 
RATIONAL_B_SPLINE_CURVE((1.,1.090235562154,0.878790067642,1.)) 
REPRESENTATION_ITEM('') );
#3697 = CARTESIAN_POINT('',(-6.280726926778,27.533696601603));
#3698 = CARTESIAN_POINT('',(-5.909168942812,26.447929942254));
#3699 = CARTESIAN_POINT('',(-5.603894958358,24.602178241784));
#3700 = CARTESIAN_POINT('',(-6.66514056579,24.302590422386));
#3701 = ( GEOMETRIC_REPRESENTATION_CONTEXT(2) 
PARAMETRIC_REPRESENTATION_CONTEXT() REPRESENTATION_CONTEXT('2D SPACE',''
  ) );
#3702 = PCURVE('',#1041,#3703);
#3703 = DEFINITIONAL_REPRESENTATION('',(#3704),#3707);
#3704 = B_SPLINE_CURVE_WITH_KNOTS('',1,(#3705,#3706),.UNSPECIFIED.,.F.,
  .F.,(2,2),(0.,1.),.PIECEWISE_BEZIER_KNOTS.);
#3705 = CARTESIAN_POINT('',(1.,0.));
#3706 = CARTESIAN_POINT('',(1.,1.));
#3707 = ( GEOMETRIC_REPRESENTATION_CONTEXT(2) 
PARAMETRIC_REPRESENTATION_CONTEXT() REPRESENTATION_CONTEXT('2D SPACE',''
  ) );
#3708 = ORIENTED_EDGE('',*,*,#3709,.T.);
#3709 = EDGE_CURVE('',#3686,#3710,#3712,.T.);
#3710 = VERTEX_POINT('',#3711);
#3711 = CARTESIAN_POINT('',(-8.892492255161,23.578879988072,15.9));
#3712 = SURFACE_CURVE('',#3713,(#3717,#3724),.PCURVE_S1.);
#3713 = ( BOUNDED_CURVE() B_SPLINE_CURVE(2,(#3714,#3715,#3716),
.UNSPECIFIED.,.F.,.F.) B_SPLINE_CURVE_WITH_KNOTS((3,3),(0.,1.),
.PIECEWISE_BEZIER_KNOTS.) CURVE() GEOMETRIC_REPRESENTATION_ITEM() 
RATIONAL_B_SPLINE_CURVE((1.,0.998919789238,1.)) REPRESENTATION_ITEM('') 
  );
#3714 = CARTESIAN_POINT('',(-6.66514056579,24.302590422386,15.9));
#3715 = CARTESIAN_POINT('',(-7.795649202416,23.99254121187,15.9));
#3716 = CARTESIAN_POINT('',(-8.892492255161,23.578879988072,15.9));
#3717 = PCURVE('',#101,#3718);
#3718 = DEFINITIONAL_REPRESENTATION('',(#3719),#3723);
#3719 = ( BOUNDED_CURVE() B_SPLINE_CURVE(2,(#3720,#3721,#3722),
.UNSPECIFIED.,.F.,.F.) B_SPLINE_CURVE_WITH_KNOTS((3,3),(0.,1.),
.PIECEWISE_BEZIER_KNOTS.) CURVE() GEOMETRIC_REPRESENTATION_ITEM() 
RATIONAL_B_SPLINE_CURVE((1.,0.998919789238,1.)) REPRESENTATION_ITEM('') 
  );
#3720 = CARTESIAN_POINT('',(-6.66514056579,24.302590422386));
#3721 = CARTESIAN_POINT('',(-7.795649202416,23.99254121187));
#3722 = CARTESIAN_POINT('',(-8.892492255161,23.578879988072));
#3723 = ( GEOMETRIC_REPRESENTATION_CONTEXT(2) 
PARAMETRIC_REPRESENTATION_CONTEXT() REPRESENTATION_CONTEXT('2D SPACE',''
  ) );
#3724 = PCURVE('',#1072,#3725);
#3725 = DEFINITIONAL_REPRESENTATION('',(#3726),#3729);
#3726 = B_SPLINE_CURVE_WITH_KNOTS('',1,(#3727,#3728),.UNSPECIFIED.,.F.,
  .F.,(2,2),(0.,1.),.PIECEWISE_BEZIER_KNOTS.);
#3727 = CARTESIAN_POINT('',(1.,0.));
#3728 = CARTESIAN_POINT('',(1.,1.));
#3729 = ( GEOMETRIC_REPRESENTATION_CONTEXT(2) 
PARAMETRIC_REPRESENTATION_CONTEXT() REPRESENTATION_CONTEXT('2D SPACE',''
  ) );
#3730 = ORIENTED_EDGE('',*,*,#3731,.T.);
#3731 = EDGE_CURVE('',#3710,#3732,#3734,.T.);
#3732 = VERTEX_POINT('',#3733);
#3733 = CARTESIAN_POINT('',(-11.10268598272,25.966947129906,15.9));
#3734 = SURFACE_CURVE('',#3735,(#3740,#3748),.PCURVE_S1.);
#3735 = ( BOUNDED_CURVE() B_SPLINE_CURVE(3,(#3736,#3737,#3738,#3739),
.UNSPECIFIED.,.F.,.F.) B_SPLINE_CURVE_WITH_KNOTS((4,4),(0.,1.),
.PIECEWISE_BEZIER_KNOTS.) CURVE() GEOMETRIC_REPRESENTATION_ITEM() 
RATIONAL_B_SPLINE_CURVE((1.,0.878790067642,1.090235562154,1.)) 
REPRESENTATION_ITEM('') );
#3736 = CARTESIAN_POINT('',(-8.892492255161,23.578879988072,15.9));
#3737 = CARTESIAN_POINT('',(-9.927151288787,23.197467108164,15.9));
#3738 = CARTESIAN_POINT('',(-10.76508507635,24.870147147211,15.9));
#3739 = CARTESIAN_POINT('',(-11.10268598272,25.966947129915,15.9));
#3740 = PCURVE('',#101,#3741);
#3741 = DEFINITIONAL_REPRESENTATION('',(#3742),#3747);
#3742 = ( BOUNDED_CURVE() B_SPLINE_CURVE(3,(#3743,#3744,#3745,#3746),
.UNSPECIFIED.,.F.,.F.) B_SPLINE_CURVE_WITH_KNOTS((4,4),(0.,1.),
.PIECEWISE_BEZIER_KNOTS.) CURVE() GEOMETRIC_REPRESENTATION_ITEM() 
RATIONAL_B_SPLINE_CURVE((1.,0.878790067642,1.090235562154,1.)) 
REPRESENTATION_ITEM('') );
#3743 = CARTESIAN_POINT('',(-8.892492255161,23.578879988072));
#3744 = CARTESIAN_POINT('',(-9.927151288787,23.197467108164));
#3745 = CARTESIAN_POINT('',(-10.76508507635,24.870147147211));
#3746 = CARTESIAN_POINT('',(-11.10268598272,25.966947129915));
#3747 = ( GEOMETRIC_REPRESENTATION_CONTEXT(2) 
PARAMETRIC_REPRESENTATION_CONTEXT() REPRESENTATION_CONTEXT('2D SPACE',''
  ) );
#3748 = PCURVE('',#1103,#3749);
#3749 = DEFINITIONAL_REPRESENTATION('',(#3750),#3753);
#3750 = B_SPLINE_CURVE_WITH_KNOTS('',1,(#3751,#3752),.UNSPECIFIED.,.F.,
  .F.,(2,2),(0.,1.),.PIECEWISE_BEZIER_KNOTS.);
#3751 = CARTESIAN_POINT('',(1.,0.));
#3752 = CARTESIAN_POINT('',(1.,1.));
#3753 = ( GEOMETRIC_REPRESENTATION_CONTEXT(2) 
PARAMETRIC_REPRESENTATION_CONTEXT() REPRESENTATION_CONTEXT('2D SPACE',''
  ) );
#3754 = ORIENTED_EDGE('',*,*,#3755,.T.);
#3755 = EDGE_CURVE('',#3732,#3756,#3758,.T.);
#3756 = VERTEX_POINT('',#3757);
#3757 = CARTESIAN_POINT('',(-15.85070668581,30.079147221338,15.9));
#3758 = SURFACE_CURVE('',#3759,(#3764,#3772),.PCURVE_S1.);
#3759 = ( BOUNDED_CURVE() B_SPLINE_CURVE(3,(#3760,#3761,#3762,#3763),
.UNSPECIFIED.,.F.,.F.) B_SPLINE_CURVE_WITH_KNOTS((4,4),(0.,1.),
.PIECEWISE_BEZIER_KNOTS.) CURVE() GEOMETRIC_REPRESENTATION_ITEM() 
RATIONAL_B_SPLINE_CURVE((1.,0.992368104903,1.010655752079,1.)) 
REPRESENTATION_ITEM('') );
#3760 = CARTESIAN_POINT('',(-11.10268598272,25.966947129897,15.9));
#3761 = CARTESIAN_POINT('',(-11.95621791241,27.538945224129,15.9));
#3762 = CARTESIAN_POINT('',(-14.0221707206,29.10938825696,15.9));
#3763 = CARTESIAN_POINT('',(-15.85070668581,30.079147221338,15.9));
#3764 = PCURVE('',#101,#3765);
#3765 = DEFINITIONAL_REPRESENTATION('',(#3766),#3771);
#3766 = ( BOUNDED_CURVE() B_SPLINE_CURVE(3,(#3767,#3768,#3769,#3770),
.UNSPECIFIED.,.F.,.F.) B_SPLINE_CURVE_WITH_KNOTS((4,4),(0.,1.),
.PIECEWISE_BEZIER_KNOTS.) CURVE() GEOMETRIC_REPRESENTATION_ITEM() 
RATIONAL_B_SPLINE_CURVE((1.,0.992368104903,1.010655752079,1.)) 
REPRESENTATION_ITEM('') );
#3767 = CARTESIAN_POINT('',(-11.10268598272,25.966947129897));
#3768 = CARTESIAN_POINT('',(-11.95621791241,27.538945224129));
#3769 = CARTESIAN_POINT('',(-14.0221707206,29.10938825696));
#3770 = CARTESIAN_POINT('',(-15.85070668581,30.079147221338));
#3771 = ( GEOMETRIC_REPRESENTATION_CONTEXT(2) 
PARAMETRIC_REPRESENTATION_CONTEXT() REPRESENTATION_CONTEXT('2D SPACE',''
  ) );
#3772 = PCURVE('',#1136,#3773);
#3773 = DEFINITIONAL_REPRESENTATION('',(#3774),#3777);
#3774 = B_SPLINE_CURVE_WITH_KNOTS('',1,(#3775,#3776),.UNSPECIFIED.,.F.,
  .F.,(2,2),(0.,1.),.PIECEWISE_BEZIER_KNOTS.);
#3775 = CARTESIAN_POINT('',(1.,0.));
#3776 = CARTESIAN_POINT('',(1.,1.));
#3777 = ( GEOMETRIC_REPRESENTATION_CONTEXT(2) 
PARAMETRIC_REPRESENTATION_CONTEXT() REPRESENTATION_CONTEXT('2D SPACE',''
  ) );
#3778 = ORIENTED_EDGE('',*,*,#3779,.T.);
#3779 = EDGE_CURVE('',#3756,#3780,#3782,.T.);
#3780 = VERTEX_POINT('',#3781);
#3781 = CARTESIAN_POINT('',(-18.12395227494,28.766688268517,15.9));
#3782 = SURFACE_CURVE('',#3783,(#3787,#3794),.PCURVE_S1.);
#3783 = ( BOUNDED_CURVE() B_SPLINE_CURVE(2,(#3784,#3785,#3786),
.UNSPECIFIED.,.F.,.F.) B_SPLINE_CURVE_WITH_KNOTS((3,3),(0.,1.),
.PIECEWISE_BEZIER_KNOTS.) CURVE() GEOMETRIC_REPRESENTATION_ITEM() 
RATIONAL_B_SPLINE_CURVE((1.,0.999254675315,1.)) REPRESENTATION_ITEM('') 
  );
#3784 = CARTESIAN_POINT('',(-15.85070668581,30.079147221338,15.9));
#3785 = CARTESIAN_POINT('',(-17.01267997035,29.466826081562,15.9));
#3786 = CARTESIAN_POINT('',(-18.12395227494,28.766688268517,15.9));
#3787 = PCURVE('',#101,#3788);
#3788 = DEFINITIONAL_REPRESENTATION('',(#3789),#3793);
#3789 = ( BOUNDED_CURVE() B_SPLINE_CURVE(2,(#3790,#3791,#3792),
.UNSPECIFIED.,.F.,.F.) B_SPLINE_CURVE_WITH_KNOTS((3,3),(0.,1.),
.PIECEWISE_BEZIER_KNOTS.) CURVE() GEOMETRIC_REPRESENTATION_ITEM() 
RATIONAL_B_SPLINE_CURVE((1.,0.999254675315,1.)) REPRESENTATION_ITEM('') 
  );
#3790 = CARTESIAN_POINT('',(-15.85070668581,30.079147221338));
#3791 = CARTESIAN_POINT('',(-17.01267997035,29.466826081562));
#3792 = CARTESIAN_POINT('',(-18.12395227494,28.766688268517));
#3793 = ( GEOMETRIC_REPRESENTATION_CONTEXT(2) 
PARAMETRIC_REPRESENTATION_CONTEXT() REPRESENTATION_CONTEXT('2D SPACE',''
  ) );
#3794 = PCURVE('',#1167,#3795);
#3795 = DEFINITIONAL_REPRESENTATION('',(#3796),#3799);
#3796 = B_SPLINE_CURVE_WITH_KNOTS('',1,(#3797,#3798),.UNSPECIFIED.,.F.,
  .F.,(2,2),(0.,1.),.PIECEWISE_BEZIER_KNOTS.);
#3797 = CARTESIAN_POINT('',(1.,0.));
#3798 = CARTESIAN_POINT('',(1.,1.));
#3799 = ( GEOMETRIC_REPRESENTATION_CONTEXT(2) 
PARAMETRIC_REPRESENTATION_CONTEXT() REPRESENTATION_CONTEXT('2D SPACE',''
  ) );
#3800 = ORIENTED_EDGE('',*,*,#3801,.T.);
#3801 = EDGE_CURVE('',#3780,#3802,#3804,.T.);
#3802 = VERTEX_POINT('',#3803);
#3803 = CARTESIAN_POINT('',(-16.93669288185,22.59868167623,15.9));
#3804 = SURFACE_CURVE('',#3805,(#3810,#3818),.PCURVE_S1.);
#3805 = ( BOUNDED_CURVE() B_SPLINE_CURVE(3,(#3806,#3807,#3808,#3809),
.UNSPECIFIED.,.F.,.F.) B_SPLINE_CURVE_WITH_KNOTS((4,4),(0.,1.),
.PIECEWISE_BEZIER_KNOTS.) CURVE() GEOMETRIC_REPRESENTATION_ITEM() 
RATIONAL_B_SPLINE_CURVE((1.,1.010655752079,0.992368104903,1.)) 
REPRESENTATION_ITEM('') );
#3806 = CARTESIAN_POINT('',(-18.12395227494,28.766688268517,15.9));
#3807 = CARTESIAN_POINT('',(-18.19838435885,26.698250188723,15.9));
#3808 = CARTESIAN_POINT('',(-17.87131720131,24.123861057395,15.9));
#3809 = CARTESIAN_POINT('',(-16.93669288185,22.59868167623,15.9));
#3810 = PCURVE('',#101,#3811);
#3811 = DEFINITIONAL_REPRESENTATION('',(#3812),#3817);
#3812 = ( BOUNDED_CURVE() B_SPLINE_CURVE(3,(#3813,#3814,#3815,#3816),
.UNSPECIFIED.,.F.,.F.) B_SPLINE_CURVE_WITH_KNOTS((4,4),(0.,1.),
.PIECEWISE_BEZIER_KNOTS.) CURVE() GEOMETRIC_REPRESENTATION_ITEM() 
RATIONAL_B_SPLINE_CURVE((1.,1.010655752079,0.992368104903,1.)) 
REPRESENTATION_ITEM('') );
#3813 = CARTESIAN_POINT('',(-18.12395227494,28.766688268517));
#3814 = CARTESIAN_POINT('',(-18.19838435885,26.698250188723));
#3815 = CARTESIAN_POINT('',(-17.87131720131,24.123861057395));
#3816 = CARTESIAN_POINT('',(-16.93669288185,22.59868167623));
#3817 = ( GEOMETRIC_REPRESENTATION_CONTEXT(2) 
PARAMETRIC_REPRESENTATION_CONTEXT() REPRESENTATION_CONTEXT('2D SPACE',''
  ) );
#3818 = PCURVE('',#1198,#3819);
#3819 = DEFINITIONAL_REPRESENTATION('',(#3820),#3823);
#3820 = B_SPLINE_CURVE_WITH_KNOTS('',1,(#3821,#3822),.UNSPECIFIED.,.F.,
  .F.,(2,2),(0.,1.),.PIECEWISE_BEZIER_KNOTS.);
#3821 = CARTESIAN_POINT('',(1.,0.));
#3822 = CARTESIAN_POINT('',(1.,1.));
#3823 = ( GEOMETRIC_REPRESENTATION_CONTEXT(2) 
PARAMETRIC_REPRESENTATION_CONTEXT() REPRESENTATION_CONTEXT('2D SPACE',''
  ) );
#3824 = ORIENTED_EDGE('',*,*,#3825,.T.);
#3825 = EDGE_CURVE('',#3802,#3826,#3828,.T.);
#3826 = VERTEX_POINT('',#3827);
#3827 = CARTESIAN_POINT('',(-15.97366293487,19.490564189962,15.9));
#3828 = SURFACE_CURVE('',#3829,(#3834,#3842),.PCURVE_S1.);
#3829 = ( BOUNDED_CURVE() B_SPLINE_CURVE(3,(#3830,#3831,#3832,#3833),
.UNSPECIFIED.,.F.,.F.) B_SPLINE_CURVE_WITH_KNOTS((4,4),(0.,1.),
.PIECEWISE_BEZIER_KNOTS.) CURVE() GEOMETRIC_REPRESENTATION_ITEM() 
RATIONAL_B_SPLINE_CURVE((1.,1.090235562154,0.878790067642,1.)) 
REPRESENTATION_ITEM('') );
#3830 = CARTESIAN_POINT('',(-16.93669288185,22.59868167623,15.9));
#3831 = CARTESIAN_POINT('',(-16.15563668716,21.757910723628,15.9));
#3832 = CARTESIAN_POINT('',(-15.12602017473,20.195898757383,15.9));
#3833 = CARTESIAN_POINT('',(-15.97366293487,19.490564189962,15.9));
#3834 = PCURVE('',#101,#3835);
#3835 = DEFINITIONAL_REPRESENTATION('',(#3836),#3841);
#3836 = ( BOUNDED_CURVE() B_SPLINE_CURVE(3,(#3837,#3838,#3839,#3840),
.UNSPECIFIED.,.F.,.F.) B_SPLINE_CURVE_WITH_KNOTS((4,4),(0.,1.),
.PIECEWISE_BEZIER_KNOTS.) CURVE() GEOMETRIC_REPRESENTATION_ITEM() 
RATIONAL_B_SPLINE_CURVE((1.,1.090235562154,0.878790067642,1.)) 
REPRESENTATION_ITEM('') );
#3837 = CARTESIAN_POINT('',(-16.93669288185,22.59868167623));
#3838 = CARTESIAN_POINT('',(-16.15563668716,21.757910723628));
#3839 = CARTESIAN_POINT('',(-15.12602017473,20.195898757383));
#3840 = CARTESIAN_POINT('',(-15.97366293487,19.490564189962));
#3841 = ( GEOMETRIC_REPRESENTATION_CONTEXT(2) 
PARAMETRIC_REPRESENTATION_CONTEXT() REPRESENTATION_CONTEXT('2D SPACE',''
  ) );
#3842 = PCURVE('',#1231,#3843);
#3843 = DEFINITIONAL_REPRESENTATION('',(#3844),#3847);
#3844 = B_SPLINE_CURVE_WITH_KNOTS('',1,(#3845,#3846),.UNSPECIFIED.,.F.,
  .F.,(2,2),(0.,1.),.PIECEWISE_BEZIER_KNOTS.);
#3845 = CARTESIAN_POINT('',(1.,0.));
#3846 = CARTESIAN_POINT('',(1.,1.));
#3847 = ( GEOMETRIC_REPRESENTATION_CONTEXT(2) 
PARAMETRIC_REPRESENTATION_CONTEXT() REPRESENTATION_CONTEXT('2D SPACE',''
  ) );
#3848 = ORIENTED_EDGE('',*,*,#3849,.T.);
#3849 = EDGE_CURVE('',#3826,#3850,#3852,.T.);
#3850 = VERTEX_POINT('',#3851);
#3851 = CARTESIAN_POINT('',(-17.71409040066,17.923476260961,15.9));
#3852 = SURFACE_CURVE('',#3853,(#3857,#3864),.PCURVE_S1.);
#3853 = ( BOUNDED_CURVE() B_SPLINE_CURVE(2,(#3854,#3855,#3856),
.UNSPECIFIED.,.F.,.F.) B_SPLINE_CURVE_WITH_KNOTS((3,3),(0.,1.),
.PIECEWISE_BEZIER_KNOTS.) CURVE() GEOMETRIC_REPRESENTATION_ITEM() 
RATIONAL_B_SPLINE_CURVE((1.,0.998919789238,1.)) REPRESENTATION_ITEM('') 
  );
#3854 = CARTESIAN_POINT('',(-15.97366293487,19.490564189962,15.9));
#3855 = CARTESIAN_POINT('',(-16.88032558961,18.74750085422,15.9));
#3856 = CARTESIAN_POINT('',(-17.71409040066,17.923476260961,15.9));
#3857 = PCURVE('',#101,#3858);
#3858 = DEFINITIONAL_REPRESENTATION('',(#3859),#3863);
#3859 = ( BOUNDED_CURVE() B_SPLINE_CURVE(2,(#3860,#3861,#3862),
.UNSPECIFIED.,.F.,.F.) B_SPLINE_CURVE_WITH_KNOTS((3,3),(0.,1.),
.PIECEWISE_BEZIER_KNOTS.) CURVE() GEOMETRIC_REPRESENTATION_ITEM() 
RATIONAL_B_SPLINE_CURVE((1.,0.998919789238,1.)) REPRESENTATION_ITEM('') 
  );
#3860 = CARTESIAN_POINT('',(-15.97366293487,19.490564189962));
#3861 = CARTESIAN_POINT('',(-16.88032558961,18.74750085422));
#3862 = CARTESIAN_POINT('',(-17.71409040066,17.923476260961));
#3863 = ( GEOMETRIC_REPRESENTATION_CONTEXT(2) 
PARAMETRIC_REPRESENTATION_CONTEXT() REPRESENTATION_CONTEXT('2D SPACE',''
  ) );
#3864 = PCURVE('',#1262,#3865);
#3865 = DEFINITIONAL_REPRESENTATION('',(#3866),#3869);
#3866 = B_SPLINE_CURVE_WITH_KNOTS('',1,(#3867,#3868),.UNSPECIFIED.,.F.,
  .F.,(2,2),(0.,1.),.PIECEWISE_BEZIER_KNOTS.);
#3867 = CARTESIAN_POINT('',(1.,0.));
#3868 = CARTESIAN_POINT('',(1.,1.));
#3869 = ( GEOMETRIC_REPRESENTATION_CONTEXT(2) 
PARAMETRIC_REPRESENTATION_CONTEXT() REPRESENTATION_CONTEXT('2D SPACE',''
  ) );
#3870 = ORIENTED_EDGE('',*,*,#3871,.T.);
#3871 = EDGE_CURVE('',#3850,#3872,#3874,.T.);
#3872 = VERTEX_POINT('',#3873);
#3873 = CARTESIAN_POINT('',(-20.70451725369,19.206117373632,15.9));
#3874 = SURFACE_CURVE('',#3875,(#3880,#3888),.PCURVE_S1.);
#3875 = ( BOUNDED_CURVE() B_SPLINE_CURVE(3,(#3876,#3877,#3878,#3879),
.UNSPECIFIED.,.F.,.F.) B_SPLINE_CURVE_WITH_KNOTS((4,4),(0.,1.),
.PIECEWISE_BEZIER_KNOTS.) CURVE() GEOMETRIC_REPRESENTATION_ITEM() 
RATIONAL_B_SPLINE_CURVE((1.,0.878790067642,1.090235562154,1.)) 
REPRESENTATION_ITEM('') );
#3876 = CARTESIAN_POINT('',(-17.71409040066,17.923476260961,15.9));
#3877 = CARTESIAN_POINT('',(-18.50416386663,17.15420451497,15.9));
#3878 = CARTESIAN_POINT('',(-19.94999473609,18.341455390856,15.9));
#3879 = CARTESIAN_POINT('',(-20.7045172537,19.20611737364,15.9));
#3880 = PCURVE('',#101,#3881);
#3881 = DEFINITIONAL_REPRESENTATION('',(#3882),#3887);
#3882 = ( BOUNDED_CURVE() B_SPLINE_CURVE(3,(#3883,#3884,#3885,#3886),
.UNSPECIFIED.,.F.,.F.) B_SPLINE_CURVE_WITH_KNOTS((4,4),(0.,1.),
.PIECEWISE_BEZIER_KNOTS.) CURVE() GEOMETRIC_REPRESENTATION_ITEM() 
RATIONAL_B_SPLINE_CURVE((1.,0.878790067642,1.090235562154,1.)) 
REPRESENTATION_ITEM('') );
#3883 = CARTESIAN_POINT('',(-17.71409040066,17.923476260961));
#3884 = CARTESIAN_POINT('',(-18.50416386663,17.15420451497));
#3885 = CARTESIAN_POINT('',(-19.94999473609,18.341455390856));
#3886 = CARTESIAN_POINT('',(-20.7045172537,19.20611737364));
#3887 = ( GEOMETRIC_REPRESENTATION_CONTEXT(2) 
PARAMETRIC_REPRESENTATION_CONTEXT() REPRESENTATION_CONTEXT('2D SPACE',''
  ) );
#3888 = PCURVE('',#1293,#3889);
#3889 = DEFINITIONAL_REPRESENTATION('',(#3890),#3893);
#3890 = B_SPLINE_CURVE_WITH_KNOTS('',1,(#3891,#3892),.UNSPECIFIED.,.F.,
  .F.,(2,2),(0.,1.),.PIECEWISE_BEZIER_KNOTS.);
#3891 = CARTESIAN_POINT('',(1.,0.));
#3892 = CARTESIAN_POINT('',(1.,1.));
#3893 = ( GEOMETRIC_REPRESENTATION_CONTEXT(2) 
PARAMETRIC_REPRESENTATION_CONTEXT() REPRESENTATION_CONTEXT('2D SPACE',''
  ) );
#3894 = ORIENTED_EDGE('',*,*,#3895,.T.);
#3895 = EDGE_CURVE('',#3872,#3896,#3898,.T.);
#3896 = VERTEX_POINT('',#3897);
#3897 = CARTESIAN_POINT('',(-26.71463246063,21.03160508605,15.9));
#3898 = SURFACE_CURVE('',#3899,(#3904,#3912),.PCURVE_S1.);
#3899 = ( BOUNDED_CURVE() B_SPLINE_CURVE(3,(#3900,#3901,#3902,#3903),
.UNSPECIFIED.,.F.,.F.) B_SPLINE_CURVE_WITH_KNOTS((4,4),(0.,1.),
.PIECEWISE_BEZIER_KNOTS.) CURVE() GEOMETRIC_REPRESENTATION_ITEM() 
RATIONAL_B_SPLINE_CURVE((1.,0.992368104903,1.010655752079,1.)) 
REPRESENTATION_ITEM('') );
#3900 = CARTESIAN_POINT('',(-20.70451725369,19.206117373624,15.9));
#3901 = CARTESIAN_POINT('',(-22.12364669877,20.295046380194,15.9));
#3902 = CARTESIAN_POINT('',(-24.64974522972,20.889418769368,15.9));
#3903 = CARTESIAN_POINT('',(-26.71463246063,21.03160508605,15.9));
#3904 = PCURVE('',#101,#3905);
#3905 = DEFINITIONAL_REPRESENTATION('',(#3906),#3911);
#3906 = ( BOUNDED_CURVE() B_SPLINE_CURVE(3,(#3907,#3908,#3909,#3910),
.UNSPECIFIED.,.F.,.F.) B_SPLINE_CURVE_WITH_KNOTS((4,4),(0.,1.),
.PIECEWISE_BEZIER_KNOTS.) CURVE() GEOMETRIC_REPRESENTATION_ITEM() 
RATIONAL_B_SPLINE_CURVE((1.,0.992368104903,1.010655752079,1.)) 
REPRESENTATION_ITEM('') );
#3907 = CARTESIAN_POINT('',(-20.70451725369,19.206117373624));
#3908 = CARTESIAN_POINT('',(-22.12364669877,20.295046380194));
#3909 = CARTESIAN_POINT('',(-24.64974522972,20.889418769368));
#3910 = CARTESIAN_POINT('',(-26.71463246063,21.03160508605));
#3911 = ( GEOMETRIC_REPRESENTATION_CONTEXT(2) 
PARAMETRIC_REPRESENTATION_CONTEXT() REPRESENTATION_CONTEXT('2D SPACE',''
  ) );
#3912 = PCURVE('',#1326,#3913);
#3913 = DEFINITIONAL_REPRESENTATION('',(#3914),#3917);
#3914 = B_SPLINE_CURVE_WITH_KNOTS('',1,(#3915,#3916),.UNSPECIFIED.,.F.,
  .F.,(2,2),(0.,1.),.PIECEWISE_BEZIER_KNOTS.);
#3915 = CARTESIAN_POINT('',(1.,0.));
#3916 = CARTESIAN_POINT('',(1.,1.));
#3917 = ( GEOMETRIC_REPRESENTATION_CONTEXT(2) 
PARAMETRIC_REPRESENTATION_CONTEXT() REPRESENTATION_CONTEXT('2D SPACE',''
  ) );
#3918 = ORIENTED_EDGE('',*,*,#3919,.T.);
#3919 = EDGE_CURVE('',#3896,#3920,#3922,.T.);
#3920 = VERTEX_POINT('',#3921);
#3921 = CARTESIAN_POINT('',(-28.25752049405,18.908001891547,15.9));
#3922 = SURFACE_CURVE('',#3923,(#3927,#3934),.PCURVE_S1.);
#3923 = ( BOUNDED_CURVE() B_SPLINE_CURVE(2,(#3924,#3925,#3926),
.UNSPECIFIED.,.F.,.F.) B_SPLINE_CURVE_WITH_KNOTS((3,3),(0.,1.),
.PIECEWISE_BEZIER_KNOTS.) CURVE() GEOMETRIC_REPRESENTATION_ITEM() 
RATIONAL_B_SPLINE_CURVE((1.,0.999254675315,1.)) REPRESENTATION_ITEM('') 
  );
#3924 = CARTESIAN_POINT('',(-26.71463246063,21.03160508605,15.9));
#3925 = CARTESIAN_POINT('',(-27.52709443175,19.999604777091,15.9));
#3926 = CARTESIAN_POINT('',(-28.25752049405,18.908001891547,15.9));
#3927 = PCURVE('',#101,#3928);
#3928 = DEFINITIONAL_REPRESENTATION('',(#3929),#3933);
#3929 = ( BOUNDED_CURVE() B_SPLINE_CURVE(2,(#3930,#3931,#3932),
.UNSPECIFIED.,.F.,.F.) B_SPLINE_CURVE_WITH_KNOTS((3,3),(0.,1.),
.PIECEWISE_BEZIER_KNOTS.) CURVE() GEOMETRIC_REPRESENTATION_ITEM() 
RATIONAL_B_SPLINE_CURVE((1.,0.999254675315,1.)) REPRESENTATION_ITEM('') 
  );
#3930 = CARTESIAN_POINT('',(-26.71463246063,21.03160508605));
#3931 = CARTESIAN_POINT('',(-27.52709443175,19.999604777091));
#3932 = CARTESIAN_POINT('',(-28.25752049405,18.908001891547));
#3933 = ( GEOMETRIC_REPRESENTATION_CONTEXT(2) 
PARAMETRIC_REPRESENTATION_CONTEXT() REPRESENTATION_CONTEXT('2D SPACE',''
  ) );
#3934 = PCURVE('',#1357,#3935);
#3935 = DEFINITIONAL_REPRESENTATION('',(#3936),#3939);
#3936 = B_SPLINE_CURVE_WITH_KNOTS('',1,(#3937,#3938),.UNSPECIFIED.,.F.,
  .F.,(2,2),(0.,1.),.PIECEWISE_BEZIER_KNOTS.);
#3937 = CARTESIAN_POINT('',(1.,0.));
#3938 = CARTESIAN_POINT('',(1.,1.));
#3939 = ( GEOMETRIC_REPRESENTATION_CONTEXT(2) 
PARAMETRIC_REPRESENTATION_CONTEXT() REPRESENTATION_CONTEXT('2D SPACE',''
  ) );
#3940 = ORIENTED_EDGE('',*,*,#3941,.T.);
#3941 = EDGE_CURVE('',#3920,#3942,#3944,.T.);
#3942 = VERTEX_POINT('',#3943);
#3943 = CARTESIAN_POINT('',(-24.66415077263,13.75614938646,15.9));
#3944 = SURFACE_CURVE('',#3945,(#3950,#3958),.PCURVE_S1.);
#3945 = ( BOUNDED_CURVE() B_SPLINE_CURVE(3,(#3946,#3947,#3948,#3949),
.UNSPECIFIED.,.F.,.F.) B_SPLINE_CURVE_WITH_KNOTS((4,4),(0.,1.),
.PIECEWISE_BEZIER_KNOTS.) CURVE() GEOMETRIC_REPRESENTATION_ITEM() 
RATIONAL_B_SPLINE_CURVE((1.,1.010655752079,0.992368104903,1.)) 
REPRESENTATION_ITEM('') );
#3946 = CARTESIAN_POINT('',(-28.25752049405,18.908001891547,15.9));
#3947 = CARTESIAN_POINT('',(-27.48420802522,16.988115423391,15.9));
#3948 = CARTESIAN_POINT('',(-26.13831891586,14.769324123978,15.9));
#3949 = CARTESIAN_POINT('',(-24.66415077263,13.75614938646,15.9));
#3950 = PCURVE('',#101,#3951);
#3951 = DEFINITIONAL_REPRESENTATION('',(#3952),#3957);
#3952 = ( BOUNDED_CURVE() B_SPLINE_CURVE(3,(#3953,#3954,#3955,#3956),
.UNSPECIFIED.,.F.,.F.) B_SPLINE_CURVE_WITH_KNOTS((4,4),(0.,1.),
.PIECEWISE_BEZIER_KNOTS.) CURVE() GEOMETRIC_REPRESENTATION_ITEM() 
RATIONAL_B_SPLINE_CURVE((1.,1.010655752079,0.992368104903,1.)) 
REPRESENTATION_ITEM('') );
#3953 = CARTESIAN_POINT('',(-28.25752049405,18.908001891547));
#3954 = CARTESIAN_POINT('',(-27.48420802522,16.988115423391));
#3955 = CARTESIAN_POINT('',(-26.13831891586,14.769324123978));
#3956 = CARTESIAN_POINT('',(-24.66415077263,13.75614938646));
#3957 = ( GEOMETRIC_REPRESENTATION_CONTEXT(2) 
PARAMETRIC_REPRESENTATION_CONTEXT() REPRESENTATION_CONTEXT('2D SPACE',''
  ) );
#3958 = PCURVE('',#1388,#3959);
#3959 = DEFINITIONAL_REPRESENTATION('',(#3960),#3963);
#3960 = B_SPLINE_CURVE_WITH_KNOTS('',1,(#3961,#3962),.UNSPECIFIED.,.F.,
  .F.,(2,2),(0.,1.),.PIECEWISE_BEZIER_KNOTS.);
#3961 = CARTESIAN_POINT('',(1.,0.));
#3962 = CARTESIAN_POINT('',(1.,1.));
#3963 = ( GEOMETRIC_REPRESENTATION_CONTEXT(2) 
PARAMETRIC_REPRESENTATION_CONTEXT() REPRESENTATION_CONTEXT('2D SPACE',''
  ) );
#3964 = ORIENTED_EDGE('',*,*,#3965,.T.);
#3965 = EDGE_CURVE('',#3942,#3966,#3968,.T.);
#3966 = VERTEX_POINT('',#3967);
#3967 = CARTESIAN_POINT('',(-22.52019386634,11.308442342876,15.9));
#3968 = SURFACE_CURVE('',#3969,(#3974,#3982),.PCURVE_S1.);
#3969 = ( BOUNDED_CURVE() B_SPLINE_CURVE(3,(#3970,#3971,#3972,#3973),
.UNSPECIFIED.,.F.,.F.) B_SPLINE_CURVE_WITH_KNOTS((4,4),(0.,1.),
.PIECEWISE_BEZIER_KNOTS.) CURVE() GEOMETRIC_REPRESENTATION_ITEM() 
RATIONAL_B_SPLINE_CURVE((1.,1.090235562154,0.878790067642,1.)) 
REPRESENTATION_ITEM('') );
#3970 = CARTESIAN_POINT('',(-24.66415077263,13.75614938646,15.9));
#3971 = CARTESIAN_POINT('',(-23.60864807895,13.305751076474,15.9));
#3972 = CARTESIAN_POINT('',(-22.03271908731,12.297564903851,15.9));
#3973 = CARTESIAN_POINT('',(-22.52019386634,11.308442342876,15.9));
#3974 = PCURVE('',#101,#3975);
#3975 = DEFINITIONAL_REPRESENTATION('',(#3976),#3981);
#3976 = ( BOUNDED_CURVE() B_SPLINE_CURVE(3,(#3977,#3978,#3979,#3980),
.UNSPECIFIED.,.F.,.F.) B_SPLINE_CURVE_WITH_KNOTS((4,4),(0.,1.),
.PIECEWISE_BEZIER_KNOTS.) CURVE() GEOMETRIC_REPRESENTATION_ITEM() 
RATIONAL_B_SPLINE_CURVE((1.,1.090235562154,0.878790067642,1.)) 
REPRESENTATION_ITEM('') );
#3977 = CARTESIAN_POINT('',(-24.66415077263,13.75614938646));
#3978 = CARTESIAN_POINT('',(-23.60864807895,13.305751076474));
#3979 = CARTESIAN_POINT('',(-22.03271908731,12.297564903851));
#3980 = CARTESIAN_POINT('',(-22.52019386634,11.308442342876));
#3981 = ( GEOMETRIC_REPRESENTATION_CONTEXT(2) 
PARAMETRIC_REPRESENTATION_CONTEXT() REPRESENTATION_CONTEXT('2D SPACE',''
  ) );
#3982 = PCURVE('',#1421,#3983);
#3983 = DEFINITIONAL_REPRESENTATION('',(#3984),#3987);
#3984 = B_SPLINE_CURVE_WITH_KNOTS('',1,(#3985,#3986),.UNSPECIFIED.,.F.,
  .F.,(2,2),(0.,1.),.PIECEWISE_BEZIER_KNOTS.);
#3985 = CARTESIAN_POINT('',(1.,0.));
#3986 = CARTESIAN_POINT('',(1.,1.));
#3987 = ( GEOMETRIC_REPRESENTATION_CONTEXT(2) 
PARAMETRIC_REPRESENTATION_CONTEXT() REPRESENTATION_CONTEXT('2D SPACE',''
  ) );
#3988 = ORIENTED_EDGE('',*,*,#3989,.T.);
#3989 = EDGE_CURVE('',#3966,#3990,#3992,.T.);
#3990 = VERTEX_POINT('',#3991);
#3991 = CARTESIAN_POINT('',(-23.47276138842,9.168940658661,15.9));
#3992 = SURFACE_CURVE('',#3993,(#3997,#4004),.PCURVE_S1.);
#3993 = ( BOUNDED_CURVE() B_SPLINE_CURVE(2,(#3994,#3995,#3996),
.UNSPECIFIED.,.F.,.F.) B_SPLINE_CURVE_WITH_KNOTS((3,3),(0.,1.),
.PIECEWISE_BEZIER_KNOTS.) CURVE() GEOMETRIC_REPRESENTATION_ITEM() 
RATIONAL_B_SPLINE_CURVE((1.,0.998919789238,1.)) REPRESENTATION_ITEM('') 
  );
#3994 = CARTESIAN_POINT('',(-22.52019386634,11.308442342876,15.9));
#3995 = CARTESIAN_POINT('',(-23.04624032942,10.260847283176,15.9));
#3996 = CARTESIAN_POINT('',(-23.47276138842,9.168940658661,15.9));
#3997 = PCURVE('',#101,#3998);
#3998 = DEFINITIONAL_REPRESENTATION('',(#3999),#4003);
#3999 = ( BOUNDED_CURVE() B_SPLINE_CURVE(2,(#4000,#4001,#4002),
.UNSPECIFIED.,.F.,.F.) B_SPLINE_CURVE_WITH_KNOTS((3,3),(0.,1.),
.PIECEWISE_BEZIER_KNOTS.) CURVE() GEOMETRIC_REPRESENTATION_ITEM() 
RATIONAL_B_SPLINE_CURVE((1.,0.998919789238,1.)) REPRESENTATION_ITEM('') 
  );
#4000 = CARTESIAN_POINT('',(-22.52019386634,11.308442342876));
#4001 = CARTESIAN_POINT('',(-23.04624032942,10.260847283176));
#4002 = CARTESIAN_POINT('',(-23.47276138842,9.168940658661));
#4003 = ( GEOMETRIC_REPRESENTATION_CONTEXT(2) 
PARAMETRIC_REPRESENTATION_CONTEXT() REPRESENTATION_CONTEXT('2D SPACE',''
  ) );
#4004 = PCURVE('',#1452,#4005);
#4005 = DEFINITIONAL_REPRESENTATION('',(#4006),#4009);
#4006 = B_SPLINE_CURVE_WITH_KNOTS('',1,(#4007,#4008),.UNSPECIFIED.,.F.,
  .F.,(2,2),(0.,1.),.PIECEWISE_BEZIER_KNOTS.);
#4007 = CARTESIAN_POINT('',(1.,0.));
#4008 = CARTESIAN_POINT('',(1.,1.));
#4009 = ( GEOMETRIC_REPRESENTATION_CONTEXT(2) 
PARAMETRIC_REPRESENTATION_CONTEXT() REPRESENTATION_CONTEXT('2D SPACE',''
  ) );
#4010 = ORIENTED_EDGE('',*,*,#4011,.T.);
#4011 = EDGE_CURVE('',#3990,#4012,#4014,.T.);
#4012 = VERTEX_POINT('',#4013);
#4013 = CARTESIAN_POINT('',(-26.72634939686,9.124375441359,15.9));
#4014 = SURFACE_CURVE('',#4015,(#4020,#4028),.PCURVE_S1.);
#4015 = ( BOUNDED_CURVE() B_SPLINE_CURVE(3,(#4016,#4017,#4018,#4019),
.UNSPECIFIED.,.F.,.F.) B_SPLINE_CURVE_WITH_KNOTS((4,4),(0.,1.),
.PIECEWISE_BEZIER_KNOTS.) CURVE() GEOMETRIC_REPRESENTATION_ITEM() 
RATIONAL_B_SPLINE_CURVE((1.,0.878790067642,1.090235562154,1.)) 
REPRESENTATION_ITEM('') );
#4016 = CARTESIAN_POINT('',(-23.47276138842,9.168940658661,15.9));
#4017 = CARTESIAN_POINT('',(-23.88163840689,8.144824120082,15.9));
#4018 = CARTESIAN_POINT('',(-25.68536906595,8.641359370531,15.9));
#4019 = CARTESIAN_POINT('',(-26.72634939687,9.124375441364,15.9));
#4020 = PCURVE('',#101,#4021);
#4021 = DEFINITIONAL_REPRESENTATION('',(#4022),#4027);
#4022 = ( BOUNDED_CURVE() B_SPLINE_CURVE(3,(#4023,#4024,#4025,#4026),
.UNSPECIFIED.,.F.,.F.) B_SPLINE_CURVE_WITH_KNOTS((4,4),(0.,1.),
.PIECEWISE_BEZIER_KNOTS.) CURVE() GEOMETRIC_REPRESENTATION_ITEM() 
RATIONAL_B_SPLINE_CURVE((1.,0.878790067642,1.090235562154,1.)) 
REPRESENTATION_ITEM('') );
#4023 = CARTESIAN_POINT('',(-23.47276138842,9.168940658661));
#4024 = CARTESIAN_POINT('',(-23.88163840689,8.144824120082));
#4025 = CARTESIAN_POINT('',(-25.68536906595,8.641359370531));
#4026 = CARTESIAN_POINT('',(-26.72634939687,9.124375441364));
#4027 = ( GEOMETRIC_REPRESENTATION_CONTEXT(2) 
PARAMETRIC_REPRESENTATION_CONTEXT() REPRESENTATION_CONTEXT('2D SPACE',''
  ) );
#4028 = PCURVE('',#1483,#4029);
#4029 = DEFINITIONAL_REPRESENTATION('',(#4030),#4033);
#4030 = B_SPLINE_CURVE_WITH_KNOTS('',1,(#4031,#4032),.UNSPECIFIED.,.F.,
  .F.,(2,2),(0.,1.),.PIECEWISE_BEZIER_KNOTS.);
#4031 = CARTESIAN_POINT('',(1.,0.));
#4032 = CARTESIAN_POINT('',(1.,1.));
#4033 = ( GEOMETRIC_REPRESENTATION_CONTEXT(2) 
PARAMETRIC_REPRESENTATION_CONTEXT() REPRESENTATION_CONTEXT('2D SPACE',''
  ) );
#4034 = ORIENTED_EDGE('',*,*,#4035,.T.);
#4035 = EDGE_CURVE('',#4012,#4036,#4038,.T.);
#4036 = VERTEX_POINT('',#4037);
#4037 = CARTESIAN_POINT('',(-32.9593555882,8.347507365251,15.9));
#4038 = SURFACE_CURVE('',#4039,(#4044,#4052),.PCURVE_S1.);
#4039 = ( BOUNDED_CURVE() B_SPLINE_CURVE(3,(#4040,#4041,#4042,#4043),
.UNSPECIFIED.,.F.,.F.) B_SPLINE_CURVE_WITH_KNOTS((4,4),(0.,1.),
.PIECEWISE_BEZIER_KNOTS.) CURVE() GEOMETRIC_REPRESENTATION_ITEM() 
RATIONAL_B_SPLINE_CURVE((1.,0.992368104903,1.010655752079,1.)) 
REPRESENTATION_ITEM('') );
#4040 = CARTESIAN_POINT('',(-26.72634939686,9.124375441353,15.9));
#4041 = CARTESIAN_POINT('',(-28.4656959839,9.541949642416,15.9));
#4042 = CARTESIAN_POINT('',(-31.01515485271,9.057479002141,15.9));
#4043 = CARTESIAN_POINT('',(-32.9593555882,8.347507365251,15.9));
#4044 = PCURVE('',#101,#4045);
#4045 = DEFINITIONAL_REPRESENTATION('',(#4046),#4051);
#4046 = ( BOUNDED_CURVE() B_SPLINE_CURVE(3,(#4047,#4048,#4049,#4050),
.UNSPECIFIED.,.F.,.F.) B_SPLINE_CURVE_WITH_KNOTS((4,4),(0.,1.),
.PIECEWISE_BEZIER_KNOTS.) CURVE() GEOMETRIC_REPRESENTATION_ITEM() 
RATIONAL_B_SPLINE_CURVE((1.,0.992368104903,1.010655752079,1.)) 
REPRESENTATION_ITEM('') );
#4047 = CARTESIAN_POINT('',(-26.72634939686,9.124375441353));
#4048 = CARTESIAN_POINT('',(-28.4656959839,9.541949642416));
#4049 = CARTESIAN_POINT('',(-31.01515485271,9.057479002141));
#4050 = CARTESIAN_POINT('',(-32.9593555882,8.347507365251));
#4051 = ( GEOMETRIC_REPRESENTATION_CONTEXT(2) 
PARAMETRIC_REPRESENTATION_CONTEXT() REPRESENTATION_CONTEXT('2D SPACE',''
  ) );
#4052 = PCURVE('',#1516,#4053);
#4053 = DEFINITIONAL_REPRESENTATION('',(#4054),#4057);
#4054 = B_SPLINE_CURVE_WITH_KNOTS('',1,(#4055,#4056),.UNSPECIFIED.,.F.,
  .F.,(2,2),(0.,1.),.PIECEWISE_BEZIER_KNOTS.);
#4055 = CARTESIAN_POINT('',(1.,0.));
#4056 = CARTESIAN_POINT('',(1.,1.));
#4057 = ( GEOMETRIC_REPRESENTATION_CONTEXT(2) 
PARAMETRIC_REPRESENTATION_CONTEXT() REPRESENTATION_CONTEXT('2D SPACE',''
  ) );
#4058 = ORIENTED_EDGE('',*,*,#4059,.T.);
#4059 = EDGE_CURVE('',#4036,#4060,#4062,.T.);
#4060 = VERTEX_POINT('',#4061);
#4061 = CARTESIAN_POINT('',(-33.50510670822,5.779950213724,15.9));
#4062 = SURFACE_CURVE('',#4063,(#4067,#4074),.PCURVE_S1.);
#4063 = ( BOUNDED_CURVE() B_SPLINE_CURVE(2,(#4064,#4065,#4066),
.UNSPECIFIED.,.F.,.F.) B_SPLINE_CURVE_WITH_KNOTS((3,3),(0.,1.),
.PIECEWISE_BEZIER_KNOTS.) CURVE() GEOMETRIC_REPRESENTATION_ITEM() 
RATIONAL_B_SPLINE_CURVE((1.,0.999254675315,1.)) REPRESENTATION_ITEM('') 
  );
#4064 = CARTESIAN_POINT('',(-32.9593555882,8.347507365251,15.9));
#4065 = CARTESIAN_POINT('',(-33.2818241901,7.074270115955,15.9));
#4066 = CARTESIAN_POINT('',(-33.50510670822,5.779950213724,15.9));
#4067 = PCURVE('',#101,#4068);
#4068 = DEFINITIONAL_REPRESENTATION('',(#4069),#4073);
#4069 = ( BOUNDED_CURVE() B_SPLINE_CURVE(2,(#4070,#4071,#4072),
.UNSPECIFIED.,.F.,.F.) B_SPLINE_CURVE_WITH_KNOTS((3,3),(0.,1.),
.PIECEWISE_BEZIER_KNOTS.) CURVE() GEOMETRIC_REPRESENTATION_ITEM() 
RATIONAL_B_SPLINE_CURVE((1.,0.999254675315,1.)) REPRESENTATION_ITEM('') 
  );
#4070 = CARTESIAN_POINT('',(-32.9593555882,8.347507365251));
#4071 = CARTESIAN_POINT('',(-33.2818241901,7.074270115955));
#4072 = CARTESIAN_POINT('',(-33.50510670822,5.779950213724));
#4073 = ( GEOMETRIC_REPRESENTATION_CONTEXT(2) 
PARAMETRIC_REPRESENTATION_CONTEXT() REPRESENTATION_CONTEXT('2D SPACE',''
  ) );
#4074 = PCURVE('',#1547,#4075);
#4075 = DEFINITIONAL_REPRESENTATION('',(#4076),#4079);
#4076 = B_SPLINE_CURVE_WITH_KNOTS('',1,(#4077,#4078),.UNSPECIFIED.,.F.,
  .F.,(2,2),(0.,1.),.PIECEWISE_BEZIER_KNOTS.);
#4077 = CARTESIAN_POINT('',(1.,0.));
#4078 = CARTESIAN_POINT('',(1.,1.));
#4079 = ( GEOMETRIC_REPRESENTATION_CONTEXT(2) 
PARAMETRIC_REPRESENTATION_CONTEXT() REPRESENTATION_CONTEXT('2D SPACE',''
  ) );
#4080 = ORIENTED_EDGE('',*,*,#4081,.T.);
#4081 = EDGE_CURVE('',#4060,#4082,#4084,.T.);
#4082 = VERTEX_POINT('',#4083);
#4083 = CARTESIAN_POINT('',(-28.12695292805,2.535053897076,15.9));
#4084 = SURFACE_CURVE('',#4085,(#4090,#4098),.PCURVE_S1.);
#4085 = ( BOUNDED_CURVE() B_SPLINE_CURVE(3,(#4086,#4087,#4088,#4089),
.UNSPECIFIED.,.F.,.F.) B_SPLINE_CURVE_WITH_KNOTS((4,4),(0.,1.),
.PIECEWISE_BEZIER_KNOTS.) CURVE() GEOMETRIC_REPRESENTATION_ITEM() 
RATIONAL_B_SPLINE_CURVE((1.,1.010655752079,0.992368104903,1.)) 
REPRESENTATION_ITEM('') );
#4086 = CARTESIAN_POINT('',(-33.50510670822,5.779950213724,15.9));
#4087 = CARTESIAN_POINT('',(-32.01776243784,4.340581169171,15.9));
#4088 = CARTESIAN_POINT('',(-29.88576783068,2.861036874427,15.9));
#4089 = CARTESIAN_POINT('',(-28.12695292805,2.535053897076,15.9));
#4090 = PCURVE('',#101,#4091);
#4091 = DEFINITIONAL_REPRESENTATION('',(#4092),#4097);
#4092 = ( BOUNDED_CURVE() B_SPLINE_CURVE(3,(#4093,#4094,#4095,#4096),
.UNSPECIFIED.,.F.,.F.) B_SPLINE_CURVE_WITH_KNOTS((4,4),(0.,1.),
.PIECEWISE_BEZIER_KNOTS.) CURVE() GEOMETRIC_REPRESENTATION_ITEM() 
RATIONAL_B_SPLINE_CURVE((1.,1.010655752079,0.992368104903,1.)) 
REPRESENTATION_ITEM('') );
#4093 = CARTESIAN_POINT('',(-33.50510670822,5.779950213724));
#4094 = CARTESIAN_POINT('',(-32.01776243784,4.340581169171));
#4095 = CARTESIAN_POINT('',(-29.88576783068,2.861036874427));
#4096 = CARTESIAN_POINT('',(-28.12695292805,2.535053897076));
#4097 = ( GEOMETRIC_REPRESENTATION_CONTEXT(2) 
PARAMETRIC_REPRESENTATION_CONTEXT() REPRESENTATION_CONTEXT('2D SPACE',''
  ) );
#4098 = PCURVE('',#1578,#4099);
#4099 = DEFINITIONAL_REPRESENTATION('',(#4100),#4103);
#4100 = B_SPLINE_CURVE_WITH_KNOTS('',1,(#4101,#4102),.UNSPECIFIED.,.F.,
  .F.,(2,2),(0.,1.),.PIECEWISE_BEZIER_KNOTS.);
#4101 = CARTESIAN_POINT('',(1.,0.));
#4102 = CARTESIAN_POINT('',(1.,1.));
#4103 = ( GEOMETRIC_REPRESENTATION_CONTEXT(2) 
PARAMETRIC_REPRESENTATION_CONTEXT() REPRESENTATION_CONTEXT('2D SPACE',''
  ) );
#4104 = ORIENTED_EDGE('',*,*,#4105,.T.);
#4105 = EDGE_CURVE('',#4082,#4106,#4108,.T.);
#4106 = VERTEX_POINT('',#4107);
#4107 = CARTESIAN_POINT('',(-25.17277868879,1.170988080733,15.9));
#4108 = SURFACE_CURVE('',#4109,(#4114,#4122),.PCURVE_S1.);
#4109 = ( BOUNDED_CURVE() B_SPLINE_CURVE(3,(#4110,#4111,#4112,#4113),
.UNSPECIFIED.,.F.,.F.) B_SPLINE_CURVE_WITH_KNOTS((4,4),(0.,1.),
.PIECEWISE_BEZIER_KNOTS.) CURVE() GEOMETRIC_REPRESENTATION_ITEM() 
RATIONAL_B_SPLINE_CURVE((1.,1.090235562154,0.878790067642,1.)) 
REPRESENTATION_ITEM('') );
#4110 = CARTESIAN_POINT('',(-28.12695292805,2.535053897076,15.9));
#4111 = CARTESIAN_POINT('',(-26.97950974005,2.552906189244,15.9));
#4112 = CARTESIAN_POINT('',(-25.12976070872,2.272870358573,15.9));
#4113 = CARTESIAN_POINT('',(-25.17277868879,1.170988080733,15.9));
#4114 = PCURVE('',#101,#4115);
#4115 = DEFINITIONAL_REPRESENTATION('',(#4116),#4121);
#4116 = ( BOUNDED_CURVE() B_SPLINE_CURVE(3,(#4117,#4118,#4119,#4120),
.UNSPECIFIED.,.F.,.F.) B_SPLINE_CURVE_WITH_KNOTS((4,4),(0.,1.),
.PIECEWISE_BEZIER_KNOTS.) CURVE() GEOMETRIC_REPRESENTATION_ITEM() 
RATIONAL_B_SPLINE_CURVE((1.,1.090235562154,0.878790067642,1.)) 
REPRESENTATION_ITEM('') );
#4117 = CARTESIAN_POINT('',(-28.12695292805,2.535053897076));
#4118 = CARTESIAN_POINT('',(-26.97950974005,2.552906189244));
#4119 = CARTESIAN_POINT('',(-25.12976070872,2.272870358573));
#4120 = CARTESIAN_POINT('',(-25.17277868879,1.170988080733));
#4121 = ( GEOMETRIC_REPRESENTATION_CONTEXT(2) 
PARAMETRIC_REPRESENTATION_CONTEXT() REPRESENTATION_CONTEXT('2D SPACE',''
  ) );
#4122 = PCURVE('',#1611,#4123);
#4123 = DEFINITIONAL_REPRESENTATION('',(#4124),#4127);
#4124 = B_SPLINE_CURVE_WITH_KNOTS('',1,(#4125,#4126),.UNSPECIFIED.,.F.,
  .F.,(2,2),(0.,1.),.PIECEWISE_BEZIER_KNOTS.);
#4125 = CARTESIAN_POINT('',(1.,0.));
#4126 = CARTESIAN_POINT('',(1.,1.));
#4127 = ( GEOMETRIC_REPRESENTATION_CONTEXT(2) 
PARAMETRIC_REPRESENTATION_CONTEXT() REPRESENTATION_CONTEXT('2D SPACE',''
  ) );
#4128 = ORIENTED_EDGE('',*,*,#4129,.T.);
#4129 = EDGE_CURVE('',#4106,#4130,#4132,.T.);
#4130 = VERTEX_POINT('',#4131);
#4131 = CARTESIAN_POINT('',(-25.17277868879,-1.170988080733,15.9));
#4132 = SURFACE_CURVE('',#4133,(#4137,#4144),.PCURVE_S1.);
#4133 = ( BOUNDED_CURVE() B_SPLINE_CURVE(2,(#4134,#4135,#4136),
.UNSPECIFIED.,.F.,.F.) B_SPLINE_CURVE_WITH_KNOTS((3,3),(0.,1.),
.PIECEWISE_BEZIER_KNOTS.) CURVE() GEOMETRIC_REPRESENTATION_ITEM() 
RATIONAL_B_SPLINE_CURVE((1.,0.998919789238,1.)) REPRESENTATION_ITEM('') 
  );
#4134 = CARTESIAN_POINT('',(-25.17277868879,1.170988080733,15.9));
#4135 = CARTESIAN_POINT('',(-25.22725074776,-7.993605777301E-15,15.9));
#4136 = CARTESIAN_POINT('',(-25.17277868879,-1.170988080733,15.9));
#4137 = PCURVE('',#101,#4138);
#4138 = DEFINITIONAL_REPRESENTATION('',(#4139),#4143);
#4139 = ( BOUNDED_CURVE() B_SPLINE_CURVE(2,(#4140,#4141,#4142),
.UNSPECIFIED.,.F.,.F.) B_SPLINE_CURVE_WITH_KNOTS((3,3),(0.,1.),
.PIECEWISE_BEZIER_KNOTS.) CURVE() GEOMETRIC_REPRESENTATION_ITEM() 
RATIONAL_B_SPLINE_CURVE((1.,0.998919789238,1.)) REPRESENTATION_ITEM('') 
  );
#4140 = CARTESIAN_POINT('',(-25.17277868879,1.170988080733));
#4141 = CARTESIAN_POINT('',(-25.22725074776,-7.328070213533E-15));
#4142 = CARTESIAN_POINT('',(-25.17277868879,-1.170988080733));
#4143 = ( GEOMETRIC_REPRESENTATION_CONTEXT(2) 
PARAMETRIC_REPRESENTATION_CONTEXT() REPRESENTATION_CONTEXT('2D SPACE',''
  ) );
#4144 = PCURVE('',#1642,#4145);
#4145 = DEFINITIONAL_REPRESENTATION('',(#4146),#4149);
#4146 = B_SPLINE_CURVE_WITH_KNOTS('',1,(#4147,#4148),.UNSPECIFIED.,.F.,
  .F.,(2,2),(0.,1.),.PIECEWISE_BEZIER_KNOTS.);
#4147 = CARTESIAN_POINT('',(1.,0.));
#4148 = CARTESIAN_POINT('',(1.,1.));
#4149 = ( GEOMETRIC_REPRESENTATION_CONTEXT(2) 
PARAMETRIC_REPRESENTATION_CONTEXT() REPRESENTATION_CONTEXT('2D SPACE',''
  ) );
#4150 = ORIENTED_EDGE('',*,*,#4151,.T.);
#4151 = EDGE_CURVE('',#4130,#4152,#4154,.T.);
#4152 = VERTEX_POINT('',#4153);
#4153 = CARTESIAN_POINT('',(-28.12695292806,-2.535053897074,15.9));
#4154 = SURFACE_CURVE('',#4155,(#4160,#4168),.PCURVE_S1.);
#4155 = ( BOUNDED_CURVE() B_SPLINE_CURVE(3,(#4156,#4157,#4158,#4159),
.UNSPECIFIED.,.F.,.F.) B_SPLINE_CURVE_WITH_KNOTS((4,4),(0.,1.),
.PIECEWISE_BEZIER_KNOTS.) CURVE() GEOMETRIC_REPRESENTATION_ITEM() 
RATIONAL_B_SPLINE_CURVE((1.,0.878790067642,1.090235562154,1.)) 
REPRESENTATION_ITEM('') );
#4156 = CARTESIAN_POINT('',(-25.17277868879,-1.170988080733,15.9));
#4157 = CARTESIAN_POINT('',(-25.12976070872,-2.272870358573,15.9));
#4158 = CARTESIAN_POINT('',(-26.97950974005,-2.552906189244,15.9));
#4159 = CARTESIAN_POINT('',(-28.12695292806,-2.535053897073,15.9));
#4160 = PCURVE('',#101,#4161);
#4161 = DEFINITIONAL_REPRESENTATION('',(#4162),#4167);
#4162 = ( BOUNDED_CURVE() B_SPLINE_CURVE(3,(#4163,#4164,#4165,#4166),
.UNSPECIFIED.,.F.,.F.) B_SPLINE_CURVE_WITH_KNOTS((4,4),(0.,1.),
.PIECEWISE_BEZIER_KNOTS.) CURVE() GEOMETRIC_REPRESENTATION_ITEM() 
RATIONAL_B_SPLINE_CURVE((1.,0.878790067642,1.090235562154,1.)) 
REPRESENTATION_ITEM('') );
#4163 = CARTESIAN_POINT('',(-25.17277868879,-1.170988080733));
#4164 = CARTESIAN_POINT('',(-25.12976070872,-2.272870358573));
#4165 = CARTESIAN_POINT('',(-26.97950974005,-2.552906189244));
#4166 = CARTESIAN_POINT('',(-28.12695292806,-2.535053897073));
#4167 = ( GEOMETRIC_REPRESENTATION_CONTEXT(2) 
PARAMETRIC_REPRESENTATION_CONTEXT() REPRESENTATION_CONTEXT('2D SPACE',''
  ) );
#4168 = PCURVE('',#1673,#4169);
#4169 = DEFINITIONAL_REPRESENTATION('',(#4170),#4173);
#4170 = B_SPLINE_CURVE_WITH_KNOTS('',1,(#4171,#4172),.UNSPECIFIED.,.F.,
  .F.,(2,2),(0.,1.),.PIECEWISE_BEZIER_KNOTS.);
#4171 = CARTESIAN_POINT('',(1.,0.));
#4172 = CARTESIAN_POINT('',(1.,1.));
#4173 = ( GEOMETRIC_REPRESENTATION_CONTEXT(2) 
PARAMETRIC_REPRESENTATION_CONTEXT() REPRESENTATION_CONTEXT('2D SPACE',''
  ) );
#4174 = ORIENTED_EDGE('',*,*,#4175,.T.);
#4175 = EDGE_CURVE('',#4152,#4176,#4178,.T.);
#4176 = VERTEX_POINT('',#4177);
#4177 = CARTESIAN_POINT('',(-33.50510670822,-5.779950213724,15.9));
#4178 = SURFACE_CURVE('',#4179,(#4184,#4192),.PCURVE_S1.);
#4179 = ( BOUNDED_CURVE() B_SPLINE_CURVE(3,(#4180,#4181,#4182,#4183),
.UNSPECIFIED.,.F.,.F.) B_SPLINE_CURVE_WITH_KNOTS((4,4),(0.,1.),
.PIECEWISE_BEZIER_KNOTS.) CURVE() GEOMETRIC_REPRESENTATION_ITEM() 
RATIONAL_B_SPLINE_CURVE((1.,0.992368104903,1.010655752079,1.)) 
REPRESENTATION_ITEM('') );
#4180 = CARTESIAN_POINT('',(-28.12695292805,-2.535053897076,15.9));
#4181 = CARTESIAN_POINT('',(-29.88576783068,-2.861036874427,15.9));
#4182 = CARTESIAN_POINT('',(-32.01776243784,-4.340581169171,15.9));
#4183 = CARTESIAN_POINT('',(-33.50510670822,-5.779950213724,15.9));
#4184 = PCURVE('',#101,#4185);
#4185 = DEFINITIONAL_REPRESENTATION('',(#4186),#4191);
#4186 = ( BOUNDED_CURVE() B_SPLINE_CURVE(3,(#4187,#4188,#4189,#4190),
.UNSPECIFIED.,.F.,.F.) B_SPLINE_CURVE_WITH_KNOTS((4,4),(0.,1.),
.PIECEWISE_BEZIER_KNOTS.) CURVE() GEOMETRIC_REPRESENTATION_ITEM() 
RATIONAL_B_SPLINE_CURVE((1.,0.992368104903,1.010655752079,1.)) 
REPRESENTATION_ITEM('') );
#4187 = CARTESIAN_POINT('',(-28.12695292805,-2.535053897076));
#4188 = CARTESIAN_POINT('',(-29.88576783068,-2.861036874427));
#4189 = CARTESIAN_POINT('',(-32.01776243784,-4.340581169171));
#4190 = CARTESIAN_POINT('',(-33.50510670822,-5.779950213724));
#4191 = ( GEOMETRIC_REPRESENTATION_CONTEXT(2) 
PARAMETRIC_REPRESENTATION_CONTEXT() REPRESENTATION_CONTEXT('2D SPACE',''
  ) );
#4192 = PCURVE('',#1706,#4193);
#4193 = DEFINITIONAL_REPRESENTATION('',(#4194),#4197);
#4194 = B_SPLINE_CURVE_WITH_KNOTS('',1,(#4195,#4196),.UNSPECIFIED.,.F.,
  .F.,(2,2),(0.,1.),.PIECEWISE_BEZIER_KNOTS.);
#4195 = CARTESIAN_POINT('',(1.,0.));
#4196 = CARTESIAN_POINT('',(1.,1.));
#4197 = ( GEOMETRIC_REPRESENTATION_CONTEXT(2) 
PARAMETRIC_REPRESENTATION_CONTEXT() REPRESENTATION_CONTEXT('2D SPACE',''
  ) );
#4198 = ORIENTED_EDGE('',*,*,#4199,.T.);
#4199 = EDGE_CURVE('',#4176,#4200,#4202,.T.);
#4200 = VERTEX_POINT('',#4201);
#4201 = CARTESIAN_POINT('',(-32.9593555882,-8.347507365251,15.9));
#4202 = SURFACE_CURVE('',#4203,(#4207,#4214),.PCURVE_S1.);
#4203 = ( BOUNDED_CURVE() B_SPLINE_CURVE(2,(#4204,#4205,#4206),
.UNSPECIFIED.,.F.,.F.) B_SPLINE_CURVE_WITH_KNOTS((3,3),(0.,1.),
.PIECEWISE_BEZIER_KNOTS.) CURVE() GEOMETRIC_REPRESENTATION_ITEM() 
RATIONAL_B_SPLINE_CURVE((1.,0.999254675315,1.)) REPRESENTATION_ITEM('') 
  );
#4204 = CARTESIAN_POINT('',(-33.50510670822,-5.779950213724,15.9));
#4205 = CARTESIAN_POINT('',(-33.2818241901,-7.074270115955,15.9));
#4206 = CARTESIAN_POINT('',(-32.9593555882,-8.347507365251,15.9));
#4207 = PCURVE('',#101,#4208);
#4208 = DEFINITIONAL_REPRESENTATION('',(#4209),#4213);
#4209 = ( BOUNDED_CURVE() B_SPLINE_CURVE(2,(#4210,#4211,#4212),
.UNSPECIFIED.,.F.,.F.) B_SPLINE_CURVE_WITH_KNOTS((3,3),(0.,1.),
.PIECEWISE_BEZIER_KNOTS.) CURVE() GEOMETRIC_REPRESENTATION_ITEM() 
RATIONAL_B_SPLINE_CURVE((1.,0.999254675315,1.)) REPRESENTATION_ITEM('') 
  );
#4210 = CARTESIAN_POINT('',(-33.50510670822,-5.779950213724));
#4211 = CARTESIAN_POINT('',(-33.2818241901,-7.074270115955));
#4212 = CARTESIAN_POINT('',(-32.9593555882,-8.347507365251));
#4213 = ( GEOMETRIC_REPRESENTATION_CONTEXT(2) 
PARAMETRIC_REPRESENTATION_CONTEXT() REPRESENTATION_CONTEXT('2D SPACE',''
  ) );
#4214 = PCURVE('',#1737,#4215);
#4215 = DEFINITIONAL_REPRESENTATION('',(#4216),#4219);
#4216 = B_SPLINE_CURVE_WITH_KNOTS('',1,(#4217,#4218),.UNSPECIFIED.,.F.,
  .F.,(2,2),(0.,1.),.PIECEWISE_BEZIER_KNOTS.);
#4217 = CARTESIAN_POINT('',(1.,0.));
#4218 = CARTESIAN_POINT('',(1.,1.));
#4219 = ( GEOMETRIC_REPRESENTATION_CONTEXT(2) 
PARAMETRIC_REPRESENTATION_CONTEXT() REPRESENTATION_CONTEXT('2D SPACE',''
  ) );
#4220 = ORIENTED_EDGE('',*,*,#4221,.T.);
#4221 = EDGE_CURVE('',#4200,#4222,#4224,.T.);
#4222 = VERTEX_POINT('',#4223);
#4223 = CARTESIAN_POINT('',(-26.72634939686,-9.124375441353,15.9));
#4224 = SURFACE_CURVE('',#4225,(#4230,#4238),.PCURVE_S1.);
#4225 = ( BOUNDED_CURVE() B_SPLINE_CURVE(3,(#4226,#4227,#4228,#4229),
.UNSPECIFIED.,.F.,.F.) B_SPLINE_CURVE_WITH_KNOTS((4,4),(0.,1.),
.PIECEWISE_BEZIER_KNOTS.) CURVE() GEOMETRIC_REPRESENTATION_ITEM() 
RATIONAL_B_SPLINE_CURVE((1.,1.010655752079,0.992368104903,1.)) 
REPRESENTATION_ITEM('') );
#4226 = CARTESIAN_POINT('',(-32.9593555882,-8.347507365251,15.9));
#4227 = CARTESIAN_POINT('',(-31.01515485271,-9.057479002141,15.9));
#4228 = CARTESIAN_POINT('',(-28.4656959839,-9.541949642416,15.9));
#4229 = CARTESIAN_POINT('',(-26.72634939686,-9.124375441353,15.9));
#4230 = PCURVE('',#101,#4231);
#4231 = DEFINITIONAL_REPRESENTATION('',(#4232),#4237);
#4232 = ( BOUNDED_CURVE() B_SPLINE_CURVE(3,(#4233,#4234,#4235,#4236),
.UNSPECIFIED.,.F.,.F.) B_SPLINE_CURVE_WITH_KNOTS((4,4),(0.,1.),
.PIECEWISE_BEZIER_KNOTS.) CURVE() GEOMETRIC_REPRESENTATION_ITEM() 
RATIONAL_B_SPLINE_CURVE((1.,1.010655752079,0.992368104903,1.)) 
REPRESENTATION_ITEM('') );
#4233 = CARTESIAN_POINT('',(-32.9593555882,-8.347507365251));
#4234 = CARTESIAN_POINT('',(-31.01515485271,-9.057479002141));
#4235 = CARTESIAN_POINT('',(-28.4656959839,-9.541949642416));
#4236 = CARTESIAN_POINT('',(-26.72634939686,-9.124375441353));
#4237 = ( GEOMETRIC_REPRESENTATION_CONTEXT(2) 
PARAMETRIC_REPRESENTATION_CONTEXT() REPRESENTATION_CONTEXT('2D SPACE',''
  ) );
#4238 = PCURVE('',#1768,#4239);
#4239 = DEFINITIONAL_REPRESENTATION('',(#4240),#4243);
#4240 = B_SPLINE_CURVE_WITH_KNOTS('',1,(#4241,#4242),.UNSPECIFIED.,.F.,
  .F.,(2,2),(0.,1.),.PIECEWISE_BEZIER_KNOTS.);
#4241 = CARTESIAN_POINT('',(1.,0.));
#4242 = CARTESIAN_POINT('',(1.,1.));
#4243 = ( GEOMETRIC_REPRESENTATION_CONTEXT(2) 
PARAMETRIC_REPRESENTATION_CONTEXT() REPRESENTATION_CONTEXT('2D SPACE',''
  ) );
#4244 = ORIENTED_EDGE('',*,*,#4245,.T.);
#4245 = EDGE_CURVE('',#4222,#4246,#4248,.T.);
#4246 = VERTEX_POINT('',#4247);
#4247 = CARTESIAN_POINT('',(-23.47276138842,-9.168940658661,15.9));
#4248 = SURFACE_CURVE('',#4249,(#4254,#4262),.PCURVE_S1.);
#4249 = ( BOUNDED_CURVE() B_SPLINE_CURVE(3,(#4250,#4251,#4252,#4253),
.UNSPECIFIED.,.F.,.F.) B_SPLINE_CURVE_WITH_KNOTS((4,4),(0.,1.),
.PIECEWISE_BEZIER_KNOTS.) CURVE() GEOMETRIC_REPRESENTATION_ITEM() 
RATIONAL_B_SPLINE_CURVE((1.,1.090235562154,0.878790067642,1.)) 
REPRESENTATION_ITEM('') );
#4250 = CARTESIAN_POINT('',(-26.72634939686,-9.124375441353,15.9));
#4251 = CARTESIAN_POINT('',(-25.68536906595,-8.641359370531,15.9));
#4252 = CARTESIAN_POINT('',(-23.88163840689,-8.144824120082,15.9));
#4253 = CARTESIAN_POINT('',(-23.47276138842,-9.168940658661,15.9));
#4254 = PCURVE('',#101,#4255);
#4255 = DEFINITIONAL_REPRESENTATION('',(#4256),#4261);
#4256 = ( BOUNDED_CURVE() B_SPLINE_CURVE(3,(#4257,#4258,#4259,#4260),
.UNSPECIFIED.,.F.,.F.) B_SPLINE_CURVE_WITH_KNOTS((4,4),(0.,1.),
.PIECEWISE_BEZIER_KNOTS.) CURVE() GEOMETRIC_REPRESENTATION_ITEM() 
RATIONAL_B_SPLINE_CURVE((1.,1.090235562154,0.878790067642,1.)) 
REPRESENTATION_ITEM('') );
#4257 = CARTESIAN_POINT('',(-26.72634939686,-9.124375441353));
#4258 = CARTESIAN_POINT('',(-25.68536906595,-8.641359370531));
#4259 = CARTESIAN_POINT('',(-23.88163840689,-8.144824120082));
#4260 = CARTESIAN_POINT('',(-23.47276138842,-9.168940658661));
#4261 = ( GEOMETRIC_REPRESENTATION_CONTEXT(2) 
PARAMETRIC_REPRESENTATION_CONTEXT() REPRESENTATION_CONTEXT('2D SPACE',''
  ) );
#4262 = PCURVE('',#1801,#4263);
#4263 = DEFINITIONAL_REPRESENTATION('',(#4264),#4267);
#4264 = B_SPLINE_CURVE_WITH_KNOTS('',1,(#4265,#4266),.UNSPECIFIED.,.F.,
  .F.,(2,2),(0.,1.),.PIECEWISE_BEZIER_KNOTS.);
#4265 = CARTESIAN_POINT('',(1.,0.));
#4266 = CARTESIAN_POINT('',(1.,1.));
#4267 = ( GEOMETRIC_REPRESENTATION_CONTEXT(2) 
PARAMETRIC_REPRESENTATION_CONTEXT() REPRESENTATION_CONTEXT('2D SPACE',''
  ) );
#4268 = ORIENTED_EDGE('',*,*,#4269,.T.);
#4269 = EDGE_CURVE('',#4246,#4270,#4272,.T.);
#4270 = VERTEX_POINT('',#4271);
#4271 = CARTESIAN_POINT('',(-22.52019386634,-11.30844234287,15.9));
#4272 = SURFACE_CURVE('',#4273,(#4277,#4284),.PCURVE_S1.);
#4273 = ( BOUNDED_CURVE() B_SPLINE_CURVE(2,(#4274,#4275,#4276),
.UNSPECIFIED.,.F.,.F.) B_SPLINE_CURVE_WITH_KNOTS((3,3),(0.,1.),
.PIECEWISE_BEZIER_KNOTS.) CURVE() GEOMETRIC_REPRESENTATION_ITEM() 
RATIONAL_B_SPLINE_CURVE((1.,0.998919789238,1.)) REPRESENTATION_ITEM('') 
  );
#4274 = CARTESIAN_POINT('',(-23.47276138842,-9.168940658661,15.9));
#4275 = CARTESIAN_POINT('',(-23.04624032942,-10.26084728317,15.9));
#4276 = CARTESIAN_POINT('',(-22.52019386634,-11.30844234287,15.9));
#4277 = PCURVE('',#101,#4278);
#4278 = DEFINITIONAL_REPRESENTATION('',(#4279),#4283);
#4279 = ( BOUNDED_CURVE() B_SPLINE_CURVE(2,(#4280,#4281,#4282),
.UNSPECIFIED.,.F.,.F.) B_SPLINE_CURVE_WITH_KNOTS((3,3),(0.,1.),
.PIECEWISE_BEZIER_KNOTS.) CURVE() GEOMETRIC_REPRESENTATION_ITEM() 
RATIONAL_B_SPLINE_CURVE((1.,0.998919789238,1.)) REPRESENTATION_ITEM('') 
  );
#4280 = CARTESIAN_POINT('',(-23.47276138842,-9.168940658661));
#4281 = CARTESIAN_POINT('',(-23.04624032942,-10.26084728317));
#4282 = CARTESIAN_POINT('',(-22.52019386634,-11.30844234287));
#4283 = ( GEOMETRIC_REPRESENTATION_CONTEXT(2) 
PARAMETRIC_REPRESENTATION_CONTEXT() REPRESENTATION_CONTEXT('2D SPACE',''
  ) );
#4284 = PCURVE('',#1832,#4285);
#4285 = DEFINITIONAL_REPRESENTATION('',(#4286),#4289);
#4286 = B_SPLINE_CURVE_WITH_KNOTS('',1,(#4287,#4288),.UNSPECIFIED.,.F.,
  .F.,(2,2),(0.,1.),.PIECEWISE_BEZIER_KNOTS.);
#4287 = CARTESIAN_POINT('',(1.,0.));
#4288 = CARTESIAN_POINT('',(1.,1.));
#4289 = ( GEOMETRIC_REPRESENTATION_CONTEXT(2) 
PARAMETRIC_REPRESENTATION_CONTEXT() REPRESENTATION_CONTEXT('2D SPACE',''
  ) );
#4290 = ORIENTED_EDGE('',*,*,#4291,.T.);
#4291 = EDGE_CURVE('',#4270,#4292,#4294,.T.);
#4292 = VERTEX_POINT('',#4293);
#4293 = CARTESIAN_POINT('',(-24.66415077264,-13.75614938646,15.9));
#4294 = SURFACE_CURVE('',#4295,(#4300,#4308),.PCURVE_S1.);
#4295 = ( BOUNDED_CURVE() B_SPLINE_CURVE(3,(#4296,#4297,#4298,#4299),
.UNSPECIFIED.,.F.,.F.) B_SPLINE_CURVE_WITH_KNOTS((4,4),(0.,1.),
.PIECEWISE_BEZIER_KNOTS.) CURVE() GEOMETRIC_REPRESENTATION_ITEM() 
RATIONAL_B_SPLINE_CURVE((1.,0.878790067642,1.090235562154,1.)) 
REPRESENTATION_ITEM('') );
#4296 = CARTESIAN_POINT('',(-22.52019386634,-11.30844234287,15.9));
#4297 = CARTESIAN_POINT('',(-22.03271908731,-12.29756490385,15.9));
#4298 = CARTESIAN_POINT('',(-23.60864807895,-13.30575107647,15.9));
#4299 = CARTESIAN_POINT('',(-24.66415077265,-13.75614938646,15.9));
#4300 = PCURVE('',#101,#4301);
#4301 = DEFINITIONAL_REPRESENTATION('',(#4302),#4307);
#4302 = ( BOUNDED_CURVE() B_SPLINE_CURVE(3,(#4303,#4304,#4305,#4306),
.UNSPECIFIED.,.F.,.F.) B_SPLINE_CURVE_WITH_KNOTS((4,4),(0.,1.),
.PIECEWISE_BEZIER_KNOTS.) CURVE() GEOMETRIC_REPRESENTATION_ITEM() 
RATIONAL_B_SPLINE_CURVE((1.,0.878790067642,1.090235562154,1.)) 
REPRESENTATION_ITEM('') );
#4303 = CARTESIAN_POINT('',(-22.52019386634,-11.30844234287));
#4304 = CARTESIAN_POINT('',(-22.03271908731,-12.29756490385));
#4305 = CARTESIAN_POINT('',(-23.60864807895,-13.30575107647));
#4306 = CARTESIAN_POINT('',(-24.66415077265,-13.75614938646));
#4307 = ( GEOMETRIC_REPRESENTATION_CONTEXT(2) 
PARAMETRIC_REPRESENTATION_CONTEXT() REPRESENTATION_CONTEXT('2D SPACE',''
  ) );
#4308 = PCURVE('',#1863,#4309);
#4309 = DEFINITIONAL_REPRESENTATION('',(#4310),#4313);
#4310 = B_SPLINE_CURVE_WITH_KNOTS('',1,(#4311,#4312),.UNSPECIFIED.,.F.,
  .F.,(2,2),(0.,1.),.PIECEWISE_BEZIER_KNOTS.);
#4311 = CARTESIAN_POINT('',(1.,0.));
#4312 = CARTESIAN_POINT('',(1.,1.));
#4313 = ( GEOMETRIC_REPRESENTATION_CONTEXT(2) 
PARAMETRIC_REPRESENTATION_CONTEXT() REPRESENTATION_CONTEXT('2D SPACE',''
  ) );
#4314 = ORIENTED_EDGE('',*,*,#4315,.T.);
#4315 = EDGE_CURVE('',#4292,#4316,#4318,.T.);
#4316 = VERTEX_POINT('',#4317);
#4317 = CARTESIAN_POINT('',(-28.25752049405,-18.90800189154,15.9));
#4318 = SURFACE_CURVE('',#4319,(#4324,#4332),.PCURVE_S1.);
#4319 = ( BOUNDED_CURVE() B_SPLINE_CURVE(3,(#4320,#4321,#4322,#4323),
.UNSPECIFIED.,.F.,.F.) B_SPLINE_CURVE_WITH_KNOTS((4,4),(0.,1.),
.PIECEWISE_BEZIER_KNOTS.) CURVE() GEOMETRIC_REPRESENTATION_ITEM() 
RATIONAL_B_SPLINE_CURVE((1.,0.992368104903,1.010655752079,1.)) 
REPRESENTATION_ITEM('') );
#4320 = CARTESIAN_POINT('',(-24.66415077263,-13.75614938646,15.9));
#4321 = CARTESIAN_POINT('',(-26.13831891586,-14.76932412397,15.9));
#4322 = CARTESIAN_POINT('',(-27.48420802522,-16.98811542339,15.9));
#4323 = CARTESIAN_POINT('',(-28.25752049405,-18.90800189154,15.9));
#4324 = PCURVE('',#101,#4325);
#4325 = DEFINITIONAL_REPRESENTATION('',(#4326),#4331);
#4326 = ( BOUNDED_CURVE() B_SPLINE_CURVE(3,(#4327,#4328,#4329,#4330),
.UNSPECIFIED.,.F.,.F.) B_SPLINE_CURVE_WITH_KNOTS((4,4),(0.,1.),
.PIECEWISE_BEZIER_KNOTS.) CURVE() GEOMETRIC_REPRESENTATION_ITEM() 
RATIONAL_B_SPLINE_CURVE((1.,0.992368104903,1.010655752079,1.)) 
REPRESENTATION_ITEM('') );
#4327 = CARTESIAN_POINT('',(-24.66415077263,-13.75614938646));
#4328 = CARTESIAN_POINT('',(-26.13831891586,-14.76932412397));
#4329 = CARTESIAN_POINT('',(-27.48420802522,-16.98811542339));
#4330 = CARTESIAN_POINT('',(-28.25752049405,-18.90800189154));
#4331 = ( GEOMETRIC_REPRESENTATION_CONTEXT(2) 
PARAMETRIC_REPRESENTATION_CONTEXT() REPRESENTATION_CONTEXT('2D SPACE',''
  ) );
#4332 = PCURVE('',#1896,#4333);
#4333 = DEFINITIONAL_REPRESENTATION('',(#4334),#4337);
#4334 = B_SPLINE_CURVE_WITH_KNOTS('',1,(#4335,#4336),.UNSPECIFIED.,.F.,
  .F.,(2,2),(0.,1.),.PIECEWISE_BEZIER_KNOTS.);
#4335 = CARTESIAN_POINT('',(1.,0.));
#4336 = CARTESIAN_POINT('',(1.,1.));
#4337 = ( GEOMETRIC_REPRESENTATION_CONTEXT(2) 
PARAMETRIC_REPRESENTATION_CONTEXT() REPRESENTATION_CONTEXT('2D SPACE',''
  ) );
#4338 = ORIENTED_EDGE('',*,*,#4339,.T.);
#4339 = EDGE_CURVE('',#4316,#4340,#4342,.T.);
#4340 = VERTEX_POINT('',#4341);
#4341 = CARTESIAN_POINT('',(-26.71463246063,-21.03160508605,15.9));
#4342 = SURFACE_CURVE('',#4343,(#4347,#4354),.PCURVE_S1.);
#4343 = ( BOUNDED_CURVE() B_SPLINE_CURVE(2,(#4344,#4345,#4346),
.UNSPECIFIED.,.F.,.F.) B_SPLINE_CURVE_WITH_KNOTS((3,3),(0.,1.),
.PIECEWISE_BEZIER_KNOTS.) CURVE() GEOMETRIC_REPRESENTATION_ITEM() 
RATIONAL_B_SPLINE_CURVE((1.,0.999254675315,1.)) REPRESENTATION_ITEM('') 
  );
#4344 = CARTESIAN_POINT('',(-28.25752049405,-18.90800189154,15.9));
#4345 = CARTESIAN_POINT('',(-27.52709443175,-19.99960477709,15.9));
#4346 = CARTESIAN_POINT('',(-26.71463246063,-21.03160508605,15.9));
#4347 = PCURVE('',#101,#4348);
#4348 = DEFINITIONAL_REPRESENTATION('',(#4349),#4353);
#4349 = ( BOUNDED_CURVE() B_SPLINE_CURVE(2,(#4350,#4351,#4352),
.UNSPECIFIED.,.F.,.F.) B_SPLINE_CURVE_WITH_KNOTS((3,3),(0.,1.),
.PIECEWISE_BEZIER_KNOTS.) CURVE() GEOMETRIC_REPRESENTATION_ITEM() 
RATIONAL_B_SPLINE_CURVE((1.,0.999254675315,1.)) REPRESENTATION_ITEM('') 
  );
#4350 = CARTESIAN_POINT('',(-28.25752049405,-18.90800189154));
#4351 = CARTESIAN_POINT('',(-27.52709443175,-19.99960477709));
#4352 = CARTESIAN_POINT('',(-26.71463246063,-21.03160508605));
#4353 = ( GEOMETRIC_REPRESENTATION_CONTEXT(2) 
PARAMETRIC_REPRESENTATION_CONTEXT() REPRESENTATION_CONTEXT('2D SPACE',''
  ) );
#4354 = PCURVE('',#1927,#4355);
#4355 = DEFINITIONAL_REPRESENTATION('',(#4356),#4359);
#4356 = B_SPLINE_CURVE_WITH_KNOTS('',1,(#4357,#4358),.UNSPECIFIED.,.F.,
  .F.,(2,2),(0.,1.),.PIECEWISE_BEZIER_KNOTS.);
#4357 = CARTESIAN_POINT('',(1.,0.));
#4358 = CARTESIAN_POINT('',(1.,1.));
#4359 = ( GEOMETRIC_REPRESENTATION_CONTEXT(2) 
PARAMETRIC_REPRESENTATION_CONTEXT() REPRESENTATION_CONTEXT('2D SPACE',''
  ) );
#4360 = ORIENTED_EDGE('',*,*,#4361,.T.);
#4361 = EDGE_CURVE('',#4340,#4362,#4364,.T.);
#4362 = VERTEX_POINT('',#4363);
#4363 = CARTESIAN_POINT('',(-20.70451725369,-19.20611737362,15.9));
#4364 = SURFACE_CURVE('',#4365,(#4370,#4378),.PCURVE_S1.);
#4365 = ( BOUNDED_CURVE() B_SPLINE_CURVE(3,(#4366,#4367,#4368,#4369),
.UNSPECIFIED.,.F.,.F.) B_SPLINE_CURVE_WITH_KNOTS((4,4),(0.,1.),
.PIECEWISE_BEZIER_KNOTS.) CURVE() GEOMETRIC_REPRESENTATION_ITEM() 
RATIONAL_B_SPLINE_CURVE((1.,1.010655752079,0.992368104903,1.)) 
REPRESENTATION_ITEM('') );
#4366 = CARTESIAN_POINT('',(-26.71463246063,-21.03160508605,15.9));
#4367 = CARTESIAN_POINT('',(-24.64974522972,-20.88941876936,15.9));
#4368 = CARTESIAN_POINT('',(-22.12364669877,-20.29504638019,15.9));
#4369 = CARTESIAN_POINT('',(-20.70451725369,-19.20611737362,15.9));
#4370 = PCURVE('',#101,#4371);
#4371 = DEFINITIONAL_REPRESENTATION('',(#4372),#4377);
#4372 = ( BOUNDED_CURVE() B_SPLINE_CURVE(3,(#4373,#4374,#4375,#4376),
.UNSPECIFIED.,.F.,.F.) B_SPLINE_CURVE_WITH_KNOTS((4,4),(0.,1.),
.PIECEWISE_BEZIER_KNOTS.) CURVE() GEOMETRIC_REPRESENTATION_ITEM() 
RATIONAL_B_SPLINE_CURVE((1.,1.010655752079,0.992368104903,1.)) 
REPRESENTATION_ITEM('') );
#4373 = CARTESIAN_POINT('',(-26.71463246063,-21.03160508605));
#4374 = CARTESIAN_POINT('',(-24.64974522972,-20.88941876936));
#4375 = CARTESIAN_POINT('',(-22.12364669877,-20.29504638019));
#4376 = CARTESIAN_POINT('',(-20.70451725369,-19.20611737362));
#4377 = ( GEOMETRIC_REPRESENTATION_CONTEXT(2) 
PARAMETRIC_REPRESENTATION_CONTEXT() REPRESENTATION_CONTEXT('2D SPACE',''
  ) );
#4378 = PCURVE('',#1958,#4379);
#4379 = DEFINITIONAL_REPRESENTATION('',(#4380),#4383);
#4380 = B_SPLINE_CURVE_WITH_KNOTS('',1,(#4381,#4382),.UNSPECIFIED.,.F.,
  .F.,(2,2),(0.,1.),.PIECEWISE_BEZIER_KNOTS.);
#4381 = CARTESIAN_POINT('',(1.,0.));
#4382 = CARTESIAN_POINT('',(1.,1.));
#4383 = ( GEOMETRIC_REPRESENTATION_CONTEXT(2) 
PARAMETRIC_REPRESENTATION_CONTEXT() REPRESENTATION_CONTEXT('2D SPACE',''
  ) );
#4384 = ORIENTED_EDGE('',*,*,#4385,.T.);
#4385 = EDGE_CURVE('',#4362,#4386,#4388,.T.);
#4386 = VERTEX_POINT('',#4387);
#4387 = CARTESIAN_POINT('',(-17.71409040066,-17.92347626096,15.9));
#4388 = SURFACE_CURVE('',#4389,(#4394,#4402),.PCURVE_S1.);
#4389 = ( BOUNDED_CURVE() B_SPLINE_CURVE(3,(#4390,#4391,#4392,#4393),
.UNSPECIFIED.,.F.,.F.) B_SPLINE_CURVE_WITH_KNOTS((4,4),(0.,1.),
.PIECEWISE_BEZIER_KNOTS.) CURVE() GEOMETRIC_REPRESENTATION_ITEM() 
RATIONAL_B_SPLINE_CURVE((1.,1.090235562154,0.878790067642,1.)) 
REPRESENTATION_ITEM('') );
#4390 = CARTESIAN_POINT('',(-20.70451725369,-19.20611737362,15.9));
#4391 = CARTESIAN_POINT('',(-19.94999473609,-18.34145539085,15.9));
#4392 = CARTESIAN_POINT('',(-18.50416386663,-17.15420451497,15.9));
#4393 = CARTESIAN_POINT('',(-17.71409040066,-17.92347626096,15.9));
#4394 = PCURVE('',#101,#4395);
#4395 = DEFINITIONAL_REPRESENTATION('',(#4396),#4401);
#4396 = ( BOUNDED_CURVE() B_SPLINE_CURVE(3,(#4397,#4398,#4399,#4400),
.UNSPECIFIED.,.F.,.F.) B_SPLINE_CURVE_WITH_KNOTS((4,4),(0.,1.),
.PIECEWISE_BEZIER_KNOTS.) CURVE() GEOMETRIC_REPRESENTATION_ITEM() 
RATIONAL_B_SPLINE_CURVE((1.,1.090235562154,0.878790067642,1.)) 
REPRESENTATION_ITEM('') );
#4397 = CARTESIAN_POINT('',(-20.70451725369,-19.20611737362));
#4398 = CARTESIAN_POINT('',(-19.94999473609,-18.34145539085));
#4399 = CARTESIAN_POINT('',(-18.50416386663,-17.15420451497));
#4400 = CARTESIAN_POINT('',(-17.71409040066,-17.92347626096));
#4401 = ( GEOMETRIC_REPRESENTATION_CONTEXT(2) 
PARAMETRIC_REPRESENTATION_CONTEXT() REPRESENTATION_CONTEXT('2D SPACE',''
  ) );
#4402 = PCURVE('',#1991,#4403);
#4403 = DEFINITIONAL_REPRESENTATION('',(#4404),#4407);
#4404 = B_SPLINE_CURVE_WITH_KNOTS('',1,(#4405,#4406),.UNSPECIFIED.,.F.,
  .F.,(2,2),(0.,1.),.PIECEWISE_BEZIER_KNOTS.);
#4405 = CARTESIAN_POINT('',(1.,0.));
#4406 = CARTESIAN_POINT('',(1.,1.));
#4407 = ( GEOMETRIC_REPRESENTATION_CONTEXT(2) 
PARAMETRIC_REPRESENTATION_CONTEXT() REPRESENTATION_CONTEXT('2D SPACE',''
  ) );
#4408 = ORIENTED_EDGE('',*,*,#4409,.T.);
#4409 = EDGE_CURVE('',#4386,#4410,#4412,.T.);
#4410 = VERTEX_POINT('',#4411);
#4411 = CARTESIAN_POINT('',(-15.97366293487,-19.49056418996,15.9));
#4412 = SURFACE_CURVE('',#4413,(#4417,#4424),.PCURVE_S1.);
#4413 = ( BOUNDED_CURVE() B_SPLINE_CURVE(2,(#4414,#4415,#4416),
.UNSPECIFIED.,.F.,.F.) B_SPLINE_CURVE_WITH_KNOTS((3,3),(0.,1.),
.PIECEWISE_BEZIER_KNOTS.) CURVE() GEOMETRIC_REPRESENTATION_ITEM() 
RATIONAL_B_SPLINE_CURVE((1.,0.998919789238,1.)) REPRESENTATION_ITEM('') 
  );
#4414 = CARTESIAN_POINT('',(-17.71409040066,-17.92347626096,15.9));
#4415 = CARTESIAN_POINT('',(-16.88032558961,-18.74750085422,15.9));
#4416 = CARTESIAN_POINT('',(-15.97366293487,-19.49056418996,15.9));
#4417 = PCURVE('',#101,#4418);
#4418 = DEFINITIONAL_REPRESENTATION('',(#4419),#4423);
#4419 = ( BOUNDED_CURVE() B_SPLINE_CURVE(2,(#4420,#4421,#4422),
.UNSPECIFIED.,.F.,.F.) B_SPLINE_CURVE_WITH_KNOTS((3,3),(0.,1.),
.PIECEWISE_BEZIER_KNOTS.) CURVE() GEOMETRIC_REPRESENTATION_ITEM() 
RATIONAL_B_SPLINE_CURVE((1.,0.998919789238,1.)) REPRESENTATION_ITEM('') 
  );
#4420 = CARTESIAN_POINT('',(-17.71409040066,-17.92347626096));
#4421 = CARTESIAN_POINT('',(-16.88032558961,-18.74750085422));
#4422 = CARTESIAN_POINT('',(-15.97366293487,-19.49056418996));
#4423 = ( GEOMETRIC_REPRESENTATION_CONTEXT(2) 
PARAMETRIC_REPRESENTATION_CONTEXT() REPRESENTATION_CONTEXT('2D SPACE',''
  ) );
#4424 = PCURVE('',#2022,#4425);
#4425 = DEFINITIONAL_REPRESENTATION('',(#4426),#4429);
#4426 = B_SPLINE_CURVE_WITH_KNOTS('',1,(#4427,#4428),.UNSPECIFIED.,.F.,
  .F.,(2,2),(0.,1.),.PIECEWISE_BEZIER_KNOTS.);
#4427 = CARTESIAN_POINT('',(1.,0.));
#4428 = CARTESIAN_POINT('',(1.,1.));
#4429 = ( GEOMETRIC_REPRESENTATION_CONTEXT(2) 
PARAMETRIC_REPRESENTATION_CONTEXT() REPRESENTATION_CONTEXT('2D SPACE',''
  ) );
#4430 = ORIENTED_EDGE('',*,*,#4431,.T.);
#4431 = EDGE_CURVE('',#4410,#4432,#4434,.T.);
#4432 = VERTEX_POINT('',#4433);
#4433 = CARTESIAN_POINT('',(-16.93669288186,-22.59868167623,15.9));
#4434 = SURFACE_CURVE('',#4435,(#4440,#4448),.PCURVE_S1.);
#4435 = ( BOUNDED_CURVE() B_SPLINE_CURVE(3,(#4436,#4437,#4438,#4439),
.UNSPECIFIED.,.F.,.F.) B_SPLINE_CURVE_WITH_KNOTS((4,4),(0.,1.),
.PIECEWISE_BEZIER_KNOTS.) CURVE() GEOMETRIC_REPRESENTATION_ITEM() 
RATIONAL_B_SPLINE_CURVE((1.,0.878790067642,1.090235562154,1.)) 
REPRESENTATION_ITEM('') );
#4436 = CARTESIAN_POINT('',(-15.97366293487,-19.49056418996,15.9));
#4437 = CARTESIAN_POINT('',(-15.12602017473,-20.19589875738,15.9));
#4438 = CARTESIAN_POINT('',(-16.15563668716,-21.75791072362,15.9));
#4439 = CARTESIAN_POINT('',(-16.93669288187,-22.59868167624,15.9));
#4440 = PCURVE('',#101,#4441);
#4441 = DEFINITIONAL_REPRESENTATION('',(#4442),#4447);
#4442 = ( BOUNDED_CURVE() B_SPLINE_CURVE(3,(#4443,#4444,#4445,#4446),
.UNSPECIFIED.,.F.,.F.) B_SPLINE_CURVE_WITH_KNOTS((4,4),(0.,1.),
.PIECEWISE_BEZIER_KNOTS.) CURVE() GEOMETRIC_REPRESENTATION_ITEM() 
RATIONAL_B_SPLINE_CURVE((1.,0.878790067642,1.090235562154,1.)) 
REPRESENTATION_ITEM('') );
#4443 = CARTESIAN_POINT('',(-15.97366293487,-19.49056418996));
#4444 = CARTESIAN_POINT('',(-15.12602017473,-20.19589875738));
#4445 = CARTESIAN_POINT('',(-16.15563668716,-21.75791072362));
#4446 = CARTESIAN_POINT('',(-16.93669288187,-22.59868167624));
#4447 = ( GEOMETRIC_REPRESENTATION_CONTEXT(2) 
PARAMETRIC_REPRESENTATION_CONTEXT() REPRESENTATION_CONTEXT('2D SPACE',''
  ) );
#4448 = PCURVE('',#2053,#4449);
#4449 = DEFINITIONAL_REPRESENTATION('',(#4450),#4453);
#4450 = B_SPLINE_CURVE_WITH_KNOTS('',1,(#4451,#4452),.UNSPECIFIED.,.F.,
  .F.,(2,2),(0.,1.),.PIECEWISE_BEZIER_KNOTS.);
#4451 = CARTESIAN_POINT('',(1.,0.));
#4452 = CARTESIAN_POINT('',(1.,1.));
#4453 = ( GEOMETRIC_REPRESENTATION_CONTEXT(2) 
PARAMETRIC_REPRESENTATION_CONTEXT() REPRESENTATION_CONTEXT('2D SPACE',''
  ) );
#4454 = ORIENTED_EDGE('',*,*,#4455,.T.);
#4455 = EDGE_CURVE('',#4432,#4456,#4458,.T.);
#4456 = VERTEX_POINT('',#4457);
#4457 = CARTESIAN_POINT('',(-18.12395227494,-28.76668826851,15.9));
#4458 = SURFACE_CURVE('',#4459,(#4464,#4472),.PCURVE_S1.);
#4459 = ( BOUNDED_CURVE() B_SPLINE_CURVE(3,(#4460,#4461,#4462,#4463),
.UNSPECIFIED.,.F.,.F.) B_SPLINE_CURVE_WITH_KNOTS((4,4),(0.,1.),
.PIECEWISE_BEZIER_KNOTS.) CURVE() GEOMETRIC_REPRESENTATION_ITEM() 
RATIONAL_B_SPLINE_CURVE((1.,0.992368104903,1.010655752079,1.)) 
REPRESENTATION_ITEM('') );
#4460 = CARTESIAN_POINT('',(-16.93669288185,-22.59868167623,15.9));
#4461 = CARTESIAN_POINT('',(-17.87131720131,-24.12386105739,15.9));
#4462 = CARTESIAN_POINT('',(-18.19838435885,-26.69825018872,15.9));
#4463 = CARTESIAN_POINT('',(-18.12395227494,-28.76668826851,15.9));
#4464 = PCURVE('',#101,#4465);
#4465 = DEFINITIONAL_REPRESENTATION('',(#4466),#4471);
#4466 = ( BOUNDED_CURVE() B_SPLINE_CURVE(3,(#4467,#4468,#4469,#4470),
.UNSPECIFIED.,.F.,.F.) B_SPLINE_CURVE_WITH_KNOTS((4,4),(0.,1.),
.PIECEWISE_BEZIER_KNOTS.) CURVE() GEOMETRIC_REPRESENTATION_ITEM() 
RATIONAL_B_SPLINE_CURVE((1.,0.992368104903,1.010655752079,1.)) 
REPRESENTATION_ITEM('') );
#4467 = CARTESIAN_POINT('',(-16.93669288185,-22.59868167623));
#4468 = CARTESIAN_POINT('',(-17.87131720131,-24.12386105739));
#4469 = CARTESIAN_POINT('',(-18.19838435885,-26.69825018872));
#4470 = CARTESIAN_POINT('',(-18.12395227494,-28.76668826851));
#4471 = ( GEOMETRIC_REPRESENTATION_CONTEXT(2) 
PARAMETRIC_REPRESENTATION_CONTEXT() REPRESENTATION_CONTEXT('2D SPACE',''
  ) );
#4472 = PCURVE('',#2086,#4473);
#4473 = DEFINITIONAL_REPRESENTATION('',(#4474),#4477);
#4474 = B_SPLINE_CURVE_WITH_KNOTS('',1,(#4475,#4476),.UNSPECIFIED.,.F.,
  .F.,(2,2),(0.,1.),.PIECEWISE_BEZIER_KNOTS.);
#4475 = CARTESIAN_POINT('',(1.,0.));
#4476 = CARTESIAN_POINT('',(1.,1.));
#4477 = ( GEOMETRIC_REPRESENTATION_CONTEXT(2) 
PARAMETRIC_REPRESENTATION_CONTEXT() REPRESENTATION_CONTEXT('2D SPACE',''
  ) );
#4478 = ORIENTED_EDGE('',*,*,#4479,.T.);
#4479 = EDGE_CURVE('',#4456,#4480,#4482,.T.);
#4480 = VERTEX_POINT('',#4481);
#4481 = CARTESIAN_POINT('',(-15.85070668581,-30.07914722133,15.9));
#4482 = SURFACE_CURVE('',#4483,(#4487,#4494),.PCURVE_S1.);
#4483 = ( BOUNDED_CURVE() B_SPLINE_CURVE(2,(#4484,#4485,#4486),
.UNSPECIFIED.,.F.,.F.) B_SPLINE_CURVE_WITH_KNOTS((3,3),(0.,1.),
.PIECEWISE_BEZIER_KNOTS.) CURVE() GEOMETRIC_REPRESENTATION_ITEM() 
RATIONAL_B_SPLINE_CURVE((1.,0.999254675315,1.)) REPRESENTATION_ITEM('') 
  );
#4484 = CARTESIAN_POINT('',(-18.12395227494,-28.76668826851,15.9));
#4485 = CARTESIAN_POINT('',(-17.01267997035,-29.46682608156,15.9));
#4486 = CARTESIAN_POINT('',(-15.85070668581,-30.07914722133,15.9));
#4487 = PCURVE('',#101,#4488);
#4488 = DEFINITIONAL_REPRESENTATION('',(#4489),#4493);
#4489 = ( BOUNDED_CURVE() B_SPLINE_CURVE(2,(#4490,#4491,#4492),
.UNSPECIFIED.,.F.,.F.) B_SPLINE_CURVE_WITH_KNOTS((3,3),(0.,1.),
.PIECEWISE_BEZIER_KNOTS.) CURVE() GEOMETRIC_REPRESENTATION_ITEM() 
RATIONAL_B_SPLINE_CURVE((1.,0.999254675315,1.)) REPRESENTATION_ITEM('') 
  );
#4490 = CARTESIAN_POINT('',(-18.12395227494,-28.76668826851));
#4491 = CARTESIAN_POINT('',(-17.01267997035,-29.46682608156));
#4492 = CARTESIAN_POINT('',(-15.85070668581,-30.07914722133));
#4493 = ( GEOMETRIC_REPRESENTATION_CONTEXT(2) 
PARAMETRIC_REPRESENTATION_CONTEXT() REPRESENTATION_CONTEXT('2D SPACE',''
  ) );
#4494 = PCURVE('',#2117,#4495);
#4495 = DEFINITIONAL_REPRESENTATION('',(#4496),#4499);
#4496 = B_SPLINE_CURVE_WITH_KNOTS('',1,(#4497,#4498),.UNSPECIFIED.,.F.,
  .F.,(2,2),(0.,1.),.PIECEWISE_BEZIER_KNOTS.);
#4497 = CARTESIAN_POINT('',(1.,0.));
#4498 = CARTESIAN_POINT('',(1.,1.));
#4499 = ( GEOMETRIC_REPRESENTATION_CONTEXT(2) 
PARAMETRIC_REPRESENTATION_CONTEXT() REPRESENTATION_CONTEXT('2D SPACE',''
  ) );
#4500 = ORIENTED_EDGE('',*,*,#4501,.T.);
#4501 = EDGE_CURVE('',#4480,#4502,#4504,.T.);
#4502 = VERTEX_POINT('',#4503);
#4503 = CARTESIAN_POINT('',(-11.10268598272,-25.96694712989,15.9));
#4504 = SURFACE_CURVE('',#4505,(#4510,#4518),.PCURVE_S1.);
#4505 = ( BOUNDED_CURVE() B_SPLINE_CURVE(3,(#4506,#4507,#4508,#4509),
.UNSPECIFIED.,.F.,.F.) B_SPLINE_CURVE_WITH_KNOTS((4,4),(0.,1.),
.PIECEWISE_BEZIER_KNOTS.) CURVE() GEOMETRIC_REPRESENTATION_ITEM() 
RATIONAL_B_SPLINE_CURVE((1.,1.010655752079,0.992368104903,1.)) 
REPRESENTATION_ITEM('') );
#4506 = CARTESIAN_POINT('',(-15.85070668581,-30.07914722133,15.9));
#4507 = CARTESIAN_POINT('',(-14.0221707206,-29.10938825696,15.9));
#4508 = CARTESIAN_POINT('',(-11.95621791241,-27.53894522412,15.9));
#4509 = CARTESIAN_POINT('',(-11.10268598272,-25.96694712989,15.9));
#4510 = PCURVE('',#101,#4511);
#4511 = DEFINITIONAL_REPRESENTATION('',(#4512),#4517);
#4512 = ( BOUNDED_CURVE() B_SPLINE_CURVE(3,(#4513,#4514,#4515,#4516),
.UNSPECIFIED.,.F.,.F.) B_SPLINE_CURVE_WITH_KNOTS((4,4),(0.,1.),
.PIECEWISE_BEZIER_KNOTS.) CURVE() GEOMETRIC_REPRESENTATION_ITEM() 
RATIONAL_B_SPLINE_CURVE((1.,1.010655752079,0.992368104903,1.)) 
REPRESENTATION_ITEM('') );
#4513 = CARTESIAN_POINT('',(-15.85070668581,-30.07914722133));
#4514 = CARTESIAN_POINT('',(-14.0221707206,-29.10938825696));
#4515 = CARTESIAN_POINT('',(-11.95621791241,-27.53894522412));
#4516 = CARTESIAN_POINT('',(-11.10268598272,-25.96694712989));
#4517 = ( GEOMETRIC_REPRESENTATION_CONTEXT(2) 
PARAMETRIC_REPRESENTATION_CONTEXT() REPRESENTATION_CONTEXT('2D SPACE',''
  ) );
#4518 = PCURVE('',#2148,#4519);
#4519 = DEFINITIONAL_REPRESENTATION('',(#4520),#4523);
#4520 = B_SPLINE_CURVE_WITH_KNOTS('',1,(#4521,#4522),.UNSPECIFIED.,.F.,
  .F.,(2,2),(0.,1.),.PIECEWISE_BEZIER_KNOTS.);
#4521 = CARTESIAN_POINT('',(1.,0.));
#4522 = CARTESIAN_POINT('',(1.,1.));
#4523 = ( GEOMETRIC_REPRESENTATION_CONTEXT(2) 
PARAMETRIC_REPRESENTATION_CONTEXT() REPRESENTATION_CONTEXT('2D SPACE',''
  ) );
#4524 = ORIENTED_EDGE('',*,*,#4525,.T.);
#4525 = EDGE_CURVE('',#4502,#4526,#4528,.T.);
#4526 = VERTEX_POINT('',#4527);
#4527 = CARTESIAN_POINT('',(-8.892492255161,-23.57887998807,15.9));
#4528 = SURFACE_CURVE('',#4529,(#4534,#4542),.PCURVE_S1.);
#4529 = ( BOUNDED_CURVE() B_SPLINE_CURVE(3,(#4530,#4531,#4532,#4533),
.UNSPECIFIED.,.F.,.F.) B_SPLINE_CURVE_WITH_KNOTS((4,4),(0.,1.),
.PIECEWISE_BEZIER_KNOTS.) CURVE() GEOMETRIC_REPRESENTATION_ITEM() 
RATIONAL_B_SPLINE_CURVE((1.,1.090235562154,0.878790067642,1.)) 
REPRESENTATION_ITEM('') );
#4530 = CARTESIAN_POINT('',(-11.10268598272,-25.96694712989,15.9));
#4531 = CARTESIAN_POINT('',(-10.76508507635,-24.87014714721,15.9));
#4532 = CARTESIAN_POINT('',(-9.927151288787,-23.19746710816,15.9));
#4533 = CARTESIAN_POINT('',(-8.892492255161,-23.57887998807,15.9));
#4534 = PCURVE('',#101,#4535);
#4535 = DEFINITIONAL_REPRESENTATION('',(#4536),#4541);
#4536 = ( BOUNDED_CURVE() B_SPLINE_CURVE(3,(#4537,#4538,#4539,#4540),
.UNSPECIFIED.,.F.,.F.) B_SPLINE_CURVE_WITH_KNOTS((4,4),(0.,1.),
.PIECEWISE_BEZIER_KNOTS.) CURVE() GEOMETRIC_REPRESENTATION_ITEM() 
RATIONAL_B_SPLINE_CURVE((1.,1.090235562154,0.878790067642,1.)) 
REPRESENTATION_ITEM('') );
#4537 = CARTESIAN_POINT('',(-11.10268598272,-25.96694712989));
#4538 = CARTESIAN_POINT('',(-10.76508507635,-24.87014714721));
#4539 = CARTESIAN_POINT('',(-9.927151288787,-23.19746710816));
#4540 = CARTESIAN_POINT('',(-8.892492255161,-23.57887998807));
#4541 = ( GEOMETRIC_REPRESENTATION_CONTEXT(2) 
PARAMETRIC_REPRESENTATION_CONTEXT() REPRESENTATION_CONTEXT('2D SPACE',''
  ) );
#4542 = PCURVE('',#2181,#4543);
#4543 = DEFINITIONAL_REPRESENTATION('',(#4544),#4547);
#4544 = B_SPLINE_CURVE_WITH_KNOTS('',1,(#4545,#4546),.UNSPECIFIED.,.F.,
  .F.,(2,2),(0.,1.),.PIECEWISE_BEZIER_KNOTS.);
#4545 = CARTESIAN_POINT('',(1.,0.));
#4546 = CARTESIAN_POINT('',(1.,1.));
#4547 = ( GEOMETRIC_REPRESENTATION_CONTEXT(2) 
PARAMETRIC_REPRESENTATION_CONTEXT() REPRESENTATION_CONTEXT('2D SPACE',''
  ) );
#4548 = ORIENTED_EDGE('',*,*,#4549,.T.);
#4549 = EDGE_CURVE('',#4526,#4550,#4552,.T.);
#4550 = VERTEX_POINT('',#4551);
#4551 = CARTESIAN_POINT('',(-6.66514056579,-24.30259042238,15.9));
#4552 = SURFACE_CURVE('',#4553,(#4557,#4564),.PCURVE_S1.);
#4553 = ( BOUNDED_CURVE() B_SPLINE_CURVE(2,(#4554,#4555,#4556),
.UNSPECIFIED.,.F.,.F.) B_SPLINE_CURVE_WITH_KNOTS((3,3),(0.,1.),
.PIECEWISE_BEZIER_KNOTS.) CURVE() GEOMETRIC_REPRESENTATION_ITEM() 
RATIONAL_B_SPLINE_CURVE((1.,0.998919789238,1.)) REPRESENTATION_ITEM('') 
  );
#4554 = CARTESIAN_POINT('',(-8.892492255161,-23.57887998807,15.9));
#4555 = CARTESIAN_POINT('',(-7.795649202416,-23.99254121187,15.9));
#4556 = CARTESIAN_POINT('',(-6.66514056579,-24.30259042238,15.9));
#4557 = PCURVE('',#101,#4558);
#4558 = DEFINITIONAL_REPRESENTATION('',(#4559),#4563);
#4559 = ( BOUNDED_CURVE() B_SPLINE_CURVE(2,(#4560,#4561,#4562),
.UNSPECIFIED.,.F.,.F.) B_SPLINE_CURVE_WITH_KNOTS((3,3),(0.,1.),
.PIECEWISE_BEZIER_KNOTS.) CURVE() GEOMETRIC_REPRESENTATION_ITEM() 
RATIONAL_B_SPLINE_CURVE((1.,0.998919789238,1.)) REPRESENTATION_ITEM('') 
  );
#4560 = CARTESIAN_POINT('',(-8.892492255161,-23.57887998807));
#4561 = CARTESIAN_POINT('',(-7.795649202416,-23.99254121187));
#4562 = CARTESIAN_POINT('',(-6.66514056579,-24.30259042238));
#4563 = ( GEOMETRIC_REPRESENTATION_CONTEXT(2) 
PARAMETRIC_REPRESENTATION_CONTEXT() REPRESENTATION_CONTEXT('2D SPACE',''
  ) );
#4564 = PCURVE('',#2212,#4565);
#4565 = DEFINITIONAL_REPRESENTATION('',(#4566),#4569);
#4566 = B_SPLINE_CURVE_WITH_KNOTS('',1,(#4567,#4568),.UNSPECIFIED.,.F.,
  .F.,(2,2),(0.,1.),.PIECEWISE_BEZIER_KNOTS.);
#4567 = CARTESIAN_POINT('',(1.,0.));
#4568 = CARTESIAN_POINT('',(1.,1.));
#4569 = ( GEOMETRIC_REPRESENTATION_CONTEXT(2) 
PARAMETRIC_REPRESENTATION_CONTEXT() REPRESENTATION_CONTEXT('2D SPACE',''
  ) );
#4570 = ORIENTED_EDGE('',*,*,#4571,.T.);
#4571 = EDGE_CURVE('',#4550,#4572,#4574,.T.);
#4572 = VERTEX_POINT('',#4573);
#4573 = CARTESIAN_POINT('',(-6.280726926783,-27.53369660161,15.9));
#4574 = SURFACE_CURVE('',#4575,(#4580,#4588),.PCURVE_S1.);
#4575 = ( BOUNDED_CURVE() B_SPLINE_CURVE(3,(#4576,#4577,#4578,#4579),
.UNSPECIFIED.,.F.,.F.) B_SPLINE_CURVE_WITH_KNOTS((4,4),(0.,1.),
.PIECEWISE_BEZIER_KNOTS.) CURVE() GEOMETRIC_REPRESENTATION_ITEM() 
RATIONAL_B_SPLINE_CURVE((1.,0.878790067642,1.090235562154,1.)) 
REPRESENTATION_ITEM('') );
#4576 = CARTESIAN_POINT('',(-6.66514056579,-24.30259042238,15.9));
#4577 = CARTESIAN_POINT('',(-5.603894958358,-24.60217824178,15.9));
#4578 = CARTESIAN_POINT('',(-5.909168942812,-26.44792994225,15.9));
#4579 = CARTESIAN_POINT('',(-6.280726926787,-27.53369660161,15.9));
#4580 = PCURVE('',#101,#4581);
#4581 = DEFINITIONAL_REPRESENTATION('',(#4582),#4587);
#4582 = ( BOUNDED_CURVE() B_SPLINE_CURVE(3,(#4583,#4584,#4585,#4586),
.UNSPECIFIED.,.F.,.F.) B_SPLINE_CURVE_WITH_KNOTS((4,4),(0.,1.),
.PIECEWISE_BEZIER_KNOTS.) CURVE() GEOMETRIC_REPRESENTATION_ITEM() 
RATIONAL_B_SPLINE_CURVE((1.,0.878790067642,1.090235562154,1.)) 
REPRESENTATION_ITEM('') );
#4583 = CARTESIAN_POINT('',(-6.66514056579,-24.30259042238));
#4584 = CARTESIAN_POINT('',(-5.603894958358,-24.60217824178));
#4585 = CARTESIAN_POINT('',(-5.909168942812,-26.44792994225));
#4586 = CARTESIAN_POINT('',(-6.280726926787,-27.53369660161));
#4587 = ( GEOMETRIC_REPRESENTATION_CONTEXT(2) 
PARAMETRIC_REPRESENTATION_CONTEXT() REPRESENTATION_CONTEXT('2D SPACE',''
  ) );
#4588 = PCURVE('',#2243,#4589);
#4589 = DEFINITIONAL_REPRESENTATION('',(#4590),#4593);
#4590 = B_SPLINE_CURVE_WITH_KNOTS('',1,(#4591,#4592),.UNSPECIFIED.,.F.,
  .F.,(2,2),(0.,1.),.PIECEWISE_BEZIER_KNOTS.);
#4591 = CARTESIAN_POINT('',(1.,0.));
#4592 = CARTESIAN_POINT('',(1.,1.));
#4593 = ( GEOMETRIC_REPRESENTATION_CONTEXT(2) 
PARAMETRIC_REPRESENTATION_CONTEXT() REPRESENTATION_CONTEXT('2D SPACE',''
  ) );
#4594 = ORIENTED_EDGE('',*,*,#4595,.T.);
#4595 = EDGE_CURVE('',#4572,#4596,#4598,.T.);
#4596 = VERTEX_POINT('',#4597);
#4597 = CARTESIAN_POINT('',(-4.856588056563,-33.6513529067,15.9));
#4598 = SURFACE_CURVE('',#4599,(#4604,#4612),.PCURVE_S1.);
#4599 = ( BOUNDED_CURVE() B_SPLINE_CURVE(3,(#4600,#4601,#4602,#4603),
.UNSPECIFIED.,.F.,.F.) B_SPLINE_CURVE_WITH_KNOTS((4,4),(0.,1.),
.PIECEWISE_BEZIER_KNOTS.) CURVE() GEOMETRIC_REPRESENTATION_ITEM() 
RATIONAL_B_SPLINE_CURVE((1.,0.992368104903,1.010655752079,1.)) 
REPRESENTATION_ITEM('') );
#4600 = CARTESIAN_POINT('',(-6.280726926778,-27.5336966016,15.9));
#4601 = CARTESIAN_POINT('',(-6.514202386842,-29.30716325559,15.9));
#4602 = CARTESIAN_POINT('',(-5.765894709704,-31.79201495043,15.9));
#4603 = CARTESIAN_POINT('',(-4.856588056563,-33.6513529067,15.9));
#4604 = PCURVE('',#101,#4605);
#4605 = DEFINITIONAL_REPRESENTATION('',(#4606),#4611);
#4606 = ( BOUNDED_CURVE() B_SPLINE_CURVE(3,(#4607,#4608,#4609,#4610),
.UNSPECIFIED.,.F.,.F.) B_SPLINE_CURVE_WITH_KNOTS((4,4),(0.,1.),
.PIECEWISE_BEZIER_KNOTS.) CURVE() GEOMETRIC_REPRESENTATION_ITEM() 
RATIONAL_B_SPLINE_CURVE((1.,0.992368104903,1.010655752079,1.)) 
REPRESENTATION_ITEM('') );
#4607 = CARTESIAN_POINT('',(-6.280726926778,-27.5336966016));
#4608 = CARTESIAN_POINT('',(-6.514202386842,-29.30716325559));
#4609 = CARTESIAN_POINT('',(-5.765894709704,-31.79201495043));
#4610 = CARTESIAN_POINT('',(-4.856588056563,-33.6513529067));
#4611 = ( GEOMETRIC_REPRESENTATION_CONTEXT(2) 
PARAMETRIC_REPRESENTATION_CONTEXT() REPRESENTATION_CONTEXT('2D SPACE',''
  ) );
#4612 = PCURVE('',#2276,#4613);
#4613 = DEFINITIONAL_REPRESENTATION('',(#4614),#4617);
#4614 = B_SPLINE_CURVE_WITH_KNOTS('',1,(#4615,#4616),.UNSPECIFIED.,.F.,
  .F.,(2,2),(0.,1.),.PIECEWISE_BEZIER_KNOTS.);
#4615 = CARTESIAN_POINT('',(1.,0.));
#4616 = CARTESIAN_POINT('',(1.,1.));
#4617 = ( GEOMETRIC_REPRESENTATION_CONTEXT(2) 
PARAMETRIC_REPRESENTATION_CONTEXT() REPRESENTATION_CONTEXT('2D SPACE',''
  ) );
#4618 = ORIENTED_EDGE('',*,*,#4619,.T.);
#4619 = EDGE_CURVE('',#4596,#4620,#4622,.T.);
#4620 = VERTEX_POINT('',#4621);
#4621 = CARTESIAN_POINT('',(-2.246049725858,-33.92573154158,15.9));
#4622 = SURFACE_CURVE('',#4623,(#4627,#4634),.PCURVE_S1.);
#4623 = ( BOUNDED_CURVE() B_SPLINE_CURVE(2,(#4624,#4625,#4626),
.UNSPECIFIED.,.F.,.F.) B_SPLINE_CURVE_WITH_KNOTS((3,3),(0.,1.),
.PIECEWISE_BEZIER_KNOTS.) CURVE() GEOMETRIC_REPRESENTATION_ITEM() 
RATIONAL_B_SPLINE_CURVE((1.,0.999254675315,1.)) REPRESENTATION_ITEM('') 
  );
#4624 = CARTESIAN_POINT('',(-4.856588056563,-33.6513529067,15.9));
#4625 = CARTESIAN_POINT('',(-3.556618586731,-33.83896545882,15.9));
#4626 = CARTESIAN_POINT('',(-2.246049725858,-33.92573154158,15.9));
#4627 = PCURVE('',#101,#4628);
#4628 = DEFINITIONAL_REPRESENTATION('',(#4629),#4633);
#4629 = ( BOUNDED_CURVE() B_SPLINE_CURVE(2,(#4630,#4631,#4632),
.UNSPECIFIED.,.F.,.F.) B_SPLINE_CURVE_WITH_KNOTS((3,3),(0.,1.),
.PIECEWISE_BEZIER_KNOTS.) CURVE() GEOMETRIC_REPRESENTATION_ITEM() 
RATIONAL_B_SPLINE_CURVE((1.,0.999254675315,1.)) REPRESENTATION_ITEM('') 
  );
#4630 = CARTESIAN_POINT('',(-4.856588056563,-33.6513529067));
#4631 = CARTESIAN_POINT('',(-3.556618586731,-33.83896545882));
#4632 = CARTESIAN_POINT('',(-2.246049725858,-33.92573154158));
#4633 = ( GEOMETRIC_REPRESENTATION_CONTEXT(2) 
PARAMETRIC_REPRESENTATION_CONTEXT() REPRESENTATION_CONTEXT('2D SPACE',''
  ) );
#4634 = PCURVE('',#2307,#4635);
#4635 = DEFINITIONAL_REPRESENTATION('',(#4636),#4639);
#4636 = B_SPLINE_CURVE_WITH_KNOTS('',1,(#4637,#4638),.UNSPECIFIED.,.F.,
  .F.,(2,2),(0.,1.),.PIECEWISE_BEZIER_KNOTS.);
#4637 = CARTESIAN_POINT('',(1.,0.));
#4638 = CARTESIAN_POINT('',(1.,1.));
#4639 = ( GEOMETRIC_REPRESENTATION_CONTEXT(2) 
PARAMETRIC_REPRESENTATION_CONTEXT() REPRESENTATION_CONTEXT('2D SPACE',''
  ) );
#4640 = ORIENTED_EDGE('',*,*,#4641,.T.);
#4641 = EDGE_CURVE('',#4620,#4642,#4644,.T.);
#4642 = VERTEX_POINT('',#4643);
#4643 = CARTESIAN_POINT('',(0.41890055939,-28.2378558251,15.9));
#4644 = SURFACE_CURVE('',#4645,(#4650,#4658),.PCURVE_S1.);
#4645 = ( BOUNDED_CURVE() B_SPLINE_CURVE(3,(#4646,#4647,#4648,#4649),
.UNSPECIFIED.,.F.,.F.) B_SPLINE_CURVE_WITH_KNOTS((4,4),(0.,1.),
.PIECEWISE_BEZIER_KNOTS.) CURVE() GEOMETRIC_REPRESENTATION_ITEM() 
RATIONAL_B_SPLINE_CURVE((1.,1.010655752079,0.992368104903,1.)) 
REPRESENTATION_ITEM('') );
#4646 = CARTESIAN_POINT('',(-2.246049725858,-33.92573154158,15.9));
#4647 = CARTESIAN_POINT('',(-0.970035506467,-32.29608006443,15.9));
#4648 = CARTESIAN_POINT('',(0.278549569842,-30.02111025534,15.9));
#4649 = CARTESIAN_POINT('',(0.41890055939,-28.2378558251,15.9));
#4650 = PCURVE('',#101,#4651);
#4651 = DEFINITIONAL_REPRESENTATION('',(#4652),#4657);
#4652 = ( BOUNDED_CURVE() B_SPLINE_CURVE(3,(#4653,#4654,#4655,#4656),
.UNSPECIFIED.,.F.,.F.) B_SPLINE_CURVE_WITH_KNOTS((4,4),(0.,1.),
.PIECEWISE_BEZIER_KNOTS.) CURVE() GEOMETRIC_REPRESENTATION_ITEM() 
RATIONAL_B_SPLINE_CURVE((1.,1.010655752079,0.992368104903,1.)) 
REPRESENTATION_ITEM('') );
#4653 = CARTESIAN_POINT('',(-2.246049725858,-33.92573154158));
#4654 = CARTESIAN_POINT('',(-0.970035506467,-32.29608006443));
#4655 = CARTESIAN_POINT('',(0.278549569842,-30.02111025534));
#4656 = CARTESIAN_POINT('',(0.41890055939,-28.2378558251));
#4657 = ( GEOMETRIC_REPRESENTATION_CONTEXT(2) 
PARAMETRIC_REPRESENTATION_CONTEXT() REPRESENTATION_CONTEXT('2D SPACE',''
  ) );
#4658 = PCURVE('',#2338,#4659);
#4659 = DEFINITIONAL_REPRESENTATION('',(#4660),#4663);
#4660 = B_SPLINE_CURVE_WITH_KNOTS('',1,(#4661,#4662),.UNSPECIFIED.,.F.,
  .F.,(2,2),(0.,1.),.PIECEWISE_BEZIER_KNOTS.);
#4661 = CARTESIAN_POINT('',(1.,0.));
#4662 = CARTESIAN_POINT('',(1.,1.));
#4663 = ( GEOMETRIC_REPRESENTATION_CONTEXT(2) 
PARAMETRIC_REPRESENTATION_CONTEXT() REPRESENTATION_CONTEXT('2D SPACE',''
  ) );
#4664 = ORIENTED_EDGE('',*,*,#4665,.T.);
#4665 = EDGE_CURVE('',#4642,#4666,#4668,.T.);
#4666 = VERTEX_POINT('',#4667);
#4667 = CARTESIAN_POINT('',(1.466698587011,-25.15728115784,15.9));
#4668 = SURFACE_CURVE('',#4669,(#4674,#4682),.PCURVE_S1.);
#4669 = ( BOUNDED_CURVE() B_SPLINE_CURVE(3,(#4670,#4671,#4672,#4673),
.UNSPECIFIED.,.F.,.F.) B_SPLINE_CURVE_WITH_KNOTS((4,4),(0.,1.),
.PIECEWISE_BEZIER_KNOTS.) CURVE() GEOMETRIC_REPRESENTATION_ITEM() 
RATIONAL_B_SPLINE_CURVE((1.,1.090235562154,0.878790067642,1.)) 
REPRESENTATION_ITEM('') );
#4670 = CARTESIAN_POINT('',(0.41890055939,-28.2378558251,15.9));
#4671 = CARTESIAN_POINT('',(0.281205590819,-27.09856452361,15.9));
#4672 = CARTESIAN_POINT('',(0.366355932233,-25.22967689598,15.9));
#4673 = CARTESIAN_POINT('',(1.466698587011,-25.15728115784,15.9));
#4674 = PCURVE('',#101,#4675);
#4675 = DEFINITIONAL_REPRESENTATION('',(#4676),#4681);
#4676 = ( BOUNDED_CURVE() B_SPLINE_CURVE(3,(#4677,#4678,#4679,#4680),
.UNSPECIFIED.,.F.,.F.) B_SPLINE_CURVE_WITH_KNOTS((4,4),(0.,1.),
.PIECEWISE_BEZIER_KNOTS.) CURVE() GEOMETRIC_REPRESENTATION_ITEM() 
RATIONAL_B_SPLINE_CURVE((1.,1.090235562154,0.878790067642,1.)) 
REPRESENTATION_ITEM('') );
#4677 = CARTESIAN_POINT('',(0.41890055939,-28.2378558251));
#4678 = CARTESIAN_POINT('',(0.281205590819,-27.09856452361));
#4679 = CARTESIAN_POINT('',(0.366355932233,-25.22967689598));
#4680 = CARTESIAN_POINT('',(1.466698587011,-25.15728115784));
#4681 = ( GEOMETRIC_REPRESENTATION_CONTEXT(2) 
PARAMETRIC_REPRESENTATION_CONTEXT() REPRESENTATION_CONTEXT('2D SPACE',''
  ) );
#4682 = PCURVE('',#2371,#4683);
#4683 = DEFINITIONAL_REPRESENTATION('',(#4684),#4687);
#4684 = B_SPLINE_CURVE_WITH_KNOTS('',1,(#4685,#4686),.UNSPECIFIED.,.F.,
  .F.,(2,2),(0.,1.),.PIECEWISE_BEZIER_KNOTS.);
#4685 = CARTESIAN_POINT('',(1.,0.));
#4686 = CARTESIAN_POINT('',(1.,1.));
#4687 = ( GEOMETRIC_REPRESENTATION_CONTEXT(2) 
PARAMETRIC_REPRESENTATION_CONTEXT() REPRESENTATION_CONTEXT('2D SPACE',''
  ) );
#4688 = ORIENTED_EDGE('',*,*,#4689,.T.);
#4689 = EDGE_CURVE('',#4666,#4690,#4692,.T.);
#4690 = VERTEX_POINT('',#4691);
#4691 = CARTESIAN_POINT('',(3.795845158021,-24.91247798867,15.9));
#4692 = SURFACE_CURVE('',#4693,(#4697,#4704),.PCURVE_S1.);
#4693 = ( BOUNDED_CURVE() B_SPLINE_CURVE(2,(#4694,#4695,#4696),
.UNSPECIFIED.,.F.,.F.) B_SPLINE_CURVE_WITH_KNOTS((3,3),(0.,1.),
.PIECEWISE_BEZIER_KNOTS.) CURVE() GEOMETRIC_REPRESENTATION_ITEM() 
RATIONAL_B_SPLINE_CURVE((1.,0.998919789238,1.)) REPRESENTATION_ITEM('') 
  );
#4694 = CARTESIAN_POINT('',(1.466698587011,-25.15728115784,15.9));
#4695 = CARTESIAN_POINT('',(2.636965753131,-25.08905322859,15.9));
#4696 = CARTESIAN_POINT('',(3.795845158021,-24.91247798867,15.9));
#4697 = PCURVE('',#101,#4698);
#4698 = DEFINITIONAL_REPRESENTATION('',(#4699),#4703);
#4699 = ( BOUNDED_CURVE() B_SPLINE_CURVE(2,(#4700,#4701,#4702),
.UNSPECIFIED.,.F.,.F.) B_SPLINE_CURVE_WITH_KNOTS((3,3),(0.,1.),
.PIECEWISE_BEZIER_KNOTS.) CURVE() GEOMETRIC_REPRESENTATION_ITEM() 
RATIONAL_B_SPLINE_CURVE((1.,0.998919789238,1.)) REPRESENTATION_ITEM('') 
  );
#4700 = CARTESIAN_POINT('',(1.466698587011,-25.15728115784));
#4701 = CARTESIAN_POINT('',(2.636965753131,-25.08905322859));
#4702 = CARTESIAN_POINT('',(3.795845158021,-24.91247798867));
#4703 = ( GEOMETRIC_REPRESENTATION_CONTEXT(2) 
PARAMETRIC_REPRESENTATION_CONTEXT() REPRESENTATION_CONTEXT('2D SPACE',''
  ) );
#4704 = PCURVE('',#2402,#4705);
#4705 = DEFINITIONAL_REPRESENTATION('',(#4706),#4709);
#4706 = B_SPLINE_CURVE_WITH_KNOTS('',1,(#4707,#4708),.UNSPECIFIED.,.F.,
  .F.,(2,2),(0.,1.),.PIECEWISE_BEZIER_KNOTS.);
#4707 = CARTESIAN_POINT('',(1.,0.));
#4708 = CARTESIAN_POINT('',(1.,1.));
#4709 = ( GEOMETRIC_REPRESENTATION_CONTEXT(2) 
PARAMETRIC_REPRESENTATION_CONTEXT() REPRESENTATION_CONTEXT('2D SPACE',''
  ) );
#4710 = ORIENTED_EDGE('',*,*,#4711,.T.);
#4711 = EDGE_CURVE('',#4690,#4712,#4714,.T.);
#4712 = VERTEX_POINT('',#4713);
#4713 = CARTESIAN_POINT('',(5.461233772551,-27.70788524878,15.9));
#4714 = SURFACE_CURVE('',#4715,(#4720,#4728),.PCURVE_S1.);
#4715 = ( BOUNDED_CURVE() B_SPLINE_CURVE(3,(#4716,#4717,#4718,#4719),
.UNSPECIFIED.,.F.,.F.) B_SPLINE_CURVE_WITH_KNOTS((4,4),(0.,1.),
.PIECEWISE_BEZIER_KNOTS.) CURVE() GEOMETRIC_REPRESENTATION_ITEM() 
RATIONAL_B_SPLINE_CURVE((1.,0.878790067642,1.090235562154,1.)) 
REPRESENTATION_ITEM('') );
#4716 = CARTESIAN_POINT('',(3.795845158021,-24.91247798867,15.9));
#4717 = CARTESIAN_POINT('',(4.887194606101,-24.7545176044,15.9));
#4718 = CARTESIAN_POINT('',(5.359047794867,-26.56486180196,15.9));
#4719 = CARTESIAN_POINT('',(5.46123377255,-27.70788524879,15.9));
#4720 = PCURVE('',#101,#4721);
#4721 = DEFINITIONAL_REPRESENTATION('',(#4722),#4727);
#4722 = ( BOUNDED_CURVE() B_SPLINE_CURVE(3,(#4723,#4724,#4725,#4726),
.UNSPECIFIED.,.F.,.F.) B_SPLINE_CURVE_WITH_KNOTS((4,4),(0.,1.),
.PIECEWISE_BEZIER_KNOTS.) CURVE() GEOMETRIC_REPRESENTATION_ITEM() 
RATIONAL_B_SPLINE_CURVE((1.,0.878790067642,1.090235562154,1.)) 
REPRESENTATION_ITEM('') );
#4723 = CARTESIAN_POINT('',(3.795845158021,-24.91247798867));
#4724 = CARTESIAN_POINT('',(4.887194606101,-24.7545176044));
#4725 = CARTESIAN_POINT('',(5.359047794867,-26.56486180196));
#4726 = CARTESIAN_POINT('',(5.46123377255,-27.70788524879));
#4727 = ( GEOMETRIC_REPRESENTATION_CONTEXT(2) 
PARAMETRIC_REPRESENTATION_CONTEXT() REPRESENTATION_CONTEXT('2D SPACE',''
  ) );
#4728 = PCURVE('',#2433,#4729);
#4729 = DEFINITIONAL_REPRESENTATION('',(#4730),#4733);
#4730 = B_SPLINE_CURVE_WITH_KNOTS('',1,(#4731,#4732),.UNSPECIFIED.,.F.,
  .F.,(2,2),(0.,1.),.PIECEWISE_BEZIER_KNOTS.);
#4731 = CARTESIAN_POINT('',(1.,0.));
#4732 = CARTESIAN_POINT('',(1.,1.));
#4733 = ( GEOMETRIC_REPRESENTATION_CONTEXT(2) 
PARAMETRIC_REPRESENTATION_CONTEXT() REPRESENTATION_CONTEXT('2D SPACE',''
  ) );
#4734 = ORIENTED_EDGE('',*,*,#4735,.T.);
#4735 = EDGE_CURVE('',#4712,#4736,#4738,.T.);
#4736 = VERTEX_POINT('',#4737);
#4737 = CARTESIAN_POINT('',(9.250524357516,-32.71739291437,15.9));
#4738 = SURFACE_CURVE('',#4739,(#4744,#4752),.PCURVE_S1.);
#4739 = ( BOUNDED_CURVE() B_SPLINE_CURVE(3,(#4740,#4741,#4742,#4743),
.UNSPECIFIED.,.F.,.F.) B_SPLINE_CURVE_WITH_KNOTS((4,4),(0.,1.),
.PIECEWISE_BEZIER_KNOTS.) CURVE() GEOMETRIC_REPRESENTATION_ITEM() 
RATIONAL_B_SPLINE_CURVE((1.,0.992368104903,1.010655752079,1.)) 
REPRESENTATION_ITEM('') );
#4740 = CARTESIAN_POINT('',(5.461233772552,-27.70788524877,15.9));
#4741 = CARTESIAN_POINT('',(5.969277199989,-29.42299067967,15.9));
#4742 = CARTESIAN_POINT('',(7.66357051626,-31.38865150583,15.9));
#4743 = CARTESIAN_POINT('',(9.250524357516,-32.71739291437,15.9));
#4744 = PCURVE('',#101,#4745);
#4745 = DEFINITIONAL_REPRESENTATION('',(#4746),#4751);
#4746 = ( BOUNDED_CURVE() B_SPLINE_CURVE(3,(#4747,#4748,#4749,#4750),
.UNSPECIFIED.,.F.,.F.) B_SPLINE_CURVE_WITH_KNOTS((4,4),(0.,1.),
.PIECEWISE_BEZIER_KNOTS.) CURVE() GEOMETRIC_REPRESENTATION_ITEM() 
RATIONAL_B_SPLINE_CURVE((1.,0.992368104903,1.010655752079,1.)) 
REPRESENTATION_ITEM('') );
#4747 = CARTESIAN_POINT('',(5.461233772552,-27.70788524877));
#4748 = CARTESIAN_POINT('',(5.969277199989,-29.42299067967));
#4749 = CARTESIAN_POINT('',(7.66357051626,-31.38865150583));
#4750 = CARTESIAN_POINT('',(9.250524357516,-32.71739291437));
#4751 = ( GEOMETRIC_REPRESENTATION_CONTEXT(2) 
PARAMETRIC_REPRESENTATION_CONTEXT() REPRESENTATION_CONTEXT('2D SPACE',''
  ) );
#4752 = PCURVE('',#2466,#4753);
#4753 = DEFINITIONAL_REPRESENTATION('',(#4754),#4757);
#4754 = B_SPLINE_CURVE_WITH_KNOTS('',1,(#4755,#4756),.UNSPECIFIED.,.F.,
  .F.,(2,2),(0.,1.),.PIECEWISE_BEZIER_KNOTS.);
#4755 = CARTESIAN_POINT('',(1.,0.));
#4756 = CARTESIAN_POINT('',(1.,1.));
#4757 = ( GEOMETRIC_REPRESENTATION_CONTEXT(2) 
PARAMETRIC_REPRESENTATION_CONTEXT() REPRESENTATION_CONTEXT('2D SPACE',''
  ) );
#4758 = ORIENTED_EDGE('',*,*,#4759,.T.);
#4759 = EDGE_CURVE('',#4736,#4760,#4762,.T.);
#4760 = VERTEX_POINT('',#4761);
#4761 = CARTESIAN_POINT('',(11.746969636417,-31.90624867269,15.9));
#4762 = SURFACE_CURVE('',#4763,(#4767,#4774),.PCURVE_S1.);
#4763 = ( BOUNDED_CURVE() B_SPLINE_CURVE(2,(#4764,#4765,#4766),
.UNSPECIFIED.,.F.,.F.) B_SPLINE_CURVE_WITH_KNOTS((3,3),(0.,1.),
.PIECEWISE_BEZIER_KNOTS.) CURVE() GEOMETRIC_REPRESENTATION_ITEM() 
RATIONAL_B_SPLINE_CURVE((1.,0.999254675315,1.)) REPRESENTATION_ITEM('') 
  );
#4764 = CARTESIAN_POINT('',(9.250524357516,-32.71739291437,15.9));
#4765 = CARTESIAN_POINT('',(10.514414461403,-32.36004029089,15.9));
#4766 = CARTESIAN_POINT('',(11.746969636417,-31.90624867269,15.9));
#4767 = PCURVE('',#101,#4768);
#4768 = DEFINITIONAL_REPRESENTATION('',(#4769),#4773);
#4769 = ( BOUNDED_CURVE() B_SPLINE_CURVE(2,(#4770,#4771,#4772),
.UNSPECIFIED.,.F.,.F.) B_SPLINE_CURVE_WITH_KNOTS((3,3),(0.,1.),
.PIECEWISE_BEZIER_KNOTS.) CURVE() GEOMETRIC_REPRESENTATION_ITEM() 
RATIONAL_B_SPLINE_CURVE((1.,0.999254675315,1.)) REPRESENTATION_ITEM('') 
  );
#4770 = CARTESIAN_POINT('',(9.250524357516,-32.71739291437));
#4771 = CARTESIAN_POINT('',(10.514414461403,-32.36004029089));
#4772 = CARTESIAN_POINT('',(11.746969636417,-31.90624867269));
#4773 = ( GEOMETRIC_REPRESENTATION_CONTEXT(2) 
PARAMETRIC_REPRESENTATION_CONTEXT() REPRESENTATION_CONTEXT('2D SPACE',''
  ) );
#4774 = PCURVE('',#2497,#4775);
#4775 = DEFINITIONAL_REPRESENTATION('',(#4776),#4779);
#4776 = B_SPLINE_CURVE_WITH_KNOTS('',1,(#4777,#4778),.UNSPECIFIED.,.F.,
  .F.,(2,2),(0.,1.),.PIECEWISE_BEZIER_KNOTS.);
#4777 = CARTESIAN_POINT('',(1.,0.));
#4778 = CARTESIAN_POINT('',(1.,1.));
#4779 = ( GEOMETRIC_REPRESENTATION_CONTEXT(2) 
PARAMETRIC_REPRESENTATION_CONTEXT() REPRESENTATION_CONTEXT('2D SPACE',''
  ) );
#4780 = ORIENTED_EDGE('',*,*,#4781,.T.);
#4781 = EDGE_CURVE('',#4760,#4782,#4784,.T.);
#4782 = VERTEX_POINT('',#4783);
#4783 = CARTESIAN_POINT('',(11.868055389194,-25.62618271527,15.9));
#4784 = SURFACE_CURVE('',#4785,(#4790,#4798),.PCURVE_S1.);
#4785 = ( BOUNDED_CURVE() B_SPLINE_CURVE(3,(#4786,#4787,#4788,#4789),
.UNSPECIFIED.,.F.,.F.) B_SPLINE_CURVE_WITH_KNOTS((4,4),(0.,1.),
.PIECEWISE_BEZIER_KNOTS.) CURVE() GEOMETRIC_REPRESENTATION_ITEM() 
RATIONAL_B_SPLINE_CURVE((1.,1.010655752079,0.992368104903,1.)) 
REPRESENTATION_ITEM('') );
#4786 = CARTESIAN_POINT('',(11.746969636417,-31.90624867269,15.9));
#4787 = CARTESIAN_POINT('',(12.24982765923,-29.89848622809,15.9));
#4788 = CARTESIAN_POINT('',(12.465153300926,-27.31235259019,15.9));
#4789 = CARTESIAN_POINT('',(11.868055389194,-25.62618271527,15.9));
#4790 = PCURVE('',#101,#4791);
#4791 = DEFINITIONAL_REPRESENTATION('',(#4792),#4797);
#4792 = ( BOUNDED_CURVE() B_SPLINE_CURVE(3,(#4793,#4794,#4795,#4796),
.UNSPECIFIED.,.F.,.F.) B_SPLINE_CURVE_WITH_KNOTS((4,4),(0.,1.),
.PIECEWISE_BEZIER_KNOTS.) CURVE() GEOMETRIC_REPRESENTATION_ITEM() 
RATIONAL_B_SPLINE_CURVE((1.,1.010655752079,0.992368104903,1.)) 
REPRESENTATION_ITEM('') );
#4793 = CARTESIAN_POINT('',(11.746969636417,-31.90624867269));
#4794 = CARTESIAN_POINT('',(12.24982765923,-29.89848622809));
#4795 = CARTESIAN_POINT('',(12.465153300926,-27.31235259019));
#4796 = CARTESIAN_POINT('',(11.868055389194,-25.62618271527));
#4797 = ( GEOMETRIC_REPRESENTATION_CONTEXT(2) 
PARAMETRIC_REPRESENTATION_CONTEXT() REPRESENTATION_CONTEXT('2D SPACE',''
  ) );
#4798 = PCURVE('',#2528,#4799);
#4799 = DEFINITIONAL_REPRESENTATION('',(#4800),#4803);
#4800 = B_SPLINE_CURVE_WITH_KNOTS('',1,(#4801,#4802),.UNSPECIFIED.,.F.,
  .F.,(2,2),(0.,1.),.PIECEWISE_BEZIER_KNOTS.);
#4801 = CARTESIAN_POINT('',(1.,0.));
#4802 = CARTESIAN_POINT('',(1.,1.));
#4803 = ( GEOMETRIC_REPRESENTATION_CONTEXT(2) 
PARAMETRIC_REPRESENTATION_CONTEXT() REPRESENTATION_CONTEXT('2D SPACE',''
  ) );
#4804 = ORIENTED_EDGE('',*,*,#4805,.T.);
#4805 = EDGE_CURVE('',#4782,#4806,#4808,.T.);
#4806 = VERTEX_POINT('',#4807);
#4807 = CARTESIAN_POINT('',(11.572283918951,-22.3857598687,15.9));
#4808 = SURFACE_CURVE('',#4809,(#4814,#4822),.PCURVE_S1.);
#4809 = ( BOUNDED_CURVE() B_SPLINE_CURVE(3,(#4810,#4811,#4812,#4813),
.UNSPECIFIED.,.F.,.F.) B_SPLINE_CURVE_WITH_KNOTS((4,4),(0.,1.),
.PIECEWISE_BEZIER_KNOTS.) CURVE() GEOMETRIC_REPRESENTATION_ITEM() 
RATIONAL_B_SPLINE_CURVE((1.,1.090235562154,0.878790067642,1.)) 
REPRESENTATION_ITEM('') );
#4810 = CARTESIAN_POINT('',(11.868055389194,-25.62618271527,15.9));
#4811 = CARTESIAN_POINT('',(11.278873256666,-24.64139391116,15.9));
#4812 = CARTESIAN_POINT('',(10.596516884332,-22.89944634406,15.9));
#4813 = CARTESIAN_POINT('',(11.572283918951,-22.3857598687,15.9));
#4814 = PCURVE('',#101,#4815);
#4815 = DEFINITIONAL_REPRESENTATION('',(#4816),#4821);
#4816 = ( BOUNDED_CURVE() B_SPLINE_CURVE(3,(#4817,#4818,#4819,#4820),
.UNSPECIFIED.,.F.,.F.) B_SPLINE_CURVE_WITH_KNOTS((4,4),(0.,1.),
.PIECEWISE_BEZIER_KNOTS.) CURVE() GEOMETRIC_REPRESENTATION_ITEM() 
RATIONAL_B_SPLINE_CURVE((1.,1.090235562154,0.878790067642,1.)) 
REPRESENTATION_ITEM('') );
#4817 = CARTESIAN_POINT('',(11.868055389194,-25.62618271527));
#4818 = CARTESIAN_POINT('',(11.278873256666,-24.64139391116));
#4819 = CARTESIAN_POINT('',(10.596516884332,-22.89944634406));
#4820 = CARTESIAN_POINT('',(11.572283918951,-22.3857598687));
#4821 = ( GEOMETRIC_REPRESENTATION_CONTEXT(2) 
PARAMETRIC_REPRESENTATION_CONTEXT() REPRESENTATION_CONTEXT('2D SPACE',''
  ) );
#4822 = PCURVE('',#2561,#4823);
#4823 = DEFINITIONAL_REPRESENTATION('',(#4824),#4827);
#4824 = B_SPLINE_CURVE_WITH_KNOTS('',1,(#4825,#4826),.UNSPECIFIED.,.F.,
  .F.,(2,2),(0.,1.),.PIECEWISE_BEZIER_KNOTS.);
#4825 = CARTESIAN_POINT('',(1.,0.));
#4826 = CARTESIAN_POINT('',(1.,1.));
#4827 = ( GEOMETRIC_REPRESENTATION_CONTEXT(2) 
PARAMETRIC_REPRESENTATION_CONTEXT() REPRESENTATION_CONTEXT('2D SPACE',''
  ) );
#4828 = ORIENTED_EDGE('',*,*,#4829,.T.);
#4829 = EDGE_CURVE('',#4806,#4830,#4832,.T.);
#4830 = VERTEX_POINT('',#4831);
#4831 = CARTESIAN_POINT('',(13.600494769839,-21.21477178796,15.9));
#4832 = SURFACE_CURVE('',#4833,(#4837,#4844),.PCURVE_S1.);
#4833 = ( BOUNDED_CURVE() B_SPLINE_CURVE(2,(#4834,#4835,#4836),
.UNSPECIFIED.,.F.,.F.) B_SPLINE_CURVE_WITH_KNOTS((3,3),(0.,1.),
.PIECEWISE_BEZIER_KNOTS.) CURVE() GEOMETRIC_REPRESENTATION_ITEM() 
RATIONAL_B_SPLINE_CURVE((1.,0.998919789238,1.)) REPRESENTATION_ITEM('') 
  );
#4834 = CARTESIAN_POINT('',(11.572283918951,-22.3857598687,15.9));
#4835 = CARTESIAN_POINT('',(12.613625373881,-21.8474400152,15.9));
#4836 = CARTESIAN_POINT('',(13.600494769839,-21.21477178796,15.9));
#4837 = PCURVE('',#101,#4838);
#4838 = DEFINITIONAL_REPRESENTATION('',(#4839),#4843);
#4839 = ( BOUNDED_CURVE() B_SPLINE_CURVE(2,(#4840,#4841,#4842),
.UNSPECIFIED.,.F.,.F.) B_SPLINE_CURVE_WITH_KNOTS((3,3),(0.,1.),
.PIECEWISE_BEZIER_KNOTS.) CURVE() GEOMETRIC_REPRESENTATION_ITEM() 
RATIONAL_B_SPLINE_CURVE((1.,0.998919789238,1.)) REPRESENTATION_ITEM('') 
  );
#4840 = CARTESIAN_POINT('',(11.572283918951,-22.3857598687));
#4841 = CARTESIAN_POINT('',(12.613625373881,-21.8474400152));
#4842 = CARTESIAN_POINT('',(13.600494769839,-21.21477178796));
#4843 = ( GEOMETRIC_REPRESENTATION_CONTEXT(2) 
PARAMETRIC_REPRESENTATION_CONTEXT() REPRESENTATION_CONTEXT('2D SPACE',''
  ) );
#4844 = PCURVE('',#2592,#4845);
#4845 = DEFINITIONAL_REPRESENTATION('',(#4846),#4849);
#4846 = B_SPLINE_CURVE_WITH_KNOTS('',1,(#4847,#4848),.UNSPECIFIED.,.F.,
  .F.,(2,2),(0.,1.),.PIECEWISE_BEZIER_KNOTS.);
#4847 = CARTESIAN_POINT('',(1.,0.));
#4848 = CARTESIAN_POINT('',(1.,1.));
#4849 = ( GEOMETRIC_REPRESENTATION_CONTEXT(2) 
PARAMETRIC_REPRESENTATION_CONTEXT() REPRESENTATION_CONTEXT('2D SPACE',''
  ) );
#4850 = ORIENTED_EDGE('',*,*,#4851,.T.);
#4851 = EDGE_CURVE('',#4830,#4852,#4854,.T.);
#4852 = VERTEX_POINT('',#4853);
#4853 = CARTESIAN_POINT('',(16.258897538859,-23.09112881821,15.9));
#4854 = SURFACE_CURVE('',#4855,(#4860,#4868),.PCURVE_S1.);
#4855 = ( BOUNDED_CURVE() B_SPLINE_CURVE(3,(#4856,#4857,#4858,#4859),
.UNSPECIFIED.,.F.,.F.) B_SPLINE_CURVE_WITH_KNOTS((4,4),(0.,1.),
.PIECEWISE_BEZIER_KNOTS.) CURVE() GEOMETRIC_REPRESENTATION_ITEM() 
RATIONAL_B_SPLINE_CURVE((1.,0.878790067642,1.090235562154,1.)) 
REPRESENTATION_ITEM('') );
#4856 = CARTESIAN_POINT('',(13.600494769839,-21.21477178796,15.9));
#4857 = CARTESIAN_POINT('',(14.533243824396,-20.62657598549,15.9));
#4858 = CARTESIAN_POINT('',(15.700636483394,-22.08848772191,15.9));
#4859 = CARTESIAN_POINT('',(16.258897538862,-23.09112881822,15.9));
#4860 = PCURVE('',#101,#4861);
#4861 = DEFINITIONAL_REPRESENTATION('',(#4862),#4867);
#4862 = ( BOUNDED_CURVE() B_SPLINE_CURVE(3,(#4863,#4864,#4865,#4866),
.UNSPECIFIED.,.F.,.F.) B_SPLINE_CURVE_WITH_KNOTS((4,4),(0.,1.),
.PIECEWISE_BEZIER_KNOTS.) CURVE() GEOMETRIC_REPRESENTATION_ITEM() 
RATIONAL_B_SPLINE_CURVE((1.,0.878790067642,1.090235562154,1.)) 
REPRESENTATION_ITEM('') );
#4863 = CARTESIAN_POINT('',(13.600494769839,-21.21477178796));
#4864 = CARTESIAN_POINT('',(14.533243824396,-20.62657598549));
#4865 = CARTESIAN_POINT('',(15.700636483394,-22.08848772191));
#4866 = CARTESIAN_POINT('',(16.258897538862,-23.09112881822));
#4867 = ( GEOMETRIC_REPRESENTATION_CONTEXT(2) 
PARAMETRIC_REPRESENTATION_CONTEXT() REPRESENTATION_CONTEXT('2D SPACE',''
  ) );
#4868 = PCURVE('',#2623,#4869);
#4869 = DEFINITIONAL_REPRESENTATION('',(#4870),#4873);
#4870 = B_SPLINE_CURVE_WITH_KNOTS('',1,(#4871,#4872),.UNSPECIFIED.,.F.,
  .F.,(2,2),(0.,1.),.PIECEWISE_BEZIER_KNOTS.);
#4871 = CARTESIAN_POINT('',(1.,0.));
#4872 = CARTESIAN_POINT('',(1.,1.));
#4873 = ( GEOMETRIC_REPRESENTATION_CONTEXT(2) 
PARAMETRIC_REPRESENTATION_CONTEXT() REPRESENTATION_CONTEXT('2D SPACE',''
  ) );
#4874 = ORIENTED_EDGE('',*,*,#4875,.T.);
#4875 = EDGE_CURVE('',#4852,#4876,#4878,.T.);
#4876 = VERTEX_POINT('',#4877);
#4877 = CARTESIAN_POINT('',(21.758137071806,-26.12629845896,15.9));
#4878 = SURFACE_CURVE('',#4879,(#4884,#4892),.PCURVE_S1.);
#4879 = ( BOUNDED_CURVE() B_SPLINE_CURVE(3,(#4880,#4881,#4882,#4883),
.UNSPECIFIED.,.F.,.F.) B_SPLINE_CURVE_WITH_KNOTS((4,4),(0.,1.),
.PIECEWISE_BEZIER_KNOTS.) CURVE() GEOMETRIC_REPRESENTATION_ITEM() 
RATIONAL_B_SPLINE_CURVE((1.,0.992368104903,1.010655752079,1.)) 
REPRESENTATION_ITEM('') );
#4880 = CARTESIAN_POINT('',(16.258897538856,-23.0911288182,15.9));
#4881 = CARTESIAN_POINT('',(17.420614529762,-24.45131571576,15.9));
#4882 = CARTESIAN_POINT('',(19.76793477861,-25.55790505891,15.9));
#4883 = CARTESIAN_POINT('',(21.758137071806,-26.12629845896,15.9));
#4884 = PCURVE('',#101,#4885);
#4885 = DEFINITIONAL_REPRESENTATION('',(#4886),#4891);
#4886 = ( BOUNDED_CURVE() B_SPLINE_CURVE(3,(#4887,#4888,#4889,#4890),
.UNSPECIFIED.,.F.,.F.) B_SPLINE_CURVE_WITH_KNOTS((4,4),(0.,1.),
.PIECEWISE_BEZIER_KNOTS.) CURVE() GEOMETRIC_REPRESENTATION_ITEM() 
RATIONAL_B_SPLINE_CURVE((1.,0.992368104903,1.010655752079,1.)) 
REPRESENTATION_ITEM('') );
#4887 = CARTESIAN_POINT('',(16.258897538856,-23.0911288182));
#4888 = CARTESIAN_POINT('',(17.420614529762,-24.45131571576));
#4889 = CARTESIAN_POINT('',(19.76793477861,-25.55790505891));
#4890 = CARTESIAN_POINT('',(21.758137071806,-26.12629845896));
#4891 = ( GEOMETRIC_REPRESENTATION_CONTEXT(2) 
PARAMETRIC_REPRESENTATION_CONTEXT() REPRESENTATION_CONTEXT('2D SPACE',''
  ) );
#4892 = PCURVE('',#2656,#4893);
#4893 = DEFINITIONAL_REPRESENTATION('',(#4894),#4897);
#4894 = B_SPLINE_CURVE_WITH_KNOTS('',1,(#4895,#4896),.UNSPECIFIED.,.F.,
  .F.,(2,2),(0.,1.),.PIECEWISE_BEZIER_KNOTS.);
#4895 = CARTESIAN_POINT('',(1.,0.));
#4896 = CARTESIAN_POINT('',(1.,1.));
#4897 = ( GEOMETRIC_REPRESENTATION_CONTEXT(2) 
PARAMETRIC_REPRESENTATION_CONTEXT() REPRESENTATION_CONTEXT('2D SPACE',''
  ) );
#4898 = ORIENTED_EDGE('',*,*,#4899,.T.);
#4899 = EDGE_CURVE('',#4876,#4900,#4902,.T.);
#4900 = VERTEX_POINT('',#4901);
#4901 = CARTESIAN_POINT('',(23.708831230686,-24.36988554912,15.9));
#4902 = SURFACE_CURVE('',#4903,(#4907,#4914),.PCURVE_S1.);
#4903 = ( BOUNDED_CURVE() B_SPLINE_CURVE(2,(#4904,#4905,#4906),
.UNSPECIFIED.,.F.,.F.) B_SPLINE_CURVE_WITH_KNOTS((3,3),(0.,1.),
.PIECEWISE_BEZIER_KNOTS.) CURVE() GEOMETRIC_REPRESENTATION_ITEM() 
RATIONAL_B_SPLINE_CURVE((1.,0.999254675315,1.)) REPRESENTATION_ITEM('') 
  );
#4904 = CARTESIAN_POINT('',(21.758137071806,-26.12629845896,15.9));
#4905 = CARTESIAN_POINT('',(22.767409728704,-25.28577017494,15.9));
#4906 = CARTESIAN_POINT('',(23.708831230686,-24.36988554912,15.9));
#4907 = PCURVE('',#101,#4908);
#4908 = DEFINITIONAL_REPRESENTATION('',(#4909),#4913);
#4909 = ( BOUNDED_CURVE() B_SPLINE_CURVE(2,(#4910,#4911,#4912),
.UNSPECIFIED.,.F.,.F.) B_SPLINE_CURVE_WITH_KNOTS((3,3),(0.,1.),
.PIECEWISE_BEZIER_KNOTS.) CURVE() GEOMETRIC_REPRESENTATION_ITEM() 
RATIONAL_B_SPLINE_CURVE((1.,0.999254675315,1.)) REPRESENTATION_ITEM('') 
  );
#4910 = CARTESIAN_POINT('',(21.758137071806,-26.12629845896));
#4911 = CARTESIAN_POINT('',(22.767409728704,-25.28577017494));
#4912 = CARTESIAN_POINT('',(23.708831230686,-24.36988554912));
#4913 = ( GEOMETRIC_REPRESENTATION_CONTEXT(2) 
PARAMETRIC_REPRESENTATION_CONTEXT() REPRESENTATION_CONTEXT('2D SPACE',''
  ) );
#4914 = PCURVE('',#2687,#4915);
#4915 = DEFINITIONAL_REPRESENTATION('',(#4916),#4919);
#4916 = B_SPLINE_CURVE_WITH_KNOTS('',1,(#4917,#4918),.UNSPECIFIED.,.F.,
  .F.,(2,2),(0.,1.),.PIECEWISE_BEZIER_KNOTS.);
#4917 = CARTESIAN_POINT('',(1.,0.));
#4918 = CARTESIAN_POINT('',(1.,1.));
#4919 = ( GEOMETRIC_REPRESENTATION_CONTEXT(2) 
PARAMETRIC_REPRESENTATION_CONTEXT() REPRESENTATION_CONTEXT('2D SPACE',''
  ) );
#4920 = ORIENTED_EDGE('',*,*,#4921,.T.);
#4921 = EDGE_CURVE('',#4900,#4922,#4924,.T.);
#4922 = VERTEX_POINT('',#4923);
#4923 = CARTESIAN_POINT('',(21.265115624309,-18.58350980742,15.9));
#4924 = SURFACE_CURVE('',#4925,(#4930,#4938),.PCURVE_S1.);
#4925 = ( BOUNDED_CURVE() B_SPLINE_CURVE(3,(#4926,#4927,#4928,#4929),
.UNSPECIFIED.,.F.,.F.) B_SPLINE_CURVE_WITH_KNOTS((4,4),(0.,1.),
.PIECEWISE_BEZIER_KNOTS.) CURVE() GEOMETRIC_REPRESENTATION_ITEM() 
RATIONAL_B_SPLINE_CURVE((1.,1.010655752079,0.992368104903,1.)) 
REPRESENTATION_ITEM('') );
#4926 = CARTESIAN_POINT('',(23.708831230686,-24.36988554912,15.9));
#4927 = CARTESIAN_POINT('',(23.351584336456,-22.33117250368,15.9));
#4928 = CARTESIAN_POINT('',(22.496418783918,-19.88104103726,15.9));
#4929 = CARTESIAN_POINT('',(21.265115624309,-18.58350980742,15.9));
#4930 = PCURVE('',#101,#4931);
#4931 = DEFINITIONAL_REPRESENTATION('',(#4932),#4937);
#4932 = ( BOUNDED_CURVE() B_SPLINE_CURVE(3,(#4933,#4934,#4935,#4936),
.UNSPECIFIED.,.F.,.F.) B_SPLINE_CURVE_WITH_KNOTS((4,4),(0.,1.),
.PIECEWISE_BEZIER_KNOTS.) CURVE() GEOMETRIC_REPRESENTATION_ITEM() 
RATIONAL_B_SPLINE_CURVE((1.,1.010655752079,0.992368104903,1.)) 
REPRESENTATION_ITEM('') );
#4933 = CARTESIAN_POINT('',(23.708831230686,-24.36988554912));
#4934 = CARTESIAN_POINT('',(23.351584336456,-22.33117250368));
#4935 = CARTESIAN_POINT('',(22.496418783918,-19.88104103726));
#4936 = CARTESIAN_POINT('',(21.265115624309,-18.58350980742));
#4937 = ( GEOMETRIC_REPRESENTATION_CONTEXT(2) 
PARAMETRIC_REPRESENTATION_CONTEXT() REPRESENTATION_CONTEXT('2D SPACE',''
  ) );
#4938 = PCURVE('',#2718,#4939);
#4939 = DEFINITIONAL_REPRESENTATION('',(#4940),#4943);
#4940 = B_SPLINE_CURVE_WITH_KNOTS('',1,(#4941,#4942),.UNSPECIFIED.,.F.,
  .F.,(2,2),(0.,1.),.PIECEWISE_BEZIER_KNOTS.);
#4941 = CARTESIAN_POINT('',(1.,0.));
#4942 = CARTESIAN_POINT('',(1.,1.));
#4943 = ( GEOMETRIC_REPRESENTATION_CONTEXT(2) 
PARAMETRIC_REPRESENTATION_CONTEXT() REPRESENTATION_CONTEXT('2D SPACE',''
  ) );
#4944 = ORIENTED_EDGE('',*,*,#4945,.T.);
#4945 = EDGE_CURVE('',#4922,#4946,#4948,.T.);
#4946 = VERTEX_POINT('',#4947);
#4947 = CARTESIAN_POINT('',(19.676916230405,-15.74353733001,15.9));
#4948 = SURFACE_CURVE('',#4949,(#4954,#4962),.PCURVE_S1.);
#4949 = ( BOUNDED_CURVE() B_SPLINE_CURVE(3,(#4950,#4951,#4952,#4953),
.UNSPECIFIED.,.F.,.F.) B_SPLINE_CURVE_WITH_KNOTS((4,4),(0.,1.),
.PIECEWISE_BEZIER_KNOTS.) CURVE() GEOMETRIC_REPRESENTATION_ITEM() 
RATIONAL_B_SPLINE_CURVE((1.,1.090235562154,0.878790067642,1.)) 
REPRESENTATION_ITEM('') );
#4950 = CARTESIAN_POINT('',(21.265115624309,-18.58350980742,15.9));
#4951 = CARTESIAN_POINT('',(20.326321271089,-17.92350243143,15.9));
#4952 = CARTESIAN_POINT('',(18.994443800795,-16.60969348432,15.9));
#4953 = CARTESIAN_POINT('',(19.676916230405,-15.74353733001,15.9));
#4954 = PCURVE('',#101,#4955);
#4955 = DEFINITIONAL_REPRESENTATION('',(#4956),#4961);
#4956 = ( BOUNDED_CURVE() B_SPLINE_CURVE(3,(#4957,#4958,#4959,#4960),
.UNSPECIFIED.,.F.,.F.) B_SPLINE_CURVE_WITH_KNOTS((4,4),(0.,1.),
.PIECEWISE_BEZIER_KNOTS.) CURVE() GEOMETRIC_REPRESENTATION_ITEM() 
RATIONAL_B_SPLINE_CURVE((1.,1.090235562154,0.878790067642,1.)) 
REPRESENTATION_ITEM('') );
#4957 = CARTESIAN_POINT('',(21.265115624309,-18.58350980742));
#4958 = CARTESIAN_POINT('',(20.326321271089,-17.92350243143));
#4959 = CARTESIAN_POINT('',(18.994443800795,-16.60969348432));
#4960 = CARTESIAN_POINT('',(19.676916230405,-15.74353733001));
#4961 = ( GEOMETRIC_REPRESENTATION_CONTEXT(2) 
PARAMETRIC_REPRESENTATION_CONTEXT() REPRESENTATION_CONTEXT('2D SPACE',''
  ) );
#4962 = PCURVE('',#2751,#4963);
#4963 = DEFINITIONAL_REPRESENTATION('',(#4964),#4967);
#4964 = B_SPLINE_CURVE_WITH_KNOTS('',1,(#4965,#4966),.UNSPECIFIED.,.F.,
  .F.,(2,2),(0.,1.),.PIECEWISE_BEZIER_KNOTS.);
#4965 = CARTESIAN_POINT('',(1.,0.));
#4966 = CARTESIAN_POINT('',(1.,1.));
#4967 = ( GEOMETRIC_REPRESENTATION_CONTEXT(2) 
PARAMETRIC_REPRESENTATION_CONTEXT() REPRESENTATION_CONTEXT('2D SPACE',''
  ) );
#4968 = ORIENTED_EDGE('',*,*,#4969,.T.);
#4969 = EDGE_CURVE('',#4946,#4970,#4972,.T.);
#4970 = VERTEX_POINT('',#4971);
#4971 = CARTESIAN_POINT('',(21.053495279336,-13.84883881496,15.9));
#4972 = SURFACE_CURVE('',#4973,(#4977,#4984),.PCURVE_S1.);
#4973 = ( BOUNDED_CURVE() B_SPLINE_CURVE(2,(#4974,#4975,#4976),
.UNSPECIFIED.,.F.,.F.) B_SPLINE_CURVE_WITH_KNOTS((3,3),(0.,1.),
.PIECEWISE_BEZIER_KNOTS.) CURVE() GEOMETRIC_REPRESENTATION_ITEM() 
RATIONAL_B_SPLINE_CURVE((1.,0.998919789238,1.)) REPRESENTATION_ITEM('') 
  );
#4974 = CARTESIAN_POINT('',(19.676916230405,-15.74353733001,15.9));
#4975 = CARTESIAN_POINT('',(20.409274576297,-14.82820594541,15.9));
#4976 = CARTESIAN_POINT('',(21.053495279336,-13.84883881496,15.9));
#4977 = PCURVE('',#101,#4978);
#4978 = DEFINITIONAL_REPRESENTATION('',(#4979),#4983);
#4979 = ( BOUNDED_CURVE() B_SPLINE_CURVE(2,(#4980,#4981,#4982),
.UNSPECIFIED.,.F.,.F.) B_SPLINE_CURVE_WITH_KNOTS((3,3),(0.,1.),
.PIECEWISE_BEZIER_KNOTS.) CURVE() GEOMETRIC_REPRESENTATION_ITEM() 
RATIONAL_B_SPLINE_CURVE((1.,0.998919789238,1.)) REPRESENTATION_ITEM('') 
  );
#4980 = CARTESIAN_POINT('',(19.676916230405,-15.74353733001));
#4981 = CARTESIAN_POINT('',(20.409274576297,-14.82820594541));
#4982 = CARTESIAN_POINT('',(21.053495279336,-13.84883881496));
#4983 = ( GEOMETRIC_REPRESENTATION_CONTEXT(2) 
PARAMETRIC_REPRESENTATION_CONTEXT() REPRESENTATION_CONTEXT('2D SPACE',''
  ) );
#4984 = PCURVE('',#2782,#4985);
#4985 = DEFINITIONAL_REPRESENTATION('',(#4986),#4989);
#4986 = B_SPLINE_CURVE_WITH_KNOTS('',1,(#4987,#4988),.UNSPECIFIED.,.F.,
  .F.,(2,2),(0.,1.),.PIECEWISE_BEZIER_KNOTS.);
#4987 = CARTESIAN_POINT('',(1.,0.));
#4988 = CARTESIAN_POINT('',(1.,1.));
#4989 = ( GEOMETRIC_REPRESENTATION_CONTEXT(2) 
PARAMETRIC_REPRESENTATION_CONTEXT() REPRESENTATION_CONTEXT('2D SPACE',''
  ) );
#4990 = ORIENTED_EDGE('',*,*,#4991,.T.);
#4991 = EDGE_CURVE('',#4970,#4992,#4994,.T.);
#4992 = VERTEX_POINT('',#4993);
#4993 = CARTESIAN_POINT('',(24.245250213252,-14.48170643864,15.9));
#4994 = SURFACE_CURVE('',#4995,(#5000,#5008),.PCURVE_S1.);
#4995 = ( BOUNDED_CURVE() B_SPLINE_CURVE(3,(#4996,#4997,#4998,#4999),
.UNSPECIFIED.,.F.,.F.) B_SPLINE_CURVE_WITH_KNOTS((4,4),(0.,1.),
.PIECEWISE_BEZIER_KNOTS.) CURVE() GEOMETRIC_REPRESENTATION_ITEM() 
RATIONAL_B_SPLINE_CURVE((1.,0.878790067642,1.090235562154,1.)) 
REPRESENTATION_ITEM('') );
#4996 = CARTESIAN_POINT('',(21.053495279336,-13.84883881496,15.9));
#4997 = CARTESIAN_POINT('',(21.666363155079,-12.93211199213,15.9));
#4998 = CARTESIAN_POINT('',(23.327442488136,-13.79281344714,15.9));
#4999 = CARTESIAN_POINT('',(24.245250213258,-14.48170643865,15.9));
#5000 = PCURVE('',#101,#5001);
#5001 = DEFINITIONAL_REPRESENTATION('',(#5002),#5007);
#5002 = ( BOUNDED_CURVE() B_SPLINE_CURVE(3,(#5003,#5004,#5005,#5006),
.UNSPECIFIED.,.F.,.F.) B_SPLINE_CURVE_WITH_KNOTS((4,4),(0.,1.),
.PIECEWISE_BEZIER_KNOTS.) CURVE() GEOMETRIC_REPRESENTATION_ITEM() 
RATIONAL_B_SPLINE_CURVE((1.,0.878790067642,1.090235562154,1.)) 
REPRESENTATION_ITEM('') );
#5003 = CARTESIAN_POINT('',(21.053495279336,-13.84883881496));
#5004 = CARTESIAN_POINT('',(21.666363155079,-12.93211199213));
#5005 = CARTESIAN_POINT('',(23.327442488136,-13.79281344714));
#5006 = CARTESIAN_POINT('',(24.245250213258,-14.48170643865));
#5007 = ( GEOMETRIC_REPRESENTATION_CONTEXT(2) 
PARAMETRIC_REPRESENTATION_CONTEXT() REPRESENTATION_CONTEXT('2D SPACE',''
  ) );
#5008 = PCURVE('',#2813,#5009);
#5009 = DEFINITIONAL_REPRESENTATION('',(#5010),#5013);
#5010 = B_SPLINE_CURVE_WITH_KNOTS('',1,(#5011,#5012),.UNSPECIFIED.,.F.,
  .F.,(2,2),(0.,1.),.PIECEWISE_BEZIER_KNOTS.);
#5011 = CARTESIAN_POINT('',(1.,0.));
#5012 = CARTESIAN_POINT('',(1.,1.));
#5013 = ( GEOMETRIC_REPRESENTATION_CONTEXT(2) 
PARAMETRIC_REPRESENTATION_CONTEXT() REPRESENTATION_CONTEXT('2D SPACE',''
  ) );
#5014 = ORIENTED_EDGE('',*,*,#5015,.T.);
#5015 = EDGE_CURVE('',#4992,#5016,#5018,.T.);
#5016 = VERTEX_POINT('',#5017);
#5017 = CARTESIAN_POINT('',(30.50357021991,-15.01772965003,15.9));
#5018 = SURFACE_CURVE('',#5019,(#5024,#5032),.PCURVE_S1.);
#5019 = ( BOUNDED_CURVE() B_SPLINE_CURVE(3,(#5020,#5021,#5022,#5023),
.UNSPECIFIED.,.F.,.F.) B_SPLINE_CURVE_WITH_KNOTS((4,4),(0.,1.),
.PIECEWISE_BEZIER_KNOTS.) CURVE() GEOMETRIC_REPRESENTATION_ITEM() 
RATIONAL_B_SPLINE_CURVE((1.,0.992368104903,1.010655752079,1.)) 
REPRESENTATION_ITEM('') );
#5020 = CARTESIAN_POINT('',(24.245250213245,-14.48170643864,15.9));
#5021 = CARTESIAN_POINT('',(25.859769346024,-15.25178613137,15.9));
#5022 = CARTESIAN_POINT('',(28.45424353169,-15.30796464104,15.9));
#5023 = CARTESIAN_POINT('',(30.50357021991,-15.01772965003,15.9));
#5024 = PCURVE('',#101,#5025);
#5025 = DEFINITIONAL_REPRESENTATION('',(#5026),#5031);
#5026 = ( BOUNDED_CURVE() B_SPLINE_CURVE(3,(#5027,#5028,#5029,#5030),
.UNSPECIFIED.,.F.,.F.) B_SPLINE_CURVE_WITH_KNOTS((4,4),(0.,1.),
.PIECEWISE_BEZIER_KNOTS.) CURVE() GEOMETRIC_REPRESENTATION_ITEM() 
RATIONAL_B_SPLINE_CURVE((1.,0.992368104903,1.010655752079,1.)) 
REPRESENTATION_ITEM('') );
#5027 = CARTESIAN_POINT('',(24.245250213245,-14.48170643864));
#5028 = CARTESIAN_POINT('',(25.859769346024,-15.25178613137));
#5029 = CARTESIAN_POINT('',(28.45424353169,-15.30796464104));
#5030 = CARTESIAN_POINT('',(30.50357021991,-15.01772965003));
#5031 = ( GEOMETRIC_REPRESENTATION_CONTEXT(2) 
PARAMETRIC_REPRESENTATION_CONTEXT() REPRESENTATION_CONTEXT('2D SPACE',''
  ) );
#5032 = PCURVE('',#2846,#5033);
#5033 = DEFINITIONAL_REPRESENTATION('',(#5034),#5037);
#5034 = B_SPLINE_CURVE_WITH_KNOTS('',1,(#5035,#5036),.UNSPECIFIED.,.F.,
  .F.,(2,2),(0.,1.),.PIECEWISE_BEZIER_KNOTS.);
#5035 = CARTESIAN_POINT('',(1.,0.));
#5036 = CARTESIAN_POINT('',(1.,1.));
#5037 = ( GEOMETRIC_REPRESENTATION_CONTEXT(2) 
PARAMETRIC_REPRESENTATION_CONTEXT() REPRESENTATION_CONTEXT('2D SPACE',''
  ) );
#5038 = ORIENTED_EDGE('',*,*,#5039,.T.);
#5039 = EDGE_CURVE('',#5016,#5040,#5042,.T.);
#5040 = VERTEX_POINT('',#5041);
#5041 = CARTESIAN_POINT('',(31.5712205172,-12.61974782065,15.9));
#5042 = SURFACE_CURVE('',#5043,(#5047,#5054),.PCURVE_S1.);
#5043 = ( BOUNDED_CURVE() B_SPLINE_CURVE(2,(#5044,#5045,#5046),
.UNSPECIFIED.,.F.,.F.) B_SPLINE_CURVE_WITH_KNOTS((3,3),(0.,1.),
.PIECEWISE_BEZIER_KNOTS.) CURVE() GEOMETRIC_REPRESENTATION_ITEM() 
RATIONAL_B_SPLINE_CURVE((1.,0.999254675315,1.)) REPRESENTATION_ITEM('') 
  );
#5044 = CARTESIAN_POINT('',(30.50357021991,-15.01772965003,15.9));
#5045 = CARTESIAN_POINT('',(31.083713018488,-13.83936068172,15.9));
#5046 = CARTESIAN_POINT('',(31.5712205172,-12.61974782065,15.9));
#5047 = PCURVE('',#101,#5048);
#5048 = DEFINITIONAL_REPRESENTATION('',(#5049),#5053);
#5049 = ( BOUNDED_CURVE() B_SPLINE_CURVE(2,(#5050,#5051,#5052),
.UNSPECIFIED.,.F.,.F.) B_SPLINE_CURVE_WITH_KNOTS((3,3),(0.,1.),
.PIECEWISE_BEZIER_KNOTS.) CURVE() GEOMETRIC_REPRESENTATION_ITEM() 
RATIONAL_B_SPLINE_CURVE((1.,0.999254675315,1.)) REPRESENTATION_ITEM('') 
  );
#5050 = CARTESIAN_POINT('',(30.50357021991,-15.01772965003));
#5051 = CARTESIAN_POINT('',(31.083713018488,-13.83936068172));
#5052 = CARTESIAN_POINT('',(31.5712205172,-12.61974782065));
#5053 = ( GEOMETRIC_REPRESENTATION_CONTEXT(2) 
PARAMETRIC_REPRESENTATION_CONTEXT() REPRESENTATION_CONTEXT('2D SPACE',''
  ) );
#5054 = PCURVE('',#2877,#5055);
#5055 = DEFINITIONAL_REPRESENTATION('',(#5056),#5059);
#5056 = B_SPLINE_CURVE_WITH_KNOTS('',1,(#5057,#5058),.UNSPECIFIED.,.F.,
  .F.,(2,2),(0.,1.),.PIECEWISE_BEZIER_KNOTS.);
#5057 = CARTESIAN_POINT('',(1.,0.));
#5058 = CARTESIAN_POINT('',(1.,1.));
#5059 = ( GEOMETRIC_REPRESENTATION_CONTEXT(2) 
PARAMETRIC_REPRESENTATION_CONTEXT() REPRESENTATION_CONTEXT('2D SPACE',''
  ) );
#5060 = ORIENTED_EDGE('',*,*,#5061,.T.);
#5061 = EDGE_CURVE('',#5040,#2985,#5062,.T.);
#5062 = SURFACE_CURVE('',#5063,(#5068,#5076),.PCURVE_S1.);
#5063 = ( BOUNDED_CURVE() B_SPLINE_CURVE(3,(#5064,#5065,#5066,#5067),
.UNSPECIFIED.,.F.,.F.) B_SPLINE_CURVE_WITH_KNOTS((4,4),(0.,1.),
.PIECEWISE_BEZIER_KNOTS.) CURVE() GEOMETRIC_REPRESENTATION_ITEM() 
RATIONAL_B_SPLINE_CURVE((1.,1.010655752079,0.992368104903,1.)) 
REPRESENTATION_ITEM('') );
#5064 = CARTESIAN_POINT('',(31.5712205172,-12.61974782065,15.9));
#5065 = CARTESIAN_POINT('',(30.415639939424,-10.90259618106,15.9));
#5066 = CARTESIAN_POINT('',(28.637849085621,-9.012116875397,15.9));
#5067 = CARTESIAN_POINT('',(26.98524418047,-8.327579227979,15.9));
#5068 = PCURVE('',#101,#5069);
#5069 = DEFINITIONAL_REPRESENTATION('',(#5070),#5075);
#5070 = ( BOUNDED_CURVE() B_SPLINE_CURVE(3,(#5071,#5072,#5073,#5074),
.UNSPECIFIED.,.F.,.F.) B_SPLINE_CURVE_WITH_KNOTS((4,4),(0.,1.),
.PIECEWISE_BEZIER_KNOTS.) CURVE() GEOMETRIC_REPRESENTATION_ITEM() 
RATIONAL_B_SPLINE_CURVE((1.,1.010655752079,0.992368104903,1.)) 
REPRESENTATION_ITEM('') );
#5071 = CARTESIAN_POINT('',(31.5712205172,-12.61974782065));
#5072 = CARTESIAN_POINT('',(30.415639939424,-10.90259618106));
#5073 = CARTESIAN_POINT('',(28.637849085621,-9.012116875397));
#5074 = CARTESIAN_POINT('',(26.98524418047,-8.327579227979));
#5075 = ( GEOMETRIC_REPRESENTATION_CONTEXT(2) 
PARAMETRIC_REPRESENTATION_CONTEXT() REPRESENTATION_CONTEXT('2D SPACE',''
  ) );
#5076 = PCURVE('',#2908,#5077);
#5077 = DEFINITIONAL_REPRESENTATION('',(#5078),#5081);
#5078 = B_SPLINE_CURVE_WITH_KNOTS('',1,(#5079,#5080),.UNSPECIFIED.,.F.,
  .F.,(2,2),(0.,1.),.PIECEWISE_BEZIER_KNOTS.);
#5079 = CARTESIAN_POINT('',(1.,0.));
#5080 = CARTESIAN_POINT('',(1.,1.));
#5081 = ( GEOMETRIC_REPRESENTATION_CONTEXT(2) 
PARAMETRIC_REPRESENTATION_CONTEXT() REPRESENTATION_CONTEXT('2D SPACE',''
  ) );
#5082 = ORIENTED_EDGE('',*,*,#3004,.T.);
#5083 = FACE_BOUND('',#5084,.T.);
#5084 = EDGE_LOOP('',(#5085));
#5085 = ORIENTED_EDGE('',*,*,#5086,.T.);
#5086 = EDGE_CURVE('',#5087,#5087,#5089,.T.);
#5087 = VERTEX_POINT('',#5088);
#5088 = CARTESIAN_POINT('',(-4.25,-1.040949779275E-15,15.9));
#5089 = SURFACE_CURVE('',#5090,(#5095,#5106),.PCURVE_S1.);
#5090 = CIRCLE('',#5091,4.25);
#5091 = AXIS2_PLACEMENT_3D('',#5092,#5093,#5094);
#5092 = CARTESIAN_POINT('',(0.,0.,15.9));
#5093 = DIRECTION('',(0.,0.,-1.));
#5094 = DIRECTION('',(-1.,0.,0.));
#5095 = PCURVE('',#101,#5096);
#5096 = DEFINITIONAL_REPRESENTATION('',(#5097),#5105);
#5097 = ( BOUNDED_CURVE() B_SPLINE_CURVE(2,(#5098,#5099,#5100,#5101,
#5102,#5103,#5104),.UNSPECIFIED.,.T.,.F.) B_SPLINE_CURVE_WITH_KNOTS((1,2
    ,2,2,2,1),(-2.094395102393,0.,2.094395102393,4.188790204786,
6.28318530718,8.377580409573),.UNSPECIFIED.) CURVE() 
GEOMETRIC_REPRESENTATION_ITEM() RATIONAL_B_SPLINE_CURVE((1.,0.5,1.,0.5,
1.,0.5,1.)) REPRESENTATION_ITEM('') );
#5098 = CARTESIAN_POINT('',(-4.25,6.655355637683E-16));
#5099 = CARTESIAN_POINT('',(-4.25,7.361215932168));
#5100 = CARTESIAN_POINT('',(2.125,3.680607966084));
#5101 = CARTESIAN_POINT('',(8.5,1.706485343044E-15));
#5102 = CARTESIAN_POINT('',(2.125,-3.680607966084));
#5103 = CARTESIAN_POINT('',(-4.25,-7.361215932168));
#5104 = CARTESIAN_POINT('',(-4.25,6.655355637683E-16));
#5105 = ( GEOMETRIC_REPRESENTATION_CONTEXT(2) 
PARAMETRIC_REPRESENTATION_CONTEXT() REPRESENTATION_CONTEXT('2D SPACE',''
  ) );
#5106 = PCURVE('',#2968,#5107);
#5107 = DEFINITIONAL_REPRESENTATION('',(#5108),#5112);
#5108 = LINE('',#5109,#5110);
#5109 = CARTESIAN_POINT('',(0.,0.));
#5110 = VECTOR('',#5111,1.);
#5111 = DIRECTION('',(1.,0.));
#5112 = ( GEOMETRIC_REPRESENTATION_CONTEXT(2) 
PARAMETRIC_REPRESENTATION_CONTEXT() REPRESENTATION_CONTEXT('2D SPACE',''
  ) );
#5113 = ADVANCED_FACE('',(#5114),#125,.F.);
#5114 = FACE_BOUND('',#5115,.F.);
#5115 = EDGE_LOOP('',(#5116,#5117,#5118,#5119));
#5116 = ORIENTED_EDGE('',*,*,#144,.F.);
#5117 = ORIENTED_EDGE('',*,*,#113,.T.);
#5118 = ORIENTED_EDGE('',*,*,#3031,.T.);
#5119 = ORIENTED_EDGE('',*,*,#5120,.F.);
#5120 = EDGE_CURVE('',#145,#3032,#5121,.T.);
#5121 = SURFACE_CURVE('',#5122,(#5125,#5131),.PCURVE_S1.);
#5122 = B_SPLINE_CURVE_WITH_KNOTS('',1,(#5123,#5124),.UNSPECIFIED.,.F.,
  .F.,(2,2),(0.,1.),.PIECEWISE_BEZIER_KNOTS.);
#5123 = CARTESIAN_POINT('',(28.039378864581,-3.368265453666,0.));
#5124 = CARTESIAN_POINT('',(28.039378864581,-3.368265453666,15.9));
#5125 = PCURVE('',#125,#5126);
#5126 = DEFINITIONAL_REPRESENTATION('',(#5127),#5130);
#5127 = B_SPLINE_CURVE_WITH_KNOTS('',1,(#5128,#5129),.UNSPECIFIED.,.F.,
  .F.,(2,2),(0.,1.),.PIECEWISE_BEZIER_KNOTS.);
#5128 = CARTESIAN_POINT('',(0.,1.));
#5129 = CARTESIAN_POINT('',(1.,1.));
#5130 = ( GEOMETRIC_REPRESENTATION_CONTEXT(2) 
PARAMETRIC_REPRESENTATION_CONTEXT() REPRESENTATION_CONTEXT('2D SPACE',''
  ) );
#5131 = PCURVE('',#186,#5132);
#5132 = DEFINITIONAL_REPRESENTATION('',(#5133),#5136);
#5133 = B_SPLINE_CURVE_WITH_KNOTS('',1,(#5134,#5135),.UNSPECIFIED.,.F.,
  .F.,(2,2),(0.,1.),.PIECEWISE_BEZIER_KNOTS.);
#5134 = CARTESIAN_POINT('',(0.,0.));
#5135 = CARTESIAN_POINT('',(1.,0.));
#5136 = ( GEOMETRIC_REPRESENTATION_CONTEXT(2) 
PARAMETRIC_REPRESENTATION_CONTEXT() REPRESENTATION_CONTEXT('2D SPACE',''
  ) );
#5137 = ADVANCED_FACE('',(#5138),#2908,.F.);
#5138 = FACE_BOUND('',#5139,.F.);
#5139 = EDGE_LOOP('',(#5140,#5141,#5159,#5160));
#5140 = ORIENTED_EDGE('',*,*,#2890,.F.);
#5141 = ORIENTED_EDGE('',*,*,#5142,.T.);
#5142 = EDGE_CURVE('',#2862,#5040,#5143,.T.);
#5143 = SURFACE_CURVE('',#5144,(#5147,#5153),.PCURVE_S1.);
#5144 = B_SPLINE_CURVE_WITH_KNOTS('',1,(#5145,#5146),.UNSPECIFIED.,.F.,
  .F.,(2,2),(0.,1.),.PIECEWISE_BEZIER_KNOTS.);
#5145 = CARTESIAN_POINT('',(31.5712205172,-12.61974782065,0.));
#5146 = CARTESIAN_POINT('',(31.5712205172,-12.61974782065,15.9));
#5147 = PCURVE('',#2908,#5148);
#5148 = DEFINITIONAL_REPRESENTATION('',(#5149),#5152);
#5149 = B_SPLINE_CURVE_WITH_KNOTS('',1,(#5150,#5151),.UNSPECIFIED.,.F.,
  .F.,(2,2),(0.,1.),.PIECEWISE_BEZIER_KNOTS.);
#5150 = CARTESIAN_POINT('',(0.,0.));
#5151 = CARTESIAN_POINT('',(1.,0.));
#5152 = ( GEOMETRIC_REPRESENTATION_CONTEXT(2) 
PARAMETRIC_REPRESENTATION_CONTEXT() REPRESENTATION_CONTEXT('2D SPACE',''
  ) );
#5153 = PCURVE('',#2877,#5154);
#5154 = DEFINITIONAL_REPRESENTATION('',(#5155),#5158);
#5155 = B_SPLINE_CURVE_WITH_KNOTS('',1,(#5156,#5157),.UNSPECIFIED.,.F.,
  .F.,(2,2),(0.,1.),.PIECEWISE_BEZIER_KNOTS.);
#5156 = CARTESIAN_POINT('',(0.,1.));
#5157 = CARTESIAN_POINT('',(1.,1.));
#5158 = ( GEOMETRIC_REPRESENTATION_CONTEXT(2) 
PARAMETRIC_REPRESENTATION_CONTEXT() REPRESENTATION_CONTEXT('2D SPACE',''
  ) );
#5159 = ORIENTED_EDGE('',*,*,#5061,.T.);
#5160 = ORIENTED_EDGE('',*,*,#2984,.F.);
#5161 = ADVANCED_FACE('',(#5162),#186,.F.);
#5162 = FACE_BOUND('',#5163,.F.);
#5163 = EDGE_LOOP('',(#5164,#5165,#5166,#5167));
#5164 = ORIENTED_EDGE('',*,*,#168,.F.);
#5165 = ORIENTED_EDGE('',*,*,#5120,.T.);
#5166 = ORIENTED_EDGE('',*,*,#3055,.T.);
#5167 = ORIENTED_EDGE('',*,*,#5168,.F.);
#5168 = EDGE_CURVE('',#169,#3056,#5169,.T.);
#5169 = SURFACE_CURVE('',#5170,(#5173,#5179),.PCURVE_S1.);
#5170 = B_SPLINE_CURVE_WITH_KNOTS('',1,(#5171,#5172),.UNSPECIFIED.,.F.,
  .F.,(2,2),(0.,1.),.PIECEWISE_BEZIER_KNOTS.);
#5171 = CARTESIAN_POINT('',(33.974658960756,-1.312458952821,0.));
#5172 = CARTESIAN_POINT('',(33.974658960756,-1.312458952821,15.9));
#5173 = PCURVE('',#186,#5174);
#5174 = DEFINITIONAL_REPRESENTATION('',(#5175),#5178);
#5175 = B_SPLINE_CURVE_WITH_KNOTS('',1,(#5176,#5177),.UNSPECIFIED.,.F.,
  .F.,(2,2),(0.,1.),.PIECEWISE_BEZIER_KNOTS.);
#5176 = CARTESIAN_POINT('',(0.,1.));
#5177 = CARTESIAN_POINT('',(1.,1.));
#5178 = ( GEOMETRIC_REPRESENTATION_CONTEXT(2) 
PARAMETRIC_REPRESENTATION_CONTEXT() REPRESENTATION_CONTEXT('2D SPACE',''
  ) );
#5179 = PCURVE('',#217,#5180);
#5180 = DEFINITIONAL_REPRESENTATION('',(#5181),#5184);
#5181 = B_SPLINE_CURVE_WITH_KNOTS('',1,(#5182,#5183),.UNSPECIFIED.,.F.,
  .F.,(2,2),(0.,1.),.PIECEWISE_BEZIER_KNOTS.);
#5182 = CARTESIAN_POINT('',(0.,0.));
#5183 = CARTESIAN_POINT('',(1.,0.));
#5184 = ( GEOMETRIC_REPRESENTATION_CONTEXT(2) 
PARAMETRIC_REPRESENTATION_CONTEXT() REPRESENTATION_CONTEXT('2D SPACE',''
  ) );
#5185 = ADVANCED_FACE('',(#5186),#2877,.F.);
#5186 = FACE_BOUND('',#5187,.F.);
#5187 = EDGE_LOOP('',(#5188,#5189,#5207,#5208));
#5188 = ORIENTED_EDGE('',*,*,#2861,.F.);
#5189 = ORIENTED_EDGE('',*,*,#5190,.T.);
#5190 = EDGE_CURVE('',#2829,#5016,#5191,.T.);
#5191 = SURFACE_CURVE('',#5192,(#5195,#5201),.PCURVE_S1.);
#5192 = B_SPLINE_CURVE_WITH_KNOTS('',1,(#5193,#5194),.UNSPECIFIED.,.F.,
  .F.,(2,2),(0.,1.),.PIECEWISE_BEZIER_KNOTS.);
#5193 = CARTESIAN_POINT('',(30.50357021991,-15.01772965003,0.));
#5194 = CARTESIAN_POINT('',(30.50357021991,-15.01772965003,15.9));
#5195 = PCURVE('',#2877,#5196);
#5196 = DEFINITIONAL_REPRESENTATION('',(#5197),#5200);
#5197 = B_SPLINE_CURVE_WITH_KNOTS('',1,(#5198,#5199),.UNSPECIFIED.,.F.,
  .F.,(2,2),(0.,1.),.PIECEWISE_BEZIER_KNOTS.);
#5198 = CARTESIAN_POINT('',(0.,0.));
#5199 = CARTESIAN_POINT('',(1.,0.));
#5200 = ( GEOMETRIC_REPRESENTATION_CONTEXT(2) 
PARAMETRIC_REPRESENTATION_CONTEXT() REPRESENTATION_CONTEXT('2D SPACE',''
  ) );
#5201 = PCURVE('',#2846,#5202);
#5202 = DEFINITIONAL_REPRESENTATION('',(#5203),#5206);
#5203 = B_SPLINE_CURVE_WITH_KNOTS('',1,(#5204,#5205),.UNSPECIFIED.,.F.,
  .F.,(2,2),(0.,1.),.PIECEWISE_BEZIER_KNOTS.);
#5204 = CARTESIAN_POINT('',(0.,1.));
#5205 = CARTESIAN_POINT('',(1.,1.));
#5206 = ( GEOMETRIC_REPRESENTATION_CONTEXT(2) 
PARAMETRIC_REPRESENTATION_CONTEXT() REPRESENTATION_CONTEXT('2D SPACE',''
  ) );
#5207 = ORIENTED_EDGE('',*,*,#5039,.T.);
#5208 = ORIENTED_EDGE('',*,*,#5142,.F.);
#5209 = ADVANCED_FACE('',(#5210),#217,.F.);
#5210 = FACE_BOUND('',#5211,.F.);
#5211 = EDGE_LOOP('',(#5212,#5213,#5214,#5215));
#5212 = ORIENTED_EDGE('',*,*,#201,.F.);
#5213 = ORIENTED_EDGE('',*,*,#5168,.T.);
#5214 = ORIENTED_EDGE('',*,*,#3079,.T.);
#5215 = ORIENTED_EDGE('',*,*,#5216,.F.);
#5216 = EDGE_CURVE('',#202,#3080,#5217,.T.);
#5217 = SURFACE_CURVE('',#5218,(#5221,#5227),.PCURVE_S1.);
#5218 = B_SPLINE_CURVE_WITH_KNOTS('',1,(#5219,#5220),.UNSPECIFIED.,.F.,
  .F.,(2,2),(0.,1.),.PIECEWISE_BEZIER_KNOTS.);
#5219 = CARTESIAN_POINT('',(33.974658960756,1.312458952821,0.));
#5220 = CARTESIAN_POINT('',(33.974658960756,1.312458952821,15.9));
#5221 = PCURVE('',#217,#5222);
#5222 = DEFINITIONAL_REPRESENTATION('',(#5223),#5226);
#5223 = B_SPLINE_CURVE_WITH_KNOTS('',1,(#5224,#5225),.UNSPECIFIED.,.F.,
  .F.,(2,2),(0.,1.),.PIECEWISE_BEZIER_KNOTS.);
#5224 = CARTESIAN_POINT('',(0.,1.));
#5225 = CARTESIAN_POINT('',(1.,1.));
#5226 = ( GEOMETRIC_REPRESENTATION_CONTEXT(2) 
PARAMETRIC_REPRESENTATION_CONTEXT() REPRESENTATION_CONTEXT('2D SPACE',''
  ) );
#5227 = PCURVE('',#248,#5228);
#5228 = DEFINITIONAL_REPRESENTATION('',(#5229),#5232);
#5229 = B_SPLINE_CURVE_WITH_KNOTS('',1,(#5230,#5231),.UNSPECIFIED.,.F.,
  .F.,(2,2),(0.,1.),.PIECEWISE_BEZIER_KNOTS.);
#5230 = CARTESIAN_POINT('',(0.,0.));
#5231 = CARTESIAN_POINT('',(1.,0.));
#5232 = ( GEOMETRIC_REPRESENTATION_CONTEXT(2) 
PARAMETRIC_REPRESENTATION_CONTEXT() REPRESENTATION_CONTEXT('2D SPACE',''
  ) );
#5233 = ADVANCED_FACE('',(#5234),#2846,.F.);
#5234 = FACE_BOUND('',#5235,.F.);
#5235 = EDGE_LOOP('',(#5236,#5237,#5255,#5256));
#5236 = ORIENTED_EDGE('',*,*,#2828,.F.);
#5237 = ORIENTED_EDGE('',*,*,#5238,.T.);
#5238 = EDGE_CURVE('',#2796,#4992,#5239,.T.);
#5239 = SURFACE_CURVE('',#5240,(#5243,#5249),.PCURVE_S1.);
#5240 = B_SPLINE_CURVE_WITH_KNOTS('',1,(#5241,#5242),.UNSPECIFIED.,.F.,
  .F.,(2,2),(0.,1.),.PIECEWISE_BEZIER_KNOTS.);
#5241 = CARTESIAN_POINT('',(24.245250213245,-14.48170643864,0.));
#5242 = CARTESIAN_POINT('',(24.245250213245,-14.48170643864,15.9));
#5243 = PCURVE('',#2846,#5244);
#5244 = DEFINITIONAL_REPRESENTATION('',(#5245),#5248);
#5245 = B_SPLINE_CURVE_WITH_KNOTS('',1,(#5246,#5247),.UNSPECIFIED.,.F.,
  .F.,(2,2),(0.,1.),.PIECEWISE_BEZIER_KNOTS.);
#5246 = CARTESIAN_POINT('',(0.,0.));
#5247 = CARTESIAN_POINT('',(1.,0.));
#5248 = ( GEOMETRIC_REPRESENTATION_CONTEXT(2) 
PARAMETRIC_REPRESENTATION_CONTEXT() REPRESENTATION_CONTEXT('2D SPACE',''
  ) );
#5249 = PCURVE('',#2813,#5250);
#5250 = DEFINITIONAL_REPRESENTATION('',(#5251),#5254);
#5251 = B_SPLINE_CURVE_WITH_KNOTS('',1,(#5252,#5253),.UNSPECIFIED.,.F.,
  .F.,(2,2),(0.,1.),.PIECEWISE_BEZIER_KNOTS.);
#5252 = CARTESIAN_POINT('',(0.,1.));
#5253 = CARTESIAN_POINT('',(1.,1.));
#5254 = ( GEOMETRIC_REPRESENTATION_CONTEXT(2) 
PARAMETRIC_REPRESENTATION_CONTEXT() REPRESENTATION_CONTEXT('2D SPACE',''
  ) );
#5255 = ORIENTED_EDGE('',*,*,#5015,.T.);
#5256 = ORIENTED_EDGE('',*,*,#5190,.F.);
#5257 = ADVANCED_FACE('',(#5258),#248,.F.);
#5258 = FACE_BOUND('',#5259,.F.);
#5259 = EDGE_LOOP('',(#5260,#5261,#5262,#5263));
#5260 = ORIENTED_EDGE('',*,*,#230,.F.);
#5261 = ORIENTED_EDGE('',*,*,#5216,.T.);
#5262 = ORIENTED_EDGE('',*,*,#3101,.T.);
#5263 = ORIENTED_EDGE('',*,*,#5264,.F.);
#5264 = EDGE_CURVE('',#231,#3102,#5265,.T.);
#5265 = SURFACE_CURVE('',#5266,(#5269,#5275),.PCURVE_S1.);
#5266 = B_SPLINE_CURVE_WITH_KNOTS('',1,(#5267,#5268),.UNSPECIFIED.,.F.,
  .F.,(2,2),(0.,1.),.PIECEWISE_BEZIER_KNOTS.);
#5267 = CARTESIAN_POINT('',(28.039378864581,3.368265453666,0.));
#5268 = CARTESIAN_POINT('',(28.039378864581,3.368265453666,15.9));
#5269 = PCURVE('',#248,#5270);
#5270 = DEFINITIONAL_REPRESENTATION('',(#5271),#5274);
#5271 = B_SPLINE_CURVE_WITH_KNOTS('',1,(#5272,#5273),.UNSPECIFIED.,.F.,
  .F.,(2,2),(0.,1.),.PIECEWISE_BEZIER_KNOTS.);
#5272 = CARTESIAN_POINT('',(0.,1.));
#5273 = CARTESIAN_POINT('',(1.,1.));
#5274 = ( GEOMETRIC_REPRESENTATION_CONTEXT(2) 
PARAMETRIC_REPRESENTATION_CONTEXT() REPRESENTATION_CONTEXT('2D SPACE',''
  ) );
#5275 = PCURVE('',#281,#5276);
#5276 = DEFINITIONAL_REPRESENTATION('',(#5277),#5280);
#5277 = B_SPLINE_CURVE_WITH_KNOTS('',1,(#5278,#5279),.UNSPECIFIED.,.F.,
  .F.,(2,2),(0.,1.),.PIECEWISE_BEZIER_KNOTS.);
#5278 = CARTESIAN_POINT('',(0.,0.));
#5279 = CARTESIAN_POINT('',(1.,0.));
#5280 = ( GEOMETRIC_REPRESENTATION_CONTEXT(2) 
PARAMETRIC_REPRESENTATION_CONTEXT() REPRESENTATION_CONTEXT('2D SPACE',''
  ) );
#5281 = ADVANCED_FACE('',(#5282),#2813,.F.);
#5282 = FACE_BOUND('',#5283,.F.);
#5283 = EDGE_LOOP('',(#5284,#5285,#5303,#5304));
#5284 = ORIENTED_EDGE('',*,*,#2795,.F.);
#5285 = ORIENTED_EDGE('',*,*,#5286,.T.);
#5286 = EDGE_CURVE('',#2767,#4970,#5287,.T.);
#5287 = SURFACE_CURVE('',#5288,(#5291,#5297),.PCURVE_S1.);
#5288 = B_SPLINE_CURVE_WITH_KNOTS('',1,(#5289,#5290),.UNSPECIFIED.,.F.,
  .F.,(2,2),(0.,1.),.PIECEWISE_BEZIER_KNOTS.);
#5289 = CARTESIAN_POINT('',(21.053495279336,-13.84883881496,0.));
#5290 = CARTESIAN_POINT('',(21.053495279336,-13.84883881496,15.9));
#5291 = PCURVE('',#2813,#5292);
#5292 = DEFINITIONAL_REPRESENTATION('',(#5293),#5296);
#5293 = B_SPLINE_CURVE_WITH_KNOTS('',1,(#5294,#5295),.UNSPECIFIED.,.F.,
  .F.,(2,2),(0.,1.),.PIECEWISE_BEZIER_KNOTS.);
#5294 = CARTESIAN_POINT('',(0.,0.));
#5295 = CARTESIAN_POINT('',(1.,0.));
#5296 = ( GEOMETRIC_REPRESENTATION_CONTEXT(2) 
PARAMETRIC_REPRESENTATION_CONTEXT() REPRESENTATION_CONTEXT('2D SPACE',''
  ) );
#5297 = PCURVE('',#2782,#5298);
#5298 = DEFINITIONAL_REPRESENTATION('',(#5299),#5302);
#5299 = B_SPLINE_CURVE_WITH_KNOTS('',1,(#5300,#5301),.UNSPECIFIED.,.F.,
  .F.,(2,2),(0.,1.),.PIECEWISE_BEZIER_KNOTS.);
#5300 = CARTESIAN_POINT('',(0.,1.));
#5301 = CARTESIAN_POINT('',(1.,1.));
#5302 = ( GEOMETRIC_REPRESENTATION_CONTEXT(2) 
PARAMETRIC_REPRESENTATION_CONTEXT() REPRESENTATION_CONTEXT('2D SPACE',''
  ) );
#5303 = ORIENTED_EDGE('',*,*,#4991,.T.);
#5304 = ORIENTED_EDGE('',*,*,#5238,.F.);
#5305 = ADVANCED_FACE('',(#5306),#281,.F.);
#5306 = FACE_BOUND('',#5307,.F.);
#5307 = EDGE_LOOP('',(#5308,#5309,#5310,#5311));
#5308 = ORIENTED_EDGE('',*,*,#263,.F.);
#5309 = ORIENTED_EDGE('',*,*,#5264,.T.);
#5310 = ORIENTED_EDGE('',*,*,#3125,.T.);
#5311 = ORIENTED_EDGE('',*,*,#5312,.F.);
#5312 = EDGE_CURVE('',#264,#3126,#5313,.T.);
#5313 = SURFACE_CURVE('',#5314,(#5317,#5323),.PCURVE_S1.);
#5314 = B_SPLINE_CURVE_WITH_KNOTS('',1,(#5315,#5316),.UNSPECIFIED.,.F.,
  .F.,(2,2),(0.,1.),.PIECEWISE_BEZIER_KNOTS.);
#5315 = CARTESIAN_POINT('',(24.866155190035,4.08831579811,0.));
#5316 = CARTESIAN_POINT('',(24.866155190035,4.08831579811,15.9));
#5317 = PCURVE('',#281,#5318);
#5318 = DEFINITIONAL_REPRESENTATION('',(#5319),#5322);
#5319 = B_SPLINE_CURVE_WITH_KNOTS('',1,(#5320,#5321),.UNSPECIFIED.,.F.,
  .F.,(2,2),(0.,1.),.PIECEWISE_BEZIER_KNOTS.);
#5320 = CARTESIAN_POINT('',(0.,1.));
#5321 = CARTESIAN_POINT('',(1.,1.));
#5322 = ( GEOMETRIC_REPRESENTATION_CONTEXT(2) 
PARAMETRIC_REPRESENTATION_CONTEXT() REPRESENTATION_CONTEXT('2D SPACE',''
  ) );
#5323 = PCURVE('',#312,#5324);
#5324 = DEFINITIONAL_REPRESENTATION('',(#5325),#5328);
#5325 = B_SPLINE_CURVE_WITH_KNOTS('',1,(#5326,#5327),.UNSPECIFIED.,.F.,
  .F.,(2,2),(0.,1.),.PIECEWISE_BEZIER_KNOTS.);
#5326 = CARTESIAN_POINT('',(0.,0.));
#5327 = CARTESIAN_POINT('',(1.,0.));
#5328 = ( GEOMETRIC_REPRESENTATION_CONTEXT(2) 
PARAMETRIC_REPRESENTATION_CONTEXT() REPRESENTATION_CONTEXT('2D SPACE',''
  ) );
#5329 = ADVANCED_FACE('',(#5330),#2782,.F.);
#5330 = FACE_BOUND('',#5331,.F.);
#5331 = EDGE_LOOP('',(#5332,#5333,#5351,#5352));
#5332 = ORIENTED_EDGE('',*,*,#2766,.F.);
#5333 = ORIENTED_EDGE('',*,*,#5334,.T.);
#5334 = EDGE_CURVE('',#2734,#4946,#5335,.T.);
#5335 = SURFACE_CURVE('',#5336,(#5339,#5345),.PCURVE_S1.);
#5336 = B_SPLINE_CURVE_WITH_KNOTS('',1,(#5337,#5338),.UNSPECIFIED.,.F.,
  .F.,(2,2),(0.,1.),.PIECEWISE_BEZIER_KNOTS.);
#5337 = CARTESIAN_POINT('',(19.676916230405,-15.74353733001,0.));
#5338 = CARTESIAN_POINT('',(19.676916230405,-15.74353733001,15.9));
#5339 = PCURVE('',#2782,#5340);
#5340 = DEFINITIONAL_REPRESENTATION('',(#5341),#5344);
#5341 = B_SPLINE_CURVE_WITH_KNOTS('',1,(#5342,#5343),.UNSPECIFIED.,.F.,
  .F.,(2,2),(0.,1.),.PIECEWISE_BEZIER_KNOTS.);
#5342 = CARTESIAN_POINT('',(0.,0.));
#5343 = CARTESIAN_POINT('',(1.,0.));
#5344 = ( GEOMETRIC_REPRESENTATION_CONTEXT(2) 
PARAMETRIC_REPRESENTATION_CONTEXT() REPRESENTATION_CONTEXT('2D SPACE',''
  ) );
#5345 = PCURVE('',#2751,#5346);
#5346 = DEFINITIONAL_REPRESENTATION('',(#5347),#5350);
#5347 = B_SPLINE_CURVE_WITH_KNOTS('',1,(#5348,#5349),.UNSPECIFIED.,.F.,
  .F.,(2,2),(0.,1.),.PIECEWISE_BEZIER_KNOTS.);
#5348 = CARTESIAN_POINT('',(0.,1.));
#5349 = CARTESIAN_POINT('',(1.,1.));
#5350 = ( GEOMETRIC_REPRESENTATION_CONTEXT(2) 
PARAMETRIC_REPRESENTATION_CONTEXT() REPRESENTATION_CONTEXT('2D SPACE',''
  ) );
#5351 = ORIENTED_EDGE('',*,*,#4969,.T.);
#5352 = ORIENTED_EDGE('',*,*,#5286,.F.);
#5353 = ADVANCED_FACE('',(#5354),#312,.F.);
#5354 = FACE_BOUND('',#5355,.F.);
#5355 = EDGE_LOOP('',(#5356,#5357,#5358,#5359));
#5356 = ORIENTED_EDGE('',*,*,#296,.F.);
#5357 = ORIENTED_EDGE('',*,*,#5312,.T.);
#5358 = ORIENTED_EDGE('',*,*,#3149,.T.);
#5359 = ORIENTED_EDGE('',*,*,#5360,.F.);
#5360 = EDGE_CURVE('',#297,#3150,#5361,.T.);
#5361 = SURFACE_CURVE('',#5362,(#5365,#5371),.PCURVE_S1.);
#5362 = B_SPLINE_CURVE_WITH_KNOTS('',1,(#5363,#5364),.UNSPECIFIED.,.F.,
  .F.,(2,2),(0.,1.),.PIECEWISE_BEZIER_KNOTS.);
#5363 = CARTESIAN_POINT('',(24.37923096645,6.379114161425,0.));
#5364 = CARTESIAN_POINT('',(24.37923096645,6.379114161425,15.9));
#5365 = PCURVE('',#312,#5366);
#5366 = DEFINITIONAL_REPRESENTATION('',(#5367),#5370);
#5367 = B_SPLINE_CURVE_WITH_KNOTS('',1,(#5368,#5369),.UNSPECIFIED.,.F.,
  .F.,(2,2),(0.,1.),.PIECEWISE_BEZIER_KNOTS.);
#5368 = CARTESIAN_POINT('',(0.,1.));
#5369 = CARTESIAN_POINT('',(1.,1.));
#5370 = ( GEOMETRIC_REPRESENTATION_CONTEXT(2) 
PARAMETRIC_REPRESENTATION_CONTEXT() REPRESENTATION_CONTEXT('2D SPACE',''
  ) );
#5371 = PCURVE('',#343,#5372);
#5372 = DEFINITIONAL_REPRESENTATION('',(#5373),#5376);
#5373 = B_SPLINE_CURVE_WITH_KNOTS('',1,(#5374,#5375),.UNSPECIFIED.,.F.,
  .F.,(2,2),(0.,1.),.PIECEWISE_BEZIER_KNOTS.);
#5374 = CARTESIAN_POINT('',(0.,0.));
#5375 = CARTESIAN_POINT('',(1.,0.));
#5376 = ( GEOMETRIC_REPRESENTATION_CONTEXT(2) 
PARAMETRIC_REPRESENTATION_CONTEXT() REPRESENTATION_CONTEXT('2D SPACE',''
  ) );
#5377 = ADVANCED_FACE('',(#5378),#2751,.F.);
#5378 = FACE_BOUND('',#5379,.F.);
#5379 = EDGE_LOOP('',(#5380,#5381,#5399,#5400));
#5380 = ORIENTED_EDGE('',*,*,#2733,.F.);
#5381 = ORIENTED_EDGE('',*,*,#5382,.T.);
#5382 = EDGE_CURVE('',#2701,#4922,#5383,.T.);
#5383 = SURFACE_CURVE('',#5384,(#5387,#5393),.PCURVE_S1.);
#5384 = B_SPLINE_CURVE_WITH_KNOTS('',1,(#5385,#5386),.UNSPECIFIED.,.F.,
  .F.,(2,2),(0.,1.),.PIECEWISE_BEZIER_KNOTS.);
#5385 = CARTESIAN_POINT('',(21.265115624309,-18.58350980742,0.));
#5386 = CARTESIAN_POINT('',(21.265115624309,-18.58350980742,15.9));
#5387 = PCURVE('',#2751,#5388);
#5388 = DEFINITIONAL_REPRESENTATION('',(#5389),#5392);
#5389 = B_SPLINE_CURVE_WITH_KNOTS('',1,(#5390,#5391),.UNSPECIFIED.,.F.,
  .F.,(2,2),(0.,1.),.PIECEWISE_BEZIER_KNOTS.);
#5390 = CARTESIAN_POINT('',(0.,0.));
#5391 = CARTESIAN_POINT('',(1.,0.));
#5392 = ( GEOMETRIC_REPRESENTATION_CONTEXT(2) 
PARAMETRIC_REPRESENTATION_CONTEXT() REPRESENTATION_CONTEXT('2D SPACE',''
  ) );
#5393 = PCURVE('',#2718,#5394);
#5394 = DEFINITIONAL_REPRESENTATION('',(#5395),#5398);
#5395 = B_SPLINE_CURVE_WITH_KNOTS('',1,(#5396,#5397),.UNSPECIFIED.,.F.,
  .F.,(2,2),(0.,1.),.PIECEWISE_BEZIER_KNOTS.);
#5396 = CARTESIAN_POINT('',(0.,1.));
#5397 = CARTESIAN_POINT('',(1.,1.));
#5398 = ( GEOMETRIC_REPRESENTATION_CONTEXT(2) 
PARAMETRIC_REPRESENTATION_CONTEXT() REPRESENTATION_CONTEXT('2D SPACE',''
  ) );
#5399 = ORIENTED_EDGE('',*,*,#4945,.T.);
#5400 = ORIENTED_EDGE('',*,*,#5334,.F.);
#5401 = ADVANCED_FACE('',(#5402),#343,.F.);
#5402 = FACE_BOUND('',#5403,.F.);
#5403 = EDGE_LOOP('',(#5404,#5405,#5406,#5407));
#5404 = ORIENTED_EDGE('',*,*,#325,.F.);
#5405 = ORIENTED_EDGE('',*,*,#5360,.T.);
#5406 = ORIENTED_EDGE('',*,*,#3171,.T.);
#5407 = ORIENTED_EDGE('',*,*,#5408,.F.);
#5408 = EDGE_CURVE('',#326,#3172,#5409,.T.);
#5409 = SURFACE_CURVE('',#5410,(#5413,#5419),.PCURVE_S1.);
#5410 = B_SPLINE_CURVE_WITH_KNOTS('',1,(#5411,#5412),.UNSPECIFIED.,.F.,
  .F.,(2,2),(0.,1.),.PIECEWISE_BEZIER_KNOTS.);
#5411 = CARTESIAN_POINT('',(26.98524418047,8.327579227979,0.));
#5412 = CARTESIAN_POINT('',(26.98524418047,8.327579227979,15.9));
#5413 = PCURVE('',#343,#5414);
#5414 = DEFINITIONAL_REPRESENTATION('',(#5415),#5418);
#5415 = B_SPLINE_CURVE_WITH_KNOTS('',1,(#5416,#5417),.UNSPECIFIED.,.F.,
  .F.,(2,2),(0.,1.),.PIECEWISE_BEZIER_KNOTS.);
#5416 = CARTESIAN_POINT('',(0.,1.));
#5417 = CARTESIAN_POINT('',(1.,1.));
#5418 = ( GEOMETRIC_REPRESENTATION_CONTEXT(2) 
PARAMETRIC_REPRESENTATION_CONTEXT() REPRESENTATION_CONTEXT('2D SPACE',''
  ) );
#5419 = PCURVE('',#376,#5420);
#5420 = DEFINITIONAL_REPRESENTATION('',(#5421),#5424);
#5421 = B_SPLINE_CURVE_WITH_KNOTS('',1,(#5422,#5423),.UNSPECIFIED.,.F.,
  .F.,(2,2),(0.,1.),.PIECEWISE_BEZIER_KNOTS.);
#5422 = CARTESIAN_POINT('',(0.,0.));
#5423 = CARTESIAN_POINT('',(1.,0.));
#5424 = ( GEOMETRIC_REPRESENTATION_CONTEXT(2) 
PARAMETRIC_REPRESENTATION_CONTEXT() REPRESENTATION_CONTEXT('2D SPACE',''
  ) );
#5425 = ADVANCED_FACE('',(#5426),#2718,.F.);
#5426 = FACE_BOUND('',#5427,.F.);
#5427 = EDGE_LOOP('',(#5428,#5429,#5447,#5448));
#5428 = ORIENTED_EDGE('',*,*,#2700,.F.);
#5429 = ORIENTED_EDGE('',*,*,#5430,.T.);
#5430 = EDGE_CURVE('',#2672,#4900,#5431,.T.);
#5431 = SURFACE_CURVE('',#5432,(#5435,#5441),.PCURVE_S1.);
#5432 = B_SPLINE_CURVE_WITH_KNOTS('',1,(#5433,#5434),.UNSPECIFIED.,.F.,
  .F.,(2,2),(0.,1.),.PIECEWISE_BEZIER_KNOTS.);
#5433 = CARTESIAN_POINT('',(23.708831230686,-24.36988554912,0.));
#5434 = CARTESIAN_POINT('',(23.708831230686,-24.36988554912,15.9));
#5435 = PCURVE('',#2718,#5436);
#5436 = DEFINITIONAL_REPRESENTATION('',(#5437),#5440);
#5437 = B_SPLINE_CURVE_WITH_KNOTS('',1,(#5438,#5439),.UNSPECIFIED.,.F.,
  .F.,(2,2),(0.,1.),.PIECEWISE_BEZIER_KNOTS.);
#5438 = CARTESIAN_POINT('',(0.,0.));
#5439 = CARTESIAN_POINT('',(1.,0.));
#5440 = ( GEOMETRIC_REPRESENTATION_CONTEXT(2) 
PARAMETRIC_REPRESENTATION_CONTEXT() REPRESENTATION_CONTEXT('2D SPACE',''
  ) );
#5441 = PCURVE('',#2687,#5442);
#5442 = DEFINITIONAL_REPRESENTATION('',(#5443),#5446);
#5443 = B_SPLINE_CURVE_WITH_KNOTS('',1,(#5444,#5445),.UNSPECIFIED.,.F.,
  .F.,(2,2),(0.,1.),.PIECEWISE_BEZIER_KNOTS.);
#5444 = CARTESIAN_POINT('',(0.,1.));
#5445 = CARTESIAN_POINT('',(1.,1.));
#5446 = ( GEOMETRIC_REPRESENTATION_CONTEXT(2) 
PARAMETRIC_REPRESENTATION_CONTEXT() REPRESENTATION_CONTEXT('2D SPACE',''
  ) );
#5447 = ORIENTED_EDGE('',*,*,#4921,.T.);
#5448 = ORIENTED_EDGE('',*,*,#5382,.F.);
#5449 = ADVANCED_FACE('',(#5450),#376,.F.);
#5450 = FACE_BOUND('',#5451,.F.);
#5451 = EDGE_LOOP('',(#5452,#5453,#5454,#5455));
#5452 = ORIENTED_EDGE('',*,*,#358,.F.);
#5453 = ORIENTED_EDGE('',*,*,#5408,.T.);
#5454 = ORIENTED_EDGE('',*,*,#3195,.T.);
#5455 = ORIENTED_EDGE('',*,*,#5456,.F.);
#5456 = EDGE_CURVE('',#359,#3196,#5457,.T.);
#5457 = SURFACE_CURVE('',#5458,(#5461,#5467),.PCURVE_S1.);
#5458 = B_SPLINE_CURVE_WITH_KNOTS('',1,(#5459,#5460),.UNSPECIFIED.,.F.,
  .F.,(2,2),(0.,1.),.PIECEWISE_BEZIER_KNOTS.);
#5459 = CARTESIAN_POINT('',(31.5712205172,12.619747820651,0.));
#5460 = CARTESIAN_POINT('',(31.5712205172,12.619747820651,15.9));
#5461 = PCURVE('',#376,#5462);
#5462 = DEFINITIONAL_REPRESENTATION('',(#5463),#5466);
#5463 = B_SPLINE_CURVE_WITH_KNOTS('',1,(#5464,#5465),.UNSPECIFIED.,.F.,
  .F.,(2,2),(0.,1.),.PIECEWISE_BEZIER_KNOTS.);
#5464 = CARTESIAN_POINT('',(0.,1.));
#5465 = CARTESIAN_POINT('',(1.,1.));
#5466 = ( GEOMETRIC_REPRESENTATION_CONTEXT(2) 
PARAMETRIC_REPRESENTATION_CONTEXT() REPRESENTATION_CONTEXT('2D SPACE',''
  ) );
#5467 = PCURVE('',#407,#5468);
#5468 = DEFINITIONAL_REPRESENTATION('',(#5469),#5472);
#5469 = B_SPLINE_CURVE_WITH_KNOTS('',1,(#5470,#5471),.UNSPECIFIED.,.F.,
  .F.,(2,2),(0.,1.),.PIECEWISE_BEZIER_KNOTS.);
#5470 = CARTESIAN_POINT('',(0.,0.));
#5471 = CARTESIAN_POINT('',(1.,0.));
#5472 = ( GEOMETRIC_REPRESENTATION_CONTEXT(2) 
PARAMETRIC_REPRESENTATION_CONTEXT() REPRESENTATION_CONTEXT('2D SPACE',''
  ) );
#5473 = ADVANCED_FACE('',(#5474),#2687,.F.);
#5474 = FACE_BOUND('',#5475,.F.);
#5475 = EDGE_LOOP('',(#5476,#5477,#5495,#5496));
#5476 = ORIENTED_EDGE('',*,*,#2671,.F.);
#5477 = ORIENTED_EDGE('',*,*,#5478,.T.);
#5478 = EDGE_CURVE('',#2639,#4876,#5479,.T.);
#5479 = SURFACE_CURVE('',#5480,(#5483,#5489),.PCURVE_S1.);
#5480 = B_SPLINE_CURVE_WITH_KNOTS('',1,(#5481,#5482),.UNSPECIFIED.,.F.,
  .F.,(2,2),(0.,1.),.PIECEWISE_BEZIER_KNOTS.);
#5481 = CARTESIAN_POINT('',(21.758137071806,-26.12629845896,0.));
#5482 = CARTESIAN_POINT('',(21.758137071806,-26.12629845896,15.9));
#5483 = PCURVE('',#2687,#5484);
#5484 = DEFINITIONAL_REPRESENTATION('',(#5485),#5488);
#5485 = B_SPLINE_CURVE_WITH_KNOTS('',1,(#5486,#5487),.UNSPECIFIED.,.F.,
  .F.,(2,2),(0.,1.),.PIECEWISE_BEZIER_KNOTS.);
#5486 = CARTESIAN_POINT('',(0.,0.));
#5487 = CARTESIAN_POINT('',(1.,0.));
#5488 = ( GEOMETRIC_REPRESENTATION_CONTEXT(2) 
PARAMETRIC_REPRESENTATION_CONTEXT() REPRESENTATION_CONTEXT('2D SPACE',''
  ) );
#5489 = PCURVE('',#2656,#5490);
#5490 = DEFINITIONAL_REPRESENTATION('',(#5491),#5494);
#5491 = B_SPLINE_CURVE_WITH_KNOTS('',1,(#5492,#5493),.UNSPECIFIED.,.F.,
  .F.,(2,2),(0.,1.),.PIECEWISE_BEZIER_KNOTS.);
#5492 = CARTESIAN_POINT('',(0.,1.));
#5493 = CARTESIAN_POINT('',(1.,1.));
#5494 = ( GEOMETRIC_REPRESENTATION_CONTEXT(2) 
PARAMETRIC_REPRESENTATION_CONTEXT() REPRESENTATION_CONTEXT('2D SPACE',''
  ) );
#5495 = ORIENTED_EDGE('',*,*,#4899,.T.);
#5496 = ORIENTED_EDGE('',*,*,#5430,.F.);
#5497 = ADVANCED_FACE('',(#5498),#407,.F.);
#5498 = FACE_BOUND('',#5499,.F.);
#5499 = EDGE_LOOP('',(#5500,#5501,#5502,#5503));
#5500 = ORIENTED_EDGE('',*,*,#391,.F.);
#5501 = ORIENTED_EDGE('',*,*,#5456,.T.);
#5502 = ORIENTED_EDGE('',*,*,#3219,.T.);
#5503 = ORIENTED_EDGE('',*,*,#5504,.F.);
#5504 = EDGE_CURVE('',#392,#3220,#5505,.T.);
#5505 = SURFACE_CURVE('',#5506,(#5509,#5515),.PCURVE_S1.);
#5506 = B_SPLINE_CURVE_WITH_KNOTS('',1,(#5507,#5508),.UNSPECIFIED.,.F.,
  .F.,(2,2),(0.,1.),.PIECEWISE_BEZIER_KNOTS.);
#5507 = CARTESIAN_POINT('',(30.50357021991,15.017729650035,0.));
#5508 = CARTESIAN_POINT('',(30.50357021991,15.017729650035,15.9));
#5509 = PCURVE('',#407,#5510);
#5510 = DEFINITIONAL_REPRESENTATION('',(#5511),#5514);
#5511 = B_SPLINE_CURVE_WITH_KNOTS('',1,(#5512,#5513),.UNSPECIFIED.,.F.,
  .F.,(2,2),(0.,1.),.PIECEWISE_BEZIER_KNOTS.);
#5512 = CARTESIAN_POINT('',(0.,1.));
#5513 = CARTESIAN_POINT('',(1.,1.));
#5514 = ( GEOMETRIC_REPRESENTATION_CONTEXT(2) 
PARAMETRIC_REPRESENTATION_CONTEXT() REPRESENTATION_CONTEXT('2D SPACE',''
  ) );
#5515 = PCURVE('',#438,#5516);
#5516 = DEFINITIONAL_REPRESENTATION('',(#5517),#5520);
#5517 = B_SPLINE_CURVE_WITH_KNOTS('',1,(#5518,#5519),.UNSPECIFIED.,.F.,
  .F.,(2,2),(0.,1.),.PIECEWISE_BEZIER_KNOTS.);
#5518 = CARTESIAN_POINT('',(0.,0.));
#5519 = CARTESIAN_POINT('',(1.,0.));
#5520 = ( GEOMETRIC_REPRESENTATION_CONTEXT(2) 
PARAMETRIC_REPRESENTATION_CONTEXT() REPRESENTATION_CONTEXT('2D SPACE',''
  ) );
#5521 = ADVANCED_FACE('',(#5522),#2656,.F.);
#5522 = FACE_BOUND('',#5523,.F.);
#5523 = EDGE_LOOP('',(#5524,#5525,#5543,#5544));
#5524 = ORIENTED_EDGE('',*,*,#2638,.F.);
#5525 = ORIENTED_EDGE('',*,*,#5526,.T.);
#5526 = EDGE_CURVE('',#2606,#4852,#5527,.T.);
#5527 = SURFACE_CURVE('',#5528,(#5531,#5537),.PCURVE_S1.);
#5528 = B_SPLINE_CURVE_WITH_KNOTS('',1,(#5529,#5530),.UNSPECIFIED.,.F.,
  .F.,(2,2),(0.,1.),.PIECEWISE_BEZIER_KNOTS.);
#5529 = CARTESIAN_POINT('',(16.258897538856,-23.0911288182,0.));
#5530 = CARTESIAN_POINT('',(16.258897538856,-23.0911288182,15.9));
#5531 = PCURVE('',#2656,#5532);
#5532 = DEFINITIONAL_REPRESENTATION('',(#5533),#5536);
#5533 = B_SPLINE_CURVE_WITH_KNOTS('',1,(#5534,#5535),.UNSPECIFIED.,.F.,
  .F.,(2,2),(0.,1.),.PIECEWISE_BEZIER_KNOTS.);
#5534 = CARTESIAN_POINT('',(0.,0.));
#5535 = CARTESIAN_POINT('',(1.,0.));
#5536 = ( GEOMETRIC_REPRESENTATION_CONTEXT(2) 
PARAMETRIC_REPRESENTATION_CONTEXT() REPRESENTATION_CONTEXT('2D SPACE',''
  ) );
#5537 = PCURVE('',#2623,#5538);
#5538 = DEFINITIONAL_REPRESENTATION('',(#5539),#5542);
#5539 = B_SPLINE_CURVE_WITH_KNOTS('',1,(#5540,#5541),.UNSPECIFIED.,.F.,
  .F.,(2,2),(0.,1.),.PIECEWISE_BEZIER_KNOTS.);
#5540 = CARTESIAN_POINT('',(0.,1.));
#5541 = CARTESIAN_POINT('',(1.,1.));
#5542 = ( GEOMETRIC_REPRESENTATION_CONTEXT(2) 
PARAMETRIC_REPRESENTATION_CONTEXT() REPRESENTATION_CONTEXT('2D SPACE',''
  ) );
#5543 = ORIENTED_EDGE('',*,*,#4875,.T.);
#5544 = ORIENTED_EDGE('',*,*,#5478,.F.);
#5545 = ADVANCED_FACE('',(#5546),#438,.F.);
#5546 = FACE_BOUND('',#5547,.F.);
#5547 = EDGE_LOOP('',(#5548,#5549,#5550,#5551));
#5548 = ORIENTED_EDGE('',*,*,#420,.F.);
#5549 = ORIENTED_EDGE('',*,*,#5504,.T.);
#5550 = ORIENTED_EDGE('',*,*,#3241,.T.);
#5551 = ORIENTED_EDGE('',*,*,#5552,.F.);
#5552 = EDGE_CURVE('',#421,#3242,#5553,.T.);
#5553 = SURFACE_CURVE('',#5554,(#5557,#5563),.PCURVE_S1.);
#5554 = B_SPLINE_CURVE_WITH_KNOTS('',1,(#5555,#5556),.UNSPECIFIED.,.F.,
  .F.,(2,2),(0.,1.),.PIECEWISE_BEZIER_KNOTS.);
#5555 = CARTESIAN_POINT('',(24.245250213245,14.481706438642,0.));
#5556 = CARTESIAN_POINT('',(24.245250213245,14.481706438642,15.9));
#5557 = PCURVE('',#438,#5558);
#5558 = DEFINITIONAL_REPRESENTATION('',(#5559),#5562);
#5559 = B_SPLINE_CURVE_WITH_KNOTS('',1,(#5560,#5561),.UNSPECIFIED.,.F.,
  .F.,(2,2),(0.,1.),.PIECEWISE_BEZIER_KNOTS.);
#5560 = CARTESIAN_POINT('',(0.,1.));
#5561 = CARTESIAN_POINT('',(1.,1.));
#5562 = ( GEOMETRIC_REPRESENTATION_CONTEXT(2) 
PARAMETRIC_REPRESENTATION_CONTEXT() REPRESENTATION_CONTEXT('2D SPACE',''
  ) );
#5563 = PCURVE('',#471,#5564);
#5564 = DEFINITIONAL_REPRESENTATION('',(#5565),#5568);
#5565 = B_SPLINE_CURVE_WITH_KNOTS('',1,(#5566,#5567),.UNSPECIFIED.,.F.,
  .F.,(2,2),(0.,1.),.PIECEWISE_BEZIER_KNOTS.);
#5566 = CARTESIAN_POINT('',(0.,0.));
#5567 = CARTESIAN_POINT('',(1.,0.));
#5568 = ( GEOMETRIC_REPRESENTATION_CONTEXT(2) 
PARAMETRIC_REPRESENTATION_CONTEXT() REPRESENTATION_CONTEXT('2D SPACE',''
  ) );
#5569 = ADVANCED_FACE('',(#5570),#2623,.F.);
#5570 = FACE_BOUND('',#5571,.F.);
#5571 = EDGE_LOOP('',(#5572,#5573,#5591,#5592));
#5572 = ORIENTED_EDGE('',*,*,#2605,.F.);
#5573 = ORIENTED_EDGE('',*,*,#5574,.T.);
#5574 = EDGE_CURVE('',#2577,#4830,#5575,.T.);
#5575 = SURFACE_CURVE('',#5576,(#5579,#5585),.PCURVE_S1.);
#5576 = B_SPLINE_CURVE_WITH_KNOTS('',1,(#5577,#5578),.UNSPECIFIED.,.F.,
  .F.,(2,2),(0.,1.),.PIECEWISE_BEZIER_KNOTS.);
#5577 = CARTESIAN_POINT('',(13.600494769839,-21.21477178796,0.));
#5578 = CARTESIAN_POINT('',(13.600494769839,-21.21477178796,15.9));
#5579 = PCURVE('',#2623,#5580);
#5580 = DEFINITIONAL_REPRESENTATION('',(#5581),#5584);
#5581 = B_SPLINE_CURVE_WITH_KNOTS('',1,(#5582,#5583),.UNSPECIFIED.,.F.,
  .F.,(2,2),(0.,1.),.PIECEWISE_BEZIER_KNOTS.);
#5582 = CARTESIAN_POINT('',(0.,0.));
#5583 = CARTESIAN_POINT('',(1.,0.));
#5584 = ( GEOMETRIC_REPRESENTATION_CONTEXT(2) 
PARAMETRIC_REPRESENTATION_CONTEXT() REPRESENTATION_CONTEXT('2D SPACE',''
  ) );
#5585 = PCURVE('',#2592,#5586);
#5586 = DEFINITIONAL_REPRESENTATION('',(#5587),#5590);
#5587 = B_SPLINE_CURVE_WITH_KNOTS('',1,(#5588,#5589),.UNSPECIFIED.,.F.,
  .F.,(2,2),(0.,1.),.PIECEWISE_BEZIER_KNOTS.);
#5588 = CARTESIAN_POINT('',(0.,1.));
#5589 = CARTESIAN_POINT('',(1.,1.));
#5590 = ( GEOMETRIC_REPRESENTATION_CONTEXT(2) 
PARAMETRIC_REPRESENTATION_CONTEXT() REPRESENTATION_CONTEXT('2D SPACE',''
  ) );
#5591 = ORIENTED_EDGE('',*,*,#4851,.T.);
#5592 = ORIENTED_EDGE('',*,*,#5526,.F.);
#5593 = ADVANCED_FACE('',(#5594),#471,.F.);
#5594 = FACE_BOUND('',#5595,.F.);
#5595 = EDGE_LOOP('',(#5596,#5597,#5598,#5599));
#5596 = ORIENTED_EDGE('',*,*,#453,.F.);
#5597 = ORIENTED_EDGE('',*,*,#5552,.T.);
#5598 = ORIENTED_EDGE('',*,*,#3265,.T.);
#5599 = ORIENTED_EDGE('',*,*,#5600,.F.);
#5600 = EDGE_CURVE('',#454,#3266,#5601,.T.);
#5601 = SURFACE_CURVE('',#5602,(#5605,#5611),.PCURVE_S1.);
#5602 = B_SPLINE_CURVE_WITH_KNOTS('',1,(#5603,#5604),.UNSPECIFIED.,.F.,
  .F.,(2,2),(0.,1.),.PIECEWISE_BEZIER_KNOTS.);
#5603 = CARTESIAN_POINT('',(21.053495279336,13.848838814969,0.));
#5604 = CARTESIAN_POINT('',(21.053495279336,13.848838814969,15.9));
#5605 = PCURVE('',#471,#5606);
#5606 = DEFINITIONAL_REPRESENTATION('',(#5607),#5610);
#5607 = B_SPLINE_CURVE_WITH_KNOTS('',1,(#5608,#5609),.UNSPECIFIED.,.F.,
  .F.,(2,2),(0.,1.),.PIECEWISE_BEZIER_KNOTS.);
#5608 = CARTESIAN_POINT('',(0.,1.));
#5609 = CARTESIAN_POINT('',(1.,1.));
#5610 = ( GEOMETRIC_REPRESENTATION_CONTEXT(2) 
PARAMETRIC_REPRESENTATION_CONTEXT() REPRESENTATION_CONTEXT('2D SPACE',''
  ) );
#5611 = PCURVE('',#502,#5612);
#5612 = DEFINITIONAL_REPRESENTATION('',(#5613),#5616);
#5613 = B_SPLINE_CURVE_WITH_KNOTS('',1,(#5614,#5615),.UNSPECIFIED.,.F.,
  .F.,(2,2),(0.,1.),.PIECEWISE_BEZIER_KNOTS.);
#5614 = CARTESIAN_POINT('',(0.,0.));
#5615 = CARTESIAN_POINT('',(1.,0.));
#5616 = ( GEOMETRIC_REPRESENTATION_CONTEXT(2) 
PARAMETRIC_REPRESENTATION_CONTEXT() REPRESENTATION_CONTEXT('2D SPACE',''
  ) );
#5617 = ADVANCED_FACE('',(#5618),#2592,.F.);
#5618 = FACE_BOUND('',#5619,.F.);
#5619 = EDGE_LOOP('',(#5620,#5621,#5639,#5640));
#5620 = ORIENTED_EDGE('',*,*,#2576,.F.);
#5621 = ORIENTED_EDGE('',*,*,#5622,.T.);
#5622 = EDGE_CURVE('',#2544,#4806,#5623,.T.);
#5623 = SURFACE_CURVE('',#5624,(#5627,#5633),.PCURVE_S1.);
#5624 = B_SPLINE_CURVE_WITH_KNOTS('',1,(#5625,#5626),.UNSPECIFIED.,.F.,
  .F.,(2,2),(0.,1.),.PIECEWISE_BEZIER_KNOTS.);
#5625 = CARTESIAN_POINT('',(11.572283918951,-22.3857598687,0.));
#5626 = CARTESIAN_POINT('',(11.572283918951,-22.3857598687,15.9));
#5627 = PCURVE('',#2592,#5628);
#5628 = DEFINITIONAL_REPRESENTATION('',(#5629),#5632);
#5629 = B_SPLINE_CURVE_WITH_KNOTS('',1,(#5630,#5631),.UNSPECIFIED.,.F.,
  .F.,(2,2),(0.,1.),.PIECEWISE_BEZIER_KNOTS.);
#5630 = CARTESIAN_POINT('',(0.,0.));
#5631 = CARTESIAN_POINT('',(1.,0.));
#5632 = ( GEOMETRIC_REPRESENTATION_CONTEXT(2) 
PARAMETRIC_REPRESENTATION_CONTEXT() REPRESENTATION_CONTEXT('2D SPACE',''
  ) );
#5633 = PCURVE('',#2561,#5634);
#5634 = DEFINITIONAL_REPRESENTATION('',(#5635),#5638);
#5635 = B_SPLINE_CURVE_WITH_KNOTS('',1,(#5636,#5637),.UNSPECIFIED.,.F.,
  .F.,(2,2),(0.,1.),.PIECEWISE_BEZIER_KNOTS.);
#5636 = CARTESIAN_POINT('',(0.,1.));
#5637 = CARTESIAN_POINT('',(1.,1.));
#5638 = ( GEOMETRIC_REPRESENTATION_CONTEXT(2) 
PARAMETRIC_REPRESENTATION_CONTEXT() REPRESENTATION_CONTEXT('2D SPACE',''
  ) );
#5639 = ORIENTED_EDGE('',*,*,#4829,.T.);
#5640 = ORIENTED_EDGE('',*,*,#5574,.F.);
#5641 = ADVANCED_FACE('',(#5642),#502,.F.);
#5642 = FACE_BOUND('',#5643,.F.);
#5643 = EDGE_LOOP('',(#5644,#5645,#5646,#5647));
#5644 = ORIENTED_EDGE('',*,*,#486,.F.);
#5645 = ORIENTED_EDGE('',*,*,#5600,.T.);
#5646 = ORIENTED_EDGE('',*,*,#3289,.T.);
#5647 = ORIENTED_EDGE('',*,*,#5648,.F.);
#5648 = EDGE_CURVE('',#487,#3290,#5649,.T.);
#5649 = SURFACE_CURVE('',#5650,(#5653,#5659),.PCURVE_S1.);
#5650 = B_SPLINE_CURVE_WITH_KNOTS('',1,(#5651,#5652),.UNSPECIFIED.,.F.,
  .F.,(2,2),(0.,1.),.PIECEWISE_BEZIER_KNOTS.);
#5651 = CARTESIAN_POINT('',(19.676916230405,15.743537330017,0.));
#5652 = CARTESIAN_POINT('',(19.676916230405,15.743537330017,15.9));
#5653 = PCURVE('',#502,#5654);
#5654 = DEFINITIONAL_REPRESENTATION('',(#5655),#5658);
#5655 = B_SPLINE_CURVE_WITH_KNOTS('',1,(#5656,#5657),.UNSPECIFIED.,.F.,
  .F.,(2,2),(0.,1.),.PIECEWISE_BEZIER_KNOTS.);
#5656 = CARTESIAN_POINT('',(0.,1.));
#5657 = CARTESIAN_POINT('',(1.,1.));
#5658 = ( GEOMETRIC_REPRESENTATION_CONTEXT(2) 
PARAMETRIC_REPRESENTATION_CONTEXT() REPRESENTATION_CONTEXT('2D SPACE',''
  ) );
#5659 = PCURVE('',#533,#5660);
#5660 = DEFINITIONAL_REPRESENTATION('',(#5661),#5664);
#5661 = B_SPLINE_CURVE_WITH_KNOTS('',1,(#5662,#5663),.UNSPECIFIED.,.F.,
  .F.,(2,2),(0.,1.),.PIECEWISE_BEZIER_KNOTS.);
#5662 = CARTESIAN_POINT('',(0.,0.));
#5663 = CARTESIAN_POINT('',(1.,0.));
#5664 = ( GEOMETRIC_REPRESENTATION_CONTEXT(2) 
PARAMETRIC_REPRESENTATION_CONTEXT() REPRESENTATION_CONTEXT('2D SPACE',''
  ) );
#5665 = ADVANCED_FACE('',(#5666),#2561,.F.);
#5666 = FACE_BOUND('',#5667,.F.);
#5667 = EDGE_LOOP('',(#5668,#5669,#5687,#5688));
#5668 = ORIENTED_EDGE('',*,*,#2543,.F.);
#5669 = ORIENTED_EDGE('',*,*,#5670,.T.);
#5670 = EDGE_CURVE('',#2511,#4782,#5671,.T.);
#5671 = SURFACE_CURVE('',#5672,(#5675,#5681),.PCURVE_S1.);
#5672 = B_SPLINE_CURVE_WITH_KNOTS('',1,(#5673,#5674),.UNSPECIFIED.,.F.,
  .F.,(2,2),(0.,1.),.PIECEWISE_BEZIER_KNOTS.);
#5673 = CARTESIAN_POINT('',(11.868055389194,-25.62618271527,0.));
#5674 = CARTESIAN_POINT('',(11.868055389194,-25.62618271527,15.9));
#5675 = PCURVE('',#2561,#5676);
#5676 = DEFINITIONAL_REPRESENTATION('',(#5677),#5680);
#5677 = B_SPLINE_CURVE_WITH_KNOTS('',1,(#5678,#5679),.UNSPECIFIED.,.F.,
  .F.,(2,2),(0.,1.),.PIECEWISE_BEZIER_KNOTS.);
#5678 = CARTESIAN_POINT('',(0.,0.));
#5679 = CARTESIAN_POINT('',(1.,0.));
#5680 = ( GEOMETRIC_REPRESENTATION_CONTEXT(2) 
PARAMETRIC_REPRESENTATION_CONTEXT() REPRESENTATION_CONTEXT('2D SPACE',''
  ) );
#5681 = PCURVE('',#2528,#5682);
#5682 = DEFINITIONAL_REPRESENTATION('',(#5683),#5686);
#5683 = B_SPLINE_CURVE_WITH_KNOTS('',1,(#5684,#5685),.UNSPECIFIED.,.F.,
  .F.,(2,2),(0.,1.),.PIECEWISE_BEZIER_KNOTS.);
#5684 = CARTESIAN_POINT('',(0.,1.));
#5685 = CARTESIAN_POINT('',(1.,1.));
#5686 = ( GEOMETRIC_REPRESENTATION_CONTEXT(2) 
PARAMETRIC_REPRESENTATION_CONTEXT() REPRESENTATION_CONTEXT('2D SPACE',''
  ) );
#5687 = ORIENTED_EDGE('',*,*,#4805,.T.);
#5688 = ORIENTED_EDGE('',*,*,#5622,.F.);
#5689 = ADVANCED_FACE('',(#5690),#533,.F.);
#5690 = FACE_BOUND('',#5691,.F.);
#5691 = EDGE_LOOP('',(#5692,#5693,#5694,#5695));
#5692 = ORIENTED_EDGE('',*,*,#515,.F.);
#5693 = ORIENTED_EDGE('',*,*,#5648,.T.);
#5694 = ORIENTED_EDGE('',*,*,#3311,.T.);
#5695 = ORIENTED_EDGE('',*,*,#5696,.F.);
#5696 = EDGE_CURVE('',#516,#3312,#5697,.T.);
#5697 = SURFACE_CURVE('',#5698,(#5701,#5707),.PCURVE_S1.);
#5698 = B_SPLINE_CURVE_WITH_KNOTS('',1,(#5699,#5700),.UNSPECIFIED.,.F.,
  .F.,(2,2),(0.,1.),.PIECEWISE_BEZIER_KNOTS.);
#5699 = CARTESIAN_POINT('',(21.265115624309,18.583509807424,0.));
#5700 = CARTESIAN_POINT('',(21.265115624309,18.583509807424,15.9));
#5701 = PCURVE('',#533,#5702);
#5702 = DEFINITIONAL_REPRESENTATION('',(#5703),#5706);
#5703 = B_SPLINE_CURVE_WITH_KNOTS('',1,(#5704,#5705),.UNSPECIFIED.,.F.,
  .F.,(2,2),(0.,1.),.PIECEWISE_BEZIER_KNOTS.);
#5704 = CARTESIAN_POINT('',(0.,1.));
#5705 = CARTESIAN_POINT('',(1.,1.));
#5706 = ( GEOMETRIC_REPRESENTATION_CONTEXT(2) 
PARAMETRIC_REPRESENTATION_CONTEXT() REPRESENTATION_CONTEXT('2D SPACE',''
  ) );
#5707 = PCURVE('',#566,#5708);
#5708 = DEFINITIONAL_REPRESENTATION('',(#5709),#5712);
#5709 = B_SPLINE_CURVE_WITH_KNOTS('',1,(#5710,#5711),.UNSPECIFIED.,.F.,
  .F.,(2,2),(0.,1.),.PIECEWISE_BEZIER_KNOTS.);
#5710 = CARTESIAN_POINT('',(0.,0.));
#5711 = CARTESIAN_POINT('',(1.,0.));
#5712 = ( GEOMETRIC_REPRESENTATION_CONTEXT(2) 
PARAMETRIC_REPRESENTATION_CONTEXT() REPRESENTATION_CONTEXT('2D SPACE',''
  ) );
#5713 = ADVANCED_FACE('',(#5714),#2528,.F.);
#5714 = FACE_BOUND('',#5715,.F.);
#5715 = EDGE_LOOP('',(#5716,#5717,#5735,#5736));
#5716 = ORIENTED_EDGE('',*,*,#2510,.F.);
#5717 = ORIENTED_EDGE('',*,*,#5718,.T.);
#5718 = EDGE_CURVE('',#2482,#4760,#5719,.T.);
#5719 = SURFACE_CURVE('',#5720,(#5723,#5729),.PCURVE_S1.);
#5720 = B_SPLINE_CURVE_WITH_KNOTS('',1,(#5721,#5722),.UNSPECIFIED.,.F.,
  .F.,(2,2),(0.,1.),.PIECEWISE_BEZIER_KNOTS.);
#5721 = CARTESIAN_POINT('',(11.746969636417,-31.90624867269,0.));
#5722 = CARTESIAN_POINT('',(11.746969636417,-31.90624867269,15.9));
#5723 = PCURVE('',#2528,#5724);
#5724 = DEFINITIONAL_REPRESENTATION('',(#5725),#5728);
#5725 = B_SPLINE_CURVE_WITH_KNOTS('',1,(#5726,#5727),.UNSPECIFIED.,.F.,
  .F.,(2,2),(0.,1.),.PIECEWISE_BEZIER_KNOTS.);
#5726 = CARTESIAN_POINT('',(0.,0.));
#5727 = CARTESIAN_POINT('',(1.,0.));
#5728 = ( GEOMETRIC_REPRESENTATION_CONTEXT(2) 
PARAMETRIC_REPRESENTATION_CONTEXT() REPRESENTATION_CONTEXT('2D SPACE',''
  ) );
#5729 = PCURVE('',#2497,#5730);
#5730 = DEFINITIONAL_REPRESENTATION('',(#5731),#5734);
#5731 = B_SPLINE_CURVE_WITH_KNOTS('',1,(#5732,#5733),.UNSPECIFIED.,.F.,
  .F.,(2,2),(0.,1.),.PIECEWISE_BEZIER_KNOTS.);
#5732 = CARTESIAN_POINT('',(0.,1.));
#5733 = CARTESIAN_POINT('',(1.,1.));
#5734 = ( GEOMETRIC_REPRESENTATION_CONTEXT(2) 
PARAMETRIC_REPRESENTATION_CONTEXT() REPRESENTATION_CONTEXT('2D SPACE',''
  ) );
#5735 = ORIENTED_EDGE('',*,*,#4781,.T.);
#5736 = ORIENTED_EDGE('',*,*,#5670,.F.);
#5737 = ADVANCED_FACE('',(#5738),#566,.F.);
#5738 = FACE_BOUND('',#5739,.F.);
#5739 = EDGE_LOOP('',(#5740,#5741,#5742,#5743));
#5740 = ORIENTED_EDGE('',*,*,#548,.F.);
#5741 = ORIENTED_EDGE('',*,*,#5696,.T.);
#5742 = ORIENTED_EDGE('',*,*,#3335,.T.);
#5743 = ORIENTED_EDGE('',*,*,#5744,.F.);
#5744 = EDGE_CURVE('',#549,#3336,#5745,.T.);
#5745 = SURFACE_CURVE('',#5746,(#5749,#5755),.PCURVE_S1.);
#5746 = B_SPLINE_CURVE_WITH_KNOTS('',1,(#5747,#5748),.UNSPECIFIED.,.F.,
  .F.,(2,2),(0.,1.),.PIECEWISE_BEZIER_KNOTS.);
#5747 = CARTESIAN_POINT('',(23.708831230686,24.369885549123,0.));
#5748 = CARTESIAN_POINT('',(23.708831230686,24.369885549123,15.9));
#5749 = PCURVE('',#566,#5750);
#5750 = DEFINITIONAL_REPRESENTATION('',(#5751),#5754);
#5751 = B_SPLINE_CURVE_WITH_KNOTS('',1,(#5752,#5753),.UNSPECIFIED.,.F.,
  .F.,(2,2),(0.,1.),.PIECEWISE_BEZIER_KNOTS.);
#5752 = CARTESIAN_POINT('',(0.,1.));
#5753 = CARTESIAN_POINT('',(1.,1.));
#5754 = ( GEOMETRIC_REPRESENTATION_CONTEXT(2) 
PARAMETRIC_REPRESENTATION_CONTEXT() REPRESENTATION_CONTEXT('2D SPACE',''
  ) );
#5755 = PCURVE('',#597,#5756);
#5756 = DEFINITIONAL_REPRESENTATION('',(#5757),#5760);
#5757 = B_SPLINE_CURVE_WITH_KNOTS('',1,(#5758,#5759),.UNSPECIFIED.,.F.,
  .F.,(2,2),(0.,1.),.PIECEWISE_BEZIER_KNOTS.);
#5758 = CARTESIAN_POINT('',(0.,0.));
#5759 = CARTESIAN_POINT('',(1.,0.));
#5760 = ( GEOMETRIC_REPRESENTATION_CONTEXT(2) 
PARAMETRIC_REPRESENTATION_CONTEXT() REPRESENTATION_CONTEXT('2D SPACE',''
  ) );
#5761 = ADVANCED_FACE('',(#5762),#2497,.F.);
#5762 = FACE_BOUND('',#5763,.F.);
#5763 = EDGE_LOOP('',(#5764,#5765,#5783,#5784));
#5764 = ORIENTED_EDGE('',*,*,#2481,.F.);
#5765 = ORIENTED_EDGE('',*,*,#5766,.T.);
#5766 = EDGE_CURVE('',#2449,#4736,#5767,.T.);
#5767 = SURFACE_CURVE('',#5768,(#5771,#5777),.PCURVE_S1.);
#5768 = B_SPLINE_CURVE_WITH_KNOTS('',1,(#5769,#5770),.UNSPECIFIED.,.F.,
  .F.,(2,2),(0.,1.),.PIECEWISE_BEZIER_KNOTS.);
#5769 = CARTESIAN_POINT('',(9.250524357516,-32.71739291437,0.));
#5770 = CARTESIAN_POINT('',(9.250524357516,-32.71739291437,15.9));
#5771 = PCURVE('',#2497,#5772);
#5772 = DEFINITIONAL_REPRESENTATION('',(#5773),#5776);
#5773 = B_SPLINE_CURVE_WITH_KNOTS('',1,(#5774,#5775),.UNSPECIFIED.,.F.,
  .F.,(2,2),(0.,1.),.PIECEWISE_BEZIER_KNOTS.);
#5774 = CARTESIAN_POINT('',(0.,0.));
#5775 = CARTESIAN_POINT('',(1.,0.));
#5776 = ( GEOMETRIC_REPRESENTATION_CONTEXT(2) 
PARAMETRIC_REPRESENTATION_CONTEXT() REPRESENTATION_CONTEXT('2D SPACE',''
  ) );
#5777 = PCURVE('',#2466,#5778);
#5778 = DEFINITIONAL_REPRESENTATION('',(#5779),#5782);
#5779 = B_SPLINE_CURVE_WITH_KNOTS('',1,(#5780,#5781),.UNSPECIFIED.,.F.,
  .F.,(2,2),(0.,1.),.PIECEWISE_BEZIER_KNOTS.);
#5780 = CARTESIAN_POINT('',(0.,1.));
#5781 = CARTESIAN_POINT('',(1.,1.));
#5782 = ( GEOMETRIC_REPRESENTATION_CONTEXT(2) 
PARAMETRIC_REPRESENTATION_CONTEXT() REPRESENTATION_CONTEXT('2D SPACE',''
  ) );
#5783 = ORIENTED_EDGE('',*,*,#4759,.T.);
#5784 = ORIENTED_EDGE('',*,*,#5718,.F.);
#5785 = ADVANCED_FACE('',(#5786),#597,.F.);
#5786 = FACE_BOUND('',#5787,.F.);
#5787 = EDGE_LOOP('',(#5788,#5789,#5790,#5791));
#5788 = ORIENTED_EDGE('',*,*,#581,.F.);
#5789 = ORIENTED_EDGE('',*,*,#5744,.T.);
#5790 = ORIENTED_EDGE('',*,*,#3359,.T.);
#5791 = ORIENTED_EDGE('',*,*,#5792,.F.);
#5792 = EDGE_CURVE('',#582,#3360,#5793,.T.);
#5793 = SURFACE_CURVE('',#5794,(#5797,#5803),.PCURVE_S1.);
#5794 = B_SPLINE_CURVE_WITH_KNOTS('',1,(#5795,#5796),.UNSPECIFIED.,.F.,
  .F.,(2,2),(0.,1.),.PIECEWISE_BEZIER_KNOTS.);
#5795 = CARTESIAN_POINT('',(21.758137071806,26.126298458967,0.));
#5796 = CARTESIAN_POINT('',(21.758137071806,26.126298458967,15.9));
#5797 = PCURVE('',#597,#5798);
#5798 = DEFINITIONAL_REPRESENTATION('',(#5799),#5802);
#5799 = B_SPLINE_CURVE_WITH_KNOTS('',1,(#5800,#5801),.UNSPECIFIED.,.F.,
  .F.,(2,2),(0.,1.),.PIECEWISE_BEZIER_KNOTS.);
#5800 = CARTESIAN_POINT('',(0.,1.));
#5801 = CARTESIAN_POINT('',(1.,1.));
#5802 = ( GEOMETRIC_REPRESENTATION_CONTEXT(2) 
PARAMETRIC_REPRESENTATION_CONTEXT() REPRESENTATION_CONTEXT('2D SPACE',''
  ) );
#5803 = PCURVE('',#628,#5804);
#5804 = DEFINITIONAL_REPRESENTATION('',(#5805),#5808);
#5805 = B_SPLINE_CURVE_WITH_KNOTS('',1,(#5806,#5807),.UNSPECIFIED.,.F.,
  .F.,(2,2),(0.,1.),.PIECEWISE_BEZIER_KNOTS.);
#5806 = CARTESIAN_POINT('',(0.,0.));
#5807 = CARTESIAN_POINT('',(1.,0.));
#5808 = ( GEOMETRIC_REPRESENTATION_CONTEXT(2) 
PARAMETRIC_REPRESENTATION_CONTEXT() REPRESENTATION_CONTEXT('2D SPACE',''
  ) );
#5809 = ADVANCED_FACE('',(#5810),#2466,.F.);
#5810 = FACE_BOUND('',#5811,.F.);
#5811 = EDGE_LOOP('',(#5812,#5813,#5831,#5832));
#5812 = ORIENTED_EDGE('',*,*,#2448,.F.);
#5813 = ORIENTED_EDGE('',*,*,#5814,.T.);
#5814 = EDGE_CURVE('',#2416,#4712,#5815,.T.);
#5815 = SURFACE_CURVE('',#5816,(#5819,#5825),.PCURVE_S1.);
#5816 = B_SPLINE_CURVE_WITH_KNOTS('',1,(#5817,#5818),.UNSPECIFIED.,.F.,
  .F.,(2,2),(0.,1.),.PIECEWISE_BEZIER_KNOTS.);
#5817 = CARTESIAN_POINT('',(5.461233772552,-27.70788524877,0.));
#5818 = CARTESIAN_POINT('',(5.461233772552,-27.70788524877,15.9));
#5819 = PCURVE('',#2466,#5820);
#5820 = DEFINITIONAL_REPRESENTATION('',(#5821),#5824);
#5821 = B_SPLINE_CURVE_WITH_KNOTS('',1,(#5822,#5823),.UNSPECIFIED.,.F.,
  .F.,(2,2),(0.,1.),.PIECEWISE_BEZIER_KNOTS.);
#5822 = CARTESIAN_POINT('',(0.,0.));
#5823 = CARTESIAN_POINT('',(1.,0.));
#5824 = ( GEOMETRIC_REPRESENTATION_CONTEXT(2) 
PARAMETRIC_REPRESENTATION_CONTEXT() REPRESENTATION_CONTEXT('2D SPACE',''
  ) );
#5825 = PCURVE('',#2433,#5826);
#5826 = DEFINITIONAL_REPRESENTATION('',(#5827),#5830);
#5827 = B_SPLINE_CURVE_WITH_KNOTS('',1,(#5828,#5829),.UNSPECIFIED.,.F.,
  .F.,(2,2),(0.,1.),.PIECEWISE_BEZIER_KNOTS.);
#5828 = CARTESIAN_POINT('',(0.,1.));
#5829 = CARTESIAN_POINT('',(1.,1.));
#5830 = ( GEOMETRIC_REPRESENTATION_CONTEXT(2) 
PARAMETRIC_REPRESENTATION_CONTEXT() REPRESENTATION_CONTEXT('2D SPACE',''
  ) );
#5831 = ORIENTED_EDGE('',*,*,#4735,.T.);
#5832 = ORIENTED_EDGE('',*,*,#5766,.F.);
#5833 = ADVANCED_FACE('',(#5834),#628,.F.);
#5834 = FACE_BOUND('',#5835,.F.);
#5835 = EDGE_LOOP('',(#5836,#5837,#5838,#5839));
#5836 = ORIENTED_EDGE('',*,*,#610,.F.);
#5837 = ORIENTED_EDGE('',*,*,#5792,.T.);
#5838 = ORIENTED_EDGE('',*,*,#3381,.T.);
#5839 = ORIENTED_EDGE('',*,*,#5840,.F.);
#5840 = EDGE_CURVE('',#611,#3382,#5841,.T.);
#5841 = SURFACE_CURVE('',#5842,(#5845,#5851),.PCURVE_S1.);
#5842 = B_SPLINE_CURVE_WITH_KNOTS('',1,(#5843,#5844),.UNSPECIFIED.,.F.,
  .F.,(2,2),(0.,1.),.PIECEWISE_BEZIER_KNOTS.);
#5843 = CARTESIAN_POINT('',(16.258897538856,23.091128818203,0.));
#5844 = CARTESIAN_POINT('',(16.258897538856,23.091128818203,15.9));
#5845 = PCURVE('',#628,#5846);
#5846 = DEFINITIONAL_REPRESENTATION('',(#5847),#5850);
#5847 = B_SPLINE_CURVE_WITH_KNOTS('',1,(#5848,#5849),.UNSPECIFIED.,.F.,
  .F.,(2,2),(0.,1.),.PIECEWISE_BEZIER_KNOTS.);
#5848 = CARTESIAN_POINT('',(0.,1.));
#5849 = CARTESIAN_POINT('',(1.,1.));
#5850 = ( GEOMETRIC_REPRESENTATION_CONTEXT(2) 
PARAMETRIC_REPRESENTATION_CONTEXT() REPRESENTATION_CONTEXT('2D SPACE',''
  ) );
#5851 = PCURVE('',#661,#5852);
#5852 = DEFINITIONAL_REPRESENTATION('',(#5853),#5856);
#5853 = B_SPLINE_CURVE_WITH_KNOTS('',1,(#5854,#5855),.UNSPECIFIED.,.F.,
  .F.,(2,2),(0.,1.),.PIECEWISE_BEZIER_KNOTS.);
#5854 = CARTESIAN_POINT('',(0.,0.));
#5855 = CARTESIAN_POINT('',(1.,0.));
#5856 = ( GEOMETRIC_REPRESENTATION_CONTEXT(2) 
PARAMETRIC_REPRESENTATION_CONTEXT() REPRESENTATION_CONTEXT('2D SPACE',''
  ) );
#5857 = ADVANCED_FACE('',(#5858),#2433,.F.);
#5858 = FACE_BOUND('',#5859,.F.);
#5859 = EDGE_LOOP('',(#5860,#5861,#5879,#5880));
#5860 = ORIENTED_EDGE('',*,*,#2415,.F.);
#5861 = ORIENTED_EDGE('',*,*,#5862,.T.);
#5862 = EDGE_CURVE('',#2387,#4690,#5863,.T.);
#5863 = SURFACE_CURVE('',#5864,(#5867,#5873),.PCURVE_S1.);
#5864 = B_SPLINE_CURVE_WITH_KNOTS('',1,(#5865,#5866),.UNSPECIFIED.,.F.,
  .F.,(2,2),(0.,1.),.PIECEWISE_BEZIER_KNOTS.);
#5865 = CARTESIAN_POINT('',(3.795845158021,-24.91247798867,0.));
#5866 = CARTESIAN_POINT('',(3.795845158021,-24.91247798867,15.9));
#5867 = PCURVE('',#2433,#5868);
#5868 = DEFINITIONAL_REPRESENTATION('',(#5869),#5872);
#5869 = B_SPLINE_CURVE_WITH_KNOTS('',1,(#5870,#5871),.UNSPECIFIED.,.F.,
  .F.,(2,2),(0.,1.),.PIECEWISE_BEZIER_KNOTS.);
#5870 = CARTESIAN_POINT('',(0.,0.));
#5871 = CARTESIAN_POINT('',(1.,0.));
#5872 = ( GEOMETRIC_REPRESENTATION_CONTEXT(2) 
PARAMETRIC_REPRESENTATION_CONTEXT() REPRESENTATION_CONTEXT('2D SPACE',''
  ) );
#5873 = PCURVE('',#2402,#5874);
#5874 = DEFINITIONAL_REPRESENTATION('',(#5875),#5878);
#5875 = B_SPLINE_CURVE_WITH_KNOTS('',1,(#5876,#5877),.UNSPECIFIED.,.F.,
  .F.,(2,2),(0.,1.),.PIECEWISE_BEZIER_KNOTS.);
#5876 = CARTESIAN_POINT('',(0.,1.));
#5877 = CARTESIAN_POINT('',(1.,1.));
#5878 = ( GEOMETRIC_REPRESENTATION_CONTEXT(2) 
PARAMETRIC_REPRESENTATION_CONTEXT() REPRESENTATION_CONTEXT('2D SPACE',''
  ) );
#5879 = ORIENTED_EDGE('',*,*,#4711,.T.);
#5880 = ORIENTED_EDGE('',*,*,#5814,.F.);
#5881 = ADVANCED_FACE('',(#5882),#661,.F.);
#5882 = FACE_BOUND('',#5883,.F.);
#5883 = EDGE_LOOP('',(#5884,#5885,#5886,#5887));
#5884 = ORIENTED_EDGE('',*,*,#643,.F.);
#5885 = ORIENTED_EDGE('',*,*,#5840,.T.);
#5886 = ORIENTED_EDGE('',*,*,#3405,.T.);
#5887 = ORIENTED_EDGE('',*,*,#5888,.F.);
#5888 = EDGE_CURVE('',#644,#3406,#5889,.T.);
#5889 = SURFACE_CURVE('',#5890,(#5893,#5899),.PCURVE_S1.);
#5890 = B_SPLINE_CURVE_WITH_KNOTS('',1,(#5891,#5892),.UNSPECIFIED.,.F.,
  .F.,(2,2),(0.,1.),.PIECEWISE_BEZIER_KNOTS.);
#5891 = CARTESIAN_POINT('',(13.600494769839,21.214771787969,0.));
#5892 = CARTESIAN_POINT('',(13.600494769839,21.214771787969,15.9));
#5893 = PCURVE('',#661,#5894);
#5894 = DEFINITIONAL_REPRESENTATION('',(#5895),#5898);
#5895 = B_SPLINE_CURVE_WITH_KNOTS('',1,(#5896,#5897),.UNSPECIFIED.,.F.,
  .F.,(2,2),(0.,1.),.PIECEWISE_BEZIER_KNOTS.);
#5896 = CARTESIAN_POINT('',(0.,1.));
#5897 = CARTESIAN_POINT('',(1.,1.));
#5898 = ( GEOMETRIC_REPRESENTATION_CONTEXT(2) 
PARAMETRIC_REPRESENTATION_CONTEXT() REPRESENTATION_CONTEXT('2D SPACE',''
  ) );
#5899 = PCURVE('',#692,#5900);
#5900 = DEFINITIONAL_REPRESENTATION('',(#5901),#5904);
#5901 = B_SPLINE_CURVE_WITH_KNOTS('',1,(#5902,#5903),.UNSPECIFIED.,.F.,
  .F.,(2,2),(0.,1.),.PIECEWISE_BEZIER_KNOTS.);
#5902 = CARTESIAN_POINT('',(0.,0.));
#5903 = CARTESIAN_POINT('',(1.,0.));
#5904 = ( GEOMETRIC_REPRESENTATION_CONTEXT(2) 
PARAMETRIC_REPRESENTATION_CONTEXT() REPRESENTATION_CONTEXT('2D SPACE',''
  ) );
#5905 = ADVANCED_FACE('',(#5906),#2402,.F.);
#5906 = FACE_BOUND('',#5907,.F.);
#5907 = EDGE_LOOP('',(#5908,#5909,#5927,#5928));
#5908 = ORIENTED_EDGE('',*,*,#2386,.F.);
#5909 = ORIENTED_EDGE('',*,*,#5910,.T.);
#5910 = EDGE_CURVE('',#2354,#4666,#5911,.T.);
#5911 = SURFACE_CURVE('',#5912,(#5915,#5921),.PCURVE_S1.);
#5912 = B_SPLINE_CURVE_WITH_KNOTS('',1,(#5913,#5914),.UNSPECIFIED.,.F.,
  .F.,(2,2),(0.,1.),.PIECEWISE_BEZIER_KNOTS.);
#5913 = CARTESIAN_POINT('',(1.466698587011,-25.15728115784,0.));
#5914 = CARTESIAN_POINT('',(1.466698587011,-25.15728115784,15.9));
#5915 = PCURVE('',#2402,#5916);
#5916 = DEFINITIONAL_REPRESENTATION('',(#5917),#5920);
#5917 = B_SPLINE_CURVE_WITH_KNOTS('',1,(#5918,#5919),.UNSPECIFIED.,.F.,
  .F.,(2,2),(0.,1.),.PIECEWISE_BEZIER_KNOTS.);
#5918 = CARTESIAN_POINT('',(0.,0.));
#5919 = CARTESIAN_POINT('',(1.,0.));
#5920 = ( GEOMETRIC_REPRESENTATION_CONTEXT(2) 
PARAMETRIC_REPRESENTATION_CONTEXT() REPRESENTATION_CONTEXT('2D SPACE',''
  ) );
#5921 = PCURVE('',#2371,#5922);
#5922 = DEFINITIONAL_REPRESENTATION('',(#5923),#5926);
#5923 = B_SPLINE_CURVE_WITH_KNOTS('',1,(#5924,#5925),.UNSPECIFIED.,.F.,
  .F.,(2,2),(0.,1.),.PIECEWISE_BEZIER_KNOTS.);
#5924 = CARTESIAN_POINT('',(0.,1.));
#5925 = CARTESIAN_POINT('',(1.,1.));
#5926 = ( GEOMETRIC_REPRESENTATION_CONTEXT(2) 
PARAMETRIC_REPRESENTATION_CONTEXT() REPRESENTATION_CONTEXT('2D SPACE',''
  ) );
#5927 = ORIENTED_EDGE('',*,*,#4689,.T.);
#5928 = ORIENTED_EDGE('',*,*,#5862,.F.);
#5929 = ADVANCED_FACE('',(#5930),#692,.F.);
#5930 = FACE_BOUND('',#5931,.F.);
#5931 = EDGE_LOOP('',(#5932,#5933,#5934,#5935));
#5932 = ORIENTED_EDGE('',*,*,#676,.F.);
#5933 = ORIENTED_EDGE('',*,*,#5888,.T.);
#5934 = ORIENTED_EDGE('',*,*,#3429,.T.);
#5935 = ORIENTED_EDGE('',*,*,#5936,.F.);
#5936 = EDGE_CURVE('',#677,#3430,#5937,.T.);
#5937 = SURFACE_CURVE('',#5938,(#5941,#5947),.PCURVE_S1.);
#5938 = B_SPLINE_CURVE_WITH_KNOTS('',1,(#5939,#5940),.UNSPECIFIED.,.F.,
  .F.,(2,2),(0.,1.),.PIECEWISE_BEZIER_KNOTS.);
#5939 = CARTESIAN_POINT('',(11.572283918951,22.385759868702,0.));
#5940 = CARTESIAN_POINT('',(11.572283918951,22.385759868702,15.9));
#5941 = PCURVE('',#692,#5942);
#5942 = DEFINITIONAL_REPRESENTATION('',(#5943),#5946);
#5943 = B_SPLINE_CURVE_WITH_KNOTS('',1,(#5944,#5945),.UNSPECIFIED.,.F.,
  .F.,(2,2),(0.,1.),.PIECEWISE_BEZIER_KNOTS.);
#5944 = CARTESIAN_POINT('',(0.,1.));
#5945 = CARTESIAN_POINT('',(1.,1.));
#5946 = ( GEOMETRIC_REPRESENTATION_CONTEXT(2) 
PARAMETRIC_REPRESENTATION_CONTEXT() REPRESENTATION_CONTEXT('2D SPACE',''
  ) );
#5947 = PCURVE('',#723,#5948);
#5948 = DEFINITIONAL_REPRESENTATION('',(#5949),#5952);
#5949 = B_SPLINE_CURVE_WITH_KNOTS('',1,(#5950,#5951),.UNSPECIFIED.,.F.,
  .F.,(2,2),(0.,1.),.PIECEWISE_BEZIER_KNOTS.);
#5950 = CARTESIAN_POINT('',(0.,0.));
#5951 = CARTESIAN_POINT('',(1.,0.));
#5952 = ( GEOMETRIC_REPRESENTATION_CONTEXT(2) 
PARAMETRIC_REPRESENTATION_CONTEXT() REPRESENTATION_CONTEXT('2D SPACE',''
  ) );
#5953 = ADVANCED_FACE('',(#5954),#2371,.F.);
#5954 = FACE_BOUND('',#5955,.F.);
#5955 = EDGE_LOOP('',(#5956,#5957,#5975,#5976));
#5956 = ORIENTED_EDGE('',*,*,#2353,.F.);
#5957 = ORIENTED_EDGE('',*,*,#5958,.T.);
#5958 = EDGE_CURVE('',#2321,#4642,#5959,.T.);
#5959 = SURFACE_CURVE('',#5960,(#5963,#5969),.PCURVE_S1.);
#5960 = B_SPLINE_CURVE_WITH_KNOTS('',1,(#5961,#5962),.UNSPECIFIED.,.F.,
  .F.,(2,2),(0.,1.),.PIECEWISE_BEZIER_KNOTS.);
#5961 = CARTESIAN_POINT('',(0.41890055939,-28.2378558251,0.));
#5962 = CARTESIAN_POINT('',(0.41890055939,-28.2378558251,15.9));
#5963 = PCURVE('',#2371,#5964);
#5964 = DEFINITIONAL_REPRESENTATION('',(#5965),#5968);
#5965 = B_SPLINE_CURVE_WITH_KNOTS('',1,(#5966,#5967),.UNSPECIFIED.,.F.,
  .F.,(2,2),(0.,1.),.PIECEWISE_BEZIER_KNOTS.);
#5966 = CARTESIAN_POINT('',(0.,0.));
#5967 = CARTESIAN_POINT('',(1.,0.));
#5968 = ( GEOMETRIC_REPRESENTATION_CONTEXT(2) 
PARAMETRIC_REPRESENTATION_CONTEXT() REPRESENTATION_CONTEXT('2D SPACE',''
  ) );
#5969 = PCURVE('',#2338,#5970);
#5970 = DEFINITIONAL_REPRESENTATION('',(#5971),#5974);
#5971 = B_SPLINE_CURVE_WITH_KNOTS('',1,(#5972,#5973),.UNSPECIFIED.,.F.,
  .F.,(2,2),(0.,1.),.PIECEWISE_BEZIER_KNOTS.);
#5972 = CARTESIAN_POINT('',(0.,1.));
#5973 = CARTESIAN_POINT('',(1.,1.));
#5974 = ( GEOMETRIC_REPRESENTATION_CONTEXT(2) 
PARAMETRIC_REPRESENTATION_CONTEXT() REPRESENTATION_CONTEXT('2D SPACE',''
  ) );
#5975 = ORIENTED_EDGE('',*,*,#4665,.T.);
#5976 = ORIENTED_EDGE('',*,*,#5910,.F.);
#5977 = ADVANCED_FACE('',(#5978),#723,.F.);
#5978 = FACE_BOUND('',#5979,.F.);
#5979 = EDGE_LOOP('',(#5980,#5981,#5982,#5983));
#5980 = ORIENTED_EDGE('',*,*,#705,.F.);
#5981 = ORIENTED_EDGE('',*,*,#5936,.T.);
#5982 = ORIENTED_EDGE('',*,*,#3451,.T.);
#5983 = ORIENTED_EDGE('',*,*,#5984,.F.);
#5984 = EDGE_CURVE('',#706,#3452,#5985,.T.);
#5985 = SURFACE_CURVE('',#5986,(#5989,#5995),.PCURVE_S1.);
#5986 = B_SPLINE_CURVE_WITH_KNOTS('',1,(#5987,#5988),.UNSPECIFIED.,.F.,
  .F.,(2,2),(0.,1.),.PIECEWISE_BEZIER_KNOTS.);
#5987 = CARTESIAN_POINT('',(11.868055389194,25.626182715279,0.));
#5988 = CARTESIAN_POINT('',(11.868055389194,25.626182715279,15.9));
#5989 = PCURVE('',#723,#5990);
#5990 = DEFINITIONAL_REPRESENTATION('',(#5991),#5994);
#5991 = B_SPLINE_CURVE_WITH_KNOTS('',1,(#5992,#5993),.UNSPECIFIED.,.F.,
  .F.,(2,2),(0.,1.),.PIECEWISE_BEZIER_KNOTS.);
#5992 = CARTESIAN_POINT('',(0.,1.));
#5993 = CARTESIAN_POINT('',(1.,1.));
#5994 = ( GEOMETRIC_REPRESENTATION_CONTEXT(2) 
PARAMETRIC_REPRESENTATION_CONTEXT() REPRESENTATION_CONTEXT('2D SPACE',''
  ) );
#5995 = PCURVE('',#756,#5996);
#5996 = DEFINITIONAL_REPRESENTATION('',(#5997),#6000);
#5997 = B_SPLINE_CURVE_WITH_KNOTS('',1,(#5998,#5999),.UNSPECIFIED.,.F.,
  .F.,(2,2),(0.,1.),.PIECEWISE_BEZIER_KNOTS.);
#5998 = CARTESIAN_POINT('',(0.,0.));
#5999 = CARTESIAN_POINT('',(1.,0.));
#6000 = ( GEOMETRIC_REPRESENTATION_CONTEXT(2) 
PARAMETRIC_REPRESENTATION_CONTEXT() REPRESENTATION_CONTEXT('2D SPACE',''
  ) );
#6001 = ADVANCED_FACE('',(#6002),#2338,.F.);
#6002 = FACE_BOUND('',#6003,.F.);
#6003 = EDGE_LOOP('',(#6004,#6005,#6023,#6024));
#6004 = ORIENTED_EDGE('',*,*,#2320,.F.);
#6005 = ORIENTED_EDGE('',*,*,#6006,.T.);
#6006 = EDGE_CURVE('',#2292,#4620,#6007,.T.);
#6007 = SURFACE_CURVE('',#6008,(#6011,#6017),.PCURVE_S1.);
#6008 = B_SPLINE_CURVE_WITH_KNOTS('',1,(#6009,#6010),.UNSPECIFIED.,.F.,
  .F.,(2,2),(0.,1.),.PIECEWISE_BEZIER_KNOTS.);
#6009 = CARTESIAN_POINT('',(-2.246049725858,-33.92573154158,0.));
#6010 = CARTESIAN_POINT('',(-2.246049725858,-33.92573154158,15.9));
#6011 = PCURVE('',#2338,#6012);
#6012 = DEFINITIONAL_REPRESENTATION('',(#6013),#6016);
#6013 = B_SPLINE_CURVE_WITH_KNOTS('',1,(#6014,#6015),.UNSPECIFIED.,.F.,
  .F.,(2,2),(0.,1.),.PIECEWISE_BEZIER_KNOTS.);
#6014 = CARTESIAN_POINT('',(0.,0.));
#6015 = CARTESIAN_POINT('',(1.,0.));
#6016 = ( GEOMETRIC_REPRESENTATION_CONTEXT(2) 
PARAMETRIC_REPRESENTATION_CONTEXT() REPRESENTATION_CONTEXT('2D SPACE',''
  ) );
#6017 = PCURVE('',#2307,#6018);
#6018 = DEFINITIONAL_REPRESENTATION('',(#6019),#6022);
#6019 = B_SPLINE_CURVE_WITH_KNOTS('',1,(#6020,#6021),.UNSPECIFIED.,.F.,
  .F.,(2,2),(0.,1.),.PIECEWISE_BEZIER_KNOTS.);
#6020 = CARTESIAN_POINT('',(0.,1.));
#6021 = CARTESIAN_POINT('',(1.,1.));
#6022 = ( GEOMETRIC_REPRESENTATION_CONTEXT(2) 
PARAMETRIC_REPRESENTATION_CONTEXT() REPRESENTATION_CONTEXT('2D SPACE',''
  ) );
#6023 = ORIENTED_EDGE('',*,*,#4641,.T.);
#6024 = ORIENTED_EDGE('',*,*,#5958,.F.);
#6025 = ADVANCED_FACE('',(#6026),#756,.F.);
#6026 = FACE_BOUND('',#6027,.F.);
#6027 = EDGE_LOOP('',(#6028,#6029,#6030,#6031));
#6028 = ORIENTED_EDGE('',*,*,#738,.F.);
#6029 = ORIENTED_EDGE('',*,*,#5984,.T.);
#6030 = ORIENTED_EDGE('',*,*,#3475,.T.);
#6031 = ORIENTED_EDGE('',*,*,#6032,.F.);
#6032 = EDGE_CURVE('',#739,#3476,#6033,.T.);
#6033 = SURFACE_CURVE('',#6034,(#6037,#6043),.PCURVE_S1.);
#6034 = B_SPLINE_CURVE_WITH_KNOTS('',1,(#6035,#6036),.UNSPECIFIED.,.F.,
  .F.,(2,2),(0.,1.),.PIECEWISE_BEZIER_KNOTS.);
#6035 = CARTESIAN_POINT('',(11.746969636417,31.906248672691,0.));
#6036 = CARTESIAN_POINT('',(11.746969636417,31.906248672691,15.9));
#6037 = PCURVE('',#756,#6038);
#6038 = DEFINITIONAL_REPRESENTATION('',(#6039),#6042);
#6039 = B_SPLINE_CURVE_WITH_KNOTS('',1,(#6040,#6041),.UNSPECIFIED.,.F.,
  .F.,(2,2),(0.,1.),.PIECEWISE_BEZIER_KNOTS.);
#6040 = CARTESIAN_POINT('',(0.,1.));
#6041 = CARTESIAN_POINT('',(1.,1.));
#6042 = ( GEOMETRIC_REPRESENTATION_CONTEXT(2) 
PARAMETRIC_REPRESENTATION_CONTEXT() REPRESENTATION_CONTEXT('2D SPACE',''
  ) );
#6043 = PCURVE('',#787,#6044);
#6044 = DEFINITIONAL_REPRESENTATION('',(#6045),#6048);
#6045 = B_SPLINE_CURVE_WITH_KNOTS('',1,(#6046,#6047),.UNSPECIFIED.,.F.,
  .F.,(2,2),(0.,1.),.PIECEWISE_BEZIER_KNOTS.);
#6046 = CARTESIAN_POINT('',(0.,0.));
#6047 = CARTESIAN_POINT('',(1.,0.));
#6048 = ( GEOMETRIC_REPRESENTATION_CONTEXT(2) 
PARAMETRIC_REPRESENTATION_CONTEXT() REPRESENTATION_CONTEXT('2D SPACE',''
  ) );
#6049 = ADVANCED_FACE('',(#6050),#2307,.F.);
#6050 = FACE_BOUND('',#6051,.F.);
#6051 = EDGE_LOOP('',(#6052,#6053,#6071,#6072));
#6052 = ORIENTED_EDGE('',*,*,#2291,.F.);
#6053 = ORIENTED_EDGE('',*,*,#6054,.T.);
#6054 = EDGE_CURVE('',#2259,#4596,#6055,.T.);
#6055 = SURFACE_CURVE('',#6056,(#6059,#6065),.PCURVE_S1.);
#6056 = B_SPLINE_CURVE_WITH_KNOTS('',1,(#6057,#6058),.UNSPECIFIED.,.F.,
  .F.,(2,2),(0.,1.),.PIECEWISE_BEZIER_KNOTS.);
#6057 = CARTESIAN_POINT('',(-4.856588056563,-33.6513529067,0.));
#6058 = CARTESIAN_POINT('',(-4.856588056563,-33.6513529067,15.9));
#6059 = PCURVE('',#2307,#6060);
#6060 = DEFINITIONAL_REPRESENTATION('',(#6061),#6064);
#6061 = B_SPLINE_CURVE_WITH_KNOTS('',1,(#6062,#6063),.UNSPECIFIED.,.F.,
  .F.,(2,2),(0.,1.),.PIECEWISE_BEZIER_KNOTS.);
#6062 = CARTESIAN_POINT('',(0.,0.));
#6063 = CARTESIAN_POINT('',(1.,0.));
#6064 = ( GEOMETRIC_REPRESENTATION_CONTEXT(2) 
PARAMETRIC_REPRESENTATION_CONTEXT() REPRESENTATION_CONTEXT('2D SPACE',''
  ) );
#6065 = PCURVE('',#2276,#6066);
#6066 = DEFINITIONAL_REPRESENTATION('',(#6067),#6070);
#6067 = B_SPLINE_CURVE_WITH_KNOTS('',1,(#6068,#6069),.UNSPECIFIED.,.F.,
  .F.,(2,2),(0.,1.),.PIECEWISE_BEZIER_KNOTS.);
#6068 = CARTESIAN_POINT('',(0.,1.));
#6069 = CARTESIAN_POINT('',(1.,1.));
#6070 = ( GEOMETRIC_REPRESENTATION_CONTEXT(2) 
PARAMETRIC_REPRESENTATION_CONTEXT() REPRESENTATION_CONTEXT('2D SPACE',''
  ) );
#6071 = ORIENTED_EDGE('',*,*,#4619,.T.);
#6072 = ORIENTED_EDGE('',*,*,#6006,.F.);
#6073 = ADVANCED_FACE('',(#6074),#787,.F.);
#6074 = FACE_BOUND('',#6075,.F.);
#6075 = EDGE_LOOP('',(#6076,#6077,#6078,#6079));
#6076 = ORIENTED_EDGE('',*,*,#771,.F.);
#6077 = ORIENTED_EDGE('',*,*,#6032,.T.);
#6078 = ORIENTED_EDGE('',*,*,#3499,.T.);
#6079 = ORIENTED_EDGE('',*,*,#6080,.F.);
#6080 = EDGE_CURVE('',#772,#3500,#6081,.T.);
#6081 = SURFACE_CURVE('',#6082,(#6085,#6091),.PCURVE_S1.);
#6082 = B_SPLINE_CURVE_WITH_KNOTS('',1,(#6083,#6084),.UNSPECIFIED.,.F.,
  .F.,(2,2),(0.,1.),.PIECEWISE_BEZIER_KNOTS.);
#6083 = CARTESIAN_POINT('',(9.250524357516,32.717392914374,0.));
#6084 = CARTESIAN_POINT('',(9.250524357516,32.717392914374,15.9));
#6085 = PCURVE('',#787,#6086);
#6086 = DEFINITIONAL_REPRESENTATION('',(#6087),#6090);
#6087 = B_SPLINE_CURVE_WITH_KNOTS('',1,(#6088,#6089),.UNSPECIFIED.,.F.,
  .F.,(2,2),(0.,1.),.PIECEWISE_BEZIER_KNOTS.);
#6088 = CARTESIAN_POINT('',(0.,1.));
#6089 = CARTESIAN_POINT('',(1.,1.));
#6090 = ( GEOMETRIC_REPRESENTATION_CONTEXT(2) 
PARAMETRIC_REPRESENTATION_CONTEXT() REPRESENTATION_CONTEXT('2D SPACE',''
  ) );
#6091 = PCURVE('',#818,#6092);
#6092 = DEFINITIONAL_REPRESENTATION('',(#6093),#6096);
#6093 = B_SPLINE_CURVE_WITH_KNOTS('',1,(#6094,#6095),.UNSPECIFIED.,.F.,
  .F.,(2,2),(0.,1.),.PIECEWISE_BEZIER_KNOTS.);
#6094 = CARTESIAN_POINT('',(0.,0.));
#6095 = CARTESIAN_POINT('',(1.,0.));
#6096 = ( GEOMETRIC_REPRESENTATION_CONTEXT(2) 
PARAMETRIC_REPRESENTATION_CONTEXT() REPRESENTATION_CONTEXT('2D SPACE',''
  ) );
#6097 = ADVANCED_FACE('',(#6098),#2276,.F.);
#6098 = FACE_BOUND('',#6099,.F.);
#6099 = EDGE_LOOP('',(#6100,#6101,#6119,#6120));
#6100 = ORIENTED_EDGE('',*,*,#2258,.F.);
#6101 = ORIENTED_EDGE('',*,*,#6102,.T.);
#6102 = EDGE_CURVE('',#2226,#4572,#6103,.T.);
#6103 = SURFACE_CURVE('',#6104,(#6107,#6113),.PCURVE_S1.);
#6104 = B_SPLINE_CURVE_WITH_KNOTS('',1,(#6105,#6106),.UNSPECIFIED.,.F.,
  .F.,(2,2),(0.,1.),.PIECEWISE_BEZIER_KNOTS.);
#6105 = CARTESIAN_POINT('',(-6.280726926778,-27.5336966016,0.));
#6106 = CARTESIAN_POINT('',(-6.280726926778,-27.5336966016,15.9));
#6107 = PCURVE('',#2276,#6108);
#6108 = DEFINITIONAL_REPRESENTATION('',(#6109),#6112);
#6109 = B_SPLINE_CURVE_WITH_KNOTS('',1,(#6110,#6111),.UNSPECIFIED.,.F.,
  .F.,(2,2),(0.,1.),.PIECEWISE_BEZIER_KNOTS.);
#6110 = CARTESIAN_POINT('',(0.,0.));
#6111 = CARTESIAN_POINT('',(1.,0.));
#6112 = ( GEOMETRIC_REPRESENTATION_CONTEXT(2) 
PARAMETRIC_REPRESENTATION_CONTEXT() REPRESENTATION_CONTEXT('2D SPACE',''
  ) );
#6113 = PCURVE('',#2243,#6114);
#6114 = DEFINITIONAL_REPRESENTATION('',(#6115),#6118);
#6115 = B_SPLINE_CURVE_WITH_KNOTS('',1,(#6116,#6117),.UNSPECIFIED.,.F.,
  .F.,(2,2),(0.,1.),.PIECEWISE_BEZIER_KNOTS.);
#6116 = CARTESIAN_POINT('',(0.,1.));
#6117 = CARTESIAN_POINT('',(1.,1.));
#6118 = ( GEOMETRIC_REPRESENTATION_CONTEXT(2) 
PARAMETRIC_REPRESENTATION_CONTEXT() REPRESENTATION_CONTEXT('2D SPACE',''
  ) );
#6119 = ORIENTED_EDGE('',*,*,#4595,.T.);
#6120 = ORIENTED_EDGE('',*,*,#6054,.F.);
#6121 = ADVANCED_FACE('',(#6122),#818,.F.);
#6122 = FACE_BOUND('',#6123,.F.);
#6123 = EDGE_LOOP('',(#6124,#6125,#6126,#6127));
#6124 = ORIENTED_EDGE('',*,*,#800,.F.);
#6125 = ORIENTED_EDGE('',*,*,#6080,.T.);
#6126 = ORIENTED_EDGE('',*,*,#3521,.T.);
#6127 = ORIENTED_EDGE('',*,*,#6128,.F.);
#6128 = EDGE_CURVE('',#801,#3522,#6129,.T.);
#6129 = SURFACE_CURVE('',#6130,(#6133,#6139),.PCURVE_S1.);
#6130 = B_SPLINE_CURVE_WITH_KNOTS('',1,(#6131,#6132),.UNSPECIFIED.,.F.,
  .F.,(2,2),(0.,1.),.PIECEWISE_BEZIER_KNOTS.);
#6131 = CARTESIAN_POINT('',(5.461233772552,27.707885248777,0.));
#6132 = CARTESIAN_POINT('',(5.461233772552,27.707885248777,15.9));
#6133 = PCURVE('',#818,#6134);
#6134 = DEFINITIONAL_REPRESENTATION('',(#6135),#6138);
#6135 = B_SPLINE_CURVE_WITH_KNOTS('',1,(#6136,#6137),.UNSPECIFIED.,.F.,
  .F.,(2,2),(0.,1.),.PIECEWISE_BEZIER_KNOTS.);
#6136 = CARTESIAN_POINT('',(0.,1.));
#6137 = CARTESIAN_POINT('',(1.,1.));
#6138 = ( GEOMETRIC_REPRESENTATION_CONTEXT(2) 
PARAMETRIC_REPRESENTATION_CONTEXT() REPRESENTATION_CONTEXT('2D SPACE',''
  ) );
#6139 = PCURVE('',#851,#6140);
#6140 = DEFINITIONAL_REPRESENTATION('',(#6141),#6144);
#6141 = B_SPLINE_CURVE_WITH_KNOTS('',1,(#6142,#6143),.UNSPECIFIED.,.F.,
  .F.,(2,2),(0.,1.),.PIECEWISE_BEZIER_KNOTS.);
#6142 = CARTESIAN_POINT('',(0.,0.));
#6143 = CARTESIAN_POINT('',(1.,0.));
#6144 = ( GEOMETRIC_REPRESENTATION_CONTEXT(2) 
PARAMETRIC_REPRESENTATION_CONTEXT() REPRESENTATION_CONTEXT('2D SPACE',''
  ) );
#6145 = ADVANCED_FACE('',(#6146),#2243,.F.);
#6146 = FACE_BOUND('',#6147,.F.);
#6147 = EDGE_LOOP('',(#6148,#6149,#6167,#6168));
#6148 = ORIENTED_EDGE('',*,*,#2225,.F.);
#6149 = ORIENTED_EDGE('',*,*,#6150,.T.);
#6150 = EDGE_CURVE('',#2197,#4550,#6151,.T.);
#6151 = SURFACE_CURVE('',#6152,(#6155,#6161),.PCURVE_S1.);
#6152 = B_SPLINE_CURVE_WITH_KNOTS('',1,(#6153,#6154),.UNSPECIFIED.,.F.,
  .F.,(2,2),(0.,1.),.PIECEWISE_BEZIER_KNOTS.);
#6153 = CARTESIAN_POINT('',(-6.66514056579,-24.30259042238,0.));
#6154 = CARTESIAN_POINT('',(-6.66514056579,-24.30259042238,15.9));
#6155 = PCURVE('',#2243,#6156);
#6156 = DEFINITIONAL_REPRESENTATION('',(#6157),#6160);
#6157 = B_SPLINE_CURVE_WITH_KNOTS('',1,(#6158,#6159),.UNSPECIFIED.,.F.,
  .F.,(2,2),(0.,1.),.PIECEWISE_BEZIER_KNOTS.);
#6158 = CARTESIAN_POINT('',(0.,0.));
#6159 = CARTESIAN_POINT('',(1.,0.));
#6160 = ( GEOMETRIC_REPRESENTATION_CONTEXT(2) 
PARAMETRIC_REPRESENTATION_CONTEXT() REPRESENTATION_CONTEXT('2D SPACE',''
  ) );
#6161 = PCURVE('',#2212,#6162);
#6162 = DEFINITIONAL_REPRESENTATION('',(#6163),#6166);
#6163 = B_SPLINE_CURVE_WITH_KNOTS('',1,(#6164,#6165),.UNSPECIFIED.,.F.,
  .F.,(2,2),(0.,1.),.PIECEWISE_BEZIER_KNOTS.);
#6164 = CARTESIAN_POINT('',(0.,1.));
#6165 = CARTESIAN_POINT('',(1.,1.));
#6166 = ( GEOMETRIC_REPRESENTATION_CONTEXT(2) 
PARAMETRIC_REPRESENTATION_CONTEXT() REPRESENTATION_CONTEXT('2D SPACE',''
  ) );
#6167 = ORIENTED_EDGE('',*,*,#4571,.T.);
#6168 = ORIENTED_EDGE('',*,*,#6102,.F.);
#6169 = ADVANCED_FACE('',(#6170),#851,.F.);
#6170 = FACE_BOUND('',#6171,.F.);
#6171 = EDGE_LOOP('',(#6172,#6173,#6174,#6175));
#6172 = ORIENTED_EDGE('',*,*,#833,.F.);
#6173 = ORIENTED_EDGE('',*,*,#6128,.T.);
#6174 = ORIENTED_EDGE('',*,*,#3545,.T.);
#6175 = ORIENTED_EDGE('',*,*,#6176,.F.);
#6176 = EDGE_CURVE('',#834,#3546,#6177,.T.);
#6177 = SURFACE_CURVE('',#6178,(#6181,#6187),.PCURVE_S1.);
#6178 = B_SPLINE_CURVE_WITH_KNOTS('',1,(#6179,#6180),.UNSPECIFIED.,.F.,
  .F.,(2,2),(0.,1.),.PIECEWISE_BEZIER_KNOTS.);
#6179 = CARTESIAN_POINT('',(3.795845158021,24.912477988677,0.));
#6180 = CARTESIAN_POINT('',(3.795845158021,24.912477988677,15.9));
#6181 = PCURVE('',#851,#6182);
#6182 = DEFINITIONAL_REPRESENTATION('',(#6183),#6186);
#6183 = B_SPLINE_CURVE_WITH_KNOTS('',1,(#6184,#6185),.UNSPECIFIED.,.F.,
  .F.,(2,2),(0.,1.),.PIECEWISE_BEZIER_KNOTS.);
#6184 = CARTESIAN_POINT('',(0.,1.));
#6185 = CARTESIAN_POINT('',(1.,1.));
#6186 = ( GEOMETRIC_REPRESENTATION_CONTEXT(2) 
PARAMETRIC_REPRESENTATION_CONTEXT() REPRESENTATION_CONTEXT('2D SPACE',''
  ) );
#6187 = PCURVE('',#882,#6188);
#6188 = DEFINITIONAL_REPRESENTATION('',(#6189),#6192);
#6189 = B_SPLINE_CURVE_WITH_KNOTS('',1,(#6190,#6191),.UNSPECIFIED.,.F.,
  .F.,(2,2),(0.,1.),.PIECEWISE_BEZIER_KNOTS.);
#6190 = CARTESIAN_POINT('',(0.,0.));
#6191 = CARTESIAN_POINT('',(1.,0.));
#6192 = ( GEOMETRIC_REPRESENTATION_CONTEXT(2) 
PARAMETRIC_REPRESENTATION_CONTEXT() REPRESENTATION_CONTEXT('2D SPACE',''
  ) );
#6193 = ADVANCED_FACE('',(#6194),#2212,.F.);
#6194 = FACE_BOUND('',#6195,.F.);
#6195 = EDGE_LOOP('',(#6196,#6197,#6215,#6216));
#6196 = ORIENTED_EDGE('',*,*,#2196,.F.);
#6197 = ORIENTED_EDGE('',*,*,#6198,.T.);
#6198 = EDGE_CURVE('',#2164,#4526,#6199,.T.);
#6199 = SURFACE_CURVE('',#6200,(#6203,#6209),.PCURVE_S1.);
#6200 = B_SPLINE_CURVE_WITH_KNOTS('',1,(#6201,#6202),.UNSPECIFIED.,.F.,
  .F.,(2,2),(0.,1.),.PIECEWISE_BEZIER_KNOTS.);
#6201 = CARTESIAN_POINT('',(-8.892492255161,-23.57887998807,0.));
#6202 = CARTESIAN_POINT('',(-8.892492255161,-23.57887998807,15.9));
#6203 = PCURVE('',#2212,#6204);
#6204 = DEFINITIONAL_REPRESENTATION('',(#6205),#6208);
#6205 = B_SPLINE_CURVE_WITH_KNOTS('',1,(#6206,#6207),.UNSPECIFIED.,.F.,
  .F.,(2,2),(0.,1.),.PIECEWISE_BEZIER_KNOTS.);
#6206 = CARTESIAN_POINT('',(0.,0.));
#6207 = CARTESIAN_POINT('',(1.,0.));
#6208 = ( GEOMETRIC_REPRESENTATION_CONTEXT(2) 
PARAMETRIC_REPRESENTATION_CONTEXT() REPRESENTATION_CONTEXT('2D SPACE',''
  ) );
#6209 = PCURVE('',#2181,#6210);
#6210 = DEFINITIONAL_REPRESENTATION('',(#6211),#6214);
#6211 = B_SPLINE_CURVE_WITH_KNOTS('',1,(#6212,#6213),.UNSPECIFIED.,.F.,
  .F.,(2,2),(0.,1.),.PIECEWISE_BEZIER_KNOTS.);
#6212 = CARTESIAN_POINT('',(0.,1.));
#6213 = CARTESIAN_POINT('',(1.,1.));
#6214 = ( GEOMETRIC_REPRESENTATION_CONTEXT(2) 
PARAMETRIC_REPRESENTATION_CONTEXT() REPRESENTATION_CONTEXT('2D SPACE',''
  ) );
#6215 = ORIENTED_EDGE('',*,*,#4549,.T.);
#6216 = ORIENTED_EDGE('',*,*,#6150,.F.);
#6217 = ADVANCED_FACE('',(#6218),#882,.F.);
#6218 = FACE_BOUND('',#6219,.F.);
#6219 = EDGE_LOOP('',(#6220,#6221,#6222,#6223));
#6220 = ORIENTED_EDGE('',*,*,#866,.F.);
#6221 = ORIENTED_EDGE('',*,*,#6176,.T.);
#6222 = ORIENTED_EDGE('',*,*,#3569,.T.);
#6223 = ORIENTED_EDGE('',*,*,#6224,.F.);
#6224 = EDGE_CURVE('',#867,#3570,#6225,.T.);
#6225 = SURFACE_CURVE('',#6226,(#6229,#6235),.PCURVE_S1.);
#6226 = B_SPLINE_CURVE_WITH_KNOTS('',1,(#6227,#6228),.UNSPECIFIED.,.F.,
  .F.,(2,2),(0.,1.),.PIECEWISE_BEZIER_KNOTS.);
#6227 = CARTESIAN_POINT('',(1.466698587011,25.157281157845,0.));
#6228 = CARTESIAN_POINT('',(1.466698587011,25.157281157845,15.9));
#6229 = PCURVE('',#882,#6230);
#6230 = DEFINITIONAL_REPRESENTATION('',(#6231),#6234);
#6231 = B_SPLINE_CURVE_WITH_KNOTS('',1,(#6232,#6233),.UNSPECIFIED.,.F.,
  .F.,(2,2),(0.,1.),.PIECEWISE_BEZIER_KNOTS.);
#6232 = CARTESIAN_POINT('',(0.,1.));
#6233 = CARTESIAN_POINT('',(1.,1.));
#6234 = ( GEOMETRIC_REPRESENTATION_CONTEXT(2) 
PARAMETRIC_REPRESENTATION_CONTEXT() REPRESENTATION_CONTEXT('2D SPACE',''
  ) );
#6235 = PCURVE('',#913,#6236);
#6236 = DEFINITIONAL_REPRESENTATION('',(#6237),#6240);
#6237 = B_SPLINE_CURVE_WITH_KNOTS('',1,(#6238,#6239),.UNSPECIFIED.,.F.,
  .F.,(2,2),(0.,1.),.PIECEWISE_BEZIER_KNOTS.);
#6238 = CARTESIAN_POINT('',(0.,0.));
#6239 = CARTESIAN_POINT('',(1.,0.));
#6240 = ( GEOMETRIC_REPRESENTATION_CONTEXT(2) 
PARAMETRIC_REPRESENTATION_CONTEXT() REPRESENTATION_CONTEXT('2D SPACE',''
  ) );
#6241 = ADVANCED_FACE('',(#6242),#2181,.F.);
#6242 = FACE_BOUND('',#6243,.F.);
#6243 = EDGE_LOOP('',(#6244,#6245,#6263,#6264));
#6244 = ORIENTED_EDGE('',*,*,#2163,.F.);
#6245 = ORIENTED_EDGE('',*,*,#6246,.T.);
#6246 = EDGE_CURVE('',#2131,#4502,#6247,.T.);
#6247 = SURFACE_CURVE('',#6248,(#6251,#6257),.PCURVE_S1.);
#6248 = B_SPLINE_CURVE_WITH_KNOTS('',1,(#6249,#6250),.UNSPECIFIED.,.F.,
  .F.,(2,2),(0.,1.),.PIECEWISE_BEZIER_KNOTS.);
#6249 = CARTESIAN_POINT('',(-11.10268598272,-25.96694712989,0.));
#6250 = CARTESIAN_POINT('',(-11.10268598272,-25.96694712989,15.9));
#6251 = PCURVE('',#2181,#6252);
#6252 = DEFINITIONAL_REPRESENTATION('',(#6253),#6256);
#6253 = B_SPLINE_CURVE_WITH_KNOTS('',1,(#6254,#6255),.UNSPECIFIED.,.F.,
  .F.,(2,2),(0.,1.),.PIECEWISE_BEZIER_KNOTS.);
#6254 = CARTESIAN_POINT('',(0.,0.));
#6255 = CARTESIAN_POINT('',(1.,0.));
#6256 = ( GEOMETRIC_REPRESENTATION_CONTEXT(2) 
PARAMETRIC_REPRESENTATION_CONTEXT() REPRESENTATION_CONTEXT('2D SPACE',''
  ) );
#6257 = PCURVE('',#2148,#6258);
#6258 = DEFINITIONAL_REPRESENTATION('',(#6259),#6262);
#6259 = B_SPLINE_CURVE_WITH_KNOTS('',1,(#6260,#6261),.UNSPECIFIED.,.F.,
  .F.,(2,2),(0.,1.),.PIECEWISE_BEZIER_KNOTS.);
#6260 = CARTESIAN_POINT('',(0.,1.));
#6261 = CARTESIAN_POINT('',(1.,1.));
#6262 = ( GEOMETRIC_REPRESENTATION_CONTEXT(2) 
PARAMETRIC_REPRESENTATION_CONTEXT() REPRESENTATION_CONTEXT('2D SPACE',''
  ) );
#6263 = ORIENTED_EDGE('',*,*,#4525,.T.);
#6264 = ORIENTED_EDGE('',*,*,#6198,.F.);
#6265 = ADVANCED_FACE('',(#6266),#913,.F.);
#6266 = FACE_BOUND('',#6267,.F.);
#6267 = EDGE_LOOP('',(#6268,#6269,#6270,#6271));
#6268 = ORIENTED_EDGE('',*,*,#895,.F.);
#6269 = ORIENTED_EDGE('',*,*,#6224,.T.);
#6270 = ORIENTED_EDGE('',*,*,#3591,.T.);
#6271 = ORIENTED_EDGE('',*,*,#6272,.F.);
#6272 = EDGE_CURVE('',#896,#3592,#6273,.T.);
#6273 = SURFACE_CURVE('',#6274,(#6277,#6283),.PCURVE_S1.);
#6274 = B_SPLINE_CURVE_WITH_KNOTS('',1,(#6275,#6276),.UNSPECIFIED.,.F.,
  .F.,(2,2),(0.,1.),.PIECEWISE_BEZIER_KNOTS.);
#6275 = CARTESIAN_POINT('',(0.41890055939,28.237855825101,0.));
#6276 = CARTESIAN_POINT('',(0.41890055939,28.237855825101,15.9));
#6277 = PCURVE('',#913,#6278);
#6278 = DEFINITIONAL_REPRESENTATION('',(#6279),#6282);
#6279 = B_SPLINE_CURVE_WITH_KNOTS('',1,(#6280,#6281),.UNSPECIFIED.,.F.,
  .F.,(2,2),(0.,1.),.PIECEWISE_BEZIER_KNOTS.);
#6280 = CARTESIAN_POINT('',(0.,1.));
#6281 = CARTESIAN_POINT('',(1.,1.));
#6282 = ( GEOMETRIC_REPRESENTATION_CONTEXT(2) 
PARAMETRIC_REPRESENTATION_CONTEXT() REPRESENTATION_CONTEXT('2D SPACE',''
  ) );
#6283 = PCURVE('',#946,#6284);
#6284 = DEFINITIONAL_REPRESENTATION('',(#6285),#6288);
#6285 = B_SPLINE_CURVE_WITH_KNOTS('',1,(#6286,#6287),.UNSPECIFIED.,.F.,
  .F.,(2,2),(0.,1.),.PIECEWISE_BEZIER_KNOTS.);
#6286 = CARTESIAN_POINT('',(0.,0.));
#6287 = CARTESIAN_POINT('',(1.,0.));
#6288 = ( GEOMETRIC_REPRESENTATION_CONTEXT(2) 
PARAMETRIC_REPRESENTATION_CONTEXT() REPRESENTATION_CONTEXT('2D SPACE',''
  ) );
#6289 = ADVANCED_FACE('',(#6290),#2148,.F.);
#6290 = FACE_BOUND('',#6291,.F.);
#6291 = EDGE_LOOP('',(#6292,#6293,#6311,#6312));
#6292 = ORIENTED_EDGE('',*,*,#2130,.F.);
#6293 = ORIENTED_EDGE('',*,*,#6294,.T.);
#6294 = EDGE_CURVE('',#2102,#4480,#6295,.T.);
#6295 = SURFACE_CURVE('',#6296,(#6299,#6305),.PCURVE_S1.);
#6296 = B_SPLINE_CURVE_WITH_KNOTS('',1,(#6297,#6298),.UNSPECIFIED.,.F.,
  .F.,(2,2),(0.,1.),.PIECEWISE_BEZIER_KNOTS.);
#6297 = CARTESIAN_POINT('',(-15.85070668581,-30.07914722133,0.));
#6298 = CARTESIAN_POINT('',(-15.85070668581,-30.07914722133,15.9));
#6299 = PCURVE('',#2148,#6300);
#6300 = DEFINITIONAL_REPRESENTATION('',(#6301),#6304);
#6301 = B_SPLINE_CURVE_WITH_KNOTS('',1,(#6302,#6303),.UNSPECIFIED.,.F.,
  .F.,(2,2),(0.,1.),.PIECEWISE_BEZIER_KNOTS.);
#6302 = CARTESIAN_POINT('',(0.,0.));
#6303 = CARTESIAN_POINT('',(1.,0.));
#6304 = ( GEOMETRIC_REPRESENTATION_CONTEXT(2) 
PARAMETRIC_REPRESENTATION_CONTEXT() REPRESENTATION_CONTEXT('2D SPACE',''
  ) );
#6305 = PCURVE('',#2117,#6306);
#6306 = DEFINITIONAL_REPRESENTATION('',(#6307),#6310);
#6307 = B_SPLINE_CURVE_WITH_KNOTS('',1,(#6308,#6309),.UNSPECIFIED.,.F.,
  .F.,(2,2),(0.,1.),.PIECEWISE_BEZIER_KNOTS.);
#6308 = CARTESIAN_POINT('',(0.,1.));
#6309 = CARTESIAN_POINT('',(1.,1.));
#6310 = ( GEOMETRIC_REPRESENTATION_CONTEXT(2) 
PARAMETRIC_REPRESENTATION_CONTEXT() REPRESENTATION_CONTEXT('2D SPACE',''
  ) );
#6311 = ORIENTED_EDGE('',*,*,#4501,.T.);
#6312 = ORIENTED_EDGE('',*,*,#6246,.F.);
#6313 = ADVANCED_FACE('',(#6314),#946,.F.);
#6314 = FACE_BOUND('',#6315,.F.);
#6315 = EDGE_LOOP('',(#6316,#6317,#6318,#6319));
#6316 = ORIENTED_EDGE('',*,*,#928,.F.);
#6317 = ORIENTED_EDGE('',*,*,#6272,.T.);
#6318 = ORIENTED_EDGE('',*,*,#3615,.T.);
#6319 = ORIENTED_EDGE('',*,*,#6320,.F.);
#6320 = EDGE_CURVE('',#929,#3616,#6321,.T.);
#6321 = SURFACE_CURVE('',#6322,(#6325,#6331),.PCURVE_S1.);
#6322 = B_SPLINE_CURVE_WITH_KNOTS('',1,(#6323,#6324),.UNSPECIFIED.,.F.,
  .F.,(2,2),(0.,1.),.PIECEWISE_BEZIER_KNOTS.);
#6323 = CARTESIAN_POINT('',(-2.246049725858,33.925731541582,0.));
#6324 = CARTESIAN_POINT('',(-2.246049725858,33.925731541582,15.9));
#6325 = PCURVE('',#946,#6326);
#6326 = DEFINITIONAL_REPRESENTATION('',(#6327),#6330);
#6327 = B_SPLINE_CURVE_WITH_KNOTS('',1,(#6328,#6329),.UNSPECIFIED.,.F.,
  .F.,(2,2),(0.,1.),.PIECEWISE_BEZIER_KNOTS.);
#6328 = CARTESIAN_POINT('',(0.,1.));
#6329 = CARTESIAN_POINT('',(1.,1.));
#6330 = ( GEOMETRIC_REPRESENTATION_CONTEXT(2) 
PARAMETRIC_REPRESENTATION_CONTEXT() REPRESENTATION_CONTEXT('2D SPACE',''
  ) );
#6331 = PCURVE('',#977,#6332);
#6332 = DEFINITIONAL_REPRESENTATION('',(#6333),#6336);
#6333 = B_SPLINE_CURVE_WITH_KNOTS('',1,(#6334,#6335),.UNSPECIFIED.,.F.,
  .F.,(2,2),(0.,1.),.PIECEWISE_BEZIER_KNOTS.);
#6334 = CARTESIAN_POINT('',(0.,0.));
#6335 = CARTESIAN_POINT('',(1.,0.));
#6336 = ( GEOMETRIC_REPRESENTATION_CONTEXT(2) 
PARAMETRIC_REPRESENTATION_CONTEXT() REPRESENTATION_CONTEXT('2D SPACE',''
  ) );
#6337 = ADVANCED_FACE('',(#6338),#2117,.F.);
#6338 = FACE_BOUND('',#6339,.F.);
#6339 = EDGE_LOOP('',(#6340,#6341,#6359,#6360));
#6340 = ORIENTED_EDGE('',*,*,#2101,.F.);
#6341 = ORIENTED_EDGE('',*,*,#6342,.T.);
#6342 = EDGE_CURVE('',#2069,#4456,#6343,.T.);
#6343 = SURFACE_CURVE('',#6344,(#6347,#6353),.PCURVE_S1.);
#6344 = B_SPLINE_CURVE_WITH_KNOTS('',1,(#6345,#6346),.UNSPECIFIED.,.F.,
  .F.,(2,2),(0.,1.),.PIECEWISE_BEZIER_KNOTS.);
#6345 = CARTESIAN_POINT('',(-18.12395227494,-28.76668826851,0.));
#6346 = CARTESIAN_POINT('',(-18.12395227494,-28.76668826851,15.9));
#6347 = PCURVE('',#2117,#6348);
#6348 = DEFINITIONAL_REPRESENTATION('',(#6349),#6352);
#6349 = B_SPLINE_CURVE_WITH_KNOTS('',1,(#6350,#6351),.UNSPECIFIED.,.F.,
  .F.,(2,2),(0.,1.),.PIECEWISE_BEZIER_KNOTS.);
#6350 = CARTESIAN_POINT('',(0.,0.));
#6351 = CARTESIAN_POINT('',(1.,0.));
#6352 = ( GEOMETRIC_REPRESENTATION_CONTEXT(2) 
PARAMETRIC_REPRESENTATION_CONTEXT() REPRESENTATION_CONTEXT('2D SPACE',''
  ) );
#6353 = PCURVE('',#2086,#6354);
#6354 = DEFINITIONAL_REPRESENTATION('',(#6355),#6358);
#6355 = B_SPLINE_CURVE_WITH_KNOTS('',1,(#6356,#6357),.UNSPECIFIED.,.F.,
  .F.,(2,2),(0.,1.),.PIECEWISE_BEZIER_KNOTS.);
#6356 = CARTESIAN_POINT('',(0.,1.));
#6357 = CARTESIAN_POINT('',(1.,1.));
#6358 = ( GEOMETRIC_REPRESENTATION_CONTEXT(2) 
PARAMETRIC_REPRESENTATION_CONTEXT() REPRESENTATION_CONTEXT('2D SPACE',''
  ) );
#6359 = ORIENTED_EDGE('',*,*,#4479,.T.);
#6360 = ORIENTED_EDGE('',*,*,#6294,.F.);
#6361 = ADVANCED_FACE('',(#6362),#977,.F.);
#6362 = FACE_BOUND('',#6363,.F.);
#6363 = EDGE_LOOP('',(#6364,#6365,#6366,#6367));
#6364 = ORIENTED_EDGE('',*,*,#961,.F.);
#6365 = ORIENTED_EDGE('',*,*,#6320,.T.);
#6366 = ORIENTED_EDGE('',*,*,#3639,.T.);
#6367 = ORIENTED_EDGE('',*,*,#6368,.F.);
#6368 = EDGE_CURVE('',#962,#3640,#6369,.T.);
#6369 = SURFACE_CURVE('',#6370,(#6373,#6379),.PCURVE_S1.);
#6370 = B_SPLINE_CURVE_WITH_KNOTS('',1,(#6371,#6372),.UNSPECIFIED.,.F.,
  .F.,(2,2),(0.,1.),.PIECEWISE_BEZIER_KNOTS.);
#6371 = CARTESIAN_POINT('',(-4.856588056563,33.651352906701,0.));
#6372 = CARTESIAN_POINT('',(-4.856588056563,33.651352906701,15.9));
#6373 = PCURVE('',#977,#6374);
#6374 = DEFINITIONAL_REPRESENTATION('',(#6375),#6378);
#6375 = B_SPLINE_CURVE_WITH_KNOTS('',1,(#6376,#6377),.UNSPECIFIED.,.F.,
  .F.,(2,2),(0.,1.),.PIECEWISE_BEZIER_KNOTS.);
#6376 = CARTESIAN_POINT('',(0.,1.));
#6377 = CARTESIAN_POINT('',(1.,1.));
#6378 = ( GEOMETRIC_REPRESENTATION_CONTEXT(2) 
PARAMETRIC_REPRESENTATION_CONTEXT() REPRESENTATION_CONTEXT('2D SPACE',''
  ) );
#6379 = PCURVE('',#1008,#6380);
#6380 = DEFINITIONAL_REPRESENTATION('',(#6381),#6384);
#6381 = B_SPLINE_CURVE_WITH_KNOTS('',1,(#6382,#6383),.UNSPECIFIED.,.F.,
  .F.,(2,2),(0.,1.),.PIECEWISE_BEZIER_KNOTS.);
#6382 = CARTESIAN_POINT('',(0.,0.));
#6383 = CARTESIAN_POINT('',(1.,0.));
#6384 = ( GEOMETRIC_REPRESENTATION_CONTEXT(2) 
PARAMETRIC_REPRESENTATION_CONTEXT() REPRESENTATION_CONTEXT('2D SPACE',''
  ) );
#6385 = ADVANCED_FACE('',(#6386),#2086,.F.);
#6386 = FACE_BOUND('',#6387,.F.);
#6387 = EDGE_LOOP('',(#6388,#6389,#6407,#6408));
#6388 = ORIENTED_EDGE('',*,*,#2068,.F.);
#6389 = ORIENTED_EDGE('',*,*,#6390,.T.);
#6390 = EDGE_CURVE('',#2036,#4432,#6391,.T.);
#6391 = SURFACE_CURVE('',#6392,(#6395,#6401),.PCURVE_S1.);
#6392 = B_SPLINE_CURVE_WITH_KNOTS('',1,(#6393,#6394),.UNSPECIFIED.,.F.,
  .F.,(2,2),(0.,1.),.PIECEWISE_BEZIER_KNOTS.);
#6393 = CARTESIAN_POINT('',(-16.93669288185,-22.59868167623,0.));
#6394 = CARTESIAN_POINT('',(-16.93669288185,-22.59868167623,15.9));
#6395 = PCURVE('',#2086,#6396);
#6396 = DEFINITIONAL_REPRESENTATION('',(#6397),#6400);
#6397 = B_SPLINE_CURVE_WITH_KNOTS('',1,(#6398,#6399),.UNSPECIFIED.,.F.,
  .F.,(2,2),(0.,1.),.PIECEWISE_BEZIER_KNOTS.);
#6398 = CARTESIAN_POINT('',(0.,0.));
#6399 = CARTESIAN_POINT('',(1.,0.));
#6400 = ( GEOMETRIC_REPRESENTATION_CONTEXT(2) 
PARAMETRIC_REPRESENTATION_CONTEXT() REPRESENTATION_CONTEXT('2D SPACE',''
  ) );
#6401 = PCURVE('',#2053,#6402);
#6402 = DEFINITIONAL_REPRESENTATION('',(#6403),#6406);
#6403 = B_SPLINE_CURVE_WITH_KNOTS('',1,(#6404,#6405),.UNSPECIFIED.,.F.,
  .F.,(2,2),(0.,1.),.PIECEWISE_BEZIER_KNOTS.);
#6404 = CARTESIAN_POINT('',(0.,1.));
#6405 = CARTESIAN_POINT('',(1.,1.));
#6406 = ( GEOMETRIC_REPRESENTATION_CONTEXT(2) 
PARAMETRIC_REPRESENTATION_CONTEXT() REPRESENTATION_CONTEXT('2D SPACE',''
  ) );
#6407 = ORIENTED_EDGE('',*,*,#4455,.T.);
#6408 = ORIENTED_EDGE('',*,*,#6342,.F.);
#6409 = ADVANCED_FACE('',(#6410),#1008,.F.);
#6410 = FACE_BOUND('',#6411,.F.);
#6411 = EDGE_LOOP('',(#6412,#6413,#6414,#6415));
#6412 = ORIENTED_EDGE('',*,*,#990,.F.);
#6413 = ORIENTED_EDGE('',*,*,#6368,.T.);
#6414 = ORIENTED_EDGE('',*,*,#3661,.T.);
#6415 = ORIENTED_EDGE('',*,*,#6416,.F.);
#6416 = EDGE_CURVE('',#991,#3662,#6417,.T.);
#6417 = SURFACE_CURVE('',#6418,(#6421,#6427),.PCURVE_S1.);
#6418 = B_SPLINE_CURVE_WITH_KNOTS('',1,(#6419,#6420),.UNSPECIFIED.,.F.,
  .F.,(2,2),(0.,1.),.PIECEWISE_BEZIER_KNOTS.);
#6419 = CARTESIAN_POINT('',(-6.280726926778,27.533696601603,0.));
#6420 = CARTESIAN_POINT('',(-6.280726926778,27.533696601603,15.9));
#6421 = PCURVE('',#1008,#6422);
#6422 = DEFINITIONAL_REPRESENTATION('',(#6423),#6426);
#6423 = B_SPLINE_CURVE_WITH_KNOTS('',1,(#6424,#6425),.UNSPECIFIED.,.F.,
  .F.,(2,2),(0.,1.),.PIECEWISE_BEZIER_KNOTS.);
#6424 = CARTESIAN_POINT('',(0.,1.));
#6425 = CARTESIAN_POINT('',(1.,1.));
#6426 = ( GEOMETRIC_REPRESENTATION_CONTEXT(2) 
PARAMETRIC_REPRESENTATION_CONTEXT() REPRESENTATION_CONTEXT('2D SPACE',''
  ) );
#6427 = PCURVE('',#1041,#6428);
#6428 = DEFINITIONAL_REPRESENTATION('',(#6429),#6432);
#6429 = B_SPLINE_CURVE_WITH_KNOTS('',1,(#6430,#6431),.UNSPECIFIED.,.F.,
  .F.,(2,2),(0.,1.),.PIECEWISE_BEZIER_KNOTS.);
#6430 = CARTESIAN_POINT('',(0.,0.));
#6431 = CARTESIAN_POINT('',(1.,0.));
#6432 = ( GEOMETRIC_REPRESENTATION_CONTEXT(2) 
PARAMETRIC_REPRESENTATION_CONTEXT() REPRESENTATION_CONTEXT('2D SPACE',''
  ) );
#6433 = ADVANCED_FACE('',(#6434),#2053,.F.);
#6434 = FACE_BOUND('',#6435,.F.);
#6435 = EDGE_LOOP('',(#6436,#6437,#6455,#6456));
#6436 = ORIENTED_EDGE('',*,*,#2035,.F.);
#6437 = ORIENTED_EDGE('',*,*,#6438,.T.);
#6438 = EDGE_CURVE('',#2007,#4410,#6439,.T.);
#6439 = SURFACE_CURVE('',#6440,(#6443,#6449),.PCURVE_S1.);
#6440 = B_SPLINE_CURVE_WITH_KNOTS('',1,(#6441,#6442),.UNSPECIFIED.,.F.,
  .F.,(2,2),(0.,1.),.PIECEWISE_BEZIER_KNOTS.);
#6441 = CARTESIAN_POINT('',(-15.97366293487,-19.49056418996,0.));
#6442 = CARTESIAN_POINT('',(-15.97366293487,-19.49056418996,15.9));
#6443 = PCURVE('',#2053,#6444);
#6444 = DEFINITIONAL_REPRESENTATION('',(#6445),#6448);
#6445 = B_SPLINE_CURVE_WITH_KNOTS('',1,(#6446,#6447),.UNSPECIFIED.,.F.,
  .F.,(2,2),(0.,1.),.PIECEWISE_BEZIER_KNOTS.);
#6446 = CARTESIAN_POINT('',(0.,0.));
#6447 = CARTESIAN_POINT('',(1.,0.));
#6448 = ( GEOMETRIC_REPRESENTATION_CONTEXT(2) 
PARAMETRIC_REPRESENTATION_CONTEXT() REPRESENTATION_CONTEXT('2D SPACE',''
  ) );
#6449 = PCURVE('',#2022,#6450);
#6450 = DEFINITIONAL_REPRESENTATION('',(#6451),#6454);
#6451 = B_SPLINE_CURVE_WITH_KNOTS('',1,(#6452,#6453),.UNSPECIFIED.,.F.,
  .F.,(2,2),(0.,1.),.PIECEWISE_BEZIER_KNOTS.);
#6452 = CARTESIAN_POINT('',(0.,1.));
#6453 = CARTESIAN_POINT('',(1.,1.));
#6454 = ( GEOMETRIC_REPRESENTATION_CONTEXT(2) 
PARAMETRIC_REPRESENTATION_CONTEXT() REPRESENTATION_CONTEXT('2D SPACE',''
  ) );
#6455 = ORIENTED_EDGE('',*,*,#4431,.T.);
#6456 = ORIENTED_EDGE('',*,*,#6390,.F.);
#6457 = ADVANCED_FACE('',(#6458),#1041,.F.);
#6458 = FACE_BOUND('',#6459,.F.);
#6459 = EDGE_LOOP('',(#6460,#6461,#6462,#6463));
#6460 = ORIENTED_EDGE('',*,*,#1023,.F.);
#6461 = ORIENTED_EDGE('',*,*,#6416,.T.);
#6462 = ORIENTED_EDGE('',*,*,#3685,.T.);
#6463 = ORIENTED_EDGE('',*,*,#6464,.F.);
#6464 = EDGE_CURVE('',#1024,#3686,#6465,.T.);
#6465 = SURFACE_CURVE('',#6466,(#6469,#6475),.PCURVE_S1.);
#6466 = B_SPLINE_CURVE_WITH_KNOTS('',1,(#6467,#6468),.UNSPECIFIED.,.F.,
  .F.,(2,2),(0.,1.),.PIECEWISE_BEZIER_KNOTS.);
#6467 = CARTESIAN_POINT('',(-6.66514056579,24.302590422386,0.));
#6468 = CARTESIAN_POINT('',(-6.66514056579,24.302590422386,15.9));
#6469 = PCURVE('',#1041,#6470);
#6470 = DEFINITIONAL_REPRESENTATION('',(#6471),#6474);
#6471 = B_SPLINE_CURVE_WITH_KNOTS('',1,(#6472,#6473),.UNSPECIFIED.,.F.,
  .F.,(2,2),(0.,1.),.PIECEWISE_BEZIER_KNOTS.);
#6472 = CARTESIAN_POINT('',(0.,1.));
#6473 = CARTESIAN_POINT('',(1.,1.));
#6474 = ( GEOMETRIC_REPRESENTATION_CONTEXT(2) 
PARAMETRIC_REPRESENTATION_CONTEXT() REPRESENTATION_CONTEXT('2D SPACE',''
  ) );
#6475 = PCURVE('',#1072,#6476);
#6476 = DEFINITIONAL_REPRESENTATION('',(#6477),#6480);
#6477 = B_SPLINE_CURVE_WITH_KNOTS('',1,(#6478,#6479),.UNSPECIFIED.,.F.,
  .F.,(2,2),(0.,1.),.PIECEWISE_BEZIER_KNOTS.);
#6478 = CARTESIAN_POINT('',(0.,0.));
#6479 = CARTESIAN_POINT('',(1.,0.));
#6480 = ( GEOMETRIC_REPRESENTATION_CONTEXT(2) 
PARAMETRIC_REPRESENTATION_CONTEXT() REPRESENTATION_CONTEXT('2D SPACE',''
  ) );
#6481 = ADVANCED_FACE('',(#6482),#2022,.F.);
#6482 = FACE_BOUND('',#6483,.F.);
#6483 = EDGE_LOOP('',(#6484,#6485,#6503,#6504));
#6484 = ORIENTED_EDGE('',*,*,#2006,.F.);
#6485 = ORIENTED_EDGE('',*,*,#6486,.T.);
#6486 = EDGE_CURVE('',#1974,#4386,#6487,.T.);
#6487 = SURFACE_CURVE('',#6488,(#6491,#6497),.PCURVE_S1.);
#6488 = B_SPLINE_CURVE_WITH_KNOTS('',1,(#6489,#6490),.UNSPECIFIED.,.F.,
  .F.,(2,2),(0.,1.),.PIECEWISE_BEZIER_KNOTS.);
#6489 = CARTESIAN_POINT('',(-17.71409040066,-17.92347626096,0.));
#6490 = CARTESIAN_POINT('',(-17.71409040066,-17.92347626096,15.9));
#6491 = PCURVE('',#2022,#6492);
#6492 = DEFINITIONAL_REPRESENTATION('',(#6493),#6496);
#6493 = B_SPLINE_CURVE_WITH_KNOTS('',1,(#6494,#6495),.UNSPECIFIED.,.F.,
  .F.,(2,2),(0.,1.),.PIECEWISE_BEZIER_KNOTS.);
#6494 = CARTESIAN_POINT('',(0.,0.));
#6495 = CARTESIAN_POINT('',(1.,0.));
#6496 = ( GEOMETRIC_REPRESENTATION_CONTEXT(2) 
PARAMETRIC_REPRESENTATION_CONTEXT() REPRESENTATION_CONTEXT('2D SPACE',''
  ) );
#6497 = PCURVE('',#1991,#6498);
#6498 = DEFINITIONAL_REPRESENTATION('',(#6499),#6502);
#6499 = B_SPLINE_CURVE_WITH_KNOTS('',1,(#6500,#6501),.UNSPECIFIED.,.F.,
  .F.,(2,2),(0.,1.),.PIECEWISE_BEZIER_KNOTS.);
#6500 = CARTESIAN_POINT('',(0.,1.));
#6501 = CARTESIAN_POINT('',(1.,1.));
#6502 = ( GEOMETRIC_REPRESENTATION_CONTEXT(2) 
PARAMETRIC_REPRESENTATION_CONTEXT() REPRESENTATION_CONTEXT('2D SPACE',''
  ) );
#6503 = ORIENTED_EDGE('',*,*,#4409,.T.);
#6504 = ORIENTED_EDGE('',*,*,#6438,.F.);
#6505 = ADVANCED_FACE('',(#6506),#1072,.F.);
#6506 = FACE_BOUND('',#6507,.F.);
#6507 = EDGE_LOOP('',(#6508,#6509,#6510,#6511));
#6508 = ORIENTED_EDGE('',*,*,#1056,.F.);
#6509 = ORIENTED_EDGE('',*,*,#6464,.T.);
#6510 = ORIENTED_EDGE('',*,*,#3709,.T.);
#6511 = ORIENTED_EDGE('',*,*,#6512,.F.);
#6512 = EDGE_CURVE('',#1057,#3710,#6513,.T.);
#6513 = SURFACE_CURVE('',#6514,(#6517,#6523),.PCURVE_S1.);
#6514 = B_SPLINE_CURVE_WITH_KNOTS('',1,(#6515,#6516),.UNSPECIFIED.,.F.,
  .F.,(2,2),(0.,1.),.PIECEWISE_BEZIER_KNOTS.);
#6515 = CARTESIAN_POINT('',(-8.892492255161,23.578879988072,0.));
#6516 = CARTESIAN_POINT('',(-8.892492255161,23.578879988072,15.9));
#6517 = PCURVE('',#1072,#6518);
#6518 = DEFINITIONAL_REPRESENTATION('',(#6519),#6522);
#6519 = B_SPLINE_CURVE_WITH_KNOTS('',1,(#6520,#6521),.UNSPECIFIED.,.F.,
  .F.,(2,2),(0.,1.),.PIECEWISE_BEZIER_KNOTS.);
#6520 = CARTESIAN_POINT('',(0.,1.));
#6521 = CARTESIAN_POINT('',(1.,1.));
#6522 = ( GEOMETRIC_REPRESENTATION_CONTEXT(2) 
PARAMETRIC_REPRESENTATION_CONTEXT() REPRESENTATION_CONTEXT('2D SPACE',''
  ) );
#6523 = PCURVE('',#1103,#6524);
#6524 = DEFINITIONAL_REPRESENTATION('',(#6525),#6528);
#6525 = B_SPLINE_CURVE_WITH_KNOTS('',1,(#6526,#6527),.UNSPECIFIED.,.F.,
  .F.,(2,2),(0.,1.),.PIECEWISE_BEZIER_KNOTS.);
#6526 = CARTESIAN_POINT('',(0.,0.));
#6527 = CARTESIAN_POINT('',(1.,0.));
#6528 = ( GEOMETRIC_REPRESENTATION_CONTEXT(2) 
PARAMETRIC_REPRESENTATION_CONTEXT() REPRESENTATION_CONTEXT('2D SPACE',''
  ) );
#6529 = ADVANCED_FACE('',(#6530),#1991,.F.);
#6530 = FACE_BOUND('',#6531,.F.);
#6531 = EDGE_LOOP('',(#6532,#6533,#6551,#6552));
#6532 = ORIENTED_EDGE('',*,*,#1973,.F.);
#6533 = ORIENTED_EDGE('',*,*,#6534,.T.);
#6534 = EDGE_CURVE('',#1941,#4362,#6535,.T.);
#6535 = SURFACE_CURVE('',#6536,(#6539,#6545),.PCURVE_S1.);
#6536 = B_SPLINE_CURVE_WITH_KNOTS('',1,(#6537,#6538),.UNSPECIFIED.,.F.,
  .F.,(2,2),(0.,1.),.PIECEWISE_BEZIER_KNOTS.);
#6537 = CARTESIAN_POINT('',(-20.70451725369,-19.20611737362,0.));
#6538 = CARTESIAN_POINT('',(-20.70451725369,-19.20611737362,15.9));
#6539 = PCURVE('',#1991,#6540);
#6540 = DEFINITIONAL_REPRESENTATION('',(#6541),#6544);
#6541 = B_SPLINE_CURVE_WITH_KNOTS('',1,(#6542,#6543),.UNSPECIFIED.,.F.,
  .F.,(2,2),(0.,1.),.PIECEWISE_BEZIER_KNOTS.);
#6542 = CARTESIAN_POINT('',(0.,0.));
#6543 = CARTESIAN_POINT('',(1.,0.));
#6544 = ( GEOMETRIC_REPRESENTATION_CONTEXT(2) 
PARAMETRIC_REPRESENTATION_CONTEXT() REPRESENTATION_CONTEXT('2D SPACE',''
  ) );
#6545 = PCURVE('',#1958,#6546);
#6546 = DEFINITIONAL_REPRESENTATION('',(#6547),#6550);
#6547 = B_SPLINE_CURVE_WITH_KNOTS('',1,(#6548,#6549),.UNSPECIFIED.,.F.,
  .F.,(2,2),(0.,1.),.PIECEWISE_BEZIER_KNOTS.);
#6548 = CARTESIAN_POINT('',(0.,1.));
#6549 = CARTESIAN_POINT('',(1.,1.));
#6550 = ( GEOMETRIC_REPRESENTATION_CONTEXT(2) 
PARAMETRIC_REPRESENTATION_CONTEXT() REPRESENTATION_CONTEXT('2D SPACE',''
  ) );
#6551 = ORIENTED_EDGE('',*,*,#4385,.T.);
#6552 = ORIENTED_EDGE('',*,*,#6486,.F.);
#6553 = ADVANCED_FACE('',(#6554),#1103,.F.);
#6554 = FACE_BOUND('',#6555,.F.);
#6555 = EDGE_LOOP('',(#6556,#6557,#6558,#6559));
#6556 = ORIENTED_EDGE('',*,*,#1085,.F.);
#6557 = ORIENTED_EDGE('',*,*,#6512,.T.);
#6558 = ORIENTED_EDGE('',*,*,#3731,.T.);
#6559 = ORIENTED_EDGE('',*,*,#6560,.F.);
#6560 = EDGE_CURVE('',#1086,#3732,#6561,.T.);
#6561 = SURFACE_CURVE('',#6562,(#6565,#6571),.PCURVE_S1.);
#6562 = B_SPLINE_CURVE_WITH_KNOTS('',1,(#6563,#6564),.UNSPECIFIED.,.F.,
  .F.,(2,2),(0.,1.),.PIECEWISE_BEZIER_KNOTS.);
#6563 = CARTESIAN_POINT('',(-11.10268598272,25.966947129897,0.));
#6564 = CARTESIAN_POINT('',(-11.10268598272,25.966947129897,15.9));
#6565 = PCURVE('',#1103,#6566);
#6566 = DEFINITIONAL_REPRESENTATION('',(#6567),#6570);
#6567 = B_SPLINE_CURVE_WITH_KNOTS('',1,(#6568,#6569),.UNSPECIFIED.,.F.,
  .F.,(2,2),(0.,1.),.PIECEWISE_BEZIER_KNOTS.);
#6568 = CARTESIAN_POINT('',(0.,1.));
#6569 = CARTESIAN_POINT('',(1.,1.));
#6570 = ( GEOMETRIC_REPRESENTATION_CONTEXT(2) 
PARAMETRIC_REPRESENTATION_CONTEXT() REPRESENTATION_CONTEXT('2D SPACE',''
  ) );
#6571 = PCURVE('',#1136,#6572);
#6572 = DEFINITIONAL_REPRESENTATION('',(#6573),#6576);
#6573 = B_SPLINE_CURVE_WITH_KNOTS('',1,(#6574,#6575),.UNSPECIFIED.,.F.,
  .F.,(2,2),(0.,1.),.PIECEWISE_BEZIER_KNOTS.);
#6574 = CARTESIAN_POINT('',(0.,0.));
#6575 = CARTESIAN_POINT('',(1.,0.));
#6576 = ( GEOMETRIC_REPRESENTATION_CONTEXT(2) 
PARAMETRIC_REPRESENTATION_CONTEXT() REPRESENTATION_CONTEXT('2D SPACE',''
  ) );
#6577 = ADVANCED_FACE('',(#6578),#1958,.F.);
#6578 = FACE_BOUND('',#6579,.F.);
#6579 = EDGE_LOOP('',(#6580,#6581,#6599,#6600));
#6580 = ORIENTED_EDGE('',*,*,#1940,.F.);
#6581 = ORIENTED_EDGE('',*,*,#6582,.T.);
#6582 = EDGE_CURVE('',#1912,#4340,#6583,.T.);
#6583 = SURFACE_CURVE('',#6584,(#6587,#6593),.PCURVE_S1.);
#6584 = B_SPLINE_CURVE_WITH_KNOTS('',1,(#6585,#6586),.UNSPECIFIED.,.F.,
  .F.,(2,2),(0.,1.),.PIECEWISE_BEZIER_KNOTS.);
#6585 = CARTESIAN_POINT('',(-26.71463246063,-21.03160508605,0.));
#6586 = CARTESIAN_POINT('',(-26.71463246063,-21.03160508605,15.9));
#6587 = PCURVE('',#1958,#6588);
#6588 = DEFINITIONAL_REPRESENTATION('',(#6589),#6592);
#6589 = B_SPLINE_CURVE_WITH_KNOTS('',1,(#6590,#6591),.UNSPECIFIED.,.F.,
  .F.,(2,2),(0.,1.),.PIECEWISE_BEZIER_KNOTS.);
#6590 = CARTESIAN_POINT('',(0.,0.));
#6591 = CARTESIAN_POINT('',(1.,0.));
#6592 = ( GEOMETRIC_REPRESENTATION_CONTEXT(2) 
PARAMETRIC_REPRESENTATION_CONTEXT() REPRESENTATION_CONTEXT('2D SPACE',''
  ) );
#6593 = PCURVE('',#1927,#6594);
#6594 = DEFINITIONAL_REPRESENTATION('',(#6595),#6598);
#6595 = B_SPLINE_CURVE_WITH_KNOTS('',1,(#6596,#6597),.UNSPECIFIED.,.F.,
  .F.,(2,2),(0.,1.),.PIECEWISE_BEZIER_KNOTS.);
#6596 = CARTESIAN_POINT('',(0.,1.));
#6597 = CARTESIAN_POINT('',(1.,1.));
#6598 = ( GEOMETRIC_REPRESENTATION_CONTEXT(2) 
PARAMETRIC_REPRESENTATION_CONTEXT() REPRESENTATION_CONTEXT('2D SPACE',''
  ) );
#6599 = ORIENTED_EDGE('',*,*,#4361,.T.);
#6600 = ORIENTED_EDGE('',*,*,#6534,.F.);
#6601 = ADVANCED_FACE('',(#6602),#1136,.F.);
#6602 = FACE_BOUND('',#6603,.F.);
#6603 = EDGE_LOOP('',(#6604,#6605,#6606,#6607));
#6604 = ORIENTED_EDGE('',*,*,#1118,.F.);
#6605 = ORIENTED_EDGE('',*,*,#6560,.T.);
#6606 = ORIENTED_EDGE('',*,*,#3755,.T.);
#6607 = ORIENTED_EDGE('',*,*,#6608,.F.);
#6608 = EDGE_CURVE('',#1119,#3756,#6609,.T.);
#6609 = SURFACE_CURVE('',#6610,(#6613,#6619),.PCURVE_S1.);
#6610 = B_SPLINE_CURVE_WITH_KNOTS('',1,(#6611,#6612),.UNSPECIFIED.,.F.,
  .F.,(2,2),(0.,1.),.PIECEWISE_BEZIER_KNOTS.);
#6611 = CARTESIAN_POINT('',(-15.85070668581,30.079147221338,0.));
#6612 = CARTESIAN_POINT('',(-15.85070668581,30.079147221338,15.9));
#6613 = PCURVE('',#1136,#6614);
#6614 = DEFINITIONAL_REPRESENTATION('',(#6615),#6618);
#6615 = B_SPLINE_CURVE_WITH_KNOTS('',1,(#6616,#6617),.UNSPECIFIED.,.F.,
  .F.,(2,2),(0.,1.),.PIECEWISE_BEZIER_KNOTS.);
#6616 = CARTESIAN_POINT('',(0.,1.));
#6617 = CARTESIAN_POINT('',(1.,1.));
#6618 = ( GEOMETRIC_REPRESENTATION_CONTEXT(2) 
PARAMETRIC_REPRESENTATION_CONTEXT() REPRESENTATION_CONTEXT('2D SPACE',''
  ) );
#6619 = PCURVE('',#1167,#6620);
#6620 = DEFINITIONAL_REPRESENTATION('',(#6621),#6624);
#6621 = B_SPLINE_CURVE_WITH_KNOTS('',1,(#6622,#6623),.UNSPECIFIED.,.F.,
  .F.,(2,2),(0.,1.),.PIECEWISE_BEZIER_KNOTS.);
#6622 = CARTESIAN_POINT('',(0.,0.));
#6623 = CARTESIAN_POINT('',(1.,0.));
#6624 = ( GEOMETRIC_REPRESENTATION_CONTEXT(2) 
PARAMETRIC_REPRESENTATION_CONTEXT() REPRESENTATION_CONTEXT('2D SPACE',''
  ) );
#6625 = ADVANCED_FACE('',(#6626),#1927,.F.);
#6626 = FACE_BOUND('',#6627,.F.);
#6627 = EDGE_LOOP('',(#6628,#6629,#6647,#6648));
#6628 = ORIENTED_EDGE('',*,*,#1911,.F.);
#6629 = ORIENTED_EDGE('',*,*,#6630,.T.);
#6630 = EDGE_CURVE('',#1879,#4316,#6631,.T.);
#6631 = SURFACE_CURVE('',#6632,(#6635,#6641),.PCURVE_S1.);
#6632 = B_SPLINE_CURVE_WITH_KNOTS('',1,(#6633,#6634),.UNSPECIFIED.,.F.,
  .F.,(2,2),(0.,1.),.PIECEWISE_BEZIER_KNOTS.);
#6633 = CARTESIAN_POINT('',(-28.25752049405,-18.90800189154,0.));
#6634 = CARTESIAN_POINT('',(-28.25752049405,-18.90800189154,15.9));
#6635 = PCURVE('',#1927,#6636);
#6636 = DEFINITIONAL_REPRESENTATION('',(#6637),#6640);
#6637 = B_SPLINE_CURVE_WITH_KNOTS('',1,(#6638,#6639),.UNSPECIFIED.,.F.,
  .F.,(2,2),(0.,1.),.PIECEWISE_BEZIER_KNOTS.);
#6638 = CARTESIAN_POINT('',(0.,0.));
#6639 = CARTESIAN_POINT('',(1.,0.));
#6640 = ( GEOMETRIC_REPRESENTATION_CONTEXT(2) 
PARAMETRIC_REPRESENTATION_CONTEXT() REPRESENTATION_CONTEXT('2D SPACE',''
  ) );
#6641 = PCURVE('',#1896,#6642);
#6642 = DEFINITIONAL_REPRESENTATION('',(#6643),#6646);
#6643 = B_SPLINE_CURVE_WITH_KNOTS('',1,(#6644,#6645),.UNSPECIFIED.,.F.,
  .F.,(2,2),(0.,1.),.PIECEWISE_BEZIER_KNOTS.);
#6644 = CARTESIAN_POINT('',(0.,1.));
#6645 = CARTESIAN_POINT('',(1.,1.));
#6646 = ( GEOMETRIC_REPRESENTATION_CONTEXT(2) 
PARAMETRIC_REPRESENTATION_CONTEXT() REPRESENTATION_CONTEXT('2D SPACE',''
  ) );
#6647 = ORIENTED_EDGE('',*,*,#4339,.T.);
#6648 = ORIENTED_EDGE('',*,*,#6582,.F.);
#6649 = ADVANCED_FACE('',(#6650),#1167,.F.);
#6650 = FACE_BOUND('',#6651,.F.);
#6651 = EDGE_LOOP('',(#6652,#6653,#6654,#6655));
#6652 = ORIENTED_EDGE('',*,*,#1151,.F.);
#6653 = ORIENTED_EDGE('',*,*,#6608,.T.);
#6654 = ORIENTED_EDGE('',*,*,#3779,.T.);
#6655 = ORIENTED_EDGE('',*,*,#6656,.F.);
#6656 = EDGE_CURVE('',#1152,#3780,#6657,.T.);
#6657 = SURFACE_CURVE('',#6658,(#6661,#6667),.PCURVE_S1.);
#6658 = B_SPLINE_CURVE_WITH_KNOTS('',1,(#6659,#6660),.UNSPECIFIED.,.F.,
  .F.,(2,2),(0.,1.),.PIECEWISE_BEZIER_KNOTS.);
#6659 = CARTESIAN_POINT('',(-18.12395227494,28.766688268517,0.));
#6660 = CARTESIAN_POINT('',(-18.12395227494,28.766688268517,15.9));
#6661 = PCURVE('',#1167,#6662);
#6662 = DEFINITIONAL_REPRESENTATION('',(#6663),#6666);
#6663 = B_SPLINE_CURVE_WITH_KNOTS('',1,(#6664,#6665),.UNSPECIFIED.,.F.,
  .F.,(2,2),(0.,1.),.PIECEWISE_BEZIER_KNOTS.);
#6664 = CARTESIAN_POINT('',(0.,1.));
#6665 = CARTESIAN_POINT('',(1.,1.));
#6666 = ( GEOMETRIC_REPRESENTATION_CONTEXT(2) 
PARAMETRIC_REPRESENTATION_CONTEXT() REPRESENTATION_CONTEXT('2D SPACE',''
  ) );
#6667 = PCURVE('',#1198,#6668);
#6668 = DEFINITIONAL_REPRESENTATION('',(#6669),#6672);
#6669 = B_SPLINE_CURVE_WITH_KNOTS('',1,(#6670,#6671),.UNSPECIFIED.,.F.,
  .F.,(2,2),(0.,1.),.PIECEWISE_BEZIER_KNOTS.);
#6670 = CARTESIAN_POINT('',(0.,0.));
#6671 = CARTESIAN_POINT('',(1.,0.));
#6672 = ( GEOMETRIC_REPRESENTATION_CONTEXT(2) 
PARAMETRIC_REPRESENTATION_CONTEXT() REPRESENTATION_CONTEXT('2D SPACE',''
  ) );
#6673 = ADVANCED_FACE('',(#6674),#1896,.F.);
#6674 = FACE_BOUND('',#6675,.F.);
#6675 = EDGE_LOOP('',(#6676,#6677,#6695,#6696));
#6676 = ORIENTED_EDGE('',*,*,#1878,.F.);
#6677 = ORIENTED_EDGE('',*,*,#6678,.T.);
#6678 = EDGE_CURVE('',#1846,#4292,#6679,.T.);
#6679 = SURFACE_CURVE('',#6680,(#6683,#6689),.PCURVE_S1.);
#6680 = B_SPLINE_CURVE_WITH_KNOTS('',1,(#6681,#6682),.UNSPECIFIED.,.F.,
  .F.,(2,2),(0.,1.),.PIECEWISE_BEZIER_KNOTS.);
#6681 = CARTESIAN_POINT('',(-24.66415077263,-13.75614938646,0.));
#6682 = CARTESIAN_POINT('',(-24.66415077263,-13.75614938646,15.9));
#6683 = PCURVE('',#1896,#6684);
#6684 = DEFINITIONAL_REPRESENTATION('',(#6685),#6688);
#6685 = B_SPLINE_CURVE_WITH_KNOTS('',1,(#6686,#6687),.UNSPECIFIED.,.F.,
  .F.,(2,2),(0.,1.),.PIECEWISE_BEZIER_KNOTS.);
#6686 = CARTESIAN_POINT('',(0.,0.));
#6687 = CARTESIAN_POINT('',(1.,0.));
#6688 = ( GEOMETRIC_REPRESENTATION_CONTEXT(2) 
PARAMETRIC_REPRESENTATION_CONTEXT() REPRESENTATION_CONTEXT('2D SPACE',''
  ) );
#6689 = PCURVE('',#1863,#6690);
#6690 = DEFINITIONAL_REPRESENTATION('',(#6691),#6694);
#6691 = B_SPLINE_CURVE_WITH_KNOTS('',1,(#6692,#6693),.UNSPECIFIED.,.F.,
  .F.,(2,2),(0.,1.),.PIECEWISE_BEZIER_KNOTS.);
#6692 = CARTESIAN_POINT('',(0.,1.));
#6693 = CARTESIAN_POINT('',(1.,1.));
#6694 = ( GEOMETRIC_REPRESENTATION_CONTEXT(2) 
PARAMETRIC_REPRESENTATION_CONTEXT() REPRESENTATION_CONTEXT('2D SPACE',''
  ) );
#6695 = ORIENTED_EDGE('',*,*,#4315,.T.);
#6696 = ORIENTED_EDGE('',*,*,#6630,.F.);
#6697 = ADVANCED_FACE('',(#6698),#1198,.F.);
#6698 = FACE_BOUND('',#6699,.F.);
#6699 = EDGE_LOOP('',(#6700,#6701,#6702,#6703));
#6700 = ORIENTED_EDGE('',*,*,#1180,.F.);
#6701 = ORIENTED_EDGE('',*,*,#6656,.T.);
#6702 = ORIENTED_EDGE('',*,*,#3801,.T.);
#6703 = ORIENTED_EDGE('',*,*,#6704,.F.);
#6704 = EDGE_CURVE('',#1181,#3802,#6705,.T.);
#6705 = SURFACE_CURVE('',#6706,(#6709,#6715),.PCURVE_S1.);
#6706 = B_SPLINE_CURVE_WITH_KNOTS('',1,(#6707,#6708),.UNSPECIFIED.,.F.,
  .F.,(2,2),(0.,1.),.PIECEWISE_BEZIER_KNOTS.);
#6707 = CARTESIAN_POINT('',(-16.93669288185,22.59868167623,0.));
#6708 = CARTESIAN_POINT('',(-16.93669288185,22.59868167623,15.9));
#6709 = PCURVE('',#1198,#6710);
#6710 = DEFINITIONAL_REPRESENTATION('',(#6711),#6714);
#6711 = B_SPLINE_CURVE_WITH_KNOTS('',1,(#6712,#6713),.UNSPECIFIED.,.F.,
  .F.,(2,2),(0.,1.),.PIECEWISE_BEZIER_KNOTS.);
#6712 = CARTESIAN_POINT('',(0.,1.));
#6713 = CARTESIAN_POINT('',(1.,1.));
#6714 = ( GEOMETRIC_REPRESENTATION_CONTEXT(2) 
PARAMETRIC_REPRESENTATION_CONTEXT() REPRESENTATION_CONTEXT('2D SPACE',''
  ) );
#6715 = PCURVE('',#1231,#6716);
#6716 = DEFINITIONAL_REPRESENTATION('',(#6717),#6720);
#6717 = B_SPLINE_CURVE_WITH_KNOTS('',1,(#6718,#6719),.UNSPECIFIED.,.F.,
  .F.,(2,2),(0.,1.),.PIECEWISE_BEZIER_KNOTS.);
#6718 = CARTESIAN_POINT('',(0.,0.));
#6719 = CARTESIAN_POINT('',(1.,0.));
#6720 = ( GEOMETRIC_REPRESENTATION_CONTEXT(2) 
PARAMETRIC_REPRESENTATION_CONTEXT() REPRESENTATION_CONTEXT('2D SPACE',''
  ) );
#6721 = ADVANCED_FACE('',(#6722),#1863,.F.);
#6722 = FACE_BOUND('',#6723,.F.);
#6723 = EDGE_LOOP('',(#6724,#6725,#6743,#6744));
#6724 = ORIENTED_EDGE('',*,*,#1845,.F.);
#6725 = ORIENTED_EDGE('',*,*,#6726,.T.);
#6726 = EDGE_CURVE('',#1817,#4270,#6727,.T.);
#6727 = SURFACE_CURVE('',#6728,(#6731,#6737),.PCURVE_S1.);
#6728 = B_SPLINE_CURVE_WITH_KNOTS('',1,(#6729,#6730),.UNSPECIFIED.,.F.,
  .F.,(2,2),(0.,1.),.PIECEWISE_BEZIER_KNOTS.);
#6729 = CARTESIAN_POINT('',(-22.52019386634,-11.30844234287,0.));
#6730 = CARTESIAN_POINT('',(-22.52019386634,-11.30844234287,15.9));
#6731 = PCURVE('',#1863,#6732);
#6732 = DEFINITIONAL_REPRESENTATION('',(#6733),#6736);
#6733 = B_SPLINE_CURVE_WITH_KNOTS('',1,(#6734,#6735),.UNSPECIFIED.,.F.,
  .F.,(2,2),(0.,1.),.PIECEWISE_BEZIER_KNOTS.);
#6734 = CARTESIAN_POINT('',(0.,0.));
#6735 = CARTESIAN_POINT('',(1.,0.));
#6736 = ( GEOMETRIC_REPRESENTATION_CONTEXT(2) 
PARAMETRIC_REPRESENTATION_CONTEXT() REPRESENTATION_CONTEXT('2D SPACE',''
  ) );
#6737 = PCURVE('',#1832,#6738);
#6738 = DEFINITIONAL_REPRESENTATION('',(#6739),#6742);
#6739 = B_SPLINE_CURVE_WITH_KNOTS('',1,(#6740,#6741),.UNSPECIFIED.,.F.,
  .F.,(2,2),(0.,1.),.PIECEWISE_BEZIER_KNOTS.);
#6740 = CARTESIAN_POINT('',(0.,1.));
#6741 = CARTESIAN_POINT('',(1.,1.));
#6742 = ( GEOMETRIC_REPRESENTATION_CONTEXT(2) 
PARAMETRIC_REPRESENTATION_CONTEXT() REPRESENTATION_CONTEXT('2D SPACE',''
  ) );
#6743 = ORIENTED_EDGE('',*,*,#4291,.T.);
#6744 = ORIENTED_EDGE('',*,*,#6678,.F.);
#6745 = ADVANCED_FACE('',(#6746),#1231,.F.);
#6746 = FACE_BOUND('',#6747,.F.);
#6747 = EDGE_LOOP('',(#6748,#6749,#6750,#6751));
#6748 = ORIENTED_EDGE('',*,*,#1213,.F.);
#6749 = ORIENTED_EDGE('',*,*,#6704,.T.);
#6750 = ORIENTED_EDGE('',*,*,#3825,.T.);
#6751 = ORIENTED_EDGE('',*,*,#6752,.F.);
#6752 = EDGE_CURVE('',#1214,#3826,#6753,.T.);
#6753 = SURFACE_CURVE('',#6754,(#6757,#6763),.PCURVE_S1.);
#6754 = B_SPLINE_CURVE_WITH_KNOTS('',1,(#6755,#6756),.UNSPECIFIED.,.F.,
  .F.,(2,2),(0.,1.),.PIECEWISE_BEZIER_KNOTS.);
#6755 = CARTESIAN_POINT('',(-15.97366293487,19.490564189962,0.));
#6756 = CARTESIAN_POINT('',(-15.97366293487,19.490564189962,15.9));
#6757 = PCURVE('',#1231,#6758);
#6758 = DEFINITIONAL_REPRESENTATION('',(#6759),#6762);
#6759 = B_SPLINE_CURVE_WITH_KNOTS('',1,(#6760,#6761),.UNSPECIFIED.,.F.,
  .F.,(2,2),(0.,1.),.PIECEWISE_BEZIER_KNOTS.);
#6760 = CARTESIAN_POINT('',(0.,1.));
#6761 = CARTESIAN_POINT('',(1.,1.));
#6762 = ( GEOMETRIC_REPRESENTATION_CONTEXT(2) 
PARAMETRIC_REPRESENTATION_CONTEXT() REPRESENTATION_CONTEXT('2D SPACE',''
  ) );
#6763 = PCURVE('',#1262,#6764);
#6764 = DEFINITIONAL_REPRESENTATION('',(#6765),#6768);
#6765 = B_SPLINE_CURVE_WITH_KNOTS('',1,(#6766,#6767),.UNSPECIFIED.,.F.,
  .F.,(2,2),(0.,1.),.PIECEWISE_BEZIER_KNOTS.);
#6766 = CARTESIAN_POINT('',(0.,0.));
#6767 = CARTESIAN_POINT('',(1.,0.));
#6768 = ( GEOMETRIC_REPRESENTATION_CONTEXT(2) 
PARAMETRIC_REPRESENTATION_CONTEXT() REPRESENTATION_CONTEXT('2D SPACE',''
  ) );
#6769 = ADVANCED_FACE('',(#6770),#1832,.F.);
#6770 = FACE_BOUND('',#6771,.F.);
#6771 = EDGE_LOOP('',(#6772,#6773,#6791,#6792));
#6772 = ORIENTED_EDGE('',*,*,#1816,.F.);
#6773 = ORIENTED_EDGE('',*,*,#6774,.T.);
#6774 = EDGE_CURVE('',#1784,#4246,#6775,.T.);
#6775 = SURFACE_CURVE('',#6776,(#6779,#6785),.PCURVE_S1.);
#6776 = B_SPLINE_CURVE_WITH_KNOTS('',1,(#6777,#6778),.UNSPECIFIED.,.F.,
  .F.,(2,2),(0.,1.),.PIECEWISE_BEZIER_KNOTS.);
#6777 = CARTESIAN_POINT('',(-23.47276138842,-9.168940658661,0.));
#6778 = CARTESIAN_POINT('',(-23.47276138842,-9.168940658661,15.9));
#6779 = PCURVE('',#1832,#6780);
#6780 = DEFINITIONAL_REPRESENTATION('',(#6781),#6784);
#6781 = B_SPLINE_CURVE_WITH_KNOTS('',1,(#6782,#6783),.UNSPECIFIED.,.F.,
  .F.,(2,2),(0.,1.),.PIECEWISE_BEZIER_KNOTS.);
#6782 = CARTESIAN_POINT('',(0.,0.));
#6783 = CARTESIAN_POINT('',(1.,0.));
#6784 = ( GEOMETRIC_REPRESENTATION_CONTEXT(2) 
PARAMETRIC_REPRESENTATION_CONTEXT() REPRESENTATION_CONTEXT('2D SPACE',''
  ) );
#6785 = PCURVE('',#1801,#6786);
#6786 = DEFINITIONAL_REPRESENTATION('',(#6787),#6790);
#6787 = B_SPLINE_CURVE_WITH_KNOTS('',1,(#6788,#6789),.UNSPECIFIED.,.F.,
  .F.,(2,2),(0.,1.),.PIECEWISE_BEZIER_KNOTS.);
#6788 = CARTESIAN_POINT('',(0.,1.));
#6789 = CARTESIAN_POINT('',(1.,1.));
#6790 = ( GEOMETRIC_REPRESENTATION_CONTEXT(2) 
PARAMETRIC_REPRESENTATION_CONTEXT() REPRESENTATION_CONTEXT('2D SPACE',''
  ) );
#6791 = ORIENTED_EDGE('',*,*,#4269,.T.);
#6792 = ORIENTED_EDGE('',*,*,#6726,.F.);
#6793 = ADVANCED_FACE('',(#6794),#1262,.F.);
#6794 = FACE_BOUND('',#6795,.F.);
#6795 = EDGE_LOOP('',(#6796,#6797,#6798,#6799));
#6796 = ORIENTED_EDGE('',*,*,#1246,.F.);
#6797 = ORIENTED_EDGE('',*,*,#6752,.T.);
#6798 = ORIENTED_EDGE('',*,*,#3849,.T.);
#6799 = ORIENTED_EDGE('',*,*,#6800,.F.);
#6800 = EDGE_CURVE('',#1247,#3850,#6801,.T.);
#6801 = SURFACE_CURVE('',#6802,(#6805,#6811),.PCURVE_S1.);
#6802 = B_SPLINE_CURVE_WITH_KNOTS('',1,(#6803,#6804),.UNSPECIFIED.,.F.,
  .F.,(2,2),(0.,1.),.PIECEWISE_BEZIER_KNOTS.);
#6803 = CARTESIAN_POINT('',(-17.71409040066,17.923476260961,0.));
#6804 = CARTESIAN_POINT('',(-17.71409040066,17.923476260961,15.9));
#6805 = PCURVE('',#1262,#6806);
#6806 = DEFINITIONAL_REPRESENTATION('',(#6807),#6810);
#6807 = B_SPLINE_CURVE_WITH_KNOTS('',1,(#6808,#6809),.UNSPECIFIED.,.F.,
  .F.,(2,2),(0.,1.),.PIECEWISE_BEZIER_KNOTS.);
#6808 = CARTESIAN_POINT('',(0.,1.));
#6809 = CARTESIAN_POINT('',(1.,1.));
#6810 = ( GEOMETRIC_REPRESENTATION_CONTEXT(2) 
PARAMETRIC_REPRESENTATION_CONTEXT() REPRESENTATION_CONTEXT('2D SPACE',''
  ) );
#6811 = PCURVE('',#1293,#6812);
#6812 = DEFINITIONAL_REPRESENTATION('',(#6813),#6816);
#6813 = B_SPLINE_CURVE_WITH_KNOTS('',1,(#6814,#6815),.UNSPECIFIED.,.F.,
  .F.,(2,2),(0.,1.),.PIECEWISE_BEZIER_KNOTS.);
#6814 = CARTESIAN_POINT('',(0.,0.));
#6815 = CARTESIAN_POINT('',(1.,0.));
#6816 = ( GEOMETRIC_REPRESENTATION_CONTEXT(2) 
PARAMETRIC_REPRESENTATION_CONTEXT() REPRESENTATION_CONTEXT('2D SPACE',''
  ) );
#6817 = ADVANCED_FACE('',(#6818),#1801,.F.);
#6818 = FACE_BOUND('',#6819,.F.);
#6819 = EDGE_LOOP('',(#6820,#6821,#6839,#6840));
#6820 = ORIENTED_EDGE('',*,*,#1783,.F.);
#6821 = ORIENTED_EDGE('',*,*,#6822,.T.);
#6822 = EDGE_CURVE('',#1751,#4222,#6823,.T.);
#6823 = SURFACE_CURVE('',#6824,(#6827,#6833),.PCURVE_S1.);
#6824 = B_SPLINE_CURVE_WITH_KNOTS('',1,(#6825,#6826),.UNSPECIFIED.,.F.,
  .F.,(2,2),(0.,1.),.PIECEWISE_BEZIER_KNOTS.);
#6825 = CARTESIAN_POINT('',(-26.72634939686,-9.124375441353,0.));
#6826 = CARTESIAN_POINT('',(-26.72634939686,-9.124375441353,15.9));
#6827 = PCURVE('',#1801,#6828);
#6828 = DEFINITIONAL_REPRESENTATION('',(#6829),#6832);
#6829 = B_SPLINE_CURVE_WITH_KNOTS('',1,(#6830,#6831),.UNSPECIFIED.,.F.,
  .F.,(2,2),(0.,1.),.PIECEWISE_BEZIER_KNOTS.);
#6830 = CARTESIAN_POINT('',(0.,0.));
#6831 = CARTESIAN_POINT('',(1.,0.));
#6832 = ( GEOMETRIC_REPRESENTATION_CONTEXT(2) 
PARAMETRIC_REPRESENTATION_CONTEXT() REPRESENTATION_CONTEXT('2D SPACE',''
  ) );
#6833 = PCURVE('',#1768,#6834);
#6834 = DEFINITIONAL_REPRESENTATION('',(#6835),#6838);
#6835 = B_SPLINE_CURVE_WITH_KNOTS('',1,(#6836,#6837),.UNSPECIFIED.,.F.,
  .F.,(2,2),(0.,1.),.PIECEWISE_BEZIER_KNOTS.);
#6836 = CARTESIAN_POINT('',(0.,1.));
#6837 = CARTESIAN_POINT('',(1.,1.));
#6838 = ( GEOMETRIC_REPRESENTATION_CONTEXT(2) 
PARAMETRIC_REPRESENTATION_CONTEXT() REPRESENTATION_CONTEXT('2D SPACE',''
  ) );
#6839 = ORIENTED_EDGE('',*,*,#4245,.T.);
#6840 = ORIENTED_EDGE('',*,*,#6774,.F.);
#6841 = ADVANCED_FACE('',(#6842),#1293,.F.);
#6842 = FACE_BOUND('',#6843,.F.);
#6843 = EDGE_LOOP('',(#6844,#6845,#6846,#6847));
#6844 = ORIENTED_EDGE('',*,*,#1275,.F.);
#6845 = ORIENTED_EDGE('',*,*,#6800,.T.);
#6846 = ORIENTED_EDGE('',*,*,#3871,.T.);
#6847 = ORIENTED_EDGE('',*,*,#6848,.F.);
#6848 = EDGE_CURVE('',#1276,#3872,#6849,.T.);
#6849 = SURFACE_CURVE('',#6850,(#6853,#6859),.PCURVE_S1.);
#6850 = B_SPLINE_CURVE_WITH_KNOTS('',1,(#6851,#6852),.UNSPECIFIED.,.F.,
  .F.,(2,2),(0.,1.),.PIECEWISE_BEZIER_KNOTS.);
#6851 = CARTESIAN_POINT('',(-20.70451725369,19.206117373624,0.));
#6852 = CARTESIAN_POINT('',(-20.70451725369,19.206117373624,15.9));
#6853 = PCURVE('',#1293,#6854);
#6854 = DEFINITIONAL_REPRESENTATION('',(#6855),#6858);
#6855 = B_SPLINE_CURVE_WITH_KNOTS('',1,(#6856,#6857),.UNSPECIFIED.,.F.,
  .F.,(2,2),(0.,1.),.PIECEWISE_BEZIER_KNOTS.);
#6856 = CARTESIAN_POINT('',(0.,1.));
#6857 = CARTESIAN_POINT('',(1.,1.));
#6858 = ( GEOMETRIC_REPRESENTATION_CONTEXT(2) 
PARAMETRIC_REPRESENTATION_CONTEXT() REPRESENTATION_CONTEXT('2D SPACE',''
  ) );
#6859 = PCURVE('',#1326,#6860);
#6860 = DEFINITIONAL_REPRESENTATION('',(#6861),#6864);
#6861 = B_SPLINE_CURVE_WITH_KNOTS('',1,(#6862,#6863),.UNSPECIFIED.,.F.,
  .F.,(2,2),(0.,1.),.PIECEWISE_BEZIER_KNOTS.);
#6862 = CARTESIAN_POINT('',(0.,0.));
#6863 = CARTESIAN_POINT('',(1.,0.));
#6864 = ( GEOMETRIC_REPRESENTATION_CONTEXT(2) 
PARAMETRIC_REPRESENTATION_CONTEXT() REPRESENTATION_CONTEXT('2D SPACE',''
  ) );
#6865 = ADVANCED_FACE('',(#6866),#1768,.F.);
#6866 = FACE_BOUND('',#6867,.F.);
#6867 = EDGE_LOOP('',(#6868,#6869,#6887,#6888));
#6868 = ORIENTED_EDGE('',*,*,#1750,.F.);
#6869 = ORIENTED_EDGE('',*,*,#6870,.T.);
#6870 = EDGE_CURVE('',#1722,#4200,#6871,.T.);
#6871 = SURFACE_CURVE('',#6872,(#6875,#6881),.PCURVE_S1.);
#6872 = B_SPLINE_CURVE_WITH_KNOTS('',1,(#6873,#6874),.UNSPECIFIED.,.F.,
  .F.,(2,2),(0.,1.),.PIECEWISE_BEZIER_KNOTS.);
#6873 = CARTESIAN_POINT('',(-32.9593555882,-8.347507365251,0.));
#6874 = CARTESIAN_POINT('',(-32.9593555882,-8.347507365251,15.9));
#6875 = PCURVE('',#1768,#6876);
#6876 = DEFINITIONAL_REPRESENTATION('',(#6877),#6880);
#6877 = B_SPLINE_CURVE_WITH_KNOTS('',1,(#6878,#6879),.UNSPECIFIED.,.F.,
  .F.,(2,2),(0.,1.),.PIECEWISE_BEZIER_KNOTS.);
#6878 = CARTESIAN_POINT('',(0.,0.));
#6879 = CARTESIAN_POINT('',(1.,0.));
#6880 = ( GEOMETRIC_REPRESENTATION_CONTEXT(2) 
PARAMETRIC_REPRESENTATION_CONTEXT() REPRESENTATION_CONTEXT('2D SPACE',''
  ) );
#6881 = PCURVE('',#1737,#6882);
#6882 = DEFINITIONAL_REPRESENTATION('',(#6883),#6886);
#6883 = B_SPLINE_CURVE_WITH_KNOTS('',1,(#6884,#6885),.UNSPECIFIED.,.F.,
  .F.,(2,2),(0.,1.),.PIECEWISE_BEZIER_KNOTS.);
#6884 = CARTESIAN_POINT('',(0.,1.));
#6885 = CARTESIAN_POINT('',(1.,1.));
#6886 = ( GEOMETRIC_REPRESENTATION_CONTEXT(2) 
PARAMETRIC_REPRESENTATION_CONTEXT() REPRESENTATION_CONTEXT('2D SPACE',''
  ) );
#6887 = ORIENTED_EDGE('',*,*,#4221,.T.);
#6888 = ORIENTED_EDGE('',*,*,#6822,.F.);
#6889 = ADVANCED_FACE('',(#6890),#1326,.F.);
#6890 = FACE_BOUND('',#6891,.F.);
#6891 = EDGE_LOOP('',(#6892,#6893,#6894,#6895));
#6892 = ORIENTED_EDGE('',*,*,#1308,.F.);
#6893 = ORIENTED_EDGE('',*,*,#6848,.T.);
#6894 = ORIENTED_EDGE('',*,*,#3895,.T.);
#6895 = ORIENTED_EDGE('',*,*,#6896,.F.);
#6896 = EDGE_CURVE('',#1309,#3896,#6897,.T.);
#6897 = SURFACE_CURVE('',#6898,(#6901,#6907),.PCURVE_S1.);
#6898 = B_SPLINE_CURVE_WITH_KNOTS('',1,(#6899,#6900),.UNSPECIFIED.,.F.,
  .F.,(2,2),(0.,1.),.PIECEWISE_BEZIER_KNOTS.);
#6899 = CARTESIAN_POINT('',(-26.71463246063,21.03160508605,0.));
#6900 = CARTESIAN_POINT('',(-26.71463246063,21.03160508605,15.9));
#6901 = PCURVE('',#1326,#6902);
#6902 = DEFINITIONAL_REPRESENTATION('',(#6903),#6906);
#6903 = B_SPLINE_CURVE_WITH_KNOTS('',1,(#6904,#6905),.UNSPECIFIED.,.F.,
  .F.,(2,2),(0.,1.),.PIECEWISE_BEZIER_KNOTS.);
#6904 = CARTESIAN_POINT('',(0.,1.));
#6905 = CARTESIAN_POINT('',(1.,1.));
#6906 = ( GEOMETRIC_REPRESENTATION_CONTEXT(2) 
PARAMETRIC_REPRESENTATION_CONTEXT() REPRESENTATION_CONTEXT('2D SPACE',''
  ) );
#6907 = PCURVE('',#1357,#6908);
#6908 = DEFINITIONAL_REPRESENTATION('',(#6909),#6912);
#6909 = B_SPLINE_CURVE_WITH_KNOTS('',1,(#6910,#6911),.UNSPECIFIED.,.F.,
  .F.,(2,2),(0.,1.),.PIECEWISE_BEZIER_KNOTS.);
#6910 = CARTESIAN_POINT('',(0.,0.));
#6911 = CARTESIAN_POINT('',(1.,0.));
#6912 = ( GEOMETRIC_REPRESENTATION_CONTEXT(2) 
PARAMETRIC_REPRESENTATION_CONTEXT() REPRESENTATION_CONTEXT('2D SPACE',''
  ) );
#6913 = ADVANCED_FACE('',(#6914),#1737,.F.);
#6914 = FACE_BOUND('',#6915,.F.);
#6915 = EDGE_LOOP('',(#6916,#6917,#6935,#6936));
#6916 = ORIENTED_EDGE('',*,*,#1721,.F.);
#6917 = ORIENTED_EDGE('',*,*,#6918,.T.);
#6918 = EDGE_CURVE('',#1689,#4176,#6919,.T.);
#6919 = SURFACE_CURVE('',#6920,(#6923,#6929),.PCURVE_S1.);
#6920 = B_SPLINE_CURVE_WITH_KNOTS('',1,(#6921,#6922),.UNSPECIFIED.,.F.,
  .F.,(2,2),(0.,1.),.PIECEWISE_BEZIER_KNOTS.);
#6921 = CARTESIAN_POINT('',(-33.50510670822,-5.779950213724,0.));
#6922 = CARTESIAN_POINT('',(-33.50510670822,-5.779950213724,15.9));
#6923 = PCURVE('',#1737,#6924);
#6924 = DEFINITIONAL_REPRESENTATION('',(#6925),#6928);
#6925 = B_SPLINE_CURVE_WITH_KNOTS('',1,(#6926,#6927),.UNSPECIFIED.,.F.,
  .F.,(2,2),(0.,1.),.PIECEWISE_BEZIER_KNOTS.);
#6926 = CARTESIAN_POINT('',(0.,0.));
#6927 = CARTESIAN_POINT('',(1.,0.));
#6928 = ( GEOMETRIC_REPRESENTATION_CONTEXT(2) 
PARAMETRIC_REPRESENTATION_CONTEXT() REPRESENTATION_CONTEXT('2D SPACE',''
  ) );
#6929 = PCURVE('',#1706,#6930);
#6930 = DEFINITIONAL_REPRESENTATION('',(#6931),#6934);
#6931 = B_SPLINE_CURVE_WITH_KNOTS('',1,(#6932,#6933),.UNSPECIFIED.,.F.,
  .F.,(2,2),(0.,1.),.PIECEWISE_BEZIER_KNOTS.);
#6932 = CARTESIAN_POINT('',(0.,1.));
#6933 = CARTESIAN_POINT('',(1.,1.));
#6934 = ( GEOMETRIC_REPRESENTATION_CONTEXT(2) 
PARAMETRIC_REPRESENTATION_CONTEXT() REPRESENTATION_CONTEXT('2D SPACE',''
  ) );
#6935 = ORIENTED_EDGE('',*,*,#4199,.T.);
#6936 = ORIENTED_EDGE('',*,*,#6870,.F.);
#6937 = ADVANCED_FACE('',(#6938),#1357,.F.);
#6938 = FACE_BOUND('',#6939,.F.);
#6939 = EDGE_LOOP('',(#6940,#6941,#6942,#6943));
#6940 = ORIENTED_EDGE('',*,*,#1341,.F.);
#6941 = ORIENTED_EDGE('',*,*,#6896,.T.);
#6942 = ORIENTED_EDGE('',*,*,#3919,.T.);
#6943 = ORIENTED_EDGE('',*,*,#6944,.F.);
#6944 = EDGE_CURVE('',#1342,#3920,#6945,.T.);
#6945 = SURFACE_CURVE('',#6946,(#6949,#6955),.PCURVE_S1.);
#6946 = B_SPLINE_CURVE_WITH_KNOTS('',1,(#6947,#6948),.UNSPECIFIED.,.F.,
  .F.,(2,2),(0.,1.),.PIECEWISE_BEZIER_KNOTS.);
#6947 = CARTESIAN_POINT('',(-28.25752049405,18.908001891547,0.));
#6948 = CARTESIAN_POINT('',(-28.25752049405,18.908001891547,15.9));
#6949 = PCURVE('',#1357,#6950);
#6950 = DEFINITIONAL_REPRESENTATION('',(#6951),#6954);
#6951 = B_SPLINE_CURVE_WITH_KNOTS('',1,(#6952,#6953),.UNSPECIFIED.,.F.,
  .F.,(2,2),(0.,1.),.PIECEWISE_BEZIER_KNOTS.);
#6952 = CARTESIAN_POINT('',(0.,1.));
#6953 = CARTESIAN_POINT('',(1.,1.));
#6954 = ( GEOMETRIC_REPRESENTATION_CONTEXT(2) 
PARAMETRIC_REPRESENTATION_CONTEXT() REPRESENTATION_CONTEXT('2D SPACE',''
  ) );
#6955 = PCURVE('',#1388,#6956);
#6956 = DEFINITIONAL_REPRESENTATION('',(#6957),#6960);
#6957 = B_SPLINE_CURVE_WITH_KNOTS('',1,(#6958,#6959),.UNSPECIFIED.,.F.,
  .F.,(2,2),(0.,1.),.PIECEWISE_BEZIER_KNOTS.);
#6958 = CARTESIAN_POINT('',(0.,0.));
#6959 = CARTESIAN_POINT('',(1.,0.));
#6960 = ( GEOMETRIC_REPRESENTATION_CONTEXT(2) 
PARAMETRIC_REPRESENTATION_CONTEXT() REPRESENTATION_CONTEXT('2D SPACE',''
  ) );
#6961 = ADVANCED_FACE('',(#6962),#1706,.F.);
#6962 = FACE_BOUND('',#6963,.F.);
#6963 = EDGE_LOOP('',(#6964,#6965,#6983,#6984));
#6964 = ORIENTED_EDGE('',*,*,#1688,.F.);
#6965 = ORIENTED_EDGE('',*,*,#6966,.T.);
#6966 = EDGE_CURVE('',#1656,#4152,#6967,.T.);
#6967 = SURFACE_CURVE('',#6968,(#6971,#6977),.PCURVE_S1.);
#6968 = B_SPLINE_CURVE_WITH_KNOTS('',1,(#6969,#6970),.UNSPECIFIED.,.F.,
  .F.,(2,2),(0.,1.),.PIECEWISE_BEZIER_KNOTS.);
#6969 = CARTESIAN_POINT('',(-28.12695292805,-2.535053897076,0.));
#6970 = CARTESIAN_POINT('',(-28.12695292805,-2.535053897076,15.9));
#6971 = PCURVE('',#1706,#6972);
#6972 = DEFINITIONAL_REPRESENTATION('',(#6973),#6976);
#6973 = B_SPLINE_CURVE_WITH_KNOTS('',1,(#6974,#6975),.UNSPECIFIED.,.F.,
  .F.,(2,2),(0.,1.),.PIECEWISE_BEZIER_KNOTS.);
#6974 = CARTESIAN_POINT('',(0.,0.));
#6975 = CARTESIAN_POINT('',(1.,0.));
#6976 = ( GEOMETRIC_REPRESENTATION_CONTEXT(2) 
PARAMETRIC_REPRESENTATION_CONTEXT() REPRESENTATION_CONTEXT('2D SPACE',''
  ) );
#6977 = PCURVE('',#1673,#6978);
#6978 = DEFINITIONAL_REPRESENTATION('',(#6979),#6982);
#6979 = B_SPLINE_CURVE_WITH_KNOTS('',1,(#6980,#6981),.UNSPECIFIED.,.F.,
  .F.,(2,2),(0.,1.),.PIECEWISE_BEZIER_KNOTS.);
#6980 = CARTESIAN_POINT('',(0.,1.));
#6981 = CARTESIAN_POINT('',(1.,1.));
#6982 = ( GEOMETRIC_REPRESENTATION_CONTEXT(2) 
PARAMETRIC_REPRESENTATION_CONTEXT() REPRESENTATION_CONTEXT('2D SPACE',''
  ) );
#6983 = ORIENTED_EDGE('',*,*,#4175,.T.);
#6984 = ORIENTED_EDGE('',*,*,#6918,.F.);
#6985 = ADVANCED_FACE('',(#6986),#1388,.F.);
#6986 = FACE_BOUND('',#6987,.F.);
#6987 = EDGE_LOOP('',(#6988,#6989,#6990,#6991));
#6988 = ORIENTED_EDGE('',*,*,#1370,.F.);
#6989 = ORIENTED_EDGE('',*,*,#6944,.T.);
#6990 = ORIENTED_EDGE('',*,*,#3941,.T.);
#6991 = ORIENTED_EDGE('',*,*,#6992,.F.);
#6992 = EDGE_CURVE('',#1371,#3942,#6993,.T.);
#6993 = SURFACE_CURVE('',#6994,(#6997,#7003),.PCURVE_S1.);
#6994 = B_SPLINE_CURVE_WITH_KNOTS('',1,(#6995,#6996),.UNSPECIFIED.,.F.,
  .F.,(2,2),(0.,1.),.PIECEWISE_BEZIER_KNOTS.);
#6995 = CARTESIAN_POINT('',(-24.66415077263,13.75614938646,0.));
#6996 = CARTESIAN_POINT('',(-24.66415077263,13.75614938646,15.9));
#6997 = PCURVE('',#1388,#6998);
#6998 = DEFINITIONAL_REPRESENTATION('',(#6999),#7002);
#6999 = B_SPLINE_CURVE_WITH_KNOTS('',1,(#7000,#7001),.UNSPECIFIED.,.F.,
  .F.,(2,2),(0.,1.),.PIECEWISE_BEZIER_KNOTS.);
#7000 = CARTESIAN_POINT('',(0.,1.));
#7001 = CARTESIAN_POINT('',(1.,1.));
#7002 = ( GEOMETRIC_REPRESENTATION_CONTEXT(2) 
PARAMETRIC_REPRESENTATION_CONTEXT() REPRESENTATION_CONTEXT('2D SPACE',''
  ) );
#7003 = PCURVE('',#1421,#7004);
#7004 = DEFINITIONAL_REPRESENTATION('',(#7005),#7008);
#7005 = B_SPLINE_CURVE_WITH_KNOTS('',1,(#7006,#7007),.UNSPECIFIED.,.F.,
  .F.,(2,2),(0.,1.),.PIECEWISE_BEZIER_KNOTS.);
#7006 = CARTESIAN_POINT('',(0.,0.));
#7007 = CARTESIAN_POINT('',(1.,0.));
#7008 = ( GEOMETRIC_REPRESENTATION_CONTEXT(2) 
PARAMETRIC_REPRESENTATION_CONTEXT() REPRESENTATION_CONTEXT('2D SPACE',''
  ) );
#7009 = ADVANCED_FACE('',(#7010),#1673,.F.);
#7010 = FACE_BOUND('',#7011,.F.);
#7011 = EDGE_LOOP('',(#7012,#7013,#7031,#7032));
#7012 = ORIENTED_EDGE('',*,*,#1655,.F.);
#7013 = ORIENTED_EDGE('',*,*,#7014,.T.);
#7014 = EDGE_CURVE('',#1627,#4130,#7015,.T.);
#7015 = SURFACE_CURVE('',#7016,(#7019,#7025),.PCURVE_S1.);
#7016 = B_SPLINE_CURVE_WITH_KNOTS('',1,(#7017,#7018),.UNSPECIFIED.,.F.,
  .F.,(2,2),(0.,1.),.PIECEWISE_BEZIER_KNOTS.);
#7017 = CARTESIAN_POINT('',(-25.17277868879,-1.170988080733,0.));
#7018 = CARTESIAN_POINT('',(-25.17277868879,-1.170988080733,15.9));
#7019 = PCURVE('',#1673,#7020);
#7020 = DEFINITIONAL_REPRESENTATION('',(#7021),#7024);
#7021 = B_SPLINE_CURVE_WITH_KNOTS('',1,(#7022,#7023),.UNSPECIFIED.,.F.,
  .F.,(2,2),(0.,1.),.PIECEWISE_BEZIER_KNOTS.);
#7022 = CARTESIAN_POINT('',(0.,0.));
#7023 = CARTESIAN_POINT('',(1.,0.));
#7024 = ( GEOMETRIC_REPRESENTATION_CONTEXT(2) 
PARAMETRIC_REPRESENTATION_CONTEXT() REPRESENTATION_CONTEXT('2D SPACE',''
  ) );
#7025 = PCURVE('',#1642,#7026);
#7026 = DEFINITIONAL_REPRESENTATION('',(#7027),#7030);
#7027 = B_SPLINE_CURVE_WITH_KNOTS('',1,(#7028,#7029),.UNSPECIFIED.,.F.,
  .F.,(2,2),(0.,1.),.PIECEWISE_BEZIER_KNOTS.);
#7028 = CARTESIAN_POINT('',(0.,1.));
#7029 = CARTESIAN_POINT('',(1.,1.));
#7030 = ( GEOMETRIC_REPRESENTATION_CONTEXT(2) 
PARAMETRIC_REPRESENTATION_CONTEXT() REPRESENTATION_CONTEXT('2D SPACE',''
  ) );
#7031 = ORIENTED_EDGE('',*,*,#4151,.T.);
#7032 = ORIENTED_EDGE('',*,*,#6966,.F.);
#7033 = ADVANCED_FACE('',(#7034),#1421,.F.);
#7034 = FACE_BOUND('',#7035,.F.);
#7035 = EDGE_LOOP('',(#7036,#7037,#7038,#7039));
#7036 = ORIENTED_EDGE('',*,*,#1403,.F.);
#7037 = ORIENTED_EDGE('',*,*,#6992,.T.);
#7038 = ORIENTED_EDGE('',*,*,#3965,.T.);
#7039 = ORIENTED_EDGE('',*,*,#7040,.F.);
#7040 = EDGE_CURVE('',#1404,#3966,#7041,.T.);
#7041 = SURFACE_CURVE('',#7042,(#7045,#7051),.PCURVE_S1.);
#7042 = B_SPLINE_CURVE_WITH_KNOTS('',1,(#7043,#7044),.UNSPECIFIED.,.F.,
  .F.,(2,2),(0.,1.),.PIECEWISE_BEZIER_KNOTS.);
#7043 = CARTESIAN_POINT('',(-22.52019386634,11.308442342876,0.));
#7044 = CARTESIAN_POINT('',(-22.52019386634,11.308442342876,15.9));
#7045 = PCURVE('',#1421,#7046);
#7046 = DEFINITIONAL_REPRESENTATION('',(#7047),#7050);
#7047 = B_SPLINE_CURVE_WITH_KNOTS('',1,(#7048,#7049),.UNSPECIFIED.,.F.,
  .F.,(2,2),(0.,1.),.PIECEWISE_BEZIER_KNOTS.);
#7048 = CARTESIAN_POINT('',(0.,1.));
#7049 = CARTESIAN_POINT('',(1.,1.));
#7050 = ( GEOMETRIC_REPRESENTATION_CONTEXT(2) 
PARAMETRIC_REPRESENTATION_CONTEXT() REPRESENTATION_CONTEXT('2D SPACE',''
  ) );
#7051 = PCURVE('',#1452,#7052);
#7052 = DEFINITIONAL_REPRESENTATION('',(#7053),#7056);
#7053 = B_SPLINE_CURVE_WITH_KNOTS('',1,(#7054,#7055),.UNSPECIFIED.,.F.,
  .F.,(2,2),(0.,1.),.PIECEWISE_BEZIER_KNOTS.);
#7054 = CARTESIAN_POINT('',(0.,0.));
#7055 = CARTESIAN_POINT('',(1.,0.));
#7056 = ( GEOMETRIC_REPRESENTATION_CONTEXT(2) 
PARAMETRIC_REPRESENTATION_CONTEXT() REPRESENTATION_CONTEXT('2D SPACE',''
  ) );
#7057 = ADVANCED_FACE('',(#7058),#1642,.F.);
#7058 = FACE_BOUND('',#7059,.F.);
#7059 = EDGE_LOOP('',(#7060,#7061,#7079,#7080));
#7060 = ORIENTED_EDGE('',*,*,#1626,.F.);
#7061 = ORIENTED_EDGE('',*,*,#7062,.T.);
#7062 = EDGE_CURVE('',#1594,#4106,#7063,.T.);
#7063 = SURFACE_CURVE('',#7064,(#7067,#7073),.PCURVE_S1.);
#7064 = B_SPLINE_CURVE_WITH_KNOTS('',1,(#7065,#7066),.UNSPECIFIED.,.F.,
  .F.,(2,2),(0.,1.),.PIECEWISE_BEZIER_KNOTS.);
#7065 = CARTESIAN_POINT('',(-25.17277868879,1.170988080733,0.));
#7066 = CARTESIAN_POINT('',(-25.17277868879,1.170988080733,15.9));
#7067 = PCURVE('',#1642,#7068);
#7068 = DEFINITIONAL_REPRESENTATION('',(#7069),#7072);
#7069 = B_SPLINE_CURVE_WITH_KNOTS('',1,(#7070,#7071),.UNSPECIFIED.,.F.,
  .F.,(2,2),(0.,1.),.PIECEWISE_BEZIER_KNOTS.);
#7070 = CARTESIAN_POINT('',(0.,0.));
#7071 = CARTESIAN_POINT('',(1.,0.));
#7072 = ( GEOMETRIC_REPRESENTATION_CONTEXT(2) 
PARAMETRIC_REPRESENTATION_CONTEXT() REPRESENTATION_CONTEXT('2D SPACE',''
  ) );
#7073 = PCURVE('',#1611,#7074);
#7074 = DEFINITIONAL_REPRESENTATION('',(#7075),#7078);
#7075 = B_SPLINE_CURVE_WITH_KNOTS('',1,(#7076,#7077),.UNSPECIFIED.,.F.,
  .F.,(2,2),(0.,1.),.PIECEWISE_BEZIER_KNOTS.);
#7076 = CARTESIAN_POINT('',(0.,1.));
#7077 = CARTESIAN_POINT('',(1.,1.));
#7078 = ( GEOMETRIC_REPRESENTATION_CONTEXT(2) 
PARAMETRIC_REPRESENTATION_CONTEXT() REPRESENTATION_CONTEXT('2D SPACE',''
  ) );
#7079 = ORIENTED_EDGE('',*,*,#4129,.T.);
#7080 = ORIENTED_EDGE('',*,*,#7014,.F.);
#7081 = ADVANCED_FACE('',(#7082),#1452,.F.);
#7082 = FACE_BOUND('',#7083,.F.);
#7083 = EDGE_LOOP('',(#7084,#7085,#7086,#7087));
#7084 = ORIENTED_EDGE('',*,*,#1436,.F.);
#7085 = ORIENTED_EDGE('',*,*,#7040,.T.);
#7086 = ORIENTED_EDGE('',*,*,#3989,.T.);
#7087 = ORIENTED_EDGE('',*,*,#7088,.F.);
#7088 = EDGE_CURVE('',#1437,#3990,#7089,.T.);
#7089 = SURFACE_CURVE('',#7090,(#7093,#7099),.PCURVE_S1.);
#7090 = B_SPLINE_CURVE_WITH_KNOTS('',1,(#7091,#7092),.UNSPECIFIED.,.F.,
  .F.,(2,2),(0.,1.),.PIECEWISE_BEZIER_KNOTS.);
#7091 = CARTESIAN_POINT('',(-23.47276138842,9.168940658661,0.));
#7092 = CARTESIAN_POINT('',(-23.47276138842,9.168940658661,15.9));
#7093 = PCURVE('',#1452,#7094);
#7094 = DEFINITIONAL_REPRESENTATION('',(#7095),#7098);
#7095 = B_SPLINE_CURVE_WITH_KNOTS('',1,(#7096,#7097),.UNSPECIFIED.,.F.,
  .F.,(2,2),(0.,1.),.PIECEWISE_BEZIER_KNOTS.);
#7096 = CARTESIAN_POINT('',(0.,1.));
#7097 = CARTESIAN_POINT('',(1.,1.));
#7098 = ( GEOMETRIC_REPRESENTATION_CONTEXT(2) 
PARAMETRIC_REPRESENTATION_CONTEXT() REPRESENTATION_CONTEXT('2D SPACE',''
  ) );
#7099 = PCURVE('',#1483,#7100);
#7100 = DEFINITIONAL_REPRESENTATION('',(#7101),#7104);
#7101 = B_SPLINE_CURVE_WITH_KNOTS('',1,(#7102,#7103),.UNSPECIFIED.,.F.,
  .F.,(2,2),(0.,1.),.PIECEWISE_BEZIER_KNOTS.);
#7102 = CARTESIAN_POINT('',(0.,0.));
#7103 = CARTESIAN_POINT('',(1.,0.));
#7104 = ( GEOMETRIC_REPRESENTATION_CONTEXT(2) 
PARAMETRIC_REPRESENTATION_CONTEXT() REPRESENTATION_CONTEXT('2D SPACE',''
  ) );
#7105 = ADVANCED_FACE('',(#7106),#1611,.F.);
#7106 = FACE_BOUND('',#7107,.F.);
#7107 = EDGE_LOOP('',(#7108,#7109,#7127,#7128));
#7108 = ORIENTED_EDGE('',*,*,#1593,.F.);
#7109 = ORIENTED_EDGE('',*,*,#7110,.T.);
#7110 = EDGE_CURVE('',#1561,#4082,#7111,.T.);
#7111 = SURFACE_CURVE('',#7112,(#7115,#7121),.PCURVE_S1.);
#7112 = B_SPLINE_CURVE_WITH_KNOTS('',1,(#7113,#7114),.UNSPECIFIED.,.F.,
  .F.,(2,2),(0.,1.),.PIECEWISE_BEZIER_KNOTS.);
#7113 = CARTESIAN_POINT('',(-28.12695292805,2.535053897076,0.));
#7114 = CARTESIAN_POINT('',(-28.12695292805,2.535053897076,15.9));
#7115 = PCURVE('',#1611,#7116);
#7116 = DEFINITIONAL_REPRESENTATION('',(#7117),#7120);
#7117 = B_SPLINE_CURVE_WITH_KNOTS('',1,(#7118,#7119),.UNSPECIFIED.,.F.,
  .F.,(2,2),(0.,1.),.PIECEWISE_BEZIER_KNOTS.);
#7118 = CARTESIAN_POINT('',(0.,0.));
#7119 = CARTESIAN_POINT('',(1.,0.));
#7120 = ( GEOMETRIC_REPRESENTATION_CONTEXT(2) 
PARAMETRIC_REPRESENTATION_CONTEXT() REPRESENTATION_CONTEXT('2D SPACE',''
  ) );
#7121 = PCURVE('',#1578,#7122);
#7122 = DEFINITIONAL_REPRESENTATION('',(#7123),#7126);
#7123 = B_SPLINE_CURVE_WITH_KNOTS('',1,(#7124,#7125),.UNSPECIFIED.,.F.,
  .F.,(2,2),(0.,1.),.PIECEWISE_BEZIER_KNOTS.);
#7124 = CARTESIAN_POINT('',(0.,1.));
#7125 = CARTESIAN_POINT('',(1.,1.));
#7126 = ( GEOMETRIC_REPRESENTATION_CONTEXT(2) 
PARAMETRIC_REPRESENTATION_CONTEXT() REPRESENTATION_CONTEXT('2D SPACE',''
  ) );
#7127 = ORIENTED_EDGE('',*,*,#4105,.T.);
#7128 = ORIENTED_EDGE('',*,*,#7062,.F.);
#7129 = ADVANCED_FACE('',(#7130),#1483,.F.);
#7130 = FACE_BOUND('',#7131,.F.);
#7131 = EDGE_LOOP('',(#7132,#7133,#7134,#7135));
#7132 = ORIENTED_EDGE('',*,*,#1465,.F.);
#7133 = ORIENTED_EDGE('',*,*,#7088,.T.);
#7134 = ORIENTED_EDGE('',*,*,#4011,.T.);
#7135 = ORIENTED_EDGE('',*,*,#7136,.F.);
#7136 = EDGE_CURVE('',#1466,#4012,#7137,.T.);
#7137 = SURFACE_CURVE('',#7138,(#7141,#7147),.PCURVE_S1.);
#7138 = B_SPLINE_CURVE_WITH_KNOTS('',1,(#7139,#7140),.UNSPECIFIED.,.F.,
  .F.,(2,2),(0.,1.),.PIECEWISE_BEZIER_KNOTS.);
#7139 = CARTESIAN_POINT('',(-26.72634939686,9.124375441353,0.));
#7140 = CARTESIAN_POINT('',(-26.72634939686,9.124375441353,15.9));
#7141 = PCURVE('',#1483,#7142);
#7142 = DEFINITIONAL_REPRESENTATION('',(#7143),#7146);
#7143 = B_SPLINE_CURVE_WITH_KNOTS('',1,(#7144,#7145),.UNSPECIFIED.,.F.,
  .F.,(2,2),(0.,1.),.PIECEWISE_BEZIER_KNOTS.);
#7144 = CARTESIAN_POINT('',(0.,1.));
#7145 = CARTESIAN_POINT('',(1.,1.));
#7146 = ( GEOMETRIC_REPRESENTATION_CONTEXT(2) 
PARAMETRIC_REPRESENTATION_CONTEXT() REPRESENTATION_CONTEXT('2D SPACE',''
  ) );
#7147 = PCURVE('',#1516,#7148);
#7148 = DEFINITIONAL_REPRESENTATION('',(#7149),#7152);
#7149 = B_SPLINE_CURVE_WITH_KNOTS('',1,(#7150,#7151),.UNSPECIFIED.,.F.,
  .F.,(2,2),(0.,1.),.PIECEWISE_BEZIER_KNOTS.);
#7150 = CARTESIAN_POINT('',(0.,0.));
#7151 = CARTESIAN_POINT('',(1.,0.));
#7152 = ( GEOMETRIC_REPRESENTATION_CONTEXT(2) 
PARAMETRIC_REPRESENTATION_CONTEXT() REPRESENTATION_CONTEXT('2D SPACE',''
  ) );
#7153 = ADVANCED_FACE('',(#7154),#1578,.F.);
#7154 = FACE_BOUND('',#7155,.F.);
#7155 = EDGE_LOOP('',(#7156,#7157,#7175,#7176));
#7156 = ORIENTED_EDGE('',*,*,#1560,.F.);
#7157 = ORIENTED_EDGE('',*,*,#7158,.T.);
#7158 = EDGE_CURVE('',#1532,#4060,#7159,.T.);
#7159 = SURFACE_CURVE('',#7160,(#7163,#7169),.PCURVE_S1.);
#7160 = B_SPLINE_CURVE_WITH_KNOTS('',1,(#7161,#7162),.UNSPECIFIED.,.F.,
  .F.,(2,2),(0.,1.),.PIECEWISE_BEZIER_KNOTS.);
#7161 = CARTESIAN_POINT('',(-33.50510670822,5.779950213724,0.));
#7162 = CARTESIAN_POINT('',(-33.50510670822,5.779950213724,15.9));
#7163 = PCURVE('',#1578,#7164);
#7164 = DEFINITIONAL_REPRESENTATION('',(#7165),#7168);
#7165 = B_SPLINE_CURVE_WITH_KNOTS('',1,(#7166,#7167),.UNSPECIFIED.,.F.,
  .F.,(2,2),(0.,1.),.PIECEWISE_BEZIER_KNOTS.);
#7166 = CARTESIAN_POINT('',(0.,0.));
#7167 = CARTESIAN_POINT('',(1.,0.));
#7168 = ( GEOMETRIC_REPRESENTATION_CONTEXT(2) 
PARAMETRIC_REPRESENTATION_CONTEXT() REPRESENTATION_CONTEXT('2D SPACE',''
  ) );
#7169 = PCURVE('',#1547,#7170);
#7170 = DEFINITIONAL_REPRESENTATION('',(#7171),#7174);
#7171 = B_SPLINE_CURVE_WITH_KNOTS('',1,(#7172,#7173),.UNSPECIFIED.,.F.,
  .F.,(2,2),(0.,1.),.PIECEWISE_BEZIER_KNOTS.);
#7172 = CARTESIAN_POINT('',(0.,1.));
#7173 = CARTESIAN_POINT('',(1.,1.));
#7174 = ( GEOMETRIC_REPRESENTATION_CONTEXT(2) 
PARAMETRIC_REPRESENTATION_CONTEXT() REPRESENTATION_CONTEXT('2D SPACE',''
  ) );
#7175 = ORIENTED_EDGE('',*,*,#4081,.T.);
#7176 = ORIENTED_EDGE('',*,*,#7110,.F.);
#7177 = ADVANCED_FACE('',(#7178),#1516,.F.);
#7178 = FACE_BOUND('',#7179,.F.);
#7179 = EDGE_LOOP('',(#7180,#7181,#7182,#7183));
#7180 = ORIENTED_EDGE('',*,*,#1498,.F.);
#7181 = ORIENTED_EDGE('',*,*,#7136,.T.);
#7182 = ORIENTED_EDGE('',*,*,#4035,.T.);
#7183 = ORIENTED_EDGE('',*,*,#7184,.F.);
#7184 = EDGE_CURVE('',#1499,#4036,#7185,.T.);
#7185 = SURFACE_CURVE('',#7186,(#7189,#7195),.PCURVE_S1.);
#7186 = B_SPLINE_CURVE_WITH_KNOTS('',1,(#7187,#7188),.UNSPECIFIED.,.F.,
  .F.,(2,2),(0.,1.),.PIECEWISE_BEZIER_KNOTS.);
#7187 = CARTESIAN_POINT('',(-32.9593555882,8.347507365251,0.));
#7188 = CARTESIAN_POINT('',(-32.9593555882,8.347507365251,15.9));
#7189 = PCURVE('',#1516,#7190);
#7190 = DEFINITIONAL_REPRESENTATION('',(#7191),#7194);
#7191 = B_SPLINE_CURVE_WITH_KNOTS('',1,(#7192,#7193),.UNSPECIFIED.,.F.,
  .F.,(2,2),(0.,1.),.PIECEWISE_BEZIER_KNOTS.);
#7192 = CARTESIAN_POINT('',(0.,1.));
#7193 = CARTESIAN_POINT('',(1.,1.));
#7194 = ( GEOMETRIC_REPRESENTATION_CONTEXT(2) 
PARAMETRIC_REPRESENTATION_CONTEXT() REPRESENTATION_CONTEXT('2D SPACE',''
  ) );
#7195 = PCURVE('',#1547,#7196);
#7196 = DEFINITIONAL_REPRESENTATION('',(#7197),#7200);
#7197 = B_SPLINE_CURVE_WITH_KNOTS('',1,(#7198,#7199),.UNSPECIFIED.,.F.,
  .F.,(2,2),(0.,1.),.PIECEWISE_BEZIER_KNOTS.);
#7198 = CARTESIAN_POINT('',(0.,0.));
#7199 = CARTESIAN_POINT('',(1.,0.));
#7200 = ( GEOMETRIC_REPRESENTATION_CONTEXT(2) 
PARAMETRIC_REPRESENTATION_CONTEXT() REPRESENTATION_CONTEXT('2D SPACE',''
  ) );
#7201 = ADVANCED_FACE('',(#7202),#1547,.F.);
#7202 = FACE_BOUND('',#7203,.F.);
#7203 = EDGE_LOOP('',(#7204,#7205,#7206,#7207));
#7204 = ORIENTED_EDGE('',*,*,#1531,.F.);
#7205 = ORIENTED_EDGE('',*,*,#7184,.T.);
#7206 = ORIENTED_EDGE('',*,*,#4059,.T.);
#7207 = ORIENTED_EDGE('',*,*,#7158,.F.);
#7208 = ADVANCED_FACE('',(#7209),#2968,.F.);
#7209 = FACE_BOUND('',#7210,.F.);
#7210 = EDGE_LOOP('',(#7211,#7212,#7233,#7234));
#7211 = ORIENTED_EDGE('',*,*,#2947,.F.);
#7212 = ORIENTED_EDGE('',*,*,#7213,.F.);
#7213 = EDGE_CURVE('',#5087,#2948,#7214,.T.);
#7214 = SEAM_CURVE('',#7215,(#7219,#7226),.PCURVE_S1.);
#7215 = LINE('',#7216,#7217);
#7216 = CARTESIAN_POINT('',(-4.25,-1.040949779275E-15,15.9));
#7217 = VECTOR('',#7218,1.);
#7218 = DIRECTION('',(0.,0.,-1.));
#7219 = PCURVE('',#2968,#7220);
#7220 = DEFINITIONAL_REPRESENTATION('',(#7221),#7225);
#7221 = LINE('',#7222,#7223);
#7222 = CARTESIAN_POINT('',(6.28318530718,-0.));
#7223 = VECTOR('',#7224,1.);
#7224 = DIRECTION('',(0.,1.));
#7225 = ( GEOMETRIC_REPRESENTATION_CONTEXT(2) 
PARAMETRIC_REPRESENTATION_CONTEXT() REPRESENTATION_CONTEXT('2D SPACE',''
  ) );
#7226 = PCURVE('',#2968,#7227);
#7227 = DEFINITIONAL_REPRESENTATION('',(#7228),#7232);
#7228 = LINE('',#7229,#7230);
#7229 = CARTESIAN_POINT('',(0.,-0.));
#7230 = VECTOR('',#7231,1.);
#7231 = DIRECTION('',(0.,1.));
#7232 = ( GEOMETRIC_REPRESENTATION_CONTEXT(2) 
PARAMETRIC_REPRESENTATION_CONTEXT() REPRESENTATION_CONTEXT('2D SPACE',''
  ) );
#7233 = ORIENTED_EDGE('',*,*,#5086,.T.);
#7234 = ORIENTED_EDGE('',*,*,#7213,.T.);
#7235 = ( GEOMETRIC_REPRESENTATION_CONTEXT(3) 
GLOBAL_UNCERTAINTY_ASSIGNED_CONTEXT((#7239)) 
GLOBAL_UNIT_ASSIGNED_CONTEXT((#7236,#7237,#7238)) REPRESENTATION_CONTEXT
('Context #1','3D Context with UNIT and UNCERTAINTY') );
#7236 = ( LENGTH_UNIT() NAMED_UNIT(*) SI_UNIT(.MILLI.,.METRE.) );
#7237 = ( NAMED_UNIT(*) PLANE_ANGLE_UNIT() SI_UNIT($,.RADIAN.) );
#7238 = ( NAMED_UNIT(*) SI_UNIT($,.STERADIAN.) SOLID_ANGLE_UNIT() );
#7239 = UNCERTAINTY_MEASURE_WITH_UNIT(LENGTH_MEASURE(5.E-07),#7236,
  'distance_accuracy_value','confusion accuracy');
#7240 = PRODUCT_RELATED_PRODUCT_CATEGORY('part',$,(#7));
ENDSEC;
END-ISO-10303-21;
