ISO-10303-21;
HEADER;
FILE_DESCRIPTION(('Open CASCADE Model'),'2;1');
FILE_NAME('Open CASCADE Shape Model','2026-06-05T01:25:14',('Author'),(
    'Open CASCADE'),'Open CASCADE STEP processor 7.8','Open CASCADE 7.8'
  ,'Unknown');
FILE_SCHEMA(('AUTOMOTIVE_DESIGN { 1 0 10303 214 1 1 1 1 }'));
ENDSEC;
DATA;
#1 = APPLICATION_PROTOCOL_DEFINITION('international standard',
  'automotive_design',2000,#2);
#2 = APPLICATION_CONTEXT(
  'core data for automotive mechanical design processes');
#3 = SHAPE_DEFINITION_REPRESENTATION(#4,#10);
#4 = PRODUCT_DEFINITION_SHAPE('','',#5);
#5 = PRODUCT_DEFINITION('design','',#6,#9);
#6 = PRODUCT_DEFINITION_FORMATION('','',#7);
#7 = PRODUCT('Open CASCADE STEP translator 7.8 43',
  'Open CASCADE STEP translator 7.8 43','',(#8));
#8 = PRODUCT_CONTEXT('',#2,'mechanical');
#9 = PRODUCT_DEFINITION_CONTEXT('part definition',#2,'design');
#10 = ADVANCED_BREP_SHAPE_REPRESENTATION('',(#11,#15),#7613);
#11 = AXIS2_PLACEMENT_3D('',#12,#13,#14);
#12 = CARTESIAN_POINT('',(0.,0.,0.));
#13 = DIRECTION('',(0.,0.,1.));
#14 = DIRECTION('',(1.,0.,-0.));
#15 = MANIFOLD_SOLID_BREP('',#16);
#16 = CLOSED_SHELL('',(#17,#135,#3105,#3150,#5347,#5371,#5395,#5419,
    #5443,#5467,#5491,#5515,#5539,#5563,#5587,#5611,#5635,#5659,#5683,
    #5707,#5731,#5755,#5779,#5803,#5827,#5851,#5875,#5899,#5923,#5947,
    #5971,#5995,#6019,#6043,#6067,#6091,#6115,#6139,#6163,#6187,#6211,
    #6235,#6259,#6283,#6307,#6331,#6355,#6379,#6403,#6427,#6451,#6475,
    #6499,#6523,#6547,#6571,#6595,#6619,#6643,#6667,#6691,#6715,#6739,
    #6763,#6787,#6811,#6835,#6859,#6883,#6907,#6931,#6955,#6979,#7003,
    #7027,#7051,#7075,#7099,#7123,#7147,#7171,#7195,#7219,#7243,#7267,
    #7291,#7315,#7339,#7363,#7387,#7411,#7435,#7459,#7483,#7507,#7531,
    #7555,#7579,#7586));
#17 = ADVANCED_FACE('',(#18),#32,.F.);
#18 = FACE_BOUND('',#19,.F.);
#19 = EDGE_LOOP('',(#20,#56,#83,#110));
#20 = ORIENTED_EDGE('',*,*,#21,.F.);
#21 = EDGE_CURVE('',#22,#24,#26,.T.);
#22 = VERTEX_POINT('',#23);
#23 = CARTESIAN_POINT('',(7.250521620033,-2.344000050648,
    -8.460799989015E-18));
#24 = VERTEX_POINT('',#25);
#25 = CARTESIAN_POINT('',(7.451135938961,-1.595297219683,
    -8.460799989015E-18));
#26 = SURFACE_CURVE('',#27,(#31,#44),.PCURVE_S1.);
#27 = ( BOUNDED_CURVE() B_SPLINE_CURVE(2,(#28,#29,#30),.UNSPECIFIED.,.F.
,.F.) B_SPLINE_CURVE_WITH_KNOTS((3,3),(0.,1.),.PIECEWISE_BEZIER_KNOTS.) 
CURVE() GEOMETRIC_REPRESENTATION_ITEM() RATIONAL_B_SPLINE_CURVE((1.,
0.998705766625,1.)) REPRESENTATION_ITEM('') );
#28 = CARTESIAN_POINT('',(7.250521620033,-2.344000050648,
    -8.460799989015E-18));
#29 = CARTESIAN_POINT('',(7.369893158015,-1.974756919994,
    -8.460799989015E-18));
#30 = CARTESIAN_POINT('',(7.451135938961,-1.595297219683,
    -8.460799989015E-18));
#31 = PCURVE('',#32,#39);
#32 = ( BOUNDED_SURFACE() B_SPLINE_SURFACE(1,2,(
    (#33,#34,#35)
    ,(#36,#37,#38
)),.UNSPECIFIED.,.F.,.F.,.F.) B_SPLINE_SURFACE_WITH_KNOTS((2,2),(3,3),(
    0.,1.),(0.,1.),.PIECEWISE_BEZIER_KNOTS.) 
GEOMETRIC_REPRESENTATION_ITEM() RATIONAL_B_SPLINE_SURFACE((
    (1.,0.998705766625,1.)
,(1.,0.998705766625,1.))) REPRESENTATION_ITEM('') SURFACE() );
#33 = CARTESIAN_POINT('',(7.250521620033,-2.344000050648,
    -8.460799989015E-18));
#34 = CARTESIAN_POINT('',(7.369893158015,-1.974756919994,
    -8.460799989015E-18));
#35 = CARTESIAN_POINT('',(7.451135938961,-1.595297219683,
    -8.460799989015E-18));
#36 = CARTESIAN_POINT('',(7.250521620033,-2.344000050648,9.9));
#37 = CARTESIAN_POINT('',(7.369893158015,-1.974756919994,9.9));
#38 = CARTESIAN_POINT('',(7.451135938961,-1.595297219683,9.9));
#39 = DEFINITIONAL_REPRESENTATION('',(#40),#43);
#40 = B_SPLINE_CURVE_WITH_KNOTS('',1,(#41,#42),.UNSPECIFIED.,.F.,.F.,(2,
    2),(0.,1.),.PIECEWISE_BEZIER_KNOTS.);
#41 = CARTESIAN_POINT('',(0.,0.));
#42 = CARTESIAN_POINT('',(0.,1.));
#43 = ( GEOMETRIC_REPRESENTATION_CONTEXT(2) 
PARAMETRIC_REPRESENTATION_CONTEXT() REPRESENTATION_CONTEXT('2D SPACE',''
  ) );
#44 = PCURVE('',#45,#50);
#45 = PLANE('',#46);
#46 = AXIS2_PLACEMENT_3D('',#47,#48,#49);
#47 = CARTESIAN_POINT('',(-1.959917907243E-15,-1.037570044609E-15,
    -2.150699113396E-18));
#48 = DIRECTION('',(0.,0.,1.));
#49 = DIRECTION('',(1.,0.,0.));
#50 = DEFINITIONAL_REPRESENTATION('',(#51),#55);
#51 = ( BOUNDED_CURVE() B_SPLINE_CURVE(2,(#52,#53,#54),.UNSPECIFIED.,.F.
,.F.) B_SPLINE_CURVE_WITH_KNOTS((3,3),(0.,1.),.PIECEWISE_BEZIER_KNOTS.) 
CURVE() GEOMETRIC_REPRESENTATION_ITEM() RATIONAL_B_SPLINE_CURVE((1.,
0.998705766625,1.)) REPRESENTATION_ITEM('') );
#52 = CARTESIAN_POINT('',(7.250521620033,-2.344000050648));
#53 = CARTESIAN_POINT('',(7.369893158015,-1.974756919994));
#54 = CARTESIAN_POINT('',(7.451135938961,-1.595297219683));
#55 = ( GEOMETRIC_REPRESENTATION_CONTEXT(2) 
PARAMETRIC_REPRESENTATION_CONTEXT() REPRESENTATION_CONTEXT('2D SPACE',''
  ) );
#56 = ORIENTED_EDGE('',*,*,#57,.T.);
#57 = EDGE_CURVE('',#22,#58,#60,.T.);
#58 = VERTEX_POINT('',#59);
#59 = CARTESIAN_POINT('',(7.250521620033,-2.344000050648,9.9));
#60 = SURFACE_CURVE('',#61,(#64,#70),.PCURVE_S1.);
#61 = B_SPLINE_CURVE_WITH_KNOTS('',1,(#62,#63),.UNSPECIFIED.,.F.,.F.,(2,
    2),(0.,1.),.PIECEWISE_BEZIER_KNOTS.);
#62 = CARTESIAN_POINT('',(7.250521620033,-2.344000050648,
    -8.460799989015E-18));
#63 = CARTESIAN_POINT('',(7.250521620033,-2.344000050648,9.9));
#64 = PCURVE('',#32,#65);
#65 = DEFINITIONAL_REPRESENTATION('',(#66),#69);
#66 = B_SPLINE_CURVE_WITH_KNOTS('',1,(#67,#68),.UNSPECIFIED.,.F.,.F.,(2,
    2),(0.,1.),.PIECEWISE_BEZIER_KNOTS.);
#67 = CARTESIAN_POINT('',(0.,0.));
#68 = CARTESIAN_POINT('',(1.,0.));
#69 = ( GEOMETRIC_REPRESENTATION_CONTEXT(2) 
PARAMETRIC_REPRESENTATION_CONTEXT() REPRESENTATION_CONTEXT('2D SPACE',''
  ) );
#70 = PCURVE('',#71,#78);
#71 = ( BOUNDED_SURFACE() B_SPLINE_SURFACE(1,2,(
    (#72,#73,#74)
    ,(#75,#76,#77
)),.UNSPECIFIED.,.F.,.F.,.F.) B_SPLINE_SURFACE_WITH_KNOTS((2,2),(3,3),(
    0.,1.),(0.,1.),.PIECEWISE_BEZIER_KNOTS.) 
GEOMETRIC_REPRESENTATION_ITEM() RATIONAL_B_SPLINE_SURFACE((
    (1.,0.871648182287,1.)
,(1.,0.871648182287,1.))) REPRESENTATION_ITEM('') SURFACE() );
#72 = CARTESIAN_POINT('',(7.314648908825,-2.661067295324,0.));
#73 = CARTESIAN_POINT('',(7.193441026991,-2.520563218309,
    -3.068183063632E-17));
#74 = CARTESIAN_POINT('',(7.250521620033,-2.344000050648,
    -8.460799989015E-18));
#75 = CARTESIAN_POINT('',(7.314648908825,-2.661067295324,9.9));
#76 = CARTESIAN_POINT('',(7.193441026991,-2.520563218309,9.9));
#77 = CARTESIAN_POINT('',(7.250521620033,-2.344000050648,9.9));
#78 = DEFINITIONAL_REPRESENTATION('',(#79),#82);
#79 = B_SPLINE_CURVE_WITH_KNOTS('',1,(#80,#81),.UNSPECIFIED.,.F.,.F.,(2,
    2),(0.,1.),.PIECEWISE_BEZIER_KNOTS.);
#80 = CARTESIAN_POINT('',(0.,1.));
#81 = CARTESIAN_POINT('',(1.,1.));
#82 = ( GEOMETRIC_REPRESENTATION_CONTEXT(2) 
PARAMETRIC_REPRESENTATION_CONTEXT() REPRESENTATION_CONTEXT('2D SPACE',''
  ) );
#83 = ORIENTED_EDGE('',*,*,#84,.T.);
#84 = EDGE_CURVE('',#58,#85,#87,.T.);
#85 = VERTEX_POINT('',#86);
#86 = CARTESIAN_POINT('',(7.451135938961,-1.595297219683,9.9));
#87 = SURFACE_CURVE('',#88,(#92,#98),.PCURVE_S1.);
#88 = ( BOUNDED_CURVE() B_SPLINE_CURVE(2,(#89,#90,#91),.UNSPECIFIED.,.F.
,.F.) B_SPLINE_CURVE_WITH_KNOTS((3,3),(0.,1.),.PIECEWISE_BEZIER_KNOTS.) 
CURVE() GEOMETRIC_REPRESENTATION_ITEM() RATIONAL_B_SPLINE_CURVE((1.,
0.998705766625,1.)) REPRESENTATION_ITEM('') );
#89 = CARTESIAN_POINT('',(7.250521620033,-2.344000050648,9.9));
#90 = CARTESIAN_POINT('',(7.369893158015,-1.974756919994,9.9));
#91 = CARTESIAN_POINT('',(7.451135938961,-1.595297219683,9.9));
#92 = PCURVE('',#32,#93);
#93 = DEFINITIONAL_REPRESENTATION('',(#94),#97);
#94 = B_SPLINE_CURVE_WITH_KNOTS('',1,(#95,#96),.UNSPECIFIED.,.F.,.F.,(2,
    2),(0.,1.),.PIECEWISE_BEZIER_KNOTS.);
#95 = CARTESIAN_POINT('',(1.,0.));
#96 = CARTESIAN_POINT('',(1.,1.));
#97 = ( GEOMETRIC_REPRESENTATION_CONTEXT(2) 
PARAMETRIC_REPRESENTATION_CONTEXT() REPRESENTATION_CONTEXT('2D SPACE',''
  ) );
#98 = PCURVE('',#99,#104);
#99 = PLANE('',#100);
#100 = AXIS2_PLACEMENT_3D('',#101,#102,#103);
#101 = CARTESIAN_POINT('',(-1.959917907243E-15,-1.037570044609E-15,9.9)
  );
#102 = DIRECTION('',(0.,0.,1.));
#103 = DIRECTION('',(1.,0.,0.));
#104 = DEFINITIONAL_REPRESENTATION('',(#105),#109);
#105 = ( BOUNDED_CURVE() B_SPLINE_CURVE(2,(#106,#107,#108),
.UNSPECIFIED.,.F.,.F.) B_SPLINE_CURVE_WITH_KNOTS((3,3),(0.,1.),
.PIECEWISE_BEZIER_KNOTS.) CURVE() GEOMETRIC_REPRESENTATION_ITEM() 
RATIONAL_B_SPLINE_CURVE((1.,0.998705766625,1.)) REPRESENTATION_ITEM('') 
  );
#106 = CARTESIAN_POINT('',(7.250521620033,-2.344000050648));
#107 = CARTESIAN_POINT('',(7.369893158015,-1.974756919994));
#108 = CARTESIAN_POINT('',(7.451135938961,-1.595297219683));
#109 = ( GEOMETRIC_REPRESENTATION_CONTEXT(2) 
PARAMETRIC_REPRESENTATION_CONTEXT() REPRESENTATION_CONTEXT('2D SPACE',''
  ) );
#110 = ORIENTED_EDGE('',*,*,#111,.F.);
#111 = EDGE_CURVE('',#24,#85,#112,.T.);
#112 = SURFACE_CURVE('',#113,(#116,#122),.PCURVE_S1.);
#113 = B_SPLINE_CURVE_WITH_KNOTS('',1,(#114,#115),.UNSPECIFIED.,.F.,.F.,
  (2,2),(0.,1.),.PIECEWISE_BEZIER_KNOTS.);
#114 = CARTESIAN_POINT('',(7.451135938961,-1.595297219683,
    -8.460799989015E-18));
#115 = CARTESIAN_POINT('',(7.451135938961,-1.595297219683,9.9));
#116 = PCURVE('',#32,#117);
#117 = DEFINITIONAL_REPRESENTATION('',(#118),#121);
#118 = B_SPLINE_CURVE_WITH_KNOTS('',1,(#119,#120),.UNSPECIFIED.,.F.,.F.,
  (2,2),(0.,1.),.PIECEWISE_BEZIER_KNOTS.);
#119 = CARTESIAN_POINT('',(0.,1.));
#120 = CARTESIAN_POINT('',(1.,1.));
#121 = ( GEOMETRIC_REPRESENTATION_CONTEXT(2) 
PARAMETRIC_REPRESENTATION_CONTEXT() REPRESENTATION_CONTEXT('2D SPACE',''
  ) );
#122 = PCURVE('',#123,#130);
#123 = ( BOUNDED_SURFACE() B_SPLINE_SURFACE(1,2,(
    (#124,#125,#126)
    ,(#127,#128,#129
)),.UNSPECIFIED.,.F.,.F.,.F.) B_SPLINE_SURFACE_WITH_KNOTS((2,2),(3,3),(
    0.,1.),(0.,1.),.PIECEWISE_BEZIER_KNOTS.) 
GEOMETRIC_REPRESENTATION_ITEM() RATIONAL_B_SPLINE_SURFACE((
    (1.,0.871648182287,1.)
,(1.,0.871648182287,1.))) REPRESENTATION_ITEM('') SURFACE() );
#124 = CARTESIAN_POINT('',(7.451135938961,-1.595297219683,
    -8.460799989015E-18));
#125 = CARTESIAN_POINT('',(7.489984279154,-1.413848734595,
    -3.068183063632E-17));
#126 = CARTESIAN_POINT('',(7.665205422469,-1.352772575482,0.));
#127 = CARTESIAN_POINT('',(7.451135938961,-1.595297219683,9.9));
#128 = CARTESIAN_POINT('',(7.489984279154,-1.413848734595,9.9));
#129 = CARTESIAN_POINT('',(7.665205422469,-1.352772575482,9.9));
#130 = DEFINITIONAL_REPRESENTATION('',(#131),#134);
#131 = B_SPLINE_CURVE_WITH_KNOTS('',1,(#132,#133),.UNSPECIFIED.,.F.,.F.,
  (2,2),(0.,1.),.PIECEWISE_BEZIER_KNOTS.);
#132 = CARTESIAN_POINT('',(0.,0.));
#133 = CARTESIAN_POINT('',(1.,0.));
#134 = ( GEOMETRIC_REPRESENTATION_CONTEXT(2) 
PARAMETRIC_REPRESENTATION_CONTEXT() REPRESENTATION_CONTEXT('2D SPACE',''
  ) );
#135 = ADVANCED_FACE('',(#136,#3070),#45,.F.);
#136 = FACE_BOUND('',#137,.F.);
#137 = EDGE_LOOP('',(#138,#139,#161,#194,#227,#256,#289,#322,#351,#380,
    #409,#442,#475,#504,#537,#570,#599,#628,#657,#690,#723,#752,#785,
    #818,#847,#876,#905,#938,#971,#1000,#1033,#1066,#1095,#1124,#1153,
    #1186,#1219,#1248,#1281,#1314,#1343,#1372,#1401,#1434,#1467,#1496,
    #1529,#1562,#1591,#1620,#1649,#1682,#1715,#1744,#1777,#1810,#1839,
    #1868,#1897,#1930,#1963,#1992,#2025,#2058,#2087,#2116,#2145,#2178,
    #2211,#2240,#2273,#2306,#2335,#2364,#2393,#2426,#2459,#2488,#2521,
    #2554,#2583,#2612,#2641,#2674,#2707,#2736,#2769,#2802,#2831,#2860,
    #2889,#2922,#2955,#2984,#3017,#3050));
#138 = ORIENTED_EDGE('',*,*,#21,.T.);
#139 = ORIENTED_EDGE('',*,*,#140,.T.);
#140 = EDGE_CURVE('',#24,#141,#143,.T.);
#141 = VERTEX_POINT('',#142);
#142 = CARTESIAN_POINT('',(7.665205422469,-1.352772575483,
    -9.539863963977E-18));
#143 = SURFACE_CURVE('',#144,(#148,#155),.PCURVE_S1.);
#144 = ( BOUNDED_CURVE() B_SPLINE_CURVE(2,(#145,#146,#147),
.UNSPECIFIED.,.F.,.F.) B_SPLINE_CURVE_WITH_KNOTS((3,3),(0.,1.),
.PIECEWISE_BEZIER_KNOTS.) CURVE() GEOMETRIC_REPRESENTATION_ITEM() 
RATIONAL_B_SPLINE_CURVE((1.,0.871648182287,1.)) REPRESENTATION_ITEM('') 
  );
#145 = CARTESIAN_POINT('',(7.451135938961,-1.595297219683,
    -8.460799989015E-18));
#146 = CARTESIAN_POINT('',(7.489984279154,-1.413848734595,
    -3.068183063632E-17));
#147 = CARTESIAN_POINT('',(7.665205422469,-1.352772575482,0.));
#148 = PCURVE('',#45,#149);
#149 = DEFINITIONAL_REPRESENTATION('',(#150),#154);
#150 = ( BOUNDED_CURVE() B_SPLINE_CURVE(2,(#151,#152,#153),
.UNSPECIFIED.,.F.,.F.) B_SPLINE_CURVE_WITH_KNOTS((3,3),(0.,1.),
.PIECEWISE_BEZIER_KNOTS.) CURVE() GEOMETRIC_REPRESENTATION_ITEM() 
RATIONAL_B_SPLINE_CURVE((1.,0.871648182287,1.)) REPRESENTATION_ITEM('') 
  );
#151 = CARTESIAN_POINT('',(7.451135938961,-1.595297219683));
#152 = CARTESIAN_POINT('',(7.489984279154,-1.413848734595));
#153 = CARTESIAN_POINT('',(7.665205422469,-1.352772575482));
#154 = ( GEOMETRIC_REPRESENTATION_CONTEXT(2) 
PARAMETRIC_REPRESENTATION_CONTEXT() REPRESENTATION_CONTEXT('2D SPACE',''
  ) );
#155 = PCURVE('',#123,#156);
#156 = DEFINITIONAL_REPRESENTATION('',(#157),#160);
#157 = B_SPLINE_CURVE_WITH_KNOTS('',1,(#158,#159),.UNSPECIFIED.,.F.,.F.,
  (2,2),(0.,1.),.PIECEWISE_BEZIER_KNOTS.);
#158 = CARTESIAN_POINT('',(0.,0.));
#159 = CARTESIAN_POINT('',(0.,1.));
#160 = ( GEOMETRIC_REPRESENTATION_CONTEXT(2) 
PARAMETRIC_REPRESENTATION_CONTEXT() REPRESENTATION_CONTEXT('2D SPACE',''
  ) );
#161 = ORIENTED_EDGE('',*,*,#162,.T.);
#162 = EDGE_CURVE('',#141,#163,#165,.T.);
#163 = VERTEX_POINT('',#164);
#164 = CARTESIAN_POINT('',(8.356422157044,-1.372098021859,0.));
#165 = SURFACE_CURVE('',#166,(#171,#179),.PCURVE_S1.);
#166 = ( BOUNDED_CURVE() B_SPLINE_CURVE(3,(#167,#168,#169,#170),
.UNSPECIFIED.,.F.,.F.) B_SPLINE_CURVE_WITH_KNOTS((4,4),(0.,1.),
.PIECEWISE_BEZIER_KNOTS.) CURVE() GEOMETRIC_REPRESENTATION_ITEM() 
RATIONAL_B_SPLINE_CURVE((1.,1.000183442697,1.001988389136,1.)) 
REPRESENTATION_ITEM('') );
#167 = CARTESIAN_POINT('',(7.665205422469,-1.352772575482,0.));
#168 = CARTESIAN_POINT('',(7.873119769725,-1.281197044888,0.));
#169 = CARTESIAN_POINT('',(8.145269676895,-1.316290337397,0.));
#170 = CARTESIAN_POINT('',(8.356422157044,-1.372098021859,0.));
#171 = PCURVE('',#45,#172);
#172 = DEFINITIONAL_REPRESENTATION('',(#173),#178);
#173 = ( BOUNDED_CURVE() B_SPLINE_CURVE(3,(#174,#175,#176,#177),
.UNSPECIFIED.,.F.,.F.) B_SPLINE_CURVE_WITH_KNOTS((4,4),(0.,1.),
.PIECEWISE_BEZIER_KNOTS.) CURVE() GEOMETRIC_REPRESENTATION_ITEM() 
RATIONAL_B_SPLINE_CURVE((1.,1.000183442697,1.001988389136,1.)) 
REPRESENTATION_ITEM('') );
#174 = CARTESIAN_POINT('',(7.665205422469,-1.352772575482));
#175 = CARTESIAN_POINT('',(7.873119769725,-1.281197044888));
#176 = CARTESIAN_POINT('',(8.145269676895,-1.316290337397));
#177 = CARTESIAN_POINT('',(8.356422157044,-1.372098021859));
#178 = ( GEOMETRIC_REPRESENTATION_CONTEXT(2) 
PARAMETRIC_REPRESENTATION_CONTEXT() REPRESENTATION_CONTEXT('2D SPACE',''
  ) );
#179 = PCURVE('',#180,#189);
#180 = ( BOUNDED_SURFACE() B_SPLINE_SURFACE(1,3,(
    (#181,#182,#183,#184)
    ,(#185,#186,#187,#188
)),.UNSPECIFIED.,.F.,.F.,.F.) B_SPLINE_SURFACE_WITH_KNOTS((2,2),(4,4),(
    0.,1.),(0.,1.),.PIECEWISE_BEZIER_KNOTS.) 
GEOMETRIC_REPRESENTATION_ITEM() RATIONAL_B_SPLINE_SURFACE((
    (1.,1.000183442697,1.001988389136,1.)
,(1.,1.000183442697,1.001988389136,1.
))) REPRESENTATION_ITEM('') SURFACE() );
#181 = CARTESIAN_POINT('',(7.665205422469,-1.352772575482,0.));
#182 = CARTESIAN_POINT('',(7.873119769725,-1.281197044888,0.));
#183 = CARTESIAN_POINT('',(8.145269676895,-1.316290337397,0.));
#184 = CARTESIAN_POINT('',(8.356422157044,-1.372098021859,0.));
#185 = CARTESIAN_POINT('',(7.665205422469,-1.352772575482,9.9));
#186 = CARTESIAN_POINT('',(7.873119769725,-1.281197044888,9.9));
#187 = CARTESIAN_POINT('',(8.145269676895,-1.316290337397,9.9));
#188 = CARTESIAN_POINT('',(8.356422157044,-1.372098021859,9.9));
#189 = DEFINITIONAL_REPRESENTATION('',(#190),#193);
#190 = B_SPLINE_CURVE_WITH_KNOTS('',1,(#191,#192),.UNSPECIFIED.,.F.,.F.,
  (2,2),(0.,1.),.PIECEWISE_BEZIER_KNOTS.);
#191 = CARTESIAN_POINT('',(0.,0.));
#192 = CARTESIAN_POINT('',(0.,1.));
#193 = ( GEOMETRIC_REPRESENTATION_CONTEXT(2) 
PARAMETRIC_REPRESENTATION_CONTEXT() REPRESENTATION_CONTEXT('2D SPACE',''
  ) );
#194 = ORIENTED_EDGE('',*,*,#195,.T.);
#195 = EDGE_CURVE('',#163,#196,#198,.T.);
#196 = VERTEX_POINT('',#197);
#197 = CARTESIAN_POINT('',(10.914793740906,-0.337161079433,0.));
#198 = SURFACE_CURVE('',#199,(#204,#212),.PCURVE_S1.);
#199 = ( BOUNDED_CURVE() B_SPLINE_CURVE(3,(#200,#201,#202,#203),
.UNSPECIFIED.,.F.,.F.) B_SPLINE_CURVE_WITH_KNOTS((4,4),(0.,1.),
.PIECEWISE_BEZIER_KNOTS.) CURVE() GEOMETRIC_REPRESENTATION_ITEM() 
RATIONAL_B_SPLINE_CURVE((1.,0.93042703827,1.070034384224,1.)) 
REPRESENTATION_ITEM('') );
#200 = CARTESIAN_POINT('',(8.356422157044,-1.372098021859,0.));
#201 = CARTESIAN_POINT('',(9.117116925992,-1.430032411545,0.));
#202 = CARTESIAN_POINT('',(10.142557402736,-0.925961280677,0.));
#203 = CARTESIAN_POINT('',(10.914793740906,-0.337161079433,0.));
#204 = PCURVE('',#45,#205);
#205 = DEFINITIONAL_REPRESENTATION('',(#206),#211);
#206 = ( BOUNDED_CURVE() B_SPLINE_CURVE(3,(#207,#208,#209,#210),
.UNSPECIFIED.,.F.,.F.) B_SPLINE_CURVE_WITH_KNOTS((4,4),(0.,1.),
.PIECEWISE_BEZIER_KNOTS.) CURVE() GEOMETRIC_REPRESENTATION_ITEM() 
RATIONAL_B_SPLINE_CURVE((1.,0.93042703827,1.070034384224,1.)) 
REPRESENTATION_ITEM('') );
#207 = CARTESIAN_POINT('',(8.356422157044,-1.372098021859));
#208 = CARTESIAN_POINT('',(9.117116925992,-1.430032411545));
#209 = CARTESIAN_POINT('',(10.142557402736,-0.925961280677));
#210 = CARTESIAN_POINT('',(10.914793740906,-0.337161079433));
#211 = ( GEOMETRIC_REPRESENTATION_CONTEXT(2) 
PARAMETRIC_REPRESENTATION_CONTEXT() REPRESENTATION_CONTEXT('2D SPACE',''
  ) );
#212 = PCURVE('',#213,#222);
#213 = ( BOUNDED_SURFACE() B_SPLINE_SURFACE(1,3,(
    (#214,#215,#216,#217)
    ,(#218,#219,#220,#221
)),.UNSPECIFIED.,.F.,.F.,.F.) B_SPLINE_SURFACE_WITH_KNOTS((2,2),(4,4),(
    0.,1.),(0.,1.),.PIECEWISE_BEZIER_KNOTS.) 
GEOMETRIC_REPRESENTATION_ITEM() RATIONAL_B_SPLINE_SURFACE((
    (1.,0.93042703827,1.070034384224,1.)
,(1.,0.93042703827,1.070034384224,1.
  ))) REPRESENTATION_ITEM('') SURFACE() );
#214 = CARTESIAN_POINT('',(8.356422157044,-1.372098021859,0.));
#215 = CARTESIAN_POINT('',(9.117116925992,-1.430032411545,0.));
#216 = CARTESIAN_POINT('',(10.142557402736,-0.925961280677,0.));
#217 = CARTESIAN_POINT('',(10.914793740906,-0.337161079433,0.));
#218 = CARTESIAN_POINT('',(8.356422157044,-1.372098021859,9.9));
#219 = CARTESIAN_POINT('',(9.117116925992,-1.430032411545,9.9));
#220 = CARTESIAN_POINT('',(10.142557402736,-0.925961280677,9.9));
#221 = CARTESIAN_POINT('',(10.914793740906,-0.337161079433,9.9));
#222 = DEFINITIONAL_REPRESENTATION('',(#223),#226);
#223 = B_SPLINE_CURVE_WITH_KNOTS('',1,(#224,#225),.UNSPECIFIED.,.F.,.F.,
  (2,2),(0.,1.),.PIECEWISE_BEZIER_KNOTS.);
#224 = CARTESIAN_POINT('',(0.,0.));
#225 = CARTESIAN_POINT('',(0.,1.));
#226 = ( GEOMETRIC_REPRESENTATION_CONTEXT(2) 
PARAMETRIC_REPRESENTATION_CONTEXT() REPRESENTATION_CONTEXT('2D SPACE',''
  ) );
#227 = ORIENTED_EDGE('',*,*,#228,.T.);
#228 = EDGE_CURVE('',#196,#229,#231,.T.);
#229 = VERTEX_POINT('',#230);
#230 = CARTESIAN_POINT('',(10.914793740906,0.337161079433,0.));
#231 = SURFACE_CURVE('',#232,(#236,#243),.PCURVE_S1.);
#232 = ( BOUNDED_CURVE() B_SPLINE_CURVE(2,(#233,#234,#235),
.UNSPECIFIED.,.F.,.F.) B_SPLINE_CURVE_WITH_KNOTS((3,3),(0.,1.),
.PIECEWISE_BEZIER_KNOTS.) CURVE() GEOMETRIC_REPRESENTATION_ITEM() 
RATIONAL_B_SPLINE_CURVE((1.,0.999523236347,1.)) REPRESENTATION_ITEM('') 
  );
#233 = CARTESIAN_POINT('',(10.914793740906,-0.337161079433,0.));
#234 = CARTESIAN_POINT('',(10.925208742433,0.,0.));
#235 = CARTESIAN_POINT('',(10.914793740906,0.337161079433,0.));
#236 = PCURVE('',#45,#237);
#237 = DEFINITIONAL_REPRESENTATION('',(#238),#242);
#238 = ( BOUNDED_CURVE() B_SPLINE_CURVE(2,(#239,#240,#241),
.UNSPECIFIED.,.F.,.F.) B_SPLINE_CURVE_WITH_KNOTS((3,3),(0.,1.),
.PIECEWISE_BEZIER_KNOTS.) CURVE() GEOMETRIC_REPRESENTATION_ITEM() 
RATIONAL_B_SPLINE_CURVE((1.,0.999523236347,1.)) REPRESENTATION_ITEM('') 
  );
#239 = CARTESIAN_POINT('',(10.914793740906,-0.337161079433));
#240 = CARTESIAN_POINT('',(10.925208742433,1.037570044609E-15));
#241 = CARTESIAN_POINT('',(10.914793740906,0.337161079433));
#242 = ( GEOMETRIC_REPRESENTATION_CONTEXT(2) 
PARAMETRIC_REPRESENTATION_CONTEXT() REPRESENTATION_CONTEXT('2D SPACE',''
  ) );
#243 = PCURVE('',#244,#251);
#244 = ( BOUNDED_SURFACE() B_SPLINE_SURFACE(1,2,(
    (#245,#246,#247)
    ,(#248,#249,#250
)),.UNSPECIFIED.,.F.,.F.,.F.) B_SPLINE_SURFACE_WITH_KNOTS((2,2),(3,3),(
    0.,1.),(0.,1.),.PIECEWISE_BEZIER_KNOTS.) 
GEOMETRIC_REPRESENTATION_ITEM() RATIONAL_B_SPLINE_SURFACE((
    (1.,0.999523236347,1.)
,(1.,0.999523236347,1.))) REPRESENTATION_ITEM('') SURFACE() );
#245 = CARTESIAN_POINT('',(10.914793740906,-0.337161079433,0.));
#246 = CARTESIAN_POINT('',(10.925208742433,0.,0.));
#247 = CARTESIAN_POINT('',(10.914793740906,0.337161079433,0.));
#248 = CARTESIAN_POINT('',(10.914793740906,-0.337161079433,9.9));
#249 = CARTESIAN_POINT('',(10.925208742433,0.,9.9));
#250 = CARTESIAN_POINT('',(10.914793740906,0.337161079433,9.9));
#251 = DEFINITIONAL_REPRESENTATION('',(#252),#255);
#252 = B_SPLINE_CURVE_WITH_KNOTS('',1,(#253,#254),.UNSPECIFIED.,.F.,.F.,
  (2,2),(0.,1.),.PIECEWISE_BEZIER_KNOTS.);
#253 = CARTESIAN_POINT('',(0.,0.));
#254 = CARTESIAN_POINT('',(0.,1.));
#255 = ( GEOMETRIC_REPRESENTATION_CONTEXT(2) 
PARAMETRIC_REPRESENTATION_CONTEXT() REPRESENTATION_CONTEXT('2D SPACE',''
  ) );
#256 = ORIENTED_EDGE('',*,*,#257,.T.);
#257 = EDGE_CURVE('',#229,#258,#260,.T.);
#258 = VERTEX_POINT('',#259);
#259 = CARTESIAN_POINT('',(8.356422157044,1.372098021859,0.));
#260 = SURFACE_CURVE('',#261,(#266,#274),.PCURVE_S1.);
#261 = ( BOUNDED_CURVE() B_SPLINE_CURVE(3,(#262,#263,#264,#265),
.UNSPECIFIED.,.F.,.F.) B_SPLINE_CURVE_WITH_KNOTS((4,4),(0.,1.),
.PIECEWISE_BEZIER_KNOTS.) CURVE() GEOMETRIC_REPRESENTATION_ITEM() 
RATIONAL_B_SPLINE_CURVE((1.,1.070034384224,0.93042703827,1.)) 
REPRESENTATION_ITEM('') );
#262 = CARTESIAN_POINT('',(10.914793740906,0.337161079433,0.));
#263 = CARTESIAN_POINT('',(10.142557402736,0.925961280677,0.));
#264 = CARTESIAN_POINT('',(9.117116925992,1.430032411545,0.));
#265 = CARTESIAN_POINT('',(8.356422157044,1.372098021859,0.));
#266 = PCURVE('',#45,#267);
#267 = DEFINITIONAL_REPRESENTATION('',(#268),#273);
#268 = ( BOUNDED_CURVE() B_SPLINE_CURVE(3,(#269,#270,#271,#272),
.UNSPECIFIED.,.F.,.F.) B_SPLINE_CURVE_WITH_KNOTS((4,4),(0.,1.),
.PIECEWISE_BEZIER_KNOTS.) CURVE() GEOMETRIC_REPRESENTATION_ITEM() 
RATIONAL_B_SPLINE_CURVE((1.,1.070034384224,0.93042703827,1.)) 
REPRESENTATION_ITEM('') );
#269 = CARTESIAN_POINT('',(10.914793740906,0.337161079433));
#270 = CARTESIAN_POINT('',(10.142557402736,0.925961280677));
#271 = CARTESIAN_POINT('',(9.117116925992,1.430032411545));
#272 = CARTESIAN_POINT('',(8.356422157044,1.372098021859));
#273 = ( GEOMETRIC_REPRESENTATION_CONTEXT(2) 
PARAMETRIC_REPRESENTATION_CONTEXT() REPRESENTATION_CONTEXT('2D SPACE',''
  ) );
#274 = PCURVE('',#275,#284);
#275 = ( BOUNDED_SURFACE() B_SPLINE_SURFACE(1,3,(
    (#276,#277,#278,#279)
    ,(#280,#281,#282,#283
)),.UNSPECIFIED.,.F.,.F.,.F.) B_SPLINE_SURFACE_WITH_KNOTS((2,2),(4,4),(
    0.,1.),(0.,1.),.PIECEWISE_BEZIER_KNOTS.) 
GEOMETRIC_REPRESENTATION_ITEM() RATIONAL_B_SPLINE_SURFACE((
    (1.,1.070034384224,0.93042703827,1.)
,(1.,1.070034384224,0.93042703827,1.
  ))) REPRESENTATION_ITEM('') SURFACE() );
#276 = CARTESIAN_POINT('',(10.914793740906,0.337161079433,0.));
#277 = CARTESIAN_POINT('',(10.142557402736,0.925961280677,0.));
#278 = CARTESIAN_POINT('',(9.117116925992,1.430032411545,0.));
#279 = CARTESIAN_POINT('',(8.356422157044,1.372098021859,0.));
#280 = CARTESIAN_POINT('',(10.914793740906,0.337161079433,9.9));
#281 = CARTESIAN_POINT('',(10.142557402736,0.925961280677,9.9));
#282 = CARTESIAN_POINT('',(9.117116925992,1.430032411545,9.9));
#283 = CARTESIAN_POINT('',(8.356422157044,1.372098021859,9.9));
#284 = DEFINITIONAL_REPRESENTATION('',(#285),#288);
#285 = B_SPLINE_CURVE_WITH_KNOTS('',1,(#286,#287),.UNSPECIFIED.,.F.,.F.,
  (2,2),(0.,1.),.PIECEWISE_BEZIER_KNOTS.);
#286 = CARTESIAN_POINT('',(0.,0.));
#287 = CARTESIAN_POINT('',(0.,1.));
#288 = ( GEOMETRIC_REPRESENTATION_CONTEXT(2) 
PARAMETRIC_REPRESENTATION_CONTEXT() REPRESENTATION_CONTEXT('2D SPACE',''
  ) );
#289 = ORIENTED_EDGE('',*,*,#290,.T.);
#290 = EDGE_CURVE('',#258,#291,#293,.T.);
#291 = VERTEX_POINT('',#292);
#292 = CARTESIAN_POINT('',(7.665205422469,1.352772575482,0.));
#293 = SURFACE_CURVE('',#294,(#299,#307),.PCURVE_S1.);
#294 = ( BOUNDED_CURVE() B_SPLINE_CURVE(3,(#295,#296,#297,#298),
.UNSPECIFIED.,.F.,.F.) B_SPLINE_CURVE_WITH_KNOTS((4,4),(0.,1.),
.PIECEWISE_BEZIER_KNOTS.) CURVE() GEOMETRIC_REPRESENTATION_ITEM() 
RATIONAL_B_SPLINE_CURVE((1.,1.001988389136,1.000183442697,1.)) 
REPRESENTATION_ITEM('') );
#295 = CARTESIAN_POINT('',(8.356422157044,1.372098021859,0.));
#296 = CARTESIAN_POINT('',(8.145269676895,1.316290337397,0.));
#297 = CARTESIAN_POINT('',(7.873119769725,1.281197044888,0.));
#298 = CARTESIAN_POINT('',(7.665205422469,1.352772575482,0.));
#299 = PCURVE('',#45,#300);
#300 = DEFINITIONAL_REPRESENTATION('',(#301),#306);
#301 = ( BOUNDED_CURVE() B_SPLINE_CURVE(3,(#302,#303,#304,#305),
.UNSPECIFIED.,.F.,.F.) B_SPLINE_CURVE_WITH_KNOTS((4,4),(0.,1.),
.PIECEWISE_BEZIER_KNOTS.) CURVE() GEOMETRIC_REPRESENTATION_ITEM() 
RATIONAL_B_SPLINE_CURVE((1.,1.001988389136,1.000183442697,1.)) 
REPRESENTATION_ITEM('') );
#302 = CARTESIAN_POINT('',(8.356422157044,1.372098021859));
#303 = CARTESIAN_POINT('',(8.145269676895,1.316290337397));
#304 = CARTESIAN_POINT('',(7.873119769725,1.281197044888));
#305 = CARTESIAN_POINT('',(7.665205422469,1.352772575482));
#306 = ( GEOMETRIC_REPRESENTATION_CONTEXT(2) 
PARAMETRIC_REPRESENTATION_CONTEXT() REPRESENTATION_CONTEXT('2D SPACE',''
  ) );
#307 = PCURVE('',#308,#317);
#308 = ( BOUNDED_SURFACE() B_SPLINE_SURFACE(1,3,(
    (#309,#310,#311,#312)
    ,(#313,#314,#315,#316
)),.UNSPECIFIED.,.F.,.F.,.F.) B_SPLINE_SURFACE_WITH_KNOTS((2,2),(4,4),(
    0.,1.),(0.,1.),.PIECEWISE_BEZIER_KNOTS.) 
GEOMETRIC_REPRESENTATION_ITEM() RATIONAL_B_SPLINE_SURFACE((
    (1.,1.001988389136,1.000183442697,1.)
,(1.,1.001988389136,1.000183442697,1.
))) REPRESENTATION_ITEM('') SURFACE() );
#309 = CARTESIAN_POINT('',(8.356422157044,1.372098021859,0.));
#310 = CARTESIAN_POINT('',(8.145269676895,1.316290337397,0.));
#311 = CARTESIAN_POINT('',(7.873119769725,1.281197044888,0.));
#312 = CARTESIAN_POINT('',(7.665205422469,1.352772575482,0.));
#313 = CARTESIAN_POINT('',(8.356422157044,1.372098021859,9.9));
#314 = CARTESIAN_POINT('',(8.145269676895,1.316290337397,9.9));
#315 = CARTESIAN_POINT('',(7.873119769725,1.281197044888,9.9));
#316 = CARTESIAN_POINT('',(7.665205422469,1.352772575482,9.9));
#317 = DEFINITIONAL_REPRESENTATION('',(#318),#321);
#318 = B_SPLINE_CURVE_WITH_KNOTS('',1,(#319,#320),.UNSPECIFIED.,.F.,.F.,
  (2,2),(0.,1.),.PIECEWISE_BEZIER_KNOTS.);
#319 = CARTESIAN_POINT('',(0.,0.));
#320 = CARTESIAN_POINT('',(0.,1.));
#321 = ( GEOMETRIC_REPRESENTATION_CONTEXT(2) 
PARAMETRIC_REPRESENTATION_CONTEXT() REPRESENTATION_CONTEXT('2D SPACE',''
  ) );
#322 = ORIENTED_EDGE('',*,*,#323,.T.);
#323 = EDGE_CURVE('',#291,#324,#326,.T.);
#324 = VERTEX_POINT('',#325);
#325 = CARTESIAN_POINT('',(7.451135938961,1.595297219683,
    -8.460799989015E-18));
#326 = SURFACE_CURVE('',#327,(#331,#338),.PCURVE_S1.);
#327 = ( BOUNDED_CURVE() B_SPLINE_CURVE(2,(#328,#329,#330),
.UNSPECIFIED.,.F.,.F.) B_SPLINE_CURVE_WITH_KNOTS((3,3),(0.,1.),
.PIECEWISE_BEZIER_KNOTS.) CURVE() GEOMETRIC_REPRESENTATION_ITEM() 
RATIONAL_B_SPLINE_CURVE((1.,0.871648182287,1.)) REPRESENTATION_ITEM('') 
  );
#328 = CARTESIAN_POINT('',(7.665205422469,1.352772575482,0.));
#329 = CARTESIAN_POINT('',(7.489984279154,1.413848734595,
    -3.068183063632E-17));
#330 = CARTESIAN_POINT('',(7.451135938961,1.595297219683,
    -8.460799989015E-18));
#331 = PCURVE('',#45,#332);
#332 = DEFINITIONAL_REPRESENTATION('',(#333),#337);
#333 = ( BOUNDED_CURVE() B_SPLINE_CURVE(2,(#334,#335,#336),
.UNSPECIFIED.,.F.,.F.) B_SPLINE_CURVE_WITH_KNOTS((3,3),(0.,1.),
.PIECEWISE_BEZIER_KNOTS.) CURVE() GEOMETRIC_REPRESENTATION_ITEM() 
RATIONAL_B_SPLINE_CURVE((1.,0.871648182287,1.)) REPRESENTATION_ITEM('') 
  );
#334 = CARTESIAN_POINT('',(7.665205422469,1.352772575482));
#335 = CARTESIAN_POINT('',(7.489984279154,1.413848734595));
#336 = CARTESIAN_POINT('',(7.451135938961,1.595297219683));
#337 = ( GEOMETRIC_REPRESENTATION_CONTEXT(2) 
PARAMETRIC_REPRESENTATION_CONTEXT() REPRESENTATION_CONTEXT('2D SPACE',''
  ) );
#338 = PCURVE('',#339,#346);
#339 = ( BOUNDED_SURFACE() B_SPLINE_SURFACE(1,2,(
    (#340,#341,#342)
    ,(#343,#344,#345
)),.UNSPECIFIED.,.F.,.F.,.F.) B_SPLINE_SURFACE_WITH_KNOTS((2,2),(3,3),(
    0.,1.),(0.,1.),.PIECEWISE_BEZIER_KNOTS.) 
GEOMETRIC_REPRESENTATION_ITEM() RATIONAL_B_SPLINE_SURFACE((
    (1.,0.871648182287,1.)
,(1.,0.871648182287,1.))) REPRESENTATION_ITEM('') SURFACE() );
#340 = CARTESIAN_POINT('',(7.665205422469,1.352772575482,0.));
#341 = CARTESIAN_POINT('',(7.489984279154,1.413848734595,
    -3.068183063632E-17));
#342 = CARTESIAN_POINT('',(7.451135938961,1.595297219683,
    -8.460799989015E-18));
#343 = CARTESIAN_POINT('',(7.665205422469,1.352772575482,9.9));
#344 = CARTESIAN_POINT('',(7.489984279154,1.413848734595,9.9));
#345 = CARTESIAN_POINT('',(7.451135938961,1.595297219683,9.9));
#346 = DEFINITIONAL_REPRESENTATION('',(#347),#350);
#347 = B_SPLINE_CURVE_WITH_KNOTS('',1,(#348,#349),.UNSPECIFIED.,.F.,.F.,
  (2,2),(0.,1.),.PIECEWISE_BEZIER_KNOTS.);
#348 = CARTESIAN_POINT('',(0.,0.));
#349 = CARTESIAN_POINT('',(0.,1.));
#350 = ( GEOMETRIC_REPRESENTATION_CONTEXT(2) 
PARAMETRIC_REPRESENTATION_CONTEXT() REPRESENTATION_CONTEXT('2D SPACE',''
  ) );
#351 = ORIENTED_EDGE('',*,*,#352,.T.);
#352 = EDGE_CURVE('',#324,#353,#355,.T.);
#353 = VERTEX_POINT('',#354);
#354 = CARTESIAN_POINT('',(7.250521620033,2.344000050648,
    -8.460799989015E-18));
#355 = SURFACE_CURVE('',#356,(#360,#367),.PCURVE_S1.);
#356 = ( BOUNDED_CURVE() B_SPLINE_CURVE(2,(#357,#358,#359),
.UNSPECIFIED.,.F.,.F.) B_SPLINE_CURVE_WITH_KNOTS((3,3),(0.,1.),
.PIECEWISE_BEZIER_KNOTS.) CURVE() GEOMETRIC_REPRESENTATION_ITEM() 
RATIONAL_B_SPLINE_CURVE((1.,0.998705766625,1.)) REPRESENTATION_ITEM('') 
  );
#357 = CARTESIAN_POINT('',(7.451135938961,1.595297219683,
    -8.460799989015E-18));
#358 = CARTESIAN_POINT('',(7.369893158015,1.974756919994,
    -8.460799989015E-18));
#359 = CARTESIAN_POINT('',(7.250521620033,2.344000050648,
    -8.460799989015E-18));
#360 = PCURVE('',#45,#361);
#361 = DEFINITIONAL_REPRESENTATION('',(#362),#366);
#362 = ( BOUNDED_CURVE() B_SPLINE_CURVE(2,(#363,#364,#365),
.UNSPECIFIED.,.F.,.F.) B_SPLINE_CURVE_WITH_KNOTS((3,3),(0.,1.),
.PIECEWISE_BEZIER_KNOTS.) CURVE() GEOMETRIC_REPRESENTATION_ITEM() 
RATIONAL_B_SPLINE_CURVE((1.,0.998705766625,1.)) REPRESENTATION_ITEM('') 
  );
#363 = CARTESIAN_POINT('',(7.451135938961,1.595297219683));
#364 = CARTESIAN_POINT('',(7.369893158015,1.974756919994));
#365 = CARTESIAN_POINT('',(7.250521620033,2.344000050648));
#366 = ( GEOMETRIC_REPRESENTATION_CONTEXT(2) 
PARAMETRIC_REPRESENTATION_CONTEXT() REPRESENTATION_CONTEXT('2D SPACE',''
  ) );
#367 = PCURVE('',#368,#375);
#368 = ( BOUNDED_SURFACE() B_SPLINE_SURFACE(1,2,(
    (#369,#370,#371)
    ,(#372,#373,#374
)),.UNSPECIFIED.,.F.,.F.,.F.) B_SPLINE_SURFACE_WITH_KNOTS((2,2),(3,3),(
    0.,1.),(0.,1.),.PIECEWISE_BEZIER_KNOTS.) 
GEOMETRIC_REPRESENTATION_ITEM() RATIONAL_B_SPLINE_SURFACE((
    (1.,0.998705766625,1.)
,(1.,0.998705766625,1.))) REPRESENTATION_ITEM('') SURFACE() );
#369 = CARTESIAN_POINT('',(7.451135938961,1.595297219683,
    -8.460799989015E-18));
#370 = CARTESIAN_POINT('',(7.369893158015,1.974756919994,
    -8.460799989015E-18));
#371 = CARTESIAN_POINT('',(7.250521620033,2.344000050648,
    -8.460799989015E-18));
#372 = CARTESIAN_POINT('',(7.451135938961,1.595297219683,9.9));
#373 = CARTESIAN_POINT('',(7.369893158015,1.974756919994,9.9));
#374 = CARTESIAN_POINT('',(7.250521620033,2.344000050648,9.9));
#375 = DEFINITIONAL_REPRESENTATION('',(#376),#379);
#376 = B_SPLINE_CURVE_WITH_KNOTS('',1,(#377,#378),.UNSPECIFIED.,.F.,.F.,
  (2,2),(0.,1.),.PIECEWISE_BEZIER_KNOTS.);
#377 = CARTESIAN_POINT('',(0.,0.));
#378 = CARTESIAN_POINT('',(0.,1.));
#379 = ( GEOMETRIC_REPRESENTATION_CONTEXT(2) 
PARAMETRIC_REPRESENTATION_CONTEXT() REPRESENTATION_CONTEXT('2D SPACE',''
  ) );
#380 = ORIENTED_EDGE('',*,*,#381,.T.);
#381 = EDGE_CURVE('',#353,#382,#384,.T.);
#382 = VERTEX_POINT('',#383);
#383 = CARTESIAN_POINT('',(7.314648908826,2.661067295324,
    -9.540375728318E-18));
#384 = SURFACE_CURVE('',#385,(#389,#396),.PCURVE_S1.);
#385 = ( BOUNDED_CURVE() B_SPLINE_CURVE(2,(#386,#387,#388),
.UNSPECIFIED.,.F.,.F.) B_SPLINE_CURVE_WITH_KNOTS((3,3),(0.,1.),
.PIECEWISE_BEZIER_KNOTS.) CURVE() GEOMETRIC_REPRESENTATION_ITEM() 
RATIONAL_B_SPLINE_CURVE((1.,0.871648182287,1.)) REPRESENTATION_ITEM('') 
  );
#386 = CARTESIAN_POINT('',(7.250521620033,2.344000050648,
    -8.460799989015E-18));
#387 = CARTESIAN_POINT('',(7.193441026991,2.520563218309,
    -3.068183063632E-17));
#388 = CARTESIAN_POINT('',(7.314648908825,2.661067295324,0.));
#389 = PCURVE('',#45,#390);
#390 = DEFINITIONAL_REPRESENTATION('',(#391),#395);
#391 = ( BOUNDED_CURVE() B_SPLINE_CURVE(2,(#392,#393,#394),
.UNSPECIFIED.,.F.,.F.) B_SPLINE_CURVE_WITH_KNOTS((3,3),(0.,1.),
.PIECEWISE_BEZIER_KNOTS.) CURVE() GEOMETRIC_REPRESENTATION_ITEM() 
RATIONAL_B_SPLINE_CURVE((1.,0.871648182287,1.)) REPRESENTATION_ITEM('') 
  );
#392 = CARTESIAN_POINT('',(7.250521620033,2.344000050648));
#393 = CARTESIAN_POINT('',(7.193441026991,2.520563218309));
#394 = CARTESIAN_POINT('',(7.314648908825,2.661067295324));
#395 = ( GEOMETRIC_REPRESENTATION_CONTEXT(2) 
PARAMETRIC_REPRESENTATION_CONTEXT() REPRESENTATION_CONTEXT('2D SPACE',''
  ) );
#396 = PCURVE('',#397,#404);
#397 = ( BOUNDED_SURFACE() B_SPLINE_SURFACE(1,2,(
    (#398,#399,#400)
    ,(#401,#402,#403
)),.UNSPECIFIED.,.F.,.F.,.F.) B_SPLINE_SURFACE_WITH_KNOTS((2,2),(3,3),(
    0.,1.),(0.,1.),.PIECEWISE_BEZIER_KNOTS.) 
GEOMETRIC_REPRESENTATION_ITEM() RATIONAL_B_SPLINE_SURFACE((
    (1.,0.871648182287,1.)
,(1.,0.871648182287,1.))) REPRESENTATION_ITEM('') SURFACE() );
#398 = CARTESIAN_POINT('',(7.250521620033,2.344000050648,
    -8.460799989015E-18));
#399 = CARTESIAN_POINT('',(7.193441026991,2.520563218309,
    -3.068183063632E-17));
#400 = CARTESIAN_POINT('',(7.314648908825,2.661067295324,0.));
#401 = CARTESIAN_POINT('',(7.250521620033,2.344000050648,9.9));
#402 = CARTESIAN_POINT('',(7.193441026991,2.520563218309,9.9));
#403 = CARTESIAN_POINT('',(7.314648908825,2.661067295324,9.9));
#404 = DEFINITIONAL_REPRESENTATION('',(#405),#408);
#405 = B_SPLINE_CURVE_WITH_KNOTS('',1,(#406,#407),.UNSPECIFIED.,.F.,.F.,
  (2,2),(0.,1.),.PIECEWISE_BEZIER_KNOTS.);
#406 = CARTESIAN_POINT('',(0.,0.));
#407 = CARTESIAN_POINT('',(0.,1.));
#408 = ( GEOMETRIC_REPRESENTATION_CONTEXT(2) 
PARAMETRIC_REPRESENTATION_CONTEXT() REPRESENTATION_CONTEXT('2D SPACE',''
  ) );
#409 = ORIENTED_EDGE('',*,*,#410,.T.);
#410 = EDGE_CURVE('',#382,#411,#413,.T.);
#411 = VERTEX_POINT('',#412);
#412 = CARTESIAN_POINT('',(7.922922883677,2.98993933511,0.));
#413 = SURFACE_CURVE('',#414,(#419,#427),.PCURVE_S1.);
#414 = ( BOUNDED_CURVE() B_SPLINE_CURVE(3,(#415,#416,#417,#418),
.UNSPECIFIED.,.F.,.F.) B_SPLINE_CURVE_WITH_KNOTS((4,4),(0.,1.),
.PIECEWISE_BEZIER_KNOTS.) CURVE() GEOMETRIC_REPRESENTATION_ITEM() 
RATIONAL_B_SPLINE_CURVE((1.,1.000183442697,1.001988389136,1.)) 
REPRESENTATION_ITEM('') );
#415 = CARTESIAN_POINT('',(7.314648908825,2.661067295324,0.));
#416 = CARTESIAN_POINT('',(7.458920250063,2.827010696736,0.));
#417 = CARTESIAN_POINT('',(7.712155629565,2.932693967506,0.));
#418 = CARTESIAN_POINT('',(7.922922883677,2.98993933511,0.));
#419 = PCURVE('',#45,#420);
#420 = DEFINITIONAL_REPRESENTATION('',(#421),#426);
#421 = ( BOUNDED_CURVE() B_SPLINE_CURVE(3,(#422,#423,#424,#425),
.UNSPECIFIED.,.F.,.F.) B_SPLINE_CURVE_WITH_KNOTS((4,4),(0.,1.),
.PIECEWISE_BEZIER_KNOTS.) CURVE() GEOMETRIC_REPRESENTATION_ITEM() 
RATIONAL_B_SPLINE_CURVE((1.,1.000183442697,1.001988389136,1.)) 
REPRESENTATION_ITEM('') );
#422 = CARTESIAN_POINT('',(7.314648908825,2.661067295324));
#423 = CARTESIAN_POINT('',(7.458920250063,2.827010696736));
#424 = CARTESIAN_POINT('',(7.712155629565,2.932693967506));
#425 = CARTESIAN_POINT('',(7.922922883677,2.98993933511));
#426 = ( GEOMETRIC_REPRESENTATION_CONTEXT(2) 
PARAMETRIC_REPRESENTATION_CONTEXT() REPRESENTATION_CONTEXT('2D SPACE',''
  ) );
#427 = PCURVE('',#428,#437);
#428 = ( BOUNDED_SURFACE() B_SPLINE_SURFACE(1,3,(
    (#429,#430,#431,#432)
    ,(#433,#434,#435,#436
)),.UNSPECIFIED.,.F.,.F.,.F.) B_SPLINE_SURFACE_WITH_KNOTS((2,2),(4,4),(
    0.,1.),(0.,1.),.PIECEWISE_BEZIER_KNOTS.) 
GEOMETRIC_REPRESENTATION_ITEM() RATIONAL_B_SPLINE_SURFACE((
    (1.,1.000183442697,1.001988389136,1.)
,(1.,1.000183442697,1.001988389136,1.
))) REPRESENTATION_ITEM('') SURFACE() );
#429 = CARTESIAN_POINT('',(7.314648908825,2.661067295324,0.));
#430 = CARTESIAN_POINT('',(7.458920250063,2.827010696736,0.));
#431 = CARTESIAN_POINT('',(7.712155629565,2.932693967506,0.));
#432 = CARTESIAN_POINT('',(7.922922883677,2.98993933511,0.));
#433 = CARTESIAN_POINT('',(7.314648908825,2.661067295324,9.9));
#434 = CARTESIAN_POINT('',(7.458920250063,2.827010696736,9.9));
#435 = CARTESIAN_POINT('',(7.712155629565,2.932693967506,9.9));
#436 = CARTESIAN_POINT('',(7.922922883677,2.98993933511,9.9));
#437 = DEFINITIONAL_REPRESENTATION('',(#438),#441);
#438 = B_SPLINE_CURVE_WITH_KNOTS('',1,(#439,#440),.UNSPECIFIED.,.F.,.F.,
  (2,2),(0.,1.),.PIECEWISE_BEZIER_KNOTS.);
#439 = CARTESIAN_POINT('',(0.,0.));
#440 = CARTESIAN_POINT('',(0.,1.));
#441 = ( GEOMETRIC_REPRESENTATION_CONTEXT(2) 
PARAMETRIC_REPRESENTATION_CONTEXT() REPRESENTATION_CONTEXT('2D SPACE',''
  ) );
#442 = ORIENTED_EDGE('',*,*,#443,.T.);
#443 = EDGE_CURVE('',#411,#444,#446,.T.);
#444 = VERTEX_POINT('',#445);
#445 = CARTESIAN_POINT('',(9.621069196408,5.165406810496,0.));
#446 = SURFACE_CURVE('',#447,(#452,#460),.PCURVE_S1.);
#447 = ( BOUNDED_CURVE() B_SPLINE_CURVE(3,(#448,#449,#450,#451),
.UNSPECIFIED.,.F.,.F.) B_SPLINE_CURVE_WITH_KNOTS((4,4),(0.,1.),
.PIECEWISE_BEZIER_KNOTS.) CURVE() GEOMETRIC_REPRESENTATION_ITEM() 
RATIONAL_B_SPLINE_CURVE((1.,0.93042703827,1.070034384224,1.)) 
REPRESENTATION_ITEM('') );
#448 = CARTESIAN_POINT('',(7.922922883677,2.98993933511,0.));
#449 = CARTESIAN_POINT('',(8.610671072955,3.320114066363,0.));
#450 = CARTESIAN_POINT('',(9.24669301045,4.269372709381,0.));
#451 = CARTESIAN_POINT('',(9.621069196408,5.165406810496,0.));
#452 = PCURVE('',#45,#453);
#453 = DEFINITIONAL_REPRESENTATION('',(#454),#459);
#454 = ( BOUNDED_CURVE() B_SPLINE_CURVE(3,(#455,#456,#457,#458),
.UNSPECIFIED.,.F.,.F.) B_SPLINE_CURVE_WITH_KNOTS((4,4),(0.,1.),
.PIECEWISE_BEZIER_KNOTS.) CURVE() GEOMETRIC_REPRESENTATION_ITEM() 
RATIONAL_B_SPLINE_CURVE((1.,0.93042703827,1.070034384224,1.)) 
REPRESENTATION_ITEM('') );
#455 = CARTESIAN_POINT('',(7.922922883677,2.98993933511));
#456 = CARTESIAN_POINT('',(8.610671072955,3.320114066363));
#457 = CARTESIAN_POINT('',(9.24669301045,4.269372709381));
#458 = CARTESIAN_POINT('',(9.621069196408,5.165406810496));
#459 = ( GEOMETRIC_REPRESENTATION_CONTEXT(2) 
PARAMETRIC_REPRESENTATION_CONTEXT() REPRESENTATION_CONTEXT('2D SPACE',''
  ) );
#460 = PCURVE('',#461,#470);
#461 = ( BOUNDED_SURFACE() B_SPLINE_SURFACE(1,3,(
    (#462,#463,#464,#465)
    ,(#466,#467,#468,#469
)),.UNSPECIFIED.,.F.,.F.,.F.) B_SPLINE_SURFACE_WITH_KNOTS((2,2),(4,4),(
    0.,1.),(0.,1.),.PIECEWISE_BEZIER_KNOTS.) 
GEOMETRIC_REPRESENTATION_ITEM() RATIONAL_B_SPLINE_SURFACE((
    (1.,0.93042703827,1.070034384224,1.)
,(1.,0.93042703827,1.070034384224,1.
  ))) REPRESENTATION_ITEM('') SURFACE() );
#462 = CARTESIAN_POINT('',(7.922922883677,2.98993933511,0.));
#463 = CARTESIAN_POINT('',(8.610671072955,3.320114066363,0.));
#464 = CARTESIAN_POINT('',(9.24669301045,4.269372709381,0.));
#465 = CARTESIAN_POINT('',(9.621069196408,5.165406810496,0.));
#466 = CARTESIAN_POINT('',(7.922922883677,2.98993933511,9.9));
#467 = CARTESIAN_POINT('',(8.610671072955,3.320114066363,9.9));
#468 = CARTESIAN_POINT('',(9.24669301045,4.269372709381,9.9));
#469 = CARTESIAN_POINT('',(9.621069196408,5.165406810496,9.9));
#470 = DEFINITIONAL_REPRESENTATION('',(#471),#474);
#471 = B_SPLINE_CURVE_WITH_KNOTS('',1,(#472,#473),.UNSPECIFIED.,.F.,.F.,
  (2,2),(0.,1.),.PIECEWISE_BEZIER_KNOTS.);
#472 = CARTESIAN_POINT('',(0.,0.));
#473 = CARTESIAN_POINT('',(0.,1.));
#474 = ( GEOMETRIC_REPRESENTATION_CONTEXT(2) 
PARAMETRIC_REPRESENTATION_CONTEXT() REPRESENTATION_CONTEXT('2D SPACE',''
  ) );
#475 = ORIENTED_EDGE('',*,*,#476,.T.);
#476 = EDGE_CURVE('',#444,#477,#479,.T.);
#477 = VERTEX_POINT('',#478);
#478 = CARTESIAN_POINT('',(9.283908116975,5.74938693041,0.));
#479 = SURFACE_CURVE('',#480,(#484,#491),.PCURVE_S1.);
#480 = ( BOUNDED_CURVE() B_SPLINE_CURVE(2,(#481,#482,#483),
.UNSPECIFIED.,.F.,.F.) B_SPLINE_CURVE_WITH_KNOTS((3,3),(0.,1.),
.PIECEWISE_BEZIER_KNOTS.) CURVE() GEOMETRIC_REPRESENTATION_ITEM() 
RATIONAL_B_SPLINE_CURVE((1.,0.999523236347,1.)) REPRESENTATION_ITEM('') 
  );
#481 = CARTESIAN_POINT('',(9.621069196408,5.165406810496,0.));
#482 = CARTESIAN_POINT('',(9.461508312595,5.462604371217,0.));
#483 = CARTESIAN_POINT('',(9.283908116975,5.74938693041,0.));
#484 = PCURVE('',#45,#485);
#485 = DEFINITIONAL_REPRESENTATION('',(#486),#490);
#486 = ( BOUNDED_CURVE() B_SPLINE_CURVE(2,(#487,#488,#489),
.UNSPECIFIED.,.F.,.F.) B_SPLINE_CURVE_WITH_KNOTS((3,3),(0.,1.),
.PIECEWISE_BEZIER_KNOTS.) CURVE() GEOMETRIC_REPRESENTATION_ITEM() 
RATIONAL_B_SPLINE_CURVE((1.,0.999523236347,1.)) REPRESENTATION_ITEM('') 
  );
#487 = CARTESIAN_POINT('',(9.621069196408,5.165406810496));
#488 = CARTESIAN_POINT('',(9.461508312595,5.462604371217));
#489 = CARTESIAN_POINT('',(9.283908116975,5.74938693041));
#490 = ( GEOMETRIC_REPRESENTATION_CONTEXT(2) 
PARAMETRIC_REPRESENTATION_CONTEXT() REPRESENTATION_CONTEXT('2D SPACE',''
  ) );
#491 = PCURVE('',#492,#499);
#492 = ( BOUNDED_SURFACE() B_SPLINE_SURFACE(1,2,(
    (#493,#494,#495)
    ,(#496,#497,#498
)),.UNSPECIFIED.,.F.,.F.,.F.) B_SPLINE_SURFACE_WITH_KNOTS((2,2),(3,3),(
    0.,1.),(0.,1.),.PIECEWISE_BEZIER_KNOTS.) 
GEOMETRIC_REPRESENTATION_ITEM() RATIONAL_B_SPLINE_SURFACE((
    (1.,0.999523236347,1.)
,(1.,0.999523236347,1.))) REPRESENTATION_ITEM('') SURFACE() );
#493 = CARTESIAN_POINT('',(9.621069196408,5.165406810496,0.));
#494 = CARTESIAN_POINT('',(9.461508312595,5.462604371217,0.));
#495 = CARTESIAN_POINT('',(9.283908116975,5.74938693041,0.));
#496 = CARTESIAN_POINT('',(9.621069196408,5.165406810496,9.9));
#497 = CARTESIAN_POINT('',(9.461508312595,5.462604371217,9.9));
#498 = CARTESIAN_POINT('',(9.283908116975,5.74938693041,9.9));
#499 = DEFINITIONAL_REPRESENTATION('',(#500),#503);
#500 = B_SPLINE_CURVE_WITH_KNOTS('',1,(#501,#502),.UNSPECIFIED.,.F.,.F.,
  (2,2),(0.,1.),.PIECEWISE_BEZIER_KNOTS.);
#501 = CARTESIAN_POINT('',(0.,0.));
#502 = CARTESIAN_POINT('',(0.,1.));
#503 = ( GEOMETRIC_REPRESENTATION_CONTEXT(2) 
PARAMETRIC_REPRESENTATION_CONTEXT() REPRESENTATION_CONTEXT('2D SPACE',''
  ) );
#504 = ORIENTED_EDGE('',*,*,#505,.T.);
#505 = EDGE_CURVE('',#477,#506,#508,.T.);
#506 = VERTEX_POINT('',#507);
#507 = CARTESIAN_POINT('',(6.550824861818,5.366482821935,0.));
#508 = SURFACE_CURVE('',#509,(#514,#522),.PCURVE_S1.);
#509 = ( BOUNDED_CURVE() B_SPLINE_CURVE(3,(#510,#511,#512,#513),
.UNSPECIFIED.,.F.,.F.) B_SPLINE_CURVE_WITH_KNOTS((4,4),(0.,1.),
.PIECEWISE_BEZIER_KNOTS.) CURVE() GEOMETRIC_REPRESENTATION_ITEM() 
RATIONAL_B_SPLINE_CURVE((1.,1.070034384224,0.93042703827,1.)) 
REPRESENTATION_ITEM('') );
#510 = CARTESIAN_POINT('',(9.283908116975,5.74938693041,0.));
#511 = CARTESIAN_POINT('',(8.320731729773,5.873184693355,0.));
#512 = CARTESIAN_POINT('',(7.18063866141,5.797002859629,0.));
#513 = CARTESIAN_POINT('',(6.550824861818,5.366482821935,0.));
#514 = PCURVE('',#45,#515);
#515 = DEFINITIONAL_REPRESENTATION('',(#516),#521);
#516 = ( BOUNDED_CURVE() B_SPLINE_CURVE(3,(#517,#518,#519,#520),
.UNSPECIFIED.,.F.,.F.) B_SPLINE_CURVE_WITH_KNOTS((4,4),(0.,1.),
.PIECEWISE_BEZIER_KNOTS.) CURVE() GEOMETRIC_REPRESENTATION_ITEM() 
RATIONAL_B_SPLINE_CURVE((1.,1.070034384224,0.93042703827,1.)) 
REPRESENTATION_ITEM('') );
#517 = CARTESIAN_POINT('',(9.283908116975,5.74938693041));
#518 = CARTESIAN_POINT('',(8.320731729773,5.873184693355));
#519 = CARTESIAN_POINT('',(7.18063866141,5.797002859629));
#520 = CARTESIAN_POINT('',(6.550824861818,5.366482821935));
#521 = ( GEOMETRIC_REPRESENTATION_CONTEXT(2) 
PARAMETRIC_REPRESENTATION_CONTEXT() REPRESENTATION_CONTEXT('2D SPACE',''
  ) );
#522 = PCURVE('',#523,#532);
#523 = ( BOUNDED_SURFACE() B_SPLINE_SURFACE(1,3,(
    (#524,#525,#526,#527)
    ,(#528,#529,#530,#531
)),.UNSPECIFIED.,.F.,.F.,.F.) B_SPLINE_SURFACE_WITH_KNOTS((2,2),(4,4),(
    0.,1.),(0.,1.),.PIECEWISE_BEZIER_KNOTS.) 
GEOMETRIC_REPRESENTATION_ITEM() RATIONAL_B_SPLINE_SURFACE((
    (1.,1.070034384224,0.93042703827,1.)
,(1.,1.070034384224,0.93042703827,1.
  ))) REPRESENTATION_ITEM('') SURFACE() );
#524 = CARTESIAN_POINT('',(9.283908116975,5.74938693041,0.));
#525 = CARTESIAN_POINT('',(8.320731729773,5.873184693355,0.));
#526 = CARTESIAN_POINT('',(7.18063866141,5.797002859629,0.));
#527 = CARTESIAN_POINT('',(6.550824861818,5.366482821935,0.));
#528 = CARTESIAN_POINT('',(9.283908116975,5.74938693041,9.9));
#529 = CARTESIAN_POINT('',(8.320731729773,5.873184693355,9.9));
#530 = CARTESIAN_POINT('',(7.18063866141,5.797002859629,9.9));
#531 = CARTESIAN_POINT('',(6.550824861818,5.366482821935,9.9));
#532 = DEFINITIONAL_REPRESENTATION('',(#533),#536);
#533 = B_SPLINE_CURVE_WITH_KNOTS('',1,(#534,#535),.UNSPECIFIED.,.F.,.F.,
  (2,2),(0.,1.),.PIECEWISE_BEZIER_KNOTS.);
#534 = CARTESIAN_POINT('',(0.,0.));
#535 = CARTESIAN_POINT('',(0.,1.));
#536 = ( GEOMETRIC_REPRESENTATION_CONTEXT(2) 
PARAMETRIC_REPRESENTATION_CONTEXT() REPRESENTATION_CONTEXT('2D SPACE',''
  ) );
#537 = ORIENTED_EDGE('',*,*,#538,.T.);
#538 = EDGE_CURVE('',#506,#539,#541,.T.);
#539 = VERTEX_POINT('',#540);
#540 = CARTESIAN_POINT('',(5.961876333343,5.004138127145,0.));
#541 = SURFACE_CURVE('',#542,(#547,#555),.PCURVE_S1.);
#542 = ( BOUNDED_CURVE() B_SPLINE_CURVE(3,(#543,#544,#545,#546),
.UNSPECIFIED.,.F.,.F.) B_SPLINE_CURVE_WITH_KNOTS((4,4),(0.,1.),
.PIECEWISE_BEZIER_KNOTS.) CURVE() GEOMETRIC_REPRESENTATION_ITEM() 
RATIONAL_B_SPLINE_CURVE((1.,1.001988389136,1.000183442697,1.)) 
REPRESENTATION_ITEM('') );
#543 = CARTESIAN_POINT('',(6.550824861818,5.366482821935,0.));
#544 = CARTESIAN_POINT('',(6.395865292168,5.21257570939,0.));
#545 = CARTESIAN_POINT('',(6.177723205175,5.046109072989,0.));
#546 = CARTESIAN_POINT('',(5.961876333343,5.004138127145,0.));
#547 = PCURVE('',#45,#548);
#548 = DEFINITIONAL_REPRESENTATION('',(#549),#554);
#549 = ( BOUNDED_CURVE() B_SPLINE_CURVE(3,(#550,#551,#552,#553),
.UNSPECIFIED.,.F.,.F.) B_SPLINE_CURVE_WITH_KNOTS((4,4),(0.,1.),
.PIECEWISE_BEZIER_KNOTS.) CURVE() GEOMETRIC_REPRESENTATION_ITEM() 
RATIONAL_B_SPLINE_CURVE((1.,1.001988389136,1.000183442697,1.)) 
REPRESENTATION_ITEM('') );
#550 = CARTESIAN_POINT('',(6.550824861818,5.366482821935));
#551 = CARTESIAN_POINT('',(6.395865292168,5.21257570939));
#552 = CARTESIAN_POINT('',(6.177723205175,5.046109072989));
#553 = CARTESIAN_POINT('',(5.961876333343,5.004138127145));
#554 = ( GEOMETRIC_REPRESENTATION_CONTEXT(2) 
PARAMETRIC_REPRESENTATION_CONTEXT() REPRESENTATION_CONTEXT('2D SPACE',''
  ) );
#555 = PCURVE('',#556,#565);
#556 = ( BOUNDED_SURFACE() B_SPLINE_SURFACE(1,3,(
    (#557,#558,#559,#560)
    ,(#561,#562,#563,#564
)),.UNSPECIFIED.,.F.,.F.,.F.) B_SPLINE_SURFACE_WITH_KNOTS((2,2),(4,4),(
    0.,1.),(0.,1.),.PIECEWISE_BEZIER_KNOTS.) 
GEOMETRIC_REPRESENTATION_ITEM() RATIONAL_B_SPLINE_SURFACE((
    (1.,1.001988389136,1.000183442697,1.)
,(1.,1.001988389136,1.000183442697,1.
))) REPRESENTATION_ITEM('') SURFACE() );
#557 = CARTESIAN_POINT('',(6.550824861818,5.366482821935,0.));
#558 = CARTESIAN_POINT('',(6.395865292168,5.21257570939,0.));
#559 = CARTESIAN_POINT('',(6.177723205175,5.046109072989,0.));
#560 = CARTESIAN_POINT('',(5.961876333343,5.004138127145,0.));
#561 = CARTESIAN_POINT('',(6.550824861818,5.366482821935,9.9));
#562 = CARTESIAN_POINT('',(6.395865292168,5.21257570939,9.9));
#563 = CARTESIAN_POINT('',(6.177723205175,5.046109072989,9.9));
#564 = CARTESIAN_POINT('',(5.961876333343,5.004138127145,9.9));
#565 = DEFINITIONAL_REPRESENTATION('',(#566),#569);
#566 = B_SPLINE_CURVE_WITH_KNOTS('',1,(#567,#568),.UNSPECIFIED.,.F.,.F.,
  (2,2),(0.,1.),.PIECEWISE_BEZIER_KNOTS.);
#567 = CARTESIAN_POINT('',(0.,0.));
#568 = CARTESIAN_POINT('',(0.,1.));
#569 = ( GEOMETRIC_REPRESENTATION_CONTEXT(2) 
PARAMETRIC_REPRESENTATION_CONTEXT() REPRESENTATION_CONTEXT('2D SPACE',''
  ) );
#570 = ORIENTED_EDGE('',*,*,#571,.T.);
#571 = EDGE_CURVE('',#539,#572,#574,.T.);
#572 = VERTEX_POINT('',#573);
#573 = CARTESIAN_POINT('',(5.655224400349,5.107135888313,
    -8.460799989015E-18));
#574 = SURFACE_CURVE('',#575,(#579,#586),.PCURVE_S1.);
#575 = ( BOUNDED_CURVE() B_SPLINE_CURVE(2,(#576,#577,#578),
.UNSPECIFIED.,.F.,.F.) B_SPLINE_CURVE_WITH_KNOTS((3,3),(0.,1.),
.PIECEWISE_BEZIER_KNOTS.) CURVE() GEOMETRIC_REPRESENTATION_ITEM() 
RATIONAL_B_SPLINE_CURVE((1.,0.871648182287,1.)) REPRESENTATION_ITEM('') 
  );
#576 = CARTESIAN_POINT('',(5.961876333343,5.004138127145,0.));
#577 = CARTESIAN_POINT('',(5.779592292396,4.969421060845,
    -3.068183063632E-17));
#578 = CARTESIAN_POINT('',(5.655224400349,5.107135888313,
    -8.460799989015E-18));
#579 = PCURVE('',#45,#580);
#580 = DEFINITIONAL_REPRESENTATION('',(#581),#585);
#581 = ( BOUNDED_CURVE() B_SPLINE_CURVE(2,(#582,#583,#584),
.UNSPECIFIED.,.F.,.F.) B_SPLINE_CURVE_WITH_KNOTS((3,3),(0.,1.),
.PIECEWISE_BEZIER_KNOTS.) CURVE() GEOMETRIC_REPRESENTATION_ITEM() 
RATIONAL_B_SPLINE_CURVE((1.,0.871648182287,1.)) REPRESENTATION_ITEM('') 
  );
#582 = CARTESIAN_POINT('',(5.961876333343,5.004138127145));
#583 = CARTESIAN_POINT('',(5.779592292396,4.969421060845));
#584 = CARTESIAN_POINT('',(5.655224400349,5.107135888313));
#585 = ( GEOMETRIC_REPRESENTATION_CONTEXT(2) 
PARAMETRIC_REPRESENTATION_CONTEXT() REPRESENTATION_CONTEXT('2D SPACE',''
  ) );
#586 = PCURVE('',#587,#594);
#587 = ( BOUNDED_SURFACE() B_SPLINE_SURFACE(1,2,(
    (#588,#589,#590)
    ,(#591,#592,#593
)),.UNSPECIFIED.,.F.,.F.,.F.) B_SPLINE_SURFACE_WITH_KNOTS((2,2),(3,3),(
    0.,1.),(0.,1.),.PIECEWISE_BEZIER_KNOTS.) 
GEOMETRIC_REPRESENTATION_ITEM() RATIONAL_B_SPLINE_SURFACE((
    (1.,0.871648182287,1.)
,(1.,0.871648182287,1.))) REPRESENTATION_ITEM('') SURFACE() );
#588 = CARTESIAN_POINT('',(5.961876333343,5.004138127145,0.));
#589 = CARTESIAN_POINT('',(5.779592292396,4.969421060845,
    -3.068183063632E-17));
#590 = CARTESIAN_POINT('',(5.655224400349,5.107135888313,
    -8.460799989015E-18));
#591 = CARTESIAN_POINT('',(5.961876333343,5.004138127145,9.9));
#592 = CARTESIAN_POINT('',(5.779592292396,4.969421060845,9.9));
#593 = CARTESIAN_POINT('',(5.655224400349,5.107135888313,9.9));
#594 = DEFINITIONAL_REPRESENTATION('',(#595),#598);
#595 = B_SPLINE_CURVE_WITH_KNOTS('',1,(#596,#597),.UNSPECIFIED.,.F.,.F.,
  (2,2),(0.,1.),.PIECEWISE_BEZIER_KNOTS.);
#596 = CARTESIAN_POINT('',(0.,0.));
#597 = CARTESIAN_POINT('',(0.,1.));
#598 = ( GEOMETRIC_REPRESENTATION_CONTEXT(2) 
PARAMETRIC_REPRESENTATION_CONTEXT() REPRESENTATION_CONTEXT('2D SPACE',''
  ) );
#599 = ORIENTED_EDGE('',*,*,#600,.T.);
#600 = EDGE_CURVE('',#572,#601,#603,.T.);
#601 = VERTEX_POINT('',#602);
#602 = CARTESIAN_POINT('',(5.107135888313,5.655224400349,
    -8.460799989015E-18));
#603 = SURFACE_CURVE('',#604,(#608,#615),.PCURVE_S1.);
#604 = ( BOUNDED_CURVE() B_SPLINE_CURVE(2,(#605,#606,#607),
.UNSPECIFIED.,.F.,.F.) B_SPLINE_CURVE_WITH_KNOTS((3,3),(0.,1.),
.PIECEWISE_BEZIER_KNOTS.) CURVE() GEOMETRIC_REPRESENTATION_ITEM() 
RATIONAL_B_SPLINE_CURVE((1.,0.998705766625,1.)) REPRESENTATION_ITEM('') 
  );
#605 = CARTESIAN_POINT('',(5.655224400349,5.107135888313,
    -8.460799989015E-18));
#606 = CARTESIAN_POINT('',(5.395136238021,5.395136238021,
    -8.460799989015E-18));
#607 = CARTESIAN_POINT('',(5.107135888313,5.655224400349,
    -8.460799989015E-18));
#608 = PCURVE('',#45,#609);
#609 = DEFINITIONAL_REPRESENTATION('',(#610),#614);
#610 = ( BOUNDED_CURVE() B_SPLINE_CURVE(2,(#611,#612,#613),
.UNSPECIFIED.,.F.,.F.) B_SPLINE_CURVE_WITH_KNOTS((3,3),(0.,1.),
.PIECEWISE_BEZIER_KNOTS.) CURVE() GEOMETRIC_REPRESENTATION_ITEM() 
RATIONAL_B_SPLINE_CURVE((1.,0.998705766625,1.)) REPRESENTATION_ITEM('') 
  );
#611 = CARTESIAN_POINT('',(5.655224400349,5.107135888313));
#612 = CARTESIAN_POINT('',(5.395136238021,5.395136238021));
#613 = CARTESIAN_POINT('',(5.107135888313,5.655224400349));
#614 = ( GEOMETRIC_REPRESENTATION_CONTEXT(2) 
PARAMETRIC_REPRESENTATION_CONTEXT() REPRESENTATION_CONTEXT('2D SPACE',''
  ) );
#615 = PCURVE('',#616,#623);
#616 = ( BOUNDED_SURFACE() B_SPLINE_SURFACE(1,2,(
    (#617,#618,#619)
    ,(#620,#621,#622
)),.UNSPECIFIED.,.F.,.F.,.F.) B_SPLINE_SURFACE_WITH_KNOTS((2,2),(3,3),(
    0.,1.),(0.,1.),.PIECEWISE_BEZIER_KNOTS.) 
GEOMETRIC_REPRESENTATION_ITEM() RATIONAL_B_SPLINE_SURFACE((
    (1.,0.998705766625,1.)
,(1.,0.998705766625,1.))) REPRESENTATION_ITEM('') SURFACE() );
#617 = CARTESIAN_POINT('',(5.655224400349,5.107135888313,
    -8.460799989015E-18));
#618 = CARTESIAN_POINT('',(5.395136238021,5.395136238021,
    -8.460799989015E-18));
#619 = CARTESIAN_POINT('',(5.107135888313,5.655224400349,
    -8.460799989015E-18));
#620 = CARTESIAN_POINT('',(5.655224400349,5.107135888313,9.9));
#621 = CARTESIAN_POINT('',(5.395136238021,5.395136238021,9.9));
#622 = CARTESIAN_POINT('',(5.107135888313,5.655224400349,9.9));
#623 = DEFINITIONAL_REPRESENTATION('',(#624),#627);
#624 = B_SPLINE_CURVE_WITH_KNOTS('',1,(#625,#626),.UNSPECIFIED.,.F.,.F.,
  (2,2),(0.,1.),.PIECEWISE_BEZIER_KNOTS.);
#625 = CARTESIAN_POINT('',(0.,0.));
#626 = CARTESIAN_POINT('',(0.,1.));
#627 = ( GEOMETRIC_REPRESENTATION_CONTEXT(2) 
PARAMETRIC_REPRESENTATION_CONTEXT() REPRESENTATION_CONTEXT('2D SPACE',''
  ) );
#628 = ORIENTED_EDGE('',*,*,#629,.T.);
#629 = EDGE_CURVE('',#601,#630,#632,.T.);
#630 = VERTEX_POINT('',#631);
#631 = CARTESIAN_POINT('',(5.004138127145,5.961876333343,
    -9.53784125588E-18));
#632 = SURFACE_CURVE('',#633,(#637,#644),.PCURVE_S1.);
#633 = ( BOUNDED_CURVE() B_SPLINE_CURVE(2,(#634,#635,#636),
.UNSPECIFIED.,.F.,.F.) B_SPLINE_CURVE_WITH_KNOTS((3,3),(0.,1.),
.PIECEWISE_BEZIER_KNOTS.) CURVE() GEOMETRIC_REPRESENTATION_ITEM() 
RATIONAL_B_SPLINE_CURVE((1.,0.871648182287,1.)) REPRESENTATION_ITEM('') 
  );
#634 = CARTESIAN_POINT('',(5.107135888313,5.655224400349,
    -8.460799989015E-18));
#635 = CARTESIAN_POINT('',(4.969421060845,5.779592292396,
    -3.068183063632E-17));
#636 = CARTESIAN_POINT('',(5.004138127145,5.961876333343,0.));
#637 = PCURVE('',#45,#638);
#638 = DEFINITIONAL_REPRESENTATION('',(#639),#643);
#639 = ( BOUNDED_CURVE() B_SPLINE_CURVE(2,(#640,#641,#642),
.UNSPECIFIED.,.F.,.F.) B_SPLINE_CURVE_WITH_KNOTS((3,3),(0.,1.),
.PIECEWISE_BEZIER_KNOTS.) CURVE() GEOMETRIC_REPRESENTATION_ITEM() 
RATIONAL_B_SPLINE_CURVE((1.,0.871648182287,1.)) REPRESENTATION_ITEM('') 
  );
#640 = CARTESIAN_POINT('',(5.107135888313,5.655224400349));
#641 = CARTESIAN_POINT('',(4.969421060845,5.779592292396));
#642 = CARTESIAN_POINT('',(5.004138127145,5.961876333343));
#643 = ( GEOMETRIC_REPRESENTATION_CONTEXT(2) 
PARAMETRIC_REPRESENTATION_CONTEXT() REPRESENTATION_CONTEXT('2D SPACE',''
  ) );
#644 = PCURVE('',#645,#652);
#645 = ( BOUNDED_SURFACE() B_SPLINE_SURFACE(1,2,(
    (#646,#647,#648)
    ,(#649,#650,#651
)),.UNSPECIFIED.,.F.,.F.,.F.) B_SPLINE_SURFACE_WITH_KNOTS((2,2),(3,3),(
    0.,1.),(0.,1.),.PIECEWISE_BEZIER_KNOTS.) 
GEOMETRIC_REPRESENTATION_ITEM() RATIONAL_B_SPLINE_SURFACE((
    (1.,0.871648182287,1.)
,(1.,0.871648182287,1.))) REPRESENTATION_ITEM('') SURFACE() );
#646 = CARTESIAN_POINT('',(5.107135888313,5.655224400349,
    -8.460799989015E-18));
#647 = CARTESIAN_POINT('',(4.969421060845,5.779592292396,
    -3.068183063632E-17));
#648 = CARTESIAN_POINT('',(5.004138127145,5.961876333343,0.));
#649 = CARTESIAN_POINT('',(5.107135888313,5.655224400349,9.9));
#650 = CARTESIAN_POINT('',(4.969421060845,5.779592292396,9.9));
#651 = CARTESIAN_POINT('',(5.004138127145,5.961876333343,9.9));
#652 = DEFINITIONAL_REPRESENTATION('',(#653),#656);
#653 = B_SPLINE_CURVE_WITH_KNOTS('',1,(#654,#655),.UNSPECIFIED.,.F.,.F.,
  (2,2),(0.,1.),.PIECEWISE_BEZIER_KNOTS.);
#654 = CARTESIAN_POINT('',(0.,0.));
#655 = CARTESIAN_POINT('',(0.,1.));
#656 = ( GEOMETRIC_REPRESENTATION_CONTEXT(2) 
PARAMETRIC_REPRESENTATION_CONTEXT() REPRESENTATION_CONTEXT('2D SPACE',''
  ) );
#657 = ORIENTED_EDGE('',*,*,#658,.T.);
#658 = EDGE_CURVE('',#630,#659,#661,.T.);
#659 = VERTEX_POINT('',#660);
#660 = CARTESIAN_POINT('',(5.366482821935,6.550824861818,0.));
#661 = SURFACE_CURVE('',#662,(#667,#675),.PCURVE_S1.);
#662 = ( BOUNDED_CURVE() B_SPLINE_CURVE(3,(#663,#664,#665,#666),
.UNSPECIFIED.,.F.,.F.) B_SPLINE_CURVE_WITH_KNOTS((4,4),(0.,1.),
.PIECEWISE_BEZIER_KNOTS.) CURVE() GEOMETRIC_REPRESENTATION_ITEM() 
RATIONAL_B_SPLINE_CURVE((1.,1.000183442697,1.001988389136,1.)) 
REPRESENTATION_ITEM('') );
#663 = CARTESIAN_POINT('',(5.004138127145,5.961876333343,0.));
#664 = CARTESIAN_POINT('',(5.046109072989,6.177723205175,0.));
#665 = CARTESIAN_POINT('',(5.21257570939,6.395865292168,0.));
#666 = CARTESIAN_POINT('',(5.366482821935,6.550824861818,0.));
#667 = PCURVE('',#45,#668);
#668 = DEFINITIONAL_REPRESENTATION('',(#669),#674);
#669 = ( BOUNDED_CURVE() B_SPLINE_CURVE(3,(#670,#671,#672,#673),
.UNSPECIFIED.,.F.,.F.) B_SPLINE_CURVE_WITH_KNOTS((4,4),(0.,1.),
.PIECEWISE_BEZIER_KNOTS.) CURVE() GEOMETRIC_REPRESENTATION_ITEM() 
RATIONAL_B_SPLINE_CURVE((1.,1.000183442697,1.001988389136,1.)) 
REPRESENTATION_ITEM('') );
#670 = CARTESIAN_POINT('',(5.004138127145,5.961876333343));
#671 = CARTESIAN_POINT('',(5.046109072989,6.177723205175));
#672 = CARTESIAN_POINT('',(5.21257570939,6.395865292168));
#673 = CARTESIAN_POINT('',(5.366482821935,6.550824861818));
#674 = ( GEOMETRIC_REPRESENTATION_CONTEXT(2) 
PARAMETRIC_REPRESENTATION_CONTEXT() REPRESENTATION_CONTEXT('2D SPACE',''
  ) );
#675 = PCURVE('',#676,#685);
#676 = ( BOUNDED_SURFACE() B_SPLINE_SURFACE(1,3,(
    (#677,#678,#679,#680)
    ,(#681,#682,#683,#684
)),.UNSPECIFIED.,.F.,.F.,.F.) B_SPLINE_SURFACE_WITH_KNOTS((2,2),(4,4),(
    0.,1.),(0.,1.),.PIECEWISE_BEZIER_KNOTS.) 
GEOMETRIC_REPRESENTATION_ITEM() RATIONAL_B_SPLINE_SURFACE((
    (1.,1.000183442697,1.001988389136,1.)
,(1.,1.000183442697,1.001988389136,1.
))) REPRESENTATION_ITEM('') SURFACE() );
#677 = CARTESIAN_POINT('',(5.004138127145,5.961876333343,0.));
#678 = CARTESIAN_POINT('',(5.046109072989,6.177723205175,0.));
#679 = CARTESIAN_POINT('',(5.21257570939,6.395865292168,0.));
#680 = CARTESIAN_POINT('',(5.366482821935,6.550824861818,0.));
#681 = CARTESIAN_POINT('',(5.004138127145,5.961876333343,9.9));
#682 = CARTESIAN_POINT('',(5.046109072989,6.177723205175,9.9));
#683 = CARTESIAN_POINT('',(5.21257570939,6.395865292168,9.9));
#684 = CARTESIAN_POINT('',(5.366482821935,6.550824861818,9.9));
#685 = DEFINITIONAL_REPRESENTATION('',(#686),#689);
#686 = B_SPLINE_CURVE_WITH_KNOTS('',1,(#687,#688),.UNSPECIFIED.,.F.,.F.,
  (2,2),(0.,1.),.PIECEWISE_BEZIER_KNOTS.);
#687 = CARTESIAN_POINT('',(0.,0.));
#688 = CARTESIAN_POINT('',(0.,1.));
#689 = ( GEOMETRIC_REPRESENTATION_CONTEXT(2) 
PARAMETRIC_REPRESENTATION_CONTEXT() REPRESENTATION_CONTEXT('2D SPACE',''
  ) );
#690 = ORIENTED_EDGE('',*,*,#691,.T.);
#691 = EDGE_CURVE('',#659,#692,#694,.T.);
#692 = VERTEX_POINT('',#693);
#693 = CARTESIAN_POINT('',(5.74938693041,9.283908116975,0.));
#694 = SURFACE_CURVE('',#695,(#700,#708),.PCURVE_S1.);
#695 = ( BOUNDED_CURVE() B_SPLINE_CURVE(3,(#696,#697,#698,#699),
.UNSPECIFIED.,.F.,.F.) B_SPLINE_CURVE_WITH_KNOTS((4,4),(0.,1.),
.PIECEWISE_BEZIER_KNOTS.) CURVE() GEOMETRIC_REPRESENTATION_ITEM() 
RATIONAL_B_SPLINE_CURVE((1.,0.93042703827,1.070034384224,1.)) 
REPRESENTATION_ITEM('') );
#696 = CARTESIAN_POINT('',(5.366482821935,6.550824861818,0.));
#697 = CARTESIAN_POINT('',(5.797002859629,7.18063866141,0.));
#698 = CARTESIAN_POINT('',(5.873184693355,8.320731729773,0.));
#699 = CARTESIAN_POINT('',(5.74938693041,9.283908116975,0.));
#700 = PCURVE('',#45,#701);
#701 = DEFINITIONAL_REPRESENTATION('',(#702),#707);
#702 = ( BOUNDED_CURVE() B_SPLINE_CURVE(3,(#703,#704,#705,#706),
.UNSPECIFIED.,.F.,.F.) B_SPLINE_CURVE_WITH_KNOTS((4,4),(0.,1.),
.PIECEWISE_BEZIER_KNOTS.) CURVE() GEOMETRIC_REPRESENTATION_ITEM() 
RATIONAL_B_SPLINE_CURVE((1.,0.93042703827,1.070034384224,1.)) 
REPRESENTATION_ITEM('') );
#703 = CARTESIAN_POINT('',(5.366482821935,6.550824861818));
#704 = CARTESIAN_POINT('',(5.797002859629,7.18063866141));
#705 = CARTESIAN_POINT('',(5.873184693355,8.320731729773));
#706 = CARTESIAN_POINT('',(5.74938693041,9.283908116975));
#707 = ( GEOMETRIC_REPRESENTATION_CONTEXT(2) 
PARAMETRIC_REPRESENTATION_CONTEXT() REPRESENTATION_CONTEXT('2D SPACE',''
  ) );
#708 = PCURVE('',#709,#718);
#709 = ( BOUNDED_SURFACE() B_SPLINE_SURFACE(1,3,(
    (#710,#711,#712,#713)
    ,(#714,#715,#716,#717
)),.UNSPECIFIED.,.F.,.F.,.F.) B_SPLINE_SURFACE_WITH_KNOTS((2,2),(4,4),(
    0.,1.),(0.,1.),.PIECEWISE_BEZIER_KNOTS.) 
GEOMETRIC_REPRESENTATION_ITEM() RATIONAL_B_SPLINE_SURFACE((
    (1.,0.93042703827,1.070034384224,1.)
,(1.,0.93042703827,1.070034384224,1.
  ))) REPRESENTATION_ITEM('') SURFACE() );
#710 = CARTESIAN_POINT('',(5.366482821935,6.550824861818,0.));
#711 = CARTESIAN_POINT('',(5.797002859629,7.18063866141,0.));
#712 = CARTESIAN_POINT('',(5.873184693355,8.320731729773,0.));
#713 = CARTESIAN_POINT('',(5.74938693041,9.283908116975,0.));
#714 = CARTESIAN_POINT('',(5.366482821935,6.550824861818,9.9));
#715 = CARTESIAN_POINT('',(5.797002859629,7.18063866141,9.9));
#716 = CARTESIAN_POINT('',(5.873184693355,8.320731729773,9.9));
#717 = CARTESIAN_POINT('',(5.74938693041,9.283908116975,9.9));
#718 = DEFINITIONAL_REPRESENTATION('',(#719),#722);
#719 = B_SPLINE_CURVE_WITH_KNOTS('',1,(#720,#721),.UNSPECIFIED.,.F.,.F.,
  (2,2),(0.,1.),.PIECEWISE_BEZIER_KNOTS.);
#720 = CARTESIAN_POINT('',(0.,0.));
#721 = CARTESIAN_POINT('',(0.,1.));
#722 = ( GEOMETRIC_REPRESENTATION_CONTEXT(2) 
PARAMETRIC_REPRESENTATION_CONTEXT() REPRESENTATION_CONTEXT('2D SPACE',''
  ) );
#723 = ORIENTED_EDGE('',*,*,#724,.T.);
#724 = EDGE_CURVE('',#692,#725,#727,.T.);
#725 = VERTEX_POINT('',#726);
#726 = CARTESIAN_POINT('',(5.165406810496,9.621069196408,0.));
#727 = SURFACE_CURVE('',#728,(#732,#739),.PCURVE_S1.);
#728 = ( BOUNDED_CURVE() B_SPLINE_CURVE(2,(#729,#730,#731),
.UNSPECIFIED.,.F.,.F.) B_SPLINE_CURVE_WITH_KNOTS((3,3),(0.,1.),
.PIECEWISE_BEZIER_KNOTS.) CURVE() GEOMETRIC_REPRESENTATION_ITEM() 
RATIONAL_B_SPLINE_CURVE((1.,0.999523236347,1.)) REPRESENTATION_ITEM('') 
  );
#729 = CARTESIAN_POINT('',(5.74938693041,9.283908116975,0.));
#730 = CARTESIAN_POINT('',(5.462604371217,9.461508312595,0.));
#731 = CARTESIAN_POINT('',(5.165406810496,9.621069196408,0.));
#732 = PCURVE('',#45,#733);
#733 = DEFINITIONAL_REPRESENTATION('',(#734),#738);
#734 = ( BOUNDED_CURVE() B_SPLINE_CURVE(2,(#735,#736,#737),
.UNSPECIFIED.,.F.,.F.) B_SPLINE_CURVE_WITH_KNOTS((3,3),(0.,1.),
.PIECEWISE_BEZIER_KNOTS.) CURVE() GEOMETRIC_REPRESENTATION_ITEM() 
RATIONAL_B_SPLINE_CURVE((1.,0.999523236347,1.)) REPRESENTATION_ITEM('') 
  );
#735 = CARTESIAN_POINT('',(5.74938693041,9.283908116975));
#736 = CARTESIAN_POINT('',(5.462604371217,9.461508312595));
#737 = CARTESIAN_POINT('',(5.165406810496,9.621069196408));
#738 = ( GEOMETRIC_REPRESENTATION_CONTEXT(2) 
PARAMETRIC_REPRESENTATION_CONTEXT() REPRESENTATION_CONTEXT('2D SPACE',''
  ) );
#739 = PCURVE('',#740,#747);
#740 = ( BOUNDED_SURFACE() B_SPLINE_SURFACE(1,2,(
    (#741,#742,#743)
    ,(#744,#745,#746
)),.UNSPECIFIED.,.F.,.F.,.F.) B_SPLINE_SURFACE_WITH_KNOTS((2,2),(3,3),(
    0.,1.),(0.,1.),.PIECEWISE_BEZIER_KNOTS.) 
GEOMETRIC_REPRESENTATION_ITEM() RATIONAL_B_SPLINE_SURFACE((
    (1.,0.999523236347,1.)
,(1.,0.999523236347,1.))) REPRESENTATION_ITEM('') SURFACE() );
#741 = CARTESIAN_POINT('',(5.74938693041,9.283908116975,0.));
#742 = CARTESIAN_POINT('',(5.462604371217,9.461508312595,0.));
#743 = CARTESIAN_POINT('',(5.165406810496,9.621069196408,0.));
#744 = CARTESIAN_POINT('',(5.74938693041,9.283908116975,9.9));
#745 = CARTESIAN_POINT('',(5.462604371217,9.461508312595,9.9));
#746 = CARTESIAN_POINT('',(5.165406810496,9.621069196408,9.9));
#747 = DEFINITIONAL_REPRESENTATION('',(#748),#751);
#748 = B_SPLINE_CURVE_WITH_KNOTS('',1,(#749,#750),.UNSPECIFIED.,.F.,.F.,
  (2,2),(0.,1.),.PIECEWISE_BEZIER_KNOTS.);
#749 = CARTESIAN_POINT('',(0.,0.));
#750 = CARTESIAN_POINT('',(0.,1.));
#751 = ( GEOMETRIC_REPRESENTATION_CONTEXT(2) 
PARAMETRIC_REPRESENTATION_CONTEXT() REPRESENTATION_CONTEXT('2D SPACE',''
  ) );
#752 = ORIENTED_EDGE('',*,*,#753,.T.);
#753 = EDGE_CURVE('',#725,#754,#756,.T.);
#754 = VERTEX_POINT('',#755);
#755 = CARTESIAN_POINT('',(2.98993933511,7.922922883677,0.));
#756 = SURFACE_CURVE('',#757,(#762,#770),.PCURVE_S1.);
#757 = ( BOUNDED_CURVE() B_SPLINE_CURVE(3,(#758,#759,#760,#761),
.UNSPECIFIED.,.F.,.F.) B_SPLINE_CURVE_WITH_KNOTS((4,4),(0.,1.),
.PIECEWISE_BEZIER_KNOTS.) CURVE() GEOMETRIC_REPRESENTATION_ITEM() 
RATIONAL_B_SPLINE_CURVE((1.,1.070034384224,0.93042703827,1.)) 
REPRESENTATION_ITEM('') );
#758 = CARTESIAN_POINT('',(5.165406810496,9.621069196408,0.));
#759 = CARTESIAN_POINT('',(4.269372709381,9.24669301045,0.));
#760 = CARTESIAN_POINT('',(3.320114066363,8.610671072955,0.));
#761 = CARTESIAN_POINT('',(2.98993933511,7.922922883677,0.));
#762 = PCURVE('',#45,#763);
#763 = DEFINITIONAL_REPRESENTATION('',(#764),#769);
#764 = ( BOUNDED_CURVE() B_SPLINE_CURVE(3,(#765,#766,#767,#768),
.UNSPECIFIED.,.F.,.F.) B_SPLINE_CURVE_WITH_KNOTS((4,4),(0.,1.),
.PIECEWISE_BEZIER_KNOTS.) CURVE() GEOMETRIC_REPRESENTATION_ITEM() 
RATIONAL_B_SPLINE_CURVE((1.,1.070034384224,0.93042703827,1.)) 
REPRESENTATION_ITEM('') );
#765 = CARTESIAN_POINT('',(5.165406810496,9.621069196408));
#766 = CARTESIAN_POINT('',(4.269372709381,9.24669301045));
#767 = CARTESIAN_POINT('',(3.320114066363,8.610671072955));
#768 = CARTESIAN_POINT('',(2.98993933511,7.922922883677));
#769 = ( GEOMETRIC_REPRESENTATION_CONTEXT(2) 
PARAMETRIC_REPRESENTATION_CONTEXT() REPRESENTATION_CONTEXT('2D SPACE',''
  ) );
#770 = PCURVE('',#771,#780);
#771 = ( BOUNDED_SURFACE() B_SPLINE_SURFACE(1,3,(
    (#772,#773,#774,#775)
    ,(#776,#777,#778,#779
)),.UNSPECIFIED.,.F.,.F.,.F.) B_SPLINE_SURFACE_WITH_KNOTS((2,2),(4,4),(
    0.,1.),(0.,1.),.PIECEWISE_BEZIER_KNOTS.) 
GEOMETRIC_REPRESENTATION_ITEM() RATIONAL_B_SPLINE_SURFACE((
    (1.,1.070034384224,0.93042703827,1.)
,(1.,1.070034384224,0.93042703827,1.
  ))) REPRESENTATION_ITEM('') SURFACE() );
#772 = CARTESIAN_POINT('',(5.165406810496,9.621069196408,0.));
#773 = CARTESIAN_POINT('',(4.269372709381,9.24669301045,0.));
#774 = CARTESIAN_POINT('',(3.320114066363,8.610671072955,0.));
#775 = CARTESIAN_POINT('',(2.98993933511,7.922922883677,0.));
#776 = CARTESIAN_POINT('',(5.165406810496,9.621069196408,9.9));
#777 = CARTESIAN_POINT('',(4.269372709381,9.24669301045,9.9));
#778 = CARTESIAN_POINT('',(3.320114066363,8.610671072955,9.9));
#779 = CARTESIAN_POINT('',(2.98993933511,7.922922883677,9.9));
#780 = DEFINITIONAL_REPRESENTATION('',(#781),#784);
#781 = B_SPLINE_CURVE_WITH_KNOTS('',1,(#782,#783),.UNSPECIFIED.,.F.,.F.,
  (2,2),(0.,1.),.PIECEWISE_BEZIER_KNOTS.);
#782 = CARTESIAN_POINT('',(0.,0.));
#783 = CARTESIAN_POINT('',(0.,1.));
#784 = ( GEOMETRIC_REPRESENTATION_CONTEXT(2) 
PARAMETRIC_REPRESENTATION_CONTEXT() REPRESENTATION_CONTEXT('2D SPACE',''
  ) );
#785 = ORIENTED_EDGE('',*,*,#786,.T.);
#786 = EDGE_CURVE('',#754,#787,#789,.T.);
#787 = VERTEX_POINT('',#788);
#788 = CARTESIAN_POINT('',(2.661067295324,7.314648908825,0.));
#789 = SURFACE_CURVE('',#790,(#795,#803),.PCURVE_S1.);
#790 = ( BOUNDED_CURVE() B_SPLINE_CURVE(3,(#791,#792,#793,#794),
.UNSPECIFIED.,.F.,.F.) B_SPLINE_CURVE_WITH_KNOTS((4,4),(0.,1.),
.PIECEWISE_BEZIER_KNOTS.) CURVE() GEOMETRIC_REPRESENTATION_ITEM() 
RATIONAL_B_SPLINE_CURVE((1.,1.001988389136,1.000183442697,1.)) 
REPRESENTATION_ITEM('') );
#791 = CARTESIAN_POINT('',(2.98993933511,7.922922883677,0.));
#792 = CARTESIAN_POINT('',(2.932693967506,7.712155629565,0.));
#793 = CARTESIAN_POINT('',(2.827010696736,7.458920250063,0.));
#794 = CARTESIAN_POINT('',(2.661067295324,7.314648908825,0.));
#795 = PCURVE('',#45,#796);
#796 = DEFINITIONAL_REPRESENTATION('',(#797),#802);
#797 = ( BOUNDED_CURVE() B_SPLINE_CURVE(3,(#798,#799,#800,#801),
.UNSPECIFIED.,.F.,.F.) B_SPLINE_CURVE_WITH_KNOTS((4,4),(0.,1.),
.PIECEWISE_BEZIER_KNOTS.) CURVE() GEOMETRIC_REPRESENTATION_ITEM() 
RATIONAL_B_SPLINE_CURVE((1.,1.001988389136,1.000183442697,1.)) 
REPRESENTATION_ITEM('') );
#798 = CARTESIAN_POINT('',(2.98993933511,7.922922883677));
#799 = CARTESIAN_POINT('',(2.932693967506,7.712155629565));
#800 = CARTESIAN_POINT('',(2.827010696736,7.458920250063));
#801 = CARTESIAN_POINT('',(2.661067295324,7.314648908825));
#802 = ( GEOMETRIC_REPRESENTATION_CONTEXT(2) 
PARAMETRIC_REPRESENTATION_CONTEXT() REPRESENTATION_CONTEXT('2D SPACE',''
  ) );
#803 = PCURVE('',#804,#813);
#804 = ( BOUNDED_SURFACE() B_SPLINE_SURFACE(1,3,(
    (#805,#806,#807,#808)
    ,(#809,#810,#811,#812
)),.UNSPECIFIED.,.F.,.F.,.F.) B_SPLINE_SURFACE_WITH_KNOTS((2,2),(4,4),(
    0.,1.),(0.,1.),.PIECEWISE_BEZIER_KNOTS.) 
GEOMETRIC_REPRESENTATION_ITEM() RATIONAL_B_SPLINE_SURFACE((
    (1.,1.001988389136,1.000183442697,1.)
,(1.,1.001988389136,1.000183442697,1.
))) REPRESENTATION_ITEM('') SURFACE() );
#805 = CARTESIAN_POINT('',(2.98993933511,7.922922883677,0.));
#806 = CARTESIAN_POINT('',(2.932693967506,7.712155629565,0.));
#807 = CARTESIAN_POINT('',(2.827010696736,7.458920250063,0.));
#808 = CARTESIAN_POINT('',(2.661067295324,7.314648908825,0.));
#809 = CARTESIAN_POINT('',(2.98993933511,7.922922883677,9.9));
#810 = CARTESIAN_POINT('',(2.932693967506,7.712155629565,9.9));
#811 = CARTESIAN_POINT('',(2.827010696736,7.458920250063,9.9));
#812 = CARTESIAN_POINT('',(2.661067295324,7.314648908825,9.9));
#813 = DEFINITIONAL_REPRESENTATION('',(#814),#817);
#814 = B_SPLINE_CURVE_WITH_KNOTS('',1,(#815,#816),.UNSPECIFIED.,.F.,.F.,
  (2,2),(0.,1.),.PIECEWISE_BEZIER_KNOTS.);
#815 = CARTESIAN_POINT('',(0.,0.));
#816 = CARTESIAN_POINT('',(0.,1.));
#817 = ( GEOMETRIC_REPRESENTATION_CONTEXT(2) 
PARAMETRIC_REPRESENTATION_CONTEXT() REPRESENTATION_CONTEXT('2D SPACE',''
  ) );
#818 = ORIENTED_EDGE('',*,*,#819,.T.);
#819 = EDGE_CURVE('',#787,#820,#822,.T.);
#820 = VERTEX_POINT('',#821);
#821 = CARTESIAN_POINT('',(2.344000050648,7.250521620033,
    -8.460799989015E-18));
#822 = SURFACE_CURVE('',#823,(#827,#834),.PCURVE_S1.);
#823 = ( BOUNDED_CURVE() B_SPLINE_CURVE(2,(#824,#825,#826),
.UNSPECIFIED.,.F.,.F.) B_SPLINE_CURVE_WITH_KNOTS((3,3),(0.,1.),
.PIECEWISE_BEZIER_KNOTS.) CURVE() GEOMETRIC_REPRESENTATION_ITEM() 
RATIONAL_B_SPLINE_CURVE((1.,0.871648182287,1.)) REPRESENTATION_ITEM('') 
  );
#824 = CARTESIAN_POINT('',(2.661067295324,7.314648908825,0.));
#825 = CARTESIAN_POINT('',(2.520563218309,7.193441026991,
    -3.068183063632E-17));
#826 = CARTESIAN_POINT('',(2.344000050648,7.250521620033,
    -8.460799989015E-18));
#827 = PCURVE('',#45,#828);
#828 = DEFINITIONAL_REPRESENTATION('',(#829),#833);
#829 = ( BOUNDED_CURVE() B_SPLINE_CURVE(2,(#830,#831,#832),
.UNSPECIFIED.,.F.,.F.) B_SPLINE_CURVE_WITH_KNOTS((3,3),(0.,1.),
.PIECEWISE_BEZIER_KNOTS.) CURVE() GEOMETRIC_REPRESENTATION_ITEM() 
RATIONAL_B_SPLINE_CURVE((1.,0.871648182287,1.)) REPRESENTATION_ITEM('') 
  );
#830 = CARTESIAN_POINT('',(2.661067295324,7.314648908825));
#831 = CARTESIAN_POINT('',(2.520563218309,7.193441026991));
#832 = CARTESIAN_POINT('',(2.344000050648,7.250521620033));
#833 = ( GEOMETRIC_REPRESENTATION_CONTEXT(2) 
PARAMETRIC_REPRESENTATION_CONTEXT() REPRESENTATION_CONTEXT('2D SPACE',''
  ) );
#834 = PCURVE('',#835,#842);
#835 = ( BOUNDED_SURFACE() B_SPLINE_SURFACE(1,2,(
    (#836,#837,#838)
    ,(#839,#840,#841
)),.UNSPECIFIED.,.F.,.F.,.F.) B_SPLINE_SURFACE_WITH_KNOTS((2,2),(3,3),(
    0.,1.),(0.,1.),.PIECEWISE_BEZIER_KNOTS.) 
GEOMETRIC_REPRESENTATION_ITEM() RATIONAL_B_SPLINE_SURFACE((
    (1.,0.871648182287,1.)
,(1.,0.871648182287,1.))) REPRESENTATION_ITEM('') SURFACE() );
#836 = CARTESIAN_POINT('',(2.661067295324,7.314648908825,0.));
#837 = CARTESIAN_POINT('',(2.520563218309,7.193441026991,
    -3.068183063632E-17));
#838 = CARTESIAN_POINT('',(2.344000050648,7.250521620033,
    -8.460799989015E-18));
#839 = CARTESIAN_POINT('',(2.661067295324,7.314648908825,9.9));
#840 = CARTESIAN_POINT('',(2.520563218309,7.193441026991,9.9));
#841 = CARTESIAN_POINT('',(2.344000050648,7.250521620033,9.9));
#842 = DEFINITIONAL_REPRESENTATION('',(#843),#846);
#843 = B_SPLINE_CURVE_WITH_KNOTS('',1,(#844,#845),.UNSPECIFIED.,.F.,.F.,
  (2,2),(0.,1.),.PIECEWISE_BEZIER_KNOTS.);
#844 = CARTESIAN_POINT('',(0.,0.));
#845 = CARTESIAN_POINT('',(0.,1.));
#846 = ( GEOMETRIC_REPRESENTATION_CONTEXT(2) 
PARAMETRIC_REPRESENTATION_CONTEXT() REPRESENTATION_CONTEXT('2D SPACE',''
  ) );
#847 = ORIENTED_EDGE('',*,*,#848,.T.);
#848 = EDGE_CURVE('',#820,#849,#851,.T.);
#849 = VERTEX_POINT('',#850);
#850 = CARTESIAN_POINT('',(1.595297219683,7.451135938961,
    -8.460799989015E-18));
#851 = SURFACE_CURVE('',#852,(#856,#863),.PCURVE_S1.);
#852 = ( BOUNDED_CURVE() B_SPLINE_CURVE(2,(#853,#854,#855),
.UNSPECIFIED.,.F.,.F.) B_SPLINE_CURVE_WITH_KNOTS((3,3),(0.,1.),
.PIECEWISE_BEZIER_KNOTS.) CURVE() GEOMETRIC_REPRESENTATION_ITEM() 
RATIONAL_B_SPLINE_CURVE((1.,0.998705766625,1.)) REPRESENTATION_ITEM('') 
  );
#853 = CARTESIAN_POINT('',(2.344000050648,7.250521620033,
    -8.460799989015E-18));
#854 = CARTESIAN_POINT('',(1.974756919994,7.369893158015,
    -8.460799989015E-18));
#855 = CARTESIAN_POINT('',(1.595297219683,7.451135938961,
    -8.460799989015E-18));
#856 = PCURVE('',#45,#857);
#857 = DEFINITIONAL_REPRESENTATION('',(#858),#862);
#858 = ( BOUNDED_CURVE() B_SPLINE_CURVE(2,(#859,#860,#861),
.UNSPECIFIED.,.F.,.F.) B_SPLINE_CURVE_WITH_KNOTS((3,3),(0.,1.),
.PIECEWISE_BEZIER_KNOTS.) CURVE() GEOMETRIC_REPRESENTATION_ITEM() 
RATIONAL_B_SPLINE_CURVE((1.,0.998705766625,1.)) REPRESENTATION_ITEM('') 
  );
#859 = CARTESIAN_POINT('',(2.344000050648,7.250521620033));
#860 = CARTESIAN_POINT('',(1.974756919994,7.369893158015));
#861 = CARTESIAN_POINT('',(1.595297219683,7.451135938961));
#862 = ( GEOMETRIC_REPRESENTATION_CONTEXT(2) 
PARAMETRIC_REPRESENTATION_CONTEXT() REPRESENTATION_CONTEXT('2D SPACE',''
  ) );
#863 = PCURVE('',#864,#871);
#864 = ( BOUNDED_SURFACE() B_SPLINE_SURFACE(1,2,(
    (#865,#866,#867)
    ,(#868,#869,#870
)),.UNSPECIFIED.,.F.,.F.,.F.) B_SPLINE_SURFACE_WITH_KNOTS((2,2),(3,3),(
    0.,1.),(0.,1.),.PIECEWISE_BEZIER_KNOTS.) 
GEOMETRIC_REPRESENTATION_ITEM() RATIONAL_B_SPLINE_SURFACE((
    (1.,0.998705766625,1.)
,(1.,0.998705766625,1.))) REPRESENTATION_ITEM('') SURFACE() );
#865 = CARTESIAN_POINT('',(2.344000050648,7.250521620033,
    -8.460799989015E-18));
#866 = CARTESIAN_POINT('',(1.974756919994,7.369893158015,
    -8.460799989015E-18));
#867 = CARTESIAN_POINT('',(1.595297219683,7.451135938961,
    -8.460799989015E-18));
#868 = CARTESIAN_POINT('',(2.344000050648,7.250521620033,9.9));
#869 = CARTESIAN_POINT('',(1.974756919994,7.369893158015,9.9));
#870 = CARTESIAN_POINT('',(1.595297219683,7.451135938961,9.9));
#871 = DEFINITIONAL_REPRESENTATION('',(#872),#875);
#872 = B_SPLINE_CURVE_WITH_KNOTS('',1,(#873,#874),.UNSPECIFIED.,.F.,.F.,
  (2,2),(0.,1.),.PIECEWISE_BEZIER_KNOTS.);
#873 = CARTESIAN_POINT('',(0.,0.));
#874 = CARTESIAN_POINT('',(0.,1.));
#875 = ( GEOMETRIC_REPRESENTATION_CONTEXT(2) 
PARAMETRIC_REPRESENTATION_CONTEXT() REPRESENTATION_CONTEXT('2D SPACE',''
  ) );
#876 = ORIENTED_EDGE('',*,*,#877,.T.);
#877 = EDGE_CURVE('',#849,#878,#880,.T.);
#878 = VERTEX_POINT('',#879);
#879 = CARTESIAN_POINT('',(1.352772575483,7.665205422469,
    -9.539864446005E-18));
#880 = SURFACE_CURVE('',#881,(#885,#892),.PCURVE_S1.);
#881 = ( BOUNDED_CURVE() B_SPLINE_CURVE(2,(#882,#883,#884),
.UNSPECIFIED.,.F.,.F.) B_SPLINE_CURVE_WITH_KNOTS((3,3),(0.,1.),
.PIECEWISE_BEZIER_KNOTS.) CURVE() GEOMETRIC_REPRESENTATION_ITEM() 
RATIONAL_B_SPLINE_CURVE((1.,0.871648182287,1.)) REPRESENTATION_ITEM('') 
  );
#882 = CARTESIAN_POINT('',(1.595297219683,7.451135938961,
    -8.460799989015E-18));
#883 = CARTESIAN_POINT('',(1.413848734595,7.489984279154,
    -3.068183063632E-17));
#884 = CARTESIAN_POINT('',(1.352772575482,7.665205422469,0.));
#885 = PCURVE('',#45,#886);
#886 = DEFINITIONAL_REPRESENTATION('',(#887),#891);
#887 = ( BOUNDED_CURVE() B_SPLINE_CURVE(2,(#888,#889,#890),
.UNSPECIFIED.,.F.,.F.) B_SPLINE_CURVE_WITH_KNOTS((3,3),(0.,1.),
.PIECEWISE_BEZIER_KNOTS.) CURVE() GEOMETRIC_REPRESENTATION_ITEM() 
RATIONAL_B_SPLINE_CURVE((1.,0.871648182287,1.)) REPRESENTATION_ITEM('') 
  );
#888 = CARTESIAN_POINT('',(1.595297219683,7.451135938961));
#889 = CARTESIAN_POINT('',(1.413848734595,7.489984279154));
#890 = CARTESIAN_POINT('',(1.352772575482,7.665205422469));
#891 = ( GEOMETRIC_REPRESENTATION_CONTEXT(2) 
PARAMETRIC_REPRESENTATION_CONTEXT() REPRESENTATION_CONTEXT('2D SPACE',''
  ) );
#892 = PCURVE('',#893,#900);
#893 = ( BOUNDED_SURFACE() B_SPLINE_SURFACE(1,2,(
    (#894,#895,#896)
    ,(#897,#898,#899
)),.UNSPECIFIED.,.F.,.F.,.F.) B_SPLINE_SURFACE_WITH_KNOTS((2,2),(3,3),(
    0.,1.),(0.,1.),.PIECEWISE_BEZIER_KNOTS.) 
GEOMETRIC_REPRESENTATION_ITEM() RATIONAL_B_SPLINE_SURFACE((
    (1.,0.871648182287,1.)
,(1.,0.871648182287,1.))) REPRESENTATION_ITEM('') SURFACE() );
#894 = CARTESIAN_POINT('',(1.595297219683,7.451135938961,
    -8.460799989015E-18));
#895 = CARTESIAN_POINT('',(1.413848734595,7.489984279154,
    -3.068183063632E-17));
#896 = CARTESIAN_POINT('',(1.352772575482,7.665205422469,0.));
#897 = CARTESIAN_POINT('',(1.595297219683,7.451135938961,9.9));
#898 = CARTESIAN_POINT('',(1.413848734595,7.489984279154,9.9));
#899 = CARTESIAN_POINT('',(1.352772575482,7.665205422469,9.9));
#900 = DEFINITIONAL_REPRESENTATION('',(#901),#904);
#901 = B_SPLINE_CURVE_WITH_KNOTS('',1,(#902,#903),.UNSPECIFIED.,.F.,.F.,
  (2,2),(0.,1.),.PIECEWISE_BEZIER_KNOTS.);
#902 = CARTESIAN_POINT('',(0.,0.));
#903 = CARTESIAN_POINT('',(0.,1.));
#904 = ( GEOMETRIC_REPRESENTATION_CONTEXT(2) 
PARAMETRIC_REPRESENTATION_CONTEXT() REPRESENTATION_CONTEXT('2D SPACE',''
  ) );
#905 = ORIENTED_EDGE('',*,*,#906,.T.);
#906 = EDGE_CURVE('',#878,#907,#909,.T.);
#907 = VERTEX_POINT('',#908);
#908 = CARTESIAN_POINT('',(1.372098021859,8.356422157044,0.));
#909 = SURFACE_CURVE('',#910,(#915,#923),.PCURVE_S1.);
#910 = ( BOUNDED_CURVE() B_SPLINE_CURVE(3,(#911,#912,#913,#914),
.UNSPECIFIED.,.F.,.F.) B_SPLINE_CURVE_WITH_KNOTS((4,4),(0.,1.),
.PIECEWISE_BEZIER_KNOTS.) CURVE() GEOMETRIC_REPRESENTATION_ITEM() 
RATIONAL_B_SPLINE_CURVE((1.,1.000183442697,1.001988389136,1.)) 
REPRESENTATION_ITEM('') );
#911 = CARTESIAN_POINT('',(1.352772575482,7.665205422469,0.));
#912 = CARTESIAN_POINT('',(1.281197044888,7.873119769725,0.));
#913 = CARTESIAN_POINT('',(1.316290337397,8.145269676895,0.));
#914 = CARTESIAN_POINT('',(1.372098021859,8.356422157044,0.));
#915 = PCURVE('',#45,#916);
#916 = DEFINITIONAL_REPRESENTATION('',(#917),#922);
#917 = ( BOUNDED_CURVE() B_SPLINE_CURVE(3,(#918,#919,#920,#921),
.UNSPECIFIED.,.F.,.F.) B_SPLINE_CURVE_WITH_KNOTS((4,4),(0.,1.),
.PIECEWISE_BEZIER_KNOTS.) CURVE() GEOMETRIC_REPRESENTATION_ITEM() 
RATIONAL_B_SPLINE_CURVE((1.,1.000183442697,1.001988389136,1.)) 
REPRESENTATION_ITEM('') );
#918 = CARTESIAN_POINT('',(1.352772575482,7.665205422469));
#919 = CARTESIAN_POINT('',(1.281197044888,7.873119769725));
#920 = CARTESIAN_POINT('',(1.316290337397,8.145269676895));
#921 = CARTESIAN_POINT('',(1.372098021859,8.356422157044));
#922 = ( GEOMETRIC_REPRESENTATION_CONTEXT(2) 
PARAMETRIC_REPRESENTATION_CONTEXT() REPRESENTATION_CONTEXT('2D SPACE',''
  ) );
#923 = PCURVE('',#924,#933);
#924 = ( BOUNDED_SURFACE() B_SPLINE_SURFACE(1,3,(
    (#925,#926,#927,#928)
    ,(#929,#930,#931,#932
)),.UNSPECIFIED.,.F.,.F.,.F.) B_SPLINE_SURFACE_WITH_KNOTS((2,2),(4,4),(
    0.,1.),(0.,1.),.PIECEWISE_BEZIER_KNOTS.) 
GEOMETRIC_REPRESENTATION_ITEM() RATIONAL_B_SPLINE_SURFACE((
    (1.,1.000183442697,1.001988389136,1.)
,(1.,1.000183442697,1.001988389136,1.
))) REPRESENTATION_ITEM('') SURFACE() );
#925 = CARTESIAN_POINT('',(1.352772575482,7.665205422469,0.));
#926 = CARTESIAN_POINT('',(1.281197044888,7.873119769725,0.));
#927 = CARTESIAN_POINT('',(1.316290337397,8.145269676895,0.));
#928 = CARTESIAN_POINT('',(1.372098021859,8.356422157044,0.));
#929 = CARTESIAN_POINT('',(1.352772575482,7.665205422469,9.9));
#930 = CARTESIAN_POINT('',(1.281197044888,7.873119769725,9.9));
#931 = CARTESIAN_POINT('',(1.316290337397,8.145269676895,9.9));
#932 = CARTESIAN_POINT('',(1.372098021859,8.356422157044,9.9));
#933 = DEFINITIONAL_REPRESENTATION('',(#934),#937);
#934 = B_SPLINE_CURVE_WITH_KNOTS('',1,(#935,#936),.UNSPECIFIED.,.F.,.F.,
  (2,2),(0.,1.),.PIECEWISE_BEZIER_KNOTS.);
#935 = CARTESIAN_POINT('',(0.,0.));
#936 = CARTESIAN_POINT('',(0.,1.));
#937 = ( GEOMETRIC_REPRESENTATION_CONTEXT(2) 
PARAMETRIC_REPRESENTATION_CONTEXT() REPRESENTATION_CONTEXT('2D SPACE',''
  ) );
#938 = ORIENTED_EDGE('',*,*,#939,.T.);
#939 = EDGE_CURVE('',#907,#940,#942,.T.);
#940 = VERTEX_POINT('',#941);
#941 = CARTESIAN_POINT('',(0.337161079433,10.914793740906,0.));
#942 = SURFACE_CURVE('',#943,(#948,#956),.PCURVE_S1.);
#943 = ( BOUNDED_CURVE() B_SPLINE_CURVE(3,(#944,#945,#946,#947),
.UNSPECIFIED.,.F.,.F.) B_SPLINE_CURVE_WITH_KNOTS((4,4),(0.,1.),
.PIECEWISE_BEZIER_KNOTS.) CURVE() GEOMETRIC_REPRESENTATION_ITEM() 
RATIONAL_B_SPLINE_CURVE((1.,0.93042703827,1.070034384224,1.)) 
REPRESENTATION_ITEM('') );
#944 = CARTESIAN_POINT('',(1.372098021859,8.356422157044,0.));
#945 = CARTESIAN_POINT('',(1.430032411545,9.117116925992,0.));
#946 = CARTESIAN_POINT('',(0.925961280677,10.142557402736,0.));
#947 = CARTESIAN_POINT('',(0.337161079433,10.914793740906,0.));
#948 = PCURVE('',#45,#949);
#949 = DEFINITIONAL_REPRESENTATION('',(#950),#955);
#950 = ( BOUNDED_CURVE() B_SPLINE_CURVE(3,(#951,#952,#953,#954),
.UNSPECIFIED.,.F.,.F.) B_SPLINE_CURVE_WITH_KNOTS((4,4),(0.,1.),
.PIECEWISE_BEZIER_KNOTS.) CURVE() GEOMETRIC_REPRESENTATION_ITEM() 
RATIONAL_B_SPLINE_CURVE((1.,0.93042703827,1.070034384224,1.)) 
REPRESENTATION_ITEM('') );
#951 = CARTESIAN_POINT('',(1.372098021859,8.356422157044));
#952 = CARTESIAN_POINT('',(1.430032411545,9.117116925992));
#953 = CARTESIAN_POINT('',(0.925961280677,10.142557402736));
#954 = CARTESIAN_POINT('',(0.337161079433,10.914793740906));
#955 = ( GEOMETRIC_REPRESENTATION_CONTEXT(2) 
PARAMETRIC_REPRESENTATION_CONTEXT() REPRESENTATION_CONTEXT('2D SPACE',''
  ) );
#956 = PCURVE('',#957,#966);
#957 = ( BOUNDED_SURFACE() B_SPLINE_SURFACE(1,3,(
    (#958,#959,#960,#961)
    ,(#962,#963,#964,#965
)),.UNSPECIFIED.,.F.,.F.,.F.) B_SPLINE_SURFACE_WITH_KNOTS((2,2),(4,4),(
    0.,1.),(0.,1.),.PIECEWISE_BEZIER_KNOTS.) 
GEOMETRIC_REPRESENTATION_ITEM() RATIONAL_B_SPLINE_SURFACE((
    (1.,0.93042703827,1.070034384224,1.)
,(1.,0.93042703827,1.070034384224,1.
  ))) REPRESENTATION_ITEM('') SURFACE() );
#958 = CARTESIAN_POINT('',(1.372098021859,8.356422157044,0.));
#959 = CARTESIAN_POINT('',(1.430032411545,9.117116925992,0.));
#960 = CARTESIAN_POINT('',(0.925961280677,10.142557402736,0.));
#961 = CARTESIAN_POINT('',(0.337161079433,10.914793740906,0.));
#962 = CARTESIAN_POINT('',(1.372098021859,8.356422157044,9.9));
#963 = CARTESIAN_POINT('',(1.430032411545,9.117116925992,9.9));
#964 = CARTESIAN_POINT('',(0.925961280677,10.142557402736,9.9));
#965 = CARTESIAN_POINT('',(0.337161079433,10.914793740906,9.9));
#966 = DEFINITIONAL_REPRESENTATION('',(#967),#970);
#967 = B_SPLINE_CURVE_WITH_KNOTS('',1,(#968,#969),.UNSPECIFIED.,.F.,.F.,
  (2,2),(0.,1.),.PIECEWISE_BEZIER_KNOTS.);
#968 = CARTESIAN_POINT('',(0.,0.));
#969 = CARTESIAN_POINT('',(0.,1.));
#970 = ( GEOMETRIC_REPRESENTATION_CONTEXT(2) 
PARAMETRIC_REPRESENTATION_CONTEXT() REPRESENTATION_CONTEXT('2D SPACE',''
  ) );
#971 = ORIENTED_EDGE('',*,*,#972,.T.);
#972 = EDGE_CURVE('',#940,#973,#975,.T.);
#973 = VERTEX_POINT('',#974);
#974 = CARTESIAN_POINT('',(-0.337161079433,10.914793740906,0.));
#975 = SURFACE_CURVE('',#976,(#980,#987),.PCURVE_S1.);
#976 = ( BOUNDED_CURVE() B_SPLINE_CURVE(2,(#977,#978,#979),
.UNSPECIFIED.,.F.,.F.) B_SPLINE_CURVE_WITH_KNOTS((3,3),(0.,1.),
.PIECEWISE_BEZIER_KNOTS.) CURVE() GEOMETRIC_REPRESENTATION_ITEM() 
RATIONAL_B_SPLINE_CURVE((1.,0.999523236347,1.)) REPRESENTATION_ITEM('') 
  );
#977 = CARTESIAN_POINT('',(0.337161079433,10.914793740906,0.));
#978 = CARTESIAN_POINT('',(1.212941829469E-15,10.925208742433,0.));
#979 = CARTESIAN_POINT('',(-0.337161079433,10.914793740906,0.));
#980 = PCURVE('',#45,#981);
#981 = DEFINITIONAL_REPRESENTATION('',(#982),#986);
#982 = ( BOUNDED_CURVE() B_SPLINE_CURVE(2,(#983,#984,#985),
.UNSPECIFIED.,.F.,.F.) B_SPLINE_CURVE_WITH_KNOTS((3,3),(0.,1.),
.PIECEWISE_BEZIER_KNOTS.) CURVE() GEOMETRIC_REPRESENTATION_ITEM() 
RATIONAL_B_SPLINE_CURVE((1.,0.999523236347,1.)) REPRESENTATION_ITEM('') 
  );
#983 = CARTESIAN_POINT('',(0.337161079433,10.914793740906));
#984 = CARTESIAN_POINT('',(3.172859736711E-15,10.925208742433));
#985 = CARTESIAN_POINT('',(-0.337161079433,10.914793740906));
#986 = ( GEOMETRIC_REPRESENTATION_CONTEXT(2) 
PARAMETRIC_REPRESENTATION_CONTEXT() REPRESENTATION_CONTEXT('2D SPACE',''
  ) );
#987 = PCURVE('',#988,#995);
#988 = ( BOUNDED_SURFACE() B_SPLINE_SURFACE(1,2,(
    (#989,#990,#991)
    ,(#992,#993,#994
)),.UNSPECIFIED.,.F.,.F.,.F.) B_SPLINE_SURFACE_WITH_KNOTS((2,2),(3,3),(
    0.,1.),(0.,1.),.PIECEWISE_BEZIER_KNOTS.) 
GEOMETRIC_REPRESENTATION_ITEM() RATIONAL_B_SPLINE_SURFACE((
    (1.,0.999523236347,1.)
,(1.,0.999523236347,1.))) REPRESENTATION_ITEM('') SURFACE() );
#989 = CARTESIAN_POINT('',(0.337161079433,10.914793740906,0.));
#990 = CARTESIAN_POINT('',(1.212941829469E-15,10.925208742433,0.));
#991 = CARTESIAN_POINT('',(-0.337161079433,10.914793740906,0.));
#992 = CARTESIAN_POINT('',(0.337161079433,10.914793740906,9.9));
#993 = CARTESIAN_POINT('',(1.212941829469E-15,10.925208742433,9.9));
#994 = CARTESIAN_POINT('',(-0.337161079433,10.914793740906,9.9));
#995 = DEFINITIONAL_REPRESENTATION('',(#996),#999);
#996 = B_SPLINE_CURVE_WITH_KNOTS('',1,(#997,#998),.UNSPECIFIED.,.F.,.F.,
  (2,2),(0.,1.),.PIECEWISE_BEZIER_KNOTS.);
#997 = CARTESIAN_POINT('',(0.,0.));
#998 = CARTESIAN_POINT('',(0.,1.));
#999 = ( GEOMETRIC_REPRESENTATION_CONTEXT(2) 
PARAMETRIC_REPRESENTATION_CONTEXT() REPRESENTATION_CONTEXT('2D SPACE',''
  ) );
#1000 = ORIENTED_EDGE('',*,*,#1001,.T.);
#1001 = EDGE_CURVE('',#973,#1002,#1004,.T.);
#1002 = VERTEX_POINT('',#1003);
#1003 = CARTESIAN_POINT('',(-1.372098021859,8.356422157044,0.));
#1004 = SURFACE_CURVE('',#1005,(#1010,#1018),.PCURVE_S1.);
#1005 = ( BOUNDED_CURVE() B_SPLINE_CURVE(3,(#1006,#1007,#1008,#1009),
.UNSPECIFIED.,.F.,.F.) B_SPLINE_CURVE_WITH_KNOTS((4,4),(0.,1.),
.PIECEWISE_BEZIER_KNOTS.) CURVE() GEOMETRIC_REPRESENTATION_ITEM() 
RATIONAL_B_SPLINE_CURVE((1.,1.070034384224,0.93042703827,1.)) 
REPRESENTATION_ITEM('') );
#1006 = CARTESIAN_POINT('',(-0.337161079433,10.914793740906,0.));
#1007 = CARTESIAN_POINT('',(-0.925961280677,10.142557402736,0.));
#1008 = CARTESIAN_POINT('',(-1.430032411545,9.117116925992,0.));
#1009 = CARTESIAN_POINT('',(-1.372098021859,8.356422157044,0.));
#1010 = PCURVE('',#45,#1011);
#1011 = DEFINITIONAL_REPRESENTATION('',(#1012),#1017);
#1012 = ( BOUNDED_CURVE() B_SPLINE_CURVE(3,(#1013,#1014,#1015,#1016),
.UNSPECIFIED.,.F.,.F.) B_SPLINE_CURVE_WITH_KNOTS((4,4),(0.,1.),
.PIECEWISE_BEZIER_KNOTS.) CURVE() GEOMETRIC_REPRESENTATION_ITEM() 
RATIONAL_B_SPLINE_CURVE((1.,1.070034384224,0.93042703827,1.)) 
REPRESENTATION_ITEM('') );
#1013 = CARTESIAN_POINT('',(-0.337161079433,10.914793740906));
#1014 = CARTESIAN_POINT('',(-0.925961280677,10.142557402736));
#1015 = CARTESIAN_POINT('',(-1.430032411545,9.117116925992));
#1016 = CARTESIAN_POINT('',(-1.372098021859,8.356422157044));
#1017 = ( GEOMETRIC_REPRESENTATION_CONTEXT(2) 
PARAMETRIC_REPRESENTATION_CONTEXT() REPRESENTATION_CONTEXT('2D SPACE',''
  ) );
#1018 = PCURVE('',#1019,#1028);
#1019 = ( BOUNDED_SURFACE() B_SPLINE_SURFACE(1,3,(
    (#1020,#1021,#1022,#1023)
    ,(#1024,#1025,#1026,#1027
)),.UNSPECIFIED.,.F.,.F.,.F.) B_SPLINE_SURFACE_WITH_KNOTS((2,2),(4,4),(
    0.,1.),(0.,1.),.PIECEWISE_BEZIER_KNOTS.) 
GEOMETRIC_REPRESENTATION_ITEM() RATIONAL_B_SPLINE_SURFACE((
    (1.,1.070034384224,0.93042703827,1.)
,(1.,1.070034384224,0.93042703827,1.
  ))) REPRESENTATION_ITEM('') SURFACE() );
#1020 = CARTESIAN_POINT('',(-0.337161079433,10.914793740906,0.));
#1021 = CARTESIAN_POINT('',(-0.925961280677,10.142557402736,0.));
#1022 = CARTESIAN_POINT('',(-1.430032411545,9.117116925992,0.));
#1023 = CARTESIAN_POINT('',(-1.372098021859,8.356422157044,0.));
#1024 = CARTESIAN_POINT('',(-0.337161079433,10.914793740906,9.9));
#1025 = CARTESIAN_POINT('',(-0.925961280677,10.142557402736,9.9));
#1026 = CARTESIAN_POINT('',(-1.430032411545,9.117116925992,9.9));
#1027 = CARTESIAN_POINT('',(-1.372098021859,8.356422157044,9.9));
#1028 = DEFINITIONAL_REPRESENTATION('',(#1029),#1032);
#1029 = B_SPLINE_CURVE_WITH_KNOTS('',1,(#1030,#1031),.UNSPECIFIED.,.F.,
  .F.,(2,2),(0.,1.),.PIECEWISE_BEZIER_KNOTS.);
#1030 = CARTESIAN_POINT('',(0.,0.));
#1031 = CARTESIAN_POINT('',(0.,1.));
#1032 = ( GEOMETRIC_REPRESENTATION_CONTEXT(2) 
PARAMETRIC_REPRESENTATION_CONTEXT() REPRESENTATION_CONTEXT('2D SPACE',''
  ) );
#1033 = ORIENTED_EDGE('',*,*,#1034,.T.);
#1034 = EDGE_CURVE('',#1002,#1035,#1037,.T.);
#1035 = VERTEX_POINT('',#1036);
#1036 = CARTESIAN_POINT('',(-1.352772575482,7.665205422469,0.));
#1037 = SURFACE_CURVE('',#1038,(#1043,#1051),.PCURVE_S1.);
#1038 = ( BOUNDED_CURVE() B_SPLINE_CURVE(3,(#1039,#1040,#1041,#1042),
.UNSPECIFIED.,.F.,.F.) B_SPLINE_CURVE_WITH_KNOTS((4,4),(0.,1.),
.PIECEWISE_BEZIER_KNOTS.) CURVE() GEOMETRIC_REPRESENTATION_ITEM() 
RATIONAL_B_SPLINE_CURVE((1.,1.001988389136,1.000183442697,1.)) 
REPRESENTATION_ITEM('') );
#1039 = CARTESIAN_POINT('',(-1.372098021859,8.356422157044,0.));
#1040 = CARTESIAN_POINT('',(-1.316290337397,8.145269676895,0.));
#1041 = CARTESIAN_POINT('',(-1.281197044888,7.873119769725,0.));
#1042 = CARTESIAN_POINT('',(-1.352772575482,7.665205422469,0.));
#1043 = PCURVE('',#45,#1044);
#1044 = DEFINITIONAL_REPRESENTATION('',(#1045),#1050);
#1045 = ( BOUNDED_CURVE() B_SPLINE_CURVE(3,(#1046,#1047,#1048,#1049),
.UNSPECIFIED.,.F.,.F.) B_SPLINE_CURVE_WITH_KNOTS((4,4),(0.,1.),
.PIECEWISE_BEZIER_KNOTS.) CURVE() GEOMETRIC_REPRESENTATION_ITEM() 
RATIONAL_B_SPLINE_CURVE((1.,1.001988389136,1.000183442697,1.)) 
REPRESENTATION_ITEM('') );
#1046 = CARTESIAN_POINT('',(-1.372098021859,8.356422157044));
#1047 = CARTESIAN_POINT('',(-1.316290337397,8.145269676895));
#1048 = CARTESIAN_POINT('',(-1.281197044888,7.873119769725));
#1049 = CARTESIAN_POINT('',(-1.352772575482,7.665205422469));
#1050 = ( GEOMETRIC_REPRESENTATION_CONTEXT(2) 
PARAMETRIC_REPRESENTATION_CONTEXT() REPRESENTATION_CONTEXT('2D SPACE',''
  ) );
#1051 = PCURVE('',#1052,#1061);
#1052 = ( BOUNDED_SURFACE() B_SPLINE_SURFACE(1,3,(
    (#1053,#1054,#1055,#1056)
    ,(#1057,#1058,#1059,#1060
)),.UNSPECIFIED.,.F.,.F.,.F.) B_SPLINE_SURFACE_WITH_KNOTS((2,2),(4,4),(
    0.,1.),(0.,1.),.PIECEWISE_BEZIER_KNOTS.) 
GEOMETRIC_REPRESENTATION_ITEM() RATIONAL_B_SPLINE_SURFACE((
    (1.,1.001988389136,1.000183442697,1.)
,(1.,1.001988389136,1.000183442697,1.
))) REPRESENTATION_ITEM('') SURFACE() );
#1053 = CARTESIAN_POINT('',(-1.372098021859,8.356422157044,0.));
#1054 = CARTESIAN_POINT('',(-1.316290337397,8.145269676895,0.));
#1055 = CARTESIAN_POINT('',(-1.281197044888,7.873119769725,0.));
#1056 = CARTESIAN_POINT('',(-1.352772575482,7.665205422469,0.));
#1057 = CARTESIAN_POINT('',(-1.372098021859,8.356422157044,9.9));
#1058 = CARTESIAN_POINT('',(-1.316290337397,8.145269676895,9.9));
#1059 = CARTESIAN_POINT('',(-1.281197044888,7.873119769725,9.9));
#1060 = CARTESIAN_POINT('',(-1.352772575482,7.665205422469,9.9));
#1061 = DEFINITIONAL_REPRESENTATION('',(#1062),#1065);
#1062 = B_SPLINE_CURVE_WITH_KNOTS('',1,(#1063,#1064),.UNSPECIFIED.,.F.,
  .F.,(2,2),(0.,1.),.PIECEWISE_BEZIER_KNOTS.);
#1063 = CARTESIAN_POINT('',(0.,0.));
#1064 = CARTESIAN_POINT('',(0.,1.));
#1065 = ( GEOMETRIC_REPRESENTATION_CONTEXT(2) 
PARAMETRIC_REPRESENTATION_CONTEXT() REPRESENTATION_CONTEXT('2D SPACE',''
  ) );
#1066 = ORIENTED_EDGE('',*,*,#1067,.T.);
#1067 = EDGE_CURVE('',#1035,#1068,#1070,.T.);
#1068 = VERTEX_POINT('',#1069);
#1069 = CARTESIAN_POINT('',(-1.595297219683,7.451135938961,
    -8.460799989015E-18));
#1070 = SURFACE_CURVE('',#1071,(#1075,#1082),.PCURVE_S1.);
#1071 = ( BOUNDED_CURVE() B_SPLINE_CURVE(2,(#1072,#1073,#1074),
.UNSPECIFIED.,.F.,.F.) B_SPLINE_CURVE_WITH_KNOTS((3,3),(0.,1.),
.PIECEWISE_BEZIER_KNOTS.) CURVE() GEOMETRIC_REPRESENTATION_ITEM() 
RATIONAL_B_SPLINE_CURVE((1.,0.871648182287,1.)) REPRESENTATION_ITEM('') 
  );
#1072 = CARTESIAN_POINT('',(-1.352772575482,7.665205422469,0.));
#1073 = CARTESIAN_POINT('',(-1.413848734595,7.489984279154,
    -3.068183063632E-17));
#1074 = CARTESIAN_POINT('',(-1.595297219683,7.451135938961,
    -8.460799989015E-18));
#1075 = PCURVE('',#45,#1076);
#1076 = DEFINITIONAL_REPRESENTATION('',(#1077),#1081);
#1077 = ( BOUNDED_CURVE() B_SPLINE_CURVE(2,(#1078,#1079,#1080),
.UNSPECIFIED.,.F.,.F.) B_SPLINE_CURVE_WITH_KNOTS((3,3),(0.,1.),
.PIECEWISE_BEZIER_KNOTS.) CURVE() GEOMETRIC_REPRESENTATION_ITEM() 
RATIONAL_B_SPLINE_CURVE((1.,0.871648182287,1.)) REPRESENTATION_ITEM('') 
  );
#1078 = CARTESIAN_POINT('',(-1.352772575482,7.665205422469));
#1079 = CARTESIAN_POINT('',(-1.413848734595,7.489984279154));
#1080 = CARTESIAN_POINT('',(-1.595297219683,7.451135938961));
#1081 = ( GEOMETRIC_REPRESENTATION_CONTEXT(2) 
PARAMETRIC_REPRESENTATION_CONTEXT() REPRESENTATION_CONTEXT('2D SPACE',''
  ) );
#1082 = PCURVE('',#1083,#1090);
#1083 = ( BOUNDED_SURFACE() B_SPLINE_SURFACE(1,2,(
    (#1084,#1085,#1086)
    ,(#1087,#1088,#1089
)),.UNSPECIFIED.,.F.,.F.,.F.) B_SPLINE_SURFACE_WITH_KNOTS((2,2),(3,3),(
    0.,1.),(0.,1.),.PIECEWISE_BEZIER_KNOTS.) 
GEOMETRIC_REPRESENTATION_ITEM() RATIONAL_B_SPLINE_SURFACE((
    (1.,0.871648182287,1.)
,(1.,0.871648182287,1.))) REPRESENTATION_ITEM('') SURFACE() );
#1084 = CARTESIAN_POINT('',(-1.352772575482,7.665205422469,0.));
#1085 = CARTESIAN_POINT('',(-1.413848734595,7.489984279154,
    -3.068183063632E-17));
#1086 = CARTESIAN_POINT('',(-1.595297219683,7.451135938961,
    -8.460799989015E-18));
#1087 = CARTESIAN_POINT('',(-1.352772575482,7.665205422469,9.9));
#1088 = CARTESIAN_POINT('',(-1.413848734595,7.489984279154,9.9));
#1089 = CARTESIAN_POINT('',(-1.595297219683,7.451135938961,9.9));
#1090 = DEFINITIONAL_REPRESENTATION('',(#1091),#1094);
#1091 = B_SPLINE_CURVE_WITH_KNOTS('',1,(#1092,#1093),.UNSPECIFIED.,.F.,
  .F.,(2,2),(0.,1.),.PIECEWISE_BEZIER_KNOTS.);
#1092 = CARTESIAN_POINT('',(0.,0.));
#1093 = CARTESIAN_POINT('',(0.,1.));
#1094 = ( GEOMETRIC_REPRESENTATION_CONTEXT(2) 
PARAMETRIC_REPRESENTATION_CONTEXT() REPRESENTATION_CONTEXT('2D SPACE',''
  ) );
#1095 = ORIENTED_EDGE('',*,*,#1096,.T.);
#1096 = EDGE_CURVE('',#1068,#1097,#1099,.T.);
#1097 = VERTEX_POINT('',#1098);
#1098 = CARTESIAN_POINT('',(-2.344000050648,7.250521620033,
    -8.460799989015E-18));
#1099 = SURFACE_CURVE('',#1100,(#1104,#1111),.PCURVE_S1.);
#1100 = ( BOUNDED_CURVE() B_SPLINE_CURVE(2,(#1101,#1102,#1103),
.UNSPECIFIED.,.F.,.F.) B_SPLINE_CURVE_WITH_KNOTS((3,3),(0.,1.),
.PIECEWISE_BEZIER_KNOTS.) CURVE() GEOMETRIC_REPRESENTATION_ITEM() 
RATIONAL_B_SPLINE_CURVE((1.,0.998705766625,1.)) REPRESENTATION_ITEM('') 
  );
#1101 = CARTESIAN_POINT('',(-1.595297219683,7.451135938961,
    -8.460799989015E-18));
#1102 = CARTESIAN_POINT('',(-1.974756919994,7.369893158015,
    -8.460799989015E-18));
#1103 = CARTESIAN_POINT('',(-2.344000050648,7.250521620033,
    -8.460799989015E-18));
#1104 = PCURVE('',#45,#1105);
#1105 = DEFINITIONAL_REPRESENTATION('',(#1106),#1110);
#1106 = ( BOUNDED_CURVE() B_SPLINE_CURVE(2,(#1107,#1108,#1109),
.UNSPECIFIED.,.F.,.F.) B_SPLINE_CURVE_WITH_KNOTS((3,3),(0.,1.),
.PIECEWISE_BEZIER_KNOTS.) CURVE() GEOMETRIC_REPRESENTATION_ITEM() 
RATIONAL_B_SPLINE_CURVE((1.,0.998705766625,1.)) REPRESENTATION_ITEM('') 
  );
#1107 = CARTESIAN_POINT('',(-1.595297219683,7.451135938961));
#1108 = CARTESIAN_POINT('',(-1.974756919994,7.369893158015));
#1109 = CARTESIAN_POINT('',(-2.344000050648,7.250521620033));
#1110 = ( GEOMETRIC_REPRESENTATION_CONTEXT(2) 
PARAMETRIC_REPRESENTATION_CONTEXT() REPRESENTATION_CONTEXT('2D SPACE',''
  ) );
#1111 = PCURVE('',#1112,#1119);
#1112 = ( BOUNDED_SURFACE() B_SPLINE_SURFACE(1,2,(
    (#1113,#1114,#1115)
    ,(#1116,#1117,#1118
)),.UNSPECIFIED.,.F.,.F.,.F.) B_SPLINE_SURFACE_WITH_KNOTS((2,2),(3,3),(
    0.,1.),(0.,1.),.PIECEWISE_BEZIER_KNOTS.) 
GEOMETRIC_REPRESENTATION_ITEM() RATIONAL_B_SPLINE_SURFACE((
    (1.,0.998705766625,1.)
,(1.,0.998705766625,1.))) REPRESENTATION_ITEM('') SURFACE() );
#1113 = CARTESIAN_POINT('',(-1.595297219683,7.451135938961,
    -8.460799989015E-18));
#1114 = CARTESIAN_POINT('',(-1.974756919994,7.369893158015,
    -8.460799989015E-18));
#1115 = CARTESIAN_POINT('',(-2.344000050648,7.250521620033,
    -8.460799989015E-18));
#1116 = CARTESIAN_POINT('',(-1.595297219683,7.451135938961,9.9));
#1117 = CARTESIAN_POINT('',(-1.974756919994,7.369893158015,9.9));
#1118 = CARTESIAN_POINT('',(-2.344000050648,7.250521620033,9.9));
#1119 = DEFINITIONAL_REPRESENTATION('',(#1120),#1123);
#1120 = B_SPLINE_CURVE_WITH_KNOTS('',1,(#1121,#1122),.UNSPECIFIED.,.F.,
  .F.,(2,2),(0.,1.),.PIECEWISE_BEZIER_KNOTS.);
#1121 = CARTESIAN_POINT('',(0.,0.));
#1122 = CARTESIAN_POINT('',(0.,1.));
#1123 = ( GEOMETRIC_REPRESENTATION_CONTEXT(2) 
PARAMETRIC_REPRESENTATION_CONTEXT() REPRESENTATION_CONTEXT('2D SPACE',''
  ) );
#1124 = ORIENTED_EDGE('',*,*,#1125,.T.);
#1125 = EDGE_CURVE('',#1097,#1126,#1128,.T.);
#1126 = VERTEX_POINT('',#1127);
#1127 = CARTESIAN_POINT('',(-2.661067295324,7.314648908826,
    -9.540375728318E-18));
#1128 = SURFACE_CURVE('',#1129,(#1133,#1140),.PCURVE_S1.);
#1129 = ( BOUNDED_CURVE() B_SPLINE_CURVE(2,(#1130,#1131,#1132),
.UNSPECIFIED.,.F.,.F.) B_SPLINE_CURVE_WITH_KNOTS((3,3),(0.,1.),
.PIECEWISE_BEZIER_KNOTS.) CURVE() GEOMETRIC_REPRESENTATION_ITEM() 
RATIONAL_B_SPLINE_CURVE((1.,0.871648182287,1.)) REPRESENTATION_ITEM('') 
  );
#1130 = CARTESIAN_POINT('',(-2.344000050648,7.250521620033,
    -8.460799989015E-18));
#1131 = CARTESIAN_POINT('',(-2.520563218309,7.193441026991,
    -3.068183063632E-17));
#1132 = CARTESIAN_POINT('',(-2.661067295324,7.314648908825,0.));
#1133 = PCURVE('',#45,#1134);
#1134 = DEFINITIONAL_REPRESENTATION('',(#1135),#1139);
#1135 = ( BOUNDED_CURVE() B_SPLINE_CURVE(2,(#1136,#1137,#1138),
.UNSPECIFIED.,.F.,.F.) B_SPLINE_CURVE_WITH_KNOTS((3,3),(0.,1.),
.PIECEWISE_BEZIER_KNOTS.) CURVE() GEOMETRIC_REPRESENTATION_ITEM() 
RATIONAL_B_SPLINE_CURVE((1.,0.871648182287,1.)) REPRESENTATION_ITEM('') 
  );
#1136 = CARTESIAN_POINT('',(-2.344000050648,7.250521620033));
#1137 = CARTESIAN_POINT('',(-2.520563218309,7.193441026991));
#1138 = CARTESIAN_POINT('',(-2.661067295324,7.314648908825));
#1139 = ( GEOMETRIC_REPRESENTATION_CONTEXT(2) 
PARAMETRIC_REPRESENTATION_CONTEXT() REPRESENTATION_CONTEXT('2D SPACE',''
  ) );
#1140 = PCURVE('',#1141,#1148);
#1141 = ( BOUNDED_SURFACE() B_SPLINE_SURFACE(1,2,(
    (#1142,#1143,#1144)
    ,(#1145,#1146,#1147
)),.UNSPECIFIED.,.F.,.F.,.F.) B_SPLINE_SURFACE_WITH_KNOTS((2,2),(3,3),(
    0.,1.),(0.,1.),.PIECEWISE_BEZIER_KNOTS.) 
GEOMETRIC_REPRESENTATION_ITEM() RATIONAL_B_SPLINE_SURFACE((
    (1.,0.871648182287,1.)
,(1.,0.871648182287,1.))) REPRESENTATION_ITEM('') SURFACE() );
#1142 = CARTESIAN_POINT('',(-2.344000050648,7.250521620033,
    -8.460799989015E-18));
#1143 = CARTESIAN_POINT('',(-2.520563218309,7.193441026991,
    -3.068183063632E-17));
#1144 = CARTESIAN_POINT('',(-2.661067295324,7.314648908825,0.));
#1145 = CARTESIAN_POINT('',(-2.344000050648,7.250521620033,9.9));
#1146 = CARTESIAN_POINT('',(-2.520563218309,7.193441026991,9.9));
#1147 = CARTESIAN_POINT('',(-2.661067295324,7.314648908825,9.9));
#1148 = DEFINITIONAL_REPRESENTATION('',(#1149),#1152);
#1149 = B_SPLINE_CURVE_WITH_KNOTS('',1,(#1150,#1151),.UNSPECIFIED.,.F.,
  .F.,(2,2),(0.,1.),.PIECEWISE_BEZIER_KNOTS.);
#1150 = CARTESIAN_POINT('',(0.,0.));
#1151 = CARTESIAN_POINT('',(0.,1.));
#1152 = ( GEOMETRIC_REPRESENTATION_CONTEXT(2) 
PARAMETRIC_REPRESENTATION_CONTEXT() REPRESENTATION_CONTEXT('2D SPACE',''
  ) );
#1153 = ORIENTED_EDGE('',*,*,#1154,.T.);
#1154 = EDGE_CURVE('',#1126,#1155,#1157,.T.);
#1155 = VERTEX_POINT('',#1156);
#1156 = CARTESIAN_POINT('',(-2.98993933511,7.922922883677,0.));
#1157 = SURFACE_CURVE('',#1158,(#1163,#1171),.PCURVE_S1.);
#1158 = ( BOUNDED_CURVE() B_SPLINE_CURVE(3,(#1159,#1160,#1161,#1162),
.UNSPECIFIED.,.F.,.F.) B_SPLINE_CURVE_WITH_KNOTS((4,4),(0.,1.),
.PIECEWISE_BEZIER_KNOTS.) CURVE() GEOMETRIC_REPRESENTATION_ITEM() 
RATIONAL_B_SPLINE_CURVE((1.,1.000183442697,1.001988389136,1.)) 
REPRESENTATION_ITEM('') );
#1159 = CARTESIAN_POINT('',(-2.661067295324,7.314648908825,0.));
#1160 = CARTESIAN_POINT('',(-2.827010696736,7.458920250063,0.));
#1161 = CARTESIAN_POINT('',(-2.932693967506,7.712155629565,0.));
#1162 = CARTESIAN_POINT('',(-2.98993933511,7.922922883677,0.));
#1163 = PCURVE('',#45,#1164);
#1164 = DEFINITIONAL_REPRESENTATION('',(#1165),#1170);
#1165 = ( BOUNDED_CURVE() B_SPLINE_CURVE(3,(#1166,#1167,#1168,#1169),
.UNSPECIFIED.,.F.,.F.) B_SPLINE_CURVE_WITH_KNOTS((4,4),(0.,1.),
.PIECEWISE_BEZIER_KNOTS.) CURVE() GEOMETRIC_REPRESENTATION_ITEM() 
RATIONAL_B_SPLINE_CURVE((1.,1.000183442697,1.001988389136,1.)) 
REPRESENTATION_ITEM('') );
#1166 = CARTESIAN_POINT('',(-2.661067295324,7.314648908825));
#1167 = CARTESIAN_POINT('',(-2.827010696736,7.458920250063));
#1168 = CARTESIAN_POINT('',(-2.932693967506,7.712155629565));
#1169 = CARTESIAN_POINT('',(-2.98993933511,7.922922883677));
#1170 = ( GEOMETRIC_REPRESENTATION_CONTEXT(2) 
PARAMETRIC_REPRESENTATION_CONTEXT() REPRESENTATION_CONTEXT('2D SPACE',''
  ) );
#1171 = PCURVE('',#1172,#1181);
#1172 = ( BOUNDED_SURFACE() B_SPLINE_SURFACE(1,3,(
    (#1173,#1174,#1175,#1176)
    ,(#1177,#1178,#1179,#1180
)),.UNSPECIFIED.,.F.,.F.,.F.) B_SPLINE_SURFACE_WITH_KNOTS((2,2),(4,4),(
    0.,1.),(0.,1.),.PIECEWISE_BEZIER_KNOTS.) 
GEOMETRIC_REPRESENTATION_ITEM() RATIONAL_B_SPLINE_SURFACE((
    (1.,1.000183442697,1.001988389136,1.)
,(1.,1.000183442697,1.001988389136,1.
))) REPRESENTATION_ITEM('') SURFACE() );
#1173 = CARTESIAN_POINT('',(-2.661067295324,7.314648908825,0.));
#1174 = CARTESIAN_POINT('',(-2.827010696736,7.458920250063,0.));
#1175 = CARTESIAN_POINT('',(-2.932693967506,7.712155629565,0.));
#1176 = CARTESIAN_POINT('',(-2.98993933511,7.922922883677,0.));
#1177 = CARTESIAN_POINT('',(-2.661067295324,7.314648908825,9.9));
#1178 = CARTESIAN_POINT('',(-2.827010696736,7.458920250063,9.9));
#1179 = CARTESIAN_POINT('',(-2.932693967506,7.712155629565,9.9));
#1180 = CARTESIAN_POINT('',(-2.98993933511,7.922922883677,9.9));
#1181 = DEFINITIONAL_REPRESENTATION('',(#1182),#1185);
#1182 = B_SPLINE_CURVE_WITH_KNOTS('',1,(#1183,#1184),.UNSPECIFIED.,.F.,
  .F.,(2,2),(0.,1.),.PIECEWISE_BEZIER_KNOTS.);
#1183 = CARTESIAN_POINT('',(0.,0.));
#1184 = CARTESIAN_POINT('',(0.,1.));
#1185 = ( GEOMETRIC_REPRESENTATION_CONTEXT(2) 
PARAMETRIC_REPRESENTATION_CONTEXT() REPRESENTATION_CONTEXT('2D SPACE',''
  ) );
#1186 = ORIENTED_EDGE('',*,*,#1187,.T.);
#1187 = EDGE_CURVE('',#1155,#1188,#1190,.T.);
#1188 = VERTEX_POINT('',#1189);
#1189 = CARTESIAN_POINT('',(-5.165406810496,9.621069196408,0.));
#1190 = SURFACE_CURVE('',#1191,(#1196,#1204),.PCURVE_S1.);
#1191 = ( BOUNDED_CURVE() B_SPLINE_CURVE(3,(#1192,#1193,#1194,#1195),
.UNSPECIFIED.,.F.,.F.) B_SPLINE_CURVE_WITH_KNOTS((4,4),(0.,1.),
.PIECEWISE_BEZIER_KNOTS.) CURVE() GEOMETRIC_REPRESENTATION_ITEM() 
RATIONAL_B_SPLINE_CURVE((1.,0.93042703827,1.070034384224,1.)) 
REPRESENTATION_ITEM('') );
#1192 = CARTESIAN_POINT('',(-2.98993933511,7.922922883677,0.));
#1193 = CARTESIAN_POINT('',(-3.320114066363,8.610671072955,0.));
#1194 = CARTESIAN_POINT('',(-4.269372709381,9.24669301045,0.));
#1195 = CARTESIAN_POINT('',(-5.165406810496,9.621069196408,0.));
#1196 = PCURVE('',#45,#1197);
#1197 = DEFINITIONAL_REPRESENTATION('',(#1198),#1203);
#1198 = ( BOUNDED_CURVE() B_SPLINE_CURVE(3,(#1199,#1200,#1201,#1202),
.UNSPECIFIED.,.F.,.F.) B_SPLINE_CURVE_WITH_KNOTS((4,4),(0.,1.),
.PIECEWISE_BEZIER_KNOTS.) CURVE() GEOMETRIC_REPRESENTATION_ITEM() 
RATIONAL_B_SPLINE_CURVE((1.,0.93042703827,1.070034384224,1.)) 
REPRESENTATION_ITEM('') );
#1199 = CARTESIAN_POINT('',(-2.98993933511,7.922922883677));
#1200 = CARTESIAN_POINT('',(-3.320114066363,8.610671072955));
#1201 = CARTESIAN_POINT('',(-4.269372709381,9.24669301045));
#1202 = CARTESIAN_POINT('',(-5.165406810496,9.621069196408));
#1203 = ( GEOMETRIC_REPRESENTATION_CONTEXT(2) 
PARAMETRIC_REPRESENTATION_CONTEXT() REPRESENTATION_CONTEXT('2D SPACE',''
  ) );
#1204 = PCURVE('',#1205,#1214);
#1205 = ( BOUNDED_SURFACE() B_SPLINE_SURFACE(1,3,(
    (#1206,#1207,#1208,#1209)
    ,(#1210,#1211,#1212,#1213
)),.UNSPECIFIED.,.F.,.F.,.F.) B_SPLINE_SURFACE_WITH_KNOTS((2,2),(4,4),(
    0.,1.),(0.,1.),.PIECEWISE_BEZIER_KNOTS.) 
GEOMETRIC_REPRESENTATION_ITEM() RATIONAL_B_SPLINE_SURFACE((
    (1.,0.93042703827,1.070034384224,1.)
,(1.,0.93042703827,1.070034384224,1.
  ))) REPRESENTATION_ITEM('') SURFACE() );
#1206 = CARTESIAN_POINT('',(-2.98993933511,7.922922883677,0.));
#1207 = CARTESIAN_POINT('',(-3.320114066363,8.610671072955,0.));
#1208 = CARTESIAN_POINT('',(-4.269372709381,9.24669301045,0.));
#1209 = CARTESIAN_POINT('',(-5.165406810496,9.621069196408,0.));
#1210 = CARTESIAN_POINT('',(-2.98993933511,7.922922883677,9.9));
#1211 = CARTESIAN_POINT('',(-3.320114066363,8.610671072955,9.9));
#1212 = CARTESIAN_POINT('',(-4.269372709381,9.24669301045,9.9));
#1213 = CARTESIAN_POINT('',(-5.165406810496,9.621069196408,9.9));
#1214 = DEFINITIONAL_REPRESENTATION('',(#1215),#1218);
#1215 = B_SPLINE_CURVE_WITH_KNOTS('',1,(#1216,#1217),.UNSPECIFIED.,.F.,
  .F.,(2,2),(0.,1.),.PIECEWISE_BEZIER_KNOTS.);
#1216 = CARTESIAN_POINT('',(0.,0.));
#1217 = CARTESIAN_POINT('',(0.,1.));
#1218 = ( GEOMETRIC_REPRESENTATION_CONTEXT(2) 
PARAMETRIC_REPRESENTATION_CONTEXT() REPRESENTATION_CONTEXT('2D SPACE',''
  ) );
#1219 = ORIENTED_EDGE('',*,*,#1220,.T.);
#1220 = EDGE_CURVE('',#1188,#1221,#1223,.T.);
#1221 = VERTEX_POINT('',#1222);
#1222 = CARTESIAN_POINT('',(-5.74938693041,9.283908116975,0.));
#1223 = SURFACE_CURVE('',#1224,(#1228,#1235),.PCURVE_S1.);
#1224 = ( BOUNDED_CURVE() B_SPLINE_CURVE(2,(#1225,#1226,#1227),
.UNSPECIFIED.,.F.,.F.) B_SPLINE_CURVE_WITH_KNOTS((3,3),(0.,1.),
.PIECEWISE_BEZIER_KNOTS.) CURVE() GEOMETRIC_REPRESENTATION_ITEM() 
RATIONAL_B_SPLINE_CURVE((1.,0.999523236347,1.)) REPRESENTATION_ITEM('') 
  );
#1225 = CARTESIAN_POINT('',(-5.165406810496,9.621069196408,0.));
#1226 = CARTESIAN_POINT('',(-5.462604371217,9.461508312595,0.));
#1227 = CARTESIAN_POINT('',(-5.74938693041,9.283908116975,0.));
#1228 = PCURVE('',#45,#1229);
#1229 = DEFINITIONAL_REPRESENTATION('',(#1230),#1234);
#1230 = ( BOUNDED_CURVE() B_SPLINE_CURVE(2,(#1231,#1232,#1233),
.UNSPECIFIED.,.F.,.F.) B_SPLINE_CURVE_WITH_KNOTS((3,3),(0.,1.),
.PIECEWISE_BEZIER_KNOTS.) CURVE() GEOMETRIC_REPRESENTATION_ITEM() 
RATIONAL_B_SPLINE_CURVE((1.,0.999523236347,1.)) REPRESENTATION_ITEM('') 
  );
#1231 = CARTESIAN_POINT('',(-5.165406810496,9.621069196408));
#1232 = CARTESIAN_POINT('',(-5.462604371217,9.461508312595));
#1233 = CARTESIAN_POINT('',(-5.74938693041,9.283908116975));
#1234 = ( GEOMETRIC_REPRESENTATION_CONTEXT(2) 
PARAMETRIC_REPRESENTATION_CONTEXT() REPRESENTATION_CONTEXT('2D SPACE',''
  ) );
#1235 = PCURVE('',#1236,#1243);
#1236 = ( BOUNDED_SURFACE() B_SPLINE_SURFACE(1,2,(
    (#1237,#1238,#1239)
    ,(#1240,#1241,#1242
)),.UNSPECIFIED.,.F.,.F.,.F.) B_SPLINE_SURFACE_WITH_KNOTS((2,2),(3,3),(
    0.,1.),(0.,1.),.PIECEWISE_BEZIER_KNOTS.) 
GEOMETRIC_REPRESENTATION_ITEM() RATIONAL_B_SPLINE_SURFACE((
    (1.,0.999523236347,1.)
,(1.,0.999523236347,1.))) REPRESENTATION_ITEM('') SURFACE() );
#1237 = CARTESIAN_POINT('',(-5.165406810496,9.621069196408,0.));
#1238 = CARTESIAN_POINT('',(-5.462604371217,9.461508312595,0.));
#1239 = CARTESIAN_POINT('',(-5.74938693041,9.283908116975,0.));
#1240 = CARTESIAN_POINT('',(-5.165406810496,9.621069196408,9.9));
#1241 = CARTESIAN_POINT('',(-5.462604371217,9.461508312595,9.9));
#1242 = CARTESIAN_POINT('',(-5.74938693041,9.283908116975,9.9));
#1243 = DEFINITIONAL_REPRESENTATION('',(#1244),#1247);
#1244 = B_SPLINE_CURVE_WITH_KNOTS('',1,(#1245,#1246),.UNSPECIFIED.,.F.,
  .F.,(2,2),(0.,1.),.PIECEWISE_BEZIER_KNOTS.);
#1245 = CARTESIAN_POINT('',(0.,0.));
#1246 = CARTESIAN_POINT('',(0.,1.));
#1247 = ( GEOMETRIC_REPRESENTATION_CONTEXT(2) 
PARAMETRIC_REPRESENTATION_CONTEXT() REPRESENTATION_CONTEXT('2D SPACE',''
  ) );
#1248 = ORIENTED_EDGE('',*,*,#1249,.T.);
#1249 = EDGE_CURVE('',#1221,#1250,#1252,.T.);
#1250 = VERTEX_POINT('',#1251);
#1251 = CARTESIAN_POINT('',(-5.366482821935,6.550824861818,0.));
#1252 = SURFACE_CURVE('',#1253,(#1258,#1266),.PCURVE_S1.);
#1253 = ( BOUNDED_CURVE() B_SPLINE_CURVE(3,(#1254,#1255,#1256,#1257),
.UNSPECIFIED.,.F.,.F.) B_SPLINE_CURVE_WITH_KNOTS((4,4),(0.,1.),
.PIECEWISE_BEZIER_KNOTS.) CURVE() GEOMETRIC_REPRESENTATION_ITEM() 
RATIONAL_B_SPLINE_CURVE((1.,1.070034384224,0.93042703827,1.)) 
REPRESENTATION_ITEM('') );
#1254 = CARTESIAN_POINT('',(-5.74938693041,9.283908116975,0.));
#1255 = CARTESIAN_POINT('',(-5.873184693355,8.320731729773,0.));
#1256 = CARTESIAN_POINT('',(-5.797002859629,7.18063866141,0.));
#1257 = CARTESIAN_POINT('',(-5.366482821935,6.550824861818,0.));
#1258 = PCURVE('',#45,#1259);
#1259 = DEFINITIONAL_REPRESENTATION('',(#1260),#1265);
#1260 = ( BOUNDED_CURVE() B_SPLINE_CURVE(3,(#1261,#1262,#1263,#1264),
.UNSPECIFIED.,.F.,.F.) B_SPLINE_CURVE_WITH_KNOTS((4,4),(0.,1.),
.PIECEWISE_BEZIER_KNOTS.) CURVE() GEOMETRIC_REPRESENTATION_ITEM() 
RATIONAL_B_SPLINE_CURVE((1.,1.070034384224,0.93042703827,1.)) 
REPRESENTATION_ITEM('') );
#1261 = CARTESIAN_POINT('',(-5.74938693041,9.283908116975));
#1262 = CARTESIAN_POINT('',(-5.873184693355,8.320731729773));
#1263 = CARTESIAN_POINT('',(-5.797002859629,7.18063866141));
#1264 = CARTESIAN_POINT('',(-5.366482821935,6.550824861818));
#1265 = ( GEOMETRIC_REPRESENTATION_CONTEXT(2) 
PARAMETRIC_REPRESENTATION_CONTEXT() REPRESENTATION_CONTEXT('2D SPACE',''
  ) );
#1266 = PCURVE('',#1267,#1276);
#1267 = ( BOUNDED_SURFACE() B_SPLINE_SURFACE(1,3,(
    (#1268,#1269,#1270,#1271)
    ,(#1272,#1273,#1274,#1275
)),.UNSPECIFIED.,.F.,.F.,.F.) B_SPLINE_SURFACE_WITH_KNOTS((2,2),(4,4),(
    0.,1.),(0.,1.),.PIECEWISE_BEZIER_KNOTS.) 
GEOMETRIC_REPRESENTATION_ITEM() RATIONAL_B_SPLINE_SURFACE((
    (1.,1.070034384224,0.93042703827,1.)
,(1.,1.070034384224,0.93042703827,1.
  ))) REPRESENTATION_ITEM('') SURFACE() );
#1268 = CARTESIAN_POINT('',(-5.74938693041,9.283908116975,0.));
#1269 = CARTESIAN_POINT('',(-5.873184693355,8.320731729773,0.));
#1270 = CARTESIAN_POINT('',(-5.797002859629,7.18063866141,0.));
#1271 = CARTESIAN_POINT('',(-5.366482821935,6.550824861818,0.));
#1272 = CARTESIAN_POINT('',(-5.74938693041,9.283908116975,9.9));
#1273 = CARTESIAN_POINT('',(-5.873184693355,8.320731729773,9.9));
#1274 = CARTESIAN_POINT('',(-5.797002859629,7.18063866141,9.9));
#1275 = CARTESIAN_POINT('',(-5.366482821935,6.550824861818,9.9));
#1276 = DEFINITIONAL_REPRESENTATION('',(#1277),#1280);
#1277 = B_SPLINE_CURVE_WITH_KNOTS('',1,(#1278,#1279),.UNSPECIFIED.,.F.,
  .F.,(2,2),(0.,1.),.PIECEWISE_BEZIER_KNOTS.);
#1278 = CARTESIAN_POINT('',(0.,0.));
#1279 = CARTESIAN_POINT('',(0.,1.));
#1280 = ( GEOMETRIC_REPRESENTATION_CONTEXT(2) 
PARAMETRIC_REPRESENTATION_CONTEXT() REPRESENTATION_CONTEXT('2D SPACE',''
  ) );
#1281 = ORIENTED_EDGE('',*,*,#1282,.T.);
#1282 = EDGE_CURVE('',#1250,#1283,#1285,.T.);
#1283 = VERTEX_POINT('',#1284);
#1284 = CARTESIAN_POINT('',(-5.004138127145,5.961876333343,0.));
#1285 = SURFACE_CURVE('',#1286,(#1291,#1299),.PCURVE_S1.);
#1286 = ( BOUNDED_CURVE() B_SPLINE_CURVE(3,(#1287,#1288,#1289,#1290),
.UNSPECIFIED.,.F.,.F.) B_SPLINE_CURVE_WITH_KNOTS((4,4),(0.,1.),
.PIECEWISE_BEZIER_KNOTS.) CURVE() GEOMETRIC_REPRESENTATION_ITEM() 
RATIONAL_B_SPLINE_CURVE((1.,1.001988389136,1.000183442697,1.)) 
REPRESENTATION_ITEM('') );
#1287 = CARTESIAN_POINT('',(-5.366482821935,6.550824861818,0.));
#1288 = CARTESIAN_POINT('',(-5.21257570939,6.395865292168,0.));
#1289 = CARTESIAN_POINT('',(-5.046109072989,6.177723205175,0.));
#1290 = CARTESIAN_POINT('',(-5.004138127145,5.961876333343,0.));
#1291 = PCURVE('',#45,#1292);
#1292 = DEFINITIONAL_REPRESENTATION('',(#1293),#1298);
#1293 = ( BOUNDED_CURVE() B_SPLINE_CURVE(3,(#1294,#1295,#1296,#1297),
.UNSPECIFIED.,.F.,.F.) B_SPLINE_CURVE_WITH_KNOTS((4,4),(0.,1.),
.PIECEWISE_BEZIER_KNOTS.) CURVE() GEOMETRIC_REPRESENTATION_ITEM() 
RATIONAL_B_SPLINE_CURVE((1.,1.001988389136,1.000183442697,1.)) 
REPRESENTATION_ITEM('') );
#1294 = CARTESIAN_POINT('',(-5.366482821935,6.550824861818));
#1295 = CARTESIAN_POINT('',(-5.21257570939,6.395865292168));
#1296 = CARTESIAN_POINT('',(-5.046109072989,6.177723205175));
#1297 = CARTESIAN_POINT('',(-5.004138127145,5.961876333343));
#1298 = ( GEOMETRIC_REPRESENTATION_CONTEXT(2) 
PARAMETRIC_REPRESENTATION_CONTEXT() REPRESENTATION_CONTEXT('2D SPACE',''
  ) );
#1299 = PCURVE('',#1300,#1309);
#1300 = ( BOUNDED_SURFACE() B_SPLINE_SURFACE(1,3,(
    (#1301,#1302,#1303,#1304)
    ,(#1305,#1306,#1307,#1308
)),.UNSPECIFIED.,.F.,.F.,.F.) B_SPLINE_SURFACE_WITH_KNOTS((2,2),(4,4),(
    0.,1.),(0.,1.),.PIECEWISE_BEZIER_KNOTS.) 
GEOMETRIC_REPRESENTATION_ITEM() RATIONAL_B_SPLINE_SURFACE((
    (1.,1.001988389136,1.000183442697,1.)
,(1.,1.001988389136,1.000183442697,1.
))) REPRESENTATION_ITEM('') SURFACE() );
#1301 = CARTESIAN_POINT('',(-5.366482821935,6.550824861818,0.));
#1302 = CARTESIAN_POINT('',(-5.21257570939,6.395865292168,0.));
#1303 = CARTESIAN_POINT('',(-5.046109072989,6.177723205175,0.));
#1304 = CARTESIAN_POINT('',(-5.004138127145,5.961876333343,0.));
#1305 = CARTESIAN_POINT('',(-5.366482821935,6.550824861818,9.9));
#1306 = CARTESIAN_POINT('',(-5.21257570939,6.395865292168,9.9));
#1307 = CARTESIAN_POINT('',(-5.046109072989,6.177723205175,9.9));
#1308 = CARTESIAN_POINT('',(-5.004138127145,5.961876333343,9.9));
#1309 = DEFINITIONAL_REPRESENTATION('',(#1310),#1313);
#1310 = B_SPLINE_CURVE_WITH_KNOTS('',1,(#1311,#1312),.UNSPECIFIED.,.F.,
  .F.,(2,2),(0.,1.),.PIECEWISE_BEZIER_KNOTS.);
#1311 = CARTESIAN_POINT('',(0.,0.));
#1312 = CARTESIAN_POINT('',(0.,1.));
#1313 = ( GEOMETRIC_REPRESENTATION_CONTEXT(2) 
PARAMETRIC_REPRESENTATION_CONTEXT() REPRESENTATION_CONTEXT('2D SPACE',''
  ) );
#1314 = ORIENTED_EDGE('',*,*,#1315,.T.);
#1315 = EDGE_CURVE('',#1283,#1316,#1318,.T.);
#1316 = VERTEX_POINT('',#1317);
#1317 = CARTESIAN_POINT('',(-5.107135888313,5.655224400349,
    -8.460799989015E-18));
#1318 = SURFACE_CURVE('',#1319,(#1323,#1330),.PCURVE_S1.);
#1319 = ( BOUNDED_CURVE() B_SPLINE_CURVE(2,(#1320,#1321,#1322),
.UNSPECIFIED.,.F.,.F.) B_SPLINE_CURVE_WITH_KNOTS((3,3),(0.,1.),
.PIECEWISE_BEZIER_KNOTS.) CURVE() GEOMETRIC_REPRESENTATION_ITEM() 
RATIONAL_B_SPLINE_CURVE((1.,0.871648182287,1.)) REPRESENTATION_ITEM('') 
  );
#1320 = CARTESIAN_POINT('',(-5.004138127145,5.961876333343,0.));
#1321 = CARTESIAN_POINT('',(-4.969421060845,5.779592292396,
    -3.068183063632E-17));
#1322 = CARTESIAN_POINT('',(-5.107135888313,5.655224400349,
    -8.460799989015E-18));
#1323 = PCURVE('',#45,#1324);
#1324 = DEFINITIONAL_REPRESENTATION('',(#1325),#1329);
#1325 = ( BOUNDED_CURVE() B_SPLINE_CURVE(2,(#1326,#1327,#1328),
.UNSPECIFIED.,.F.,.F.) B_SPLINE_CURVE_WITH_KNOTS((3,3),(0.,1.),
.PIECEWISE_BEZIER_KNOTS.) CURVE() GEOMETRIC_REPRESENTATION_ITEM() 
RATIONAL_B_SPLINE_CURVE((1.,0.871648182287,1.)) REPRESENTATION_ITEM('') 
  );
#1326 = CARTESIAN_POINT('',(-5.004138127145,5.961876333343));
#1327 = CARTESIAN_POINT('',(-4.969421060845,5.779592292396));
#1328 = CARTESIAN_POINT('',(-5.107135888313,5.655224400349));
#1329 = ( GEOMETRIC_REPRESENTATION_CONTEXT(2) 
PARAMETRIC_REPRESENTATION_CONTEXT() REPRESENTATION_CONTEXT('2D SPACE',''
  ) );
#1330 = PCURVE('',#1331,#1338);
#1331 = ( BOUNDED_SURFACE() B_SPLINE_SURFACE(1,2,(
    (#1332,#1333,#1334)
    ,(#1335,#1336,#1337
)),.UNSPECIFIED.,.F.,.F.,.F.) B_SPLINE_SURFACE_WITH_KNOTS((2,2),(3,3),(
    0.,1.),(0.,1.),.PIECEWISE_BEZIER_KNOTS.) 
GEOMETRIC_REPRESENTATION_ITEM() RATIONAL_B_SPLINE_SURFACE((
    (1.,0.871648182287,1.)
,(1.,0.871648182287,1.))) REPRESENTATION_ITEM('') SURFACE() );
#1332 = CARTESIAN_POINT('',(-5.004138127145,5.961876333343,0.));
#1333 = CARTESIAN_POINT('',(-4.969421060845,5.779592292396,
    -3.068183063632E-17));
#1334 = CARTESIAN_POINT('',(-5.107135888313,5.655224400349,
    -8.460799989015E-18));
#1335 = CARTESIAN_POINT('',(-5.004138127145,5.961876333343,9.9));
#1336 = CARTESIAN_POINT('',(-4.969421060845,5.779592292396,9.9));
#1337 = CARTESIAN_POINT('',(-5.107135888313,5.655224400349,9.9));
#1338 = DEFINITIONAL_REPRESENTATION('',(#1339),#1342);
#1339 = B_SPLINE_CURVE_WITH_KNOTS('',1,(#1340,#1341),.UNSPECIFIED.,.F.,
  .F.,(2,2),(0.,1.),.PIECEWISE_BEZIER_KNOTS.);
#1340 = CARTESIAN_POINT('',(0.,0.));
#1341 = CARTESIAN_POINT('',(0.,1.));
#1342 = ( GEOMETRIC_REPRESENTATION_CONTEXT(2) 
PARAMETRIC_REPRESENTATION_CONTEXT() REPRESENTATION_CONTEXT('2D SPACE',''
  ) );
#1343 = ORIENTED_EDGE('',*,*,#1344,.T.);
#1344 = EDGE_CURVE('',#1316,#1345,#1347,.T.);
#1345 = VERTEX_POINT('',#1346);
#1346 = CARTESIAN_POINT('',(-5.655224400349,5.107135888313,
    -8.460799989015E-18));
#1347 = SURFACE_CURVE('',#1348,(#1352,#1359),.PCURVE_S1.);
#1348 = ( BOUNDED_CURVE() B_SPLINE_CURVE(2,(#1349,#1350,#1351),
.UNSPECIFIED.,.F.,.F.) B_SPLINE_CURVE_WITH_KNOTS((3,3),(0.,1.),
.PIECEWISE_BEZIER_KNOTS.) CURVE() GEOMETRIC_REPRESENTATION_ITEM() 
RATIONAL_B_SPLINE_CURVE((1.,0.998705766625,1.)) REPRESENTATION_ITEM('') 
  );
#1349 = CARTESIAN_POINT('',(-5.107135888313,5.655224400349,
    -8.460799989015E-18));
#1350 = CARTESIAN_POINT('',(-5.395136238021,5.395136238021,
    -8.460799989015E-18));
#1351 = CARTESIAN_POINT('',(-5.655224400349,5.107135888313,
    -8.460799989015E-18));
#1352 = PCURVE('',#45,#1353);
#1353 = DEFINITIONAL_REPRESENTATION('',(#1354),#1358);
#1354 = ( BOUNDED_CURVE() B_SPLINE_CURVE(2,(#1355,#1356,#1357),
.UNSPECIFIED.,.F.,.F.) B_SPLINE_CURVE_WITH_KNOTS((3,3),(0.,1.),
.PIECEWISE_BEZIER_KNOTS.) CURVE() GEOMETRIC_REPRESENTATION_ITEM() 
RATIONAL_B_SPLINE_CURVE((1.,0.998705766625,1.)) REPRESENTATION_ITEM('') 
  );
#1355 = CARTESIAN_POINT('',(-5.107135888313,5.655224400349));
#1356 = CARTESIAN_POINT('',(-5.395136238021,5.395136238021));
#1357 = CARTESIAN_POINT('',(-5.655224400349,5.107135888313));
#1358 = ( GEOMETRIC_REPRESENTATION_CONTEXT(2) 
PARAMETRIC_REPRESENTATION_CONTEXT() REPRESENTATION_CONTEXT('2D SPACE',''
  ) );
#1359 = PCURVE('',#1360,#1367);
#1360 = ( BOUNDED_SURFACE() B_SPLINE_SURFACE(1,2,(
    (#1361,#1362,#1363)
    ,(#1364,#1365,#1366
)),.UNSPECIFIED.,.F.,.F.,.F.) B_SPLINE_SURFACE_WITH_KNOTS((2,2),(3,3),(
    0.,1.),(0.,1.),.PIECEWISE_BEZIER_KNOTS.) 
GEOMETRIC_REPRESENTATION_ITEM() RATIONAL_B_SPLINE_SURFACE((
    (1.,0.998705766625,1.)
,(1.,0.998705766625,1.))) REPRESENTATION_ITEM('') SURFACE() );
#1361 = CARTESIAN_POINT('',(-5.107135888313,5.655224400349,
    -8.460799989015E-18));
#1362 = CARTESIAN_POINT('',(-5.395136238021,5.395136238021,
    -8.460799989015E-18));
#1363 = CARTESIAN_POINT('',(-5.655224400349,5.107135888313,
    -8.460799989015E-18));
#1364 = CARTESIAN_POINT('',(-5.107135888313,5.655224400349,9.9));
#1365 = CARTESIAN_POINT('',(-5.395136238021,5.395136238021,9.9));
#1366 = CARTESIAN_POINT('',(-5.655224400349,5.107135888313,9.9));
#1367 = DEFINITIONAL_REPRESENTATION('',(#1368),#1371);
#1368 = B_SPLINE_CURVE_WITH_KNOTS('',1,(#1369,#1370),.UNSPECIFIED.,.F.,
  .F.,(2,2),(0.,1.),.PIECEWISE_BEZIER_KNOTS.);
#1369 = CARTESIAN_POINT('',(0.,0.));
#1370 = CARTESIAN_POINT('',(0.,1.));
#1371 = ( GEOMETRIC_REPRESENTATION_CONTEXT(2) 
PARAMETRIC_REPRESENTATION_CONTEXT() REPRESENTATION_CONTEXT('2D SPACE',''
  ) );
#1372 = ORIENTED_EDGE('',*,*,#1373,.T.);
#1373 = EDGE_CURVE('',#1345,#1374,#1376,.T.);
#1374 = VERTEX_POINT('',#1375);
#1375 = CARTESIAN_POINT('',(-5.961876333343,5.004138127145,
    -9.540375728318E-18));
#1376 = SURFACE_CURVE('',#1377,(#1381,#1388),.PCURVE_S1.);
#1377 = ( BOUNDED_CURVE() B_SPLINE_CURVE(2,(#1378,#1379,#1380),
.UNSPECIFIED.,.F.,.F.) B_SPLINE_CURVE_WITH_KNOTS((3,3),(0.,1.),
.PIECEWISE_BEZIER_KNOTS.) CURVE() GEOMETRIC_REPRESENTATION_ITEM() 
RATIONAL_B_SPLINE_CURVE((1.,0.871648182287,1.)) REPRESENTATION_ITEM('') 
  );
#1378 = CARTESIAN_POINT('',(-5.655224400349,5.107135888313,
    -8.460799989015E-18));
#1379 = CARTESIAN_POINT('',(-5.779592292396,4.969421060845,
    -3.068183063632E-17));
#1380 = CARTESIAN_POINT('',(-5.961876333343,5.004138127145,0.));
#1381 = PCURVE('',#45,#1382);
#1382 = DEFINITIONAL_REPRESENTATION('',(#1383),#1387);
#1383 = ( BOUNDED_CURVE() B_SPLINE_CURVE(2,(#1384,#1385,#1386),
.UNSPECIFIED.,.F.,.F.) B_SPLINE_CURVE_WITH_KNOTS((3,3),(0.,1.),
.PIECEWISE_BEZIER_KNOTS.) CURVE() GEOMETRIC_REPRESENTATION_ITEM() 
RATIONAL_B_SPLINE_CURVE((1.,0.871648182287,1.)) REPRESENTATION_ITEM('') 
  );
#1384 = CARTESIAN_POINT('',(-5.655224400349,5.107135888313));
#1385 = CARTESIAN_POINT('',(-5.779592292396,4.969421060845));
#1386 = CARTESIAN_POINT('',(-5.961876333343,5.004138127145));
#1387 = ( GEOMETRIC_REPRESENTATION_CONTEXT(2) 
PARAMETRIC_REPRESENTATION_CONTEXT() REPRESENTATION_CONTEXT('2D SPACE',''
  ) );
#1388 = PCURVE('',#1389,#1396);
#1389 = ( BOUNDED_SURFACE() B_SPLINE_SURFACE(1,2,(
    (#1390,#1391,#1392)
    ,(#1393,#1394,#1395
)),.UNSPECIFIED.,.F.,.F.,.F.) B_SPLINE_SURFACE_WITH_KNOTS((2,2),(3,3),(
    0.,1.),(0.,1.),.PIECEWISE_BEZIER_KNOTS.) 
GEOMETRIC_REPRESENTATION_ITEM() RATIONAL_B_SPLINE_SURFACE((
    (1.,0.871648182287,1.)
,(1.,0.871648182287,1.))) REPRESENTATION_ITEM('') SURFACE() );
#1390 = CARTESIAN_POINT('',(-5.655224400349,5.107135888313,
    -8.460799989015E-18));
#1391 = CARTESIAN_POINT('',(-5.779592292396,4.969421060845,
    -3.068183063632E-17));
#1392 = CARTESIAN_POINT('',(-5.961876333343,5.004138127145,0.));
#1393 = CARTESIAN_POINT('',(-5.655224400349,5.107135888313,9.9));
#1394 = CARTESIAN_POINT('',(-5.779592292396,4.969421060845,9.9));
#1395 = CARTESIAN_POINT('',(-5.961876333343,5.004138127145,9.9));
#1396 = DEFINITIONAL_REPRESENTATION('',(#1397),#1400);
#1397 = B_SPLINE_CURVE_WITH_KNOTS('',1,(#1398,#1399),.UNSPECIFIED.,.F.,
  .F.,(2,2),(0.,1.),.PIECEWISE_BEZIER_KNOTS.);
#1398 = CARTESIAN_POINT('',(0.,0.));
#1399 = CARTESIAN_POINT('',(0.,1.));
#1400 = ( GEOMETRIC_REPRESENTATION_CONTEXT(2) 
PARAMETRIC_REPRESENTATION_CONTEXT() REPRESENTATION_CONTEXT('2D SPACE',''
  ) );
#1401 = ORIENTED_EDGE('',*,*,#1402,.T.);
#1402 = EDGE_CURVE('',#1374,#1403,#1405,.T.);
#1403 = VERTEX_POINT('',#1404);
#1404 = CARTESIAN_POINT('',(-6.550824861818,5.366482821935,0.));
#1405 = SURFACE_CURVE('',#1406,(#1411,#1419),.PCURVE_S1.);
#1406 = ( BOUNDED_CURVE() B_SPLINE_CURVE(3,(#1407,#1408,#1409,#1410),
.UNSPECIFIED.,.F.,.F.) B_SPLINE_CURVE_WITH_KNOTS((4,4),(0.,1.),
.PIECEWISE_BEZIER_KNOTS.) CURVE() GEOMETRIC_REPRESENTATION_ITEM() 
RATIONAL_B_SPLINE_CURVE((1.,1.000183442697,1.001988389136,1.)) 
REPRESENTATION_ITEM('') );
#1407 = CARTESIAN_POINT('',(-5.961876333343,5.004138127145,0.));
#1408 = CARTESIAN_POINT('',(-6.177723205175,5.046109072989,0.));
#1409 = CARTESIAN_POINT('',(-6.395865292168,5.21257570939,0.));
#1410 = CARTESIAN_POINT('',(-6.550824861818,5.366482821935,0.));
#1411 = PCURVE('',#45,#1412);
#1412 = DEFINITIONAL_REPRESENTATION('',(#1413),#1418);
#1413 = ( BOUNDED_CURVE() B_SPLINE_CURVE(3,(#1414,#1415,#1416,#1417),
.UNSPECIFIED.,.F.,.F.) B_SPLINE_CURVE_WITH_KNOTS((4,4),(0.,1.),
.PIECEWISE_BEZIER_KNOTS.) CURVE() GEOMETRIC_REPRESENTATION_ITEM() 
RATIONAL_B_SPLINE_CURVE((1.,1.000183442697,1.001988389136,1.)) 
REPRESENTATION_ITEM('') );
#1414 = CARTESIAN_POINT('',(-5.961876333343,5.004138127145));
#1415 = CARTESIAN_POINT('',(-6.177723205175,5.046109072989));
#1416 = CARTESIAN_POINT('',(-6.395865292168,5.21257570939));
#1417 = CARTESIAN_POINT('',(-6.550824861818,5.366482821935));
#1418 = ( GEOMETRIC_REPRESENTATION_CONTEXT(2) 
PARAMETRIC_REPRESENTATION_CONTEXT() REPRESENTATION_CONTEXT('2D SPACE',''
  ) );
#1419 = PCURVE('',#1420,#1429);
#1420 = ( BOUNDED_SURFACE() B_SPLINE_SURFACE(1,3,(
    (#1421,#1422,#1423,#1424)
    ,(#1425,#1426,#1427,#1428
)),.UNSPECIFIED.,.F.,.F.,.F.) B_SPLINE_SURFACE_WITH_KNOTS((2,2),(4,4),(
    0.,1.),(0.,1.),.PIECEWISE_BEZIER_KNOTS.) 
GEOMETRIC_REPRESENTATION_ITEM() RATIONAL_B_SPLINE_SURFACE((
    (1.,1.000183442697,1.001988389136,1.)
,(1.,1.000183442697,1.001988389136,1.
))) REPRESENTATION_ITEM('') SURFACE() );
#1421 = CARTESIAN_POINT('',(-5.961876333343,5.004138127145,0.));
#1422 = CARTESIAN_POINT('',(-6.177723205175,5.046109072989,0.));
#1423 = CARTESIAN_POINT('',(-6.395865292168,5.21257570939,0.));
#1424 = CARTESIAN_POINT('',(-6.550824861818,5.366482821935,0.));
#1425 = CARTESIAN_POINT('',(-5.961876333343,5.004138127145,9.9));
#1426 = CARTESIAN_POINT('',(-6.177723205175,5.046109072989,9.9));
#1427 = CARTESIAN_POINT('',(-6.395865292168,5.21257570939,9.9));
#1428 = CARTESIAN_POINT('',(-6.550824861818,5.366482821935,9.9));
#1429 = DEFINITIONAL_REPRESENTATION('',(#1430),#1433);
#1430 = B_SPLINE_CURVE_WITH_KNOTS('',1,(#1431,#1432),.UNSPECIFIED.,.F.,
  .F.,(2,2),(0.,1.),.PIECEWISE_BEZIER_KNOTS.);
#1431 = CARTESIAN_POINT('',(0.,0.));
#1432 = CARTESIAN_POINT('',(0.,1.));
#1433 = ( GEOMETRIC_REPRESENTATION_CONTEXT(2) 
PARAMETRIC_REPRESENTATION_CONTEXT() REPRESENTATION_CONTEXT('2D SPACE',''
  ) );
#1434 = ORIENTED_EDGE('',*,*,#1435,.T.);
#1435 = EDGE_CURVE('',#1403,#1436,#1438,.T.);
#1436 = VERTEX_POINT('',#1437);
#1437 = CARTESIAN_POINT('',(-9.283908116975,5.74938693041,0.));
#1438 = SURFACE_CURVE('',#1439,(#1444,#1452),.PCURVE_S1.);
#1439 = ( BOUNDED_CURVE() B_SPLINE_CURVE(3,(#1440,#1441,#1442,#1443),
.UNSPECIFIED.,.F.,.F.) B_SPLINE_CURVE_WITH_KNOTS((4,4),(0.,1.),
.PIECEWISE_BEZIER_KNOTS.) CURVE() GEOMETRIC_REPRESENTATION_ITEM() 
RATIONAL_B_SPLINE_CURVE((1.,0.93042703827,1.070034384224,1.)) 
REPRESENTATION_ITEM('') );
#1440 = CARTESIAN_POINT('',(-6.550824861818,5.366482821935,0.));
#1441 = CARTESIAN_POINT('',(-7.18063866141,5.797002859629,0.));
#1442 = CARTESIAN_POINT('',(-8.320731729773,5.873184693355,0.));
#1443 = CARTESIAN_POINT('',(-9.283908116975,5.74938693041,0.));
#1444 = PCURVE('',#45,#1445);
#1445 = DEFINITIONAL_REPRESENTATION('',(#1446),#1451);
#1446 = ( BOUNDED_CURVE() B_SPLINE_CURVE(3,(#1447,#1448,#1449,#1450),
.UNSPECIFIED.,.F.,.F.) B_SPLINE_CURVE_WITH_KNOTS((4,4),(0.,1.),
.PIECEWISE_BEZIER_KNOTS.) CURVE() GEOMETRIC_REPRESENTATION_ITEM() 
RATIONAL_B_SPLINE_CURVE((1.,0.93042703827,1.070034384224,1.)) 
REPRESENTATION_ITEM('') );
#1447 = CARTESIAN_POINT('',(-6.550824861818,5.366482821935));
#1448 = CARTESIAN_POINT('',(-7.18063866141,5.797002859629));
#1449 = CARTESIAN_POINT('',(-8.320731729773,5.873184693355));
#1450 = CARTESIAN_POINT('',(-9.283908116975,5.74938693041));
#1451 = ( GEOMETRIC_REPRESENTATION_CONTEXT(2) 
PARAMETRIC_REPRESENTATION_CONTEXT() REPRESENTATION_CONTEXT('2D SPACE',''
  ) );
#1452 = PCURVE('',#1453,#1462);
#1453 = ( BOUNDED_SURFACE() B_SPLINE_SURFACE(1,3,(
    (#1454,#1455,#1456,#1457)
    ,(#1458,#1459,#1460,#1461
)),.UNSPECIFIED.,.F.,.F.,.F.) B_SPLINE_SURFACE_WITH_KNOTS((2,2),(4,4),(
    0.,1.),(0.,1.),.PIECEWISE_BEZIER_KNOTS.) 
GEOMETRIC_REPRESENTATION_ITEM() RATIONAL_B_SPLINE_SURFACE((
    (1.,0.93042703827,1.070034384224,1.)
,(1.,0.93042703827,1.070034384224,1.
  ))) REPRESENTATION_ITEM('') SURFACE() );
#1454 = CARTESIAN_POINT('',(-6.550824861818,5.366482821935,0.));
#1455 = CARTESIAN_POINT('',(-7.18063866141,5.797002859629,0.));
#1456 = CARTESIAN_POINT('',(-8.320731729773,5.873184693355,0.));
#1457 = CARTESIAN_POINT('',(-9.283908116975,5.74938693041,0.));
#1458 = CARTESIAN_POINT('',(-6.550824861818,5.366482821935,9.9));
#1459 = CARTESIAN_POINT('',(-7.18063866141,5.797002859629,9.9));
#1460 = CARTESIAN_POINT('',(-8.320731729773,5.873184693355,9.9));
#1461 = CARTESIAN_POINT('',(-9.283908116975,5.74938693041,9.9));
#1462 = DEFINITIONAL_REPRESENTATION('',(#1463),#1466);
#1463 = B_SPLINE_CURVE_WITH_KNOTS('',1,(#1464,#1465),.UNSPECIFIED.,.F.,
  .F.,(2,2),(0.,1.),.PIECEWISE_BEZIER_KNOTS.);
#1464 = CARTESIAN_POINT('',(0.,0.));
#1465 = CARTESIAN_POINT('',(0.,1.));
#1466 = ( GEOMETRIC_REPRESENTATION_CONTEXT(2) 
PARAMETRIC_REPRESENTATION_CONTEXT() REPRESENTATION_CONTEXT('2D SPACE',''
  ) );
#1467 = ORIENTED_EDGE('',*,*,#1468,.T.);
#1468 = EDGE_CURVE('',#1436,#1469,#1471,.T.);
#1469 = VERTEX_POINT('',#1470);
#1470 = CARTESIAN_POINT('',(-9.621069196408,5.165406810496,0.));
#1471 = SURFACE_CURVE('',#1472,(#1476,#1483),.PCURVE_S1.);
#1472 = ( BOUNDED_CURVE() B_SPLINE_CURVE(2,(#1473,#1474,#1475),
.UNSPECIFIED.,.F.,.F.) B_SPLINE_CURVE_WITH_KNOTS((3,3),(0.,1.),
.PIECEWISE_BEZIER_KNOTS.) CURVE() GEOMETRIC_REPRESENTATION_ITEM() 
RATIONAL_B_SPLINE_CURVE((1.,0.999523236347,1.)) REPRESENTATION_ITEM('') 
  );
#1473 = CARTESIAN_POINT('',(-9.283908116975,5.74938693041,0.));
#1474 = CARTESIAN_POINT('',(-9.461508312595,5.462604371217,0.));
#1475 = CARTESIAN_POINT('',(-9.621069196408,5.165406810496,0.));
#1476 = PCURVE('',#45,#1477);
#1477 = DEFINITIONAL_REPRESENTATION('',(#1478),#1482);
#1478 = ( BOUNDED_CURVE() B_SPLINE_CURVE(2,(#1479,#1480,#1481),
.UNSPECIFIED.,.F.,.F.) B_SPLINE_CURVE_WITH_KNOTS((3,3),(0.,1.),
.PIECEWISE_BEZIER_KNOTS.) CURVE() GEOMETRIC_REPRESENTATION_ITEM() 
RATIONAL_B_SPLINE_CURVE((1.,0.999523236347,1.)) REPRESENTATION_ITEM('') 
  );
#1479 = CARTESIAN_POINT('',(-9.283908116975,5.74938693041));
#1480 = CARTESIAN_POINT('',(-9.461508312595,5.462604371217));
#1481 = CARTESIAN_POINT('',(-9.621069196408,5.165406810496));
#1482 = ( GEOMETRIC_REPRESENTATION_CONTEXT(2) 
PARAMETRIC_REPRESENTATION_CONTEXT() REPRESENTATION_CONTEXT('2D SPACE',''
  ) );
#1483 = PCURVE('',#1484,#1491);
#1484 = ( BOUNDED_SURFACE() B_SPLINE_SURFACE(1,2,(
    (#1485,#1486,#1487)
    ,(#1488,#1489,#1490
)),.UNSPECIFIED.,.F.,.F.,.F.) B_SPLINE_SURFACE_WITH_KNOTS((2,2),(3,3),(
    0.,1.),(0.,1.),.PIECEWISE_BEZIER_KNOTS.) 
GEOMETRIC_REPRESENTATION_ITEM() RATIONAL_B_SPLINE_SURFACE((
    (1.,0.999523236347,1.)
,(1.,0.999523236347,1.))) REPRESENTATION_ITEM('') SURFACE() );
#1485 = CARTESIAN_POINT('',(-9.283908116975,5.74938693041,0.));
#1486 = CARTESIAN_POINT('',(-9.461508312595,5.462604371217,0.));
#1487 = CARTESIAN_POINT('',(-9.621069196408,5.165406810496,0.));
#1488 = CARTESIAN_POINT('',(-9.283908116975,5.74938693041,9.9));
#1489 = CARTESIAN_POINT('',(-9.461508312595,5.462604371217,9.9));
#1490 = CARTESIAN_POINT('',(-9.621069196408,5.165406810496,9.9));
#1491 = DEFINITIONAL_REPRESENTATION('',(#1492),#1495);
#1492 = B_SPLINE_CURVE_WITH_KNOTS('',1,(#1493,#1494),.UNSPECIFIED.,.F.,
  .F.,(2,2),(0.,1.),.PIECEWISE_BEZIER_KNOTS.);
#1493 = CARTESIAN_POINT('',(0.,0.));
#1494 = CARTESIAN_POINT('',(0.,1.));
#1495 = ( GEOMETRIC_REPRESENTATION_CONTEXT(2) 
PARAMETRIC_REPRESENTATION_CONTEXT() REPRESENTATION_CONTEXT('2D SPACE',''
  ) );
#1496 = ORIENTED_EDGE('',*,*,#1497,.T.);
#1497 = EDGE_CURVE('',#1469,#1498,#1500,.T.);
#1498 = VERTEX_POINT('',#1499);
#1499 = CARTESIAN_POINT('',(-7.922922883677,2.98993933511,0.));
#1500 = SURFACE_CURVE('',#1501,(#1506,#1514),.PCURVE_S1.);
#1501 = ( BOUNDED_CURVE() B_SPLINE_CURVE(3,(#1502,#1503,#1504,#1505),
.UNSPECIFIED.,.F.,.F.) B_SPLINE_CURVE_WITH_KNOTS((4,4),(0.,1.),
.PIECEWISE_BEZIER_KNOTS.) CURVE() GEOMETRIC_REPRESENTATION_ITEM() 
RATIONAL_B_SPLINE_CURVE((1.,1.070034384224,0.93042703827,1.)) 
REPRESENTATION_ITEM('') );
#1502 = CARTESIAN_POINT('',(-9.621069196408,5.165406810496,0.));
#1503 = CARTESIAN_POINT('',(-9.24669301045,4.269372709381,0.));
#1504 = CARTESIAN_POINT('',(-8.610671072955,3.320114066363,0.));
#1505 = CARTESIAN_POINT('',(-7.922922883677,2.98993933511,0.));
#1506 = PCURVE('',#45,#1507);
#1507 = DEFINITIONAL_REPRESENTATION('',(#1508),#1513);
#1508 = ( BOUNDED_CURVE() B_SPLINE_CURVE(3,(#1509,#1510,#1511,#1512),
.UNSPECIFIED.,.F.,.F.) B_SPLINE_CURVE_WITH_KNOTS((4,4),(0.,1.),
.PIECEWISE_BEZIER_KNOTS.) CURVE() GEOMETRIC_REPRESENTATION_ITEM() 
RATIONAL_B_SPLINE_CURVE((1.,1.070034384224,0.93042703827,1.)) 
REPRESENTATION_ITEM('') );
#1509 = CARTESIAN_POINT('',(-9.621069196408,5.165406810496));
#1510 = CARTESIAN_POINT('',(-9.24669301045,4.269372709381));
#1511 = CARTESIAN_POINT('',(-8.610671072955,3.320114066363));
#1512 = CARTESIAN_POINT('',(-7.922922883677,2.98993933511));
#1513 = ( GEOMETRIC_REPRESENTATION_CONTEXT(2) 
PARAMETRIC_REPRESENTATION_CONTEXT() REPRESENTATION_CONTEXT('2D SPACE',''
  ) );
#1514 = PCURVE('',#1515,#1524);
#1515 = ( BOUNDED_SURFACE() B_SPLINE_SURFACE(1,3,(
    (#1516,#1517,#1518,#1519)
    ,(#1520,#1521,#1522,#1523
)),.UNSPECIFIED.,.F.,.F.,.F.) B_SPLINE_SURFACE_WITH_KNOTS((2,2),(4,4),(
    0.,1.),(0.,1.),.PIECEWISE_BEZIER_KNOTS.) 
GEOMETRIC_REPRESENTATION_ITEM() RATIONAL_B_SPLINE_SURFACE((
    (1.,1.070034384224,0.93042703827,1.)
,(1.,1.070034384224,0.93042703827,1.
  ))) REPRESENTATION_ITEM('') SURFACE() );
#1516 = CARTESIAN_POINT('',(-9.621069196408,5.165406810496,0.));
#1517 = CARTESIAN_POINT('',(-9.24669301045,4.269372709381,0.));
#1518 = CARTESIAN_POINT('',(-8.610671072955,3.320114066363,0.));
#1519 = CARTESIAN_POINT('',(-7.922922883677,2.98993933511,0.));
#1520 = CARTESIAN_POINT('',(-9.621069196408,5.165406810496,9.9));
#1521 = CARTESIAN_POINT('',(-9.24669301045,4.269372709381,9.9));
#1522 = CARTESIAN_POINT('',(-8.610671072955,3.320114066363,9.9));
#1523 = CARTESIAN_POINT('',(-7.922922883677,2.98993933511,9.9));
#1524 = DEFINITIONAL_REPRESENTATION('',(#1525),#1528);
#1525 = B_SPLINE_CURVE_WITH_KNOTS('',1,(#1526,#1527),.UNSPECIFIED.,.F.,
  .F.,(2,2),(0.,1.),.PIECEWISE_BEZIER_KNOTS.);
#1526 = CARTESIAN_POINT('',(0.,0.));
#1527 = CARTESIAN_POINT('',(0.,1.));
#1528 = ( GEOMETRIC_REPRESENTATION_CONTEXT(2) 
PARAMETRIC_REPRESENTATION_CONTEXT() REPRESENTATION_CONTEXT('2D SPACE',''
  ) );
#1529 = ORIENTED_EDGE('',*,*,#1530,.T.);
#1530 = EDGE_CURVE('',#1498,#1531,#1533,.T.);
#1531 = VERTEX_POINT('',#1532);
#1532 = CARTESIAN_POINT('',(-7.314648908825,2.661067295324,0.));
#1533 = SURFACE_CURVE('',#1534,(#1539,#1547),.PCURVE_S1.);
#1534 = ( BOUNDED_CURVE() B_SPLINE_CURVE(3,(#1535,#1536,#1537,#1538),
.UNSPECIFIED.,.F.,.F.) B_SPLINE_CURVE_WITH_KNOTS((4,4),(0.,1.),
.PIECEWISE_BEZIER_KNOTS.) CURVE() GEOMETRIC_REPRESENTATION_ITEM() 
RATIONAL_B_SPLINE_CURVE((1.,1.001988389136,1.000183442697,1.)) 
REPRESENTATION_ITEM('') );
#1535 = CARTESIAN_POINT('',(-7.922922883677,2.98993933511,0.));
#1536 = CARTESIAN_POINT('',(-7.712155629565,2.932693967506,0.));
#1537 = CARTESIAN_POINT('',(-7.458920250063,2.827010696736,0.));
#1538 = CARTESIAN_POINT('',(-7.314648908825,2.661067295324,0.));
#1539 = PCURVE('',#45,#1540);
#1540 = DEFINITIONAL_REPRESENTATION('',(#1541),#1546);
#1541 = ( BOUNDED_CURVE() B_SPLINE_CURVE(3,(#1542,#1543,#1544,#1545),
.UNSPECIFIED.,.F.,.F.) B_SPLINE_CURVE_WITH_KNOTS((4,4),(0.,1.),
.PIECEWISE_BEZIER_KNOTS.) CURVE() GEOMETRIC_REPRESENTATION_ITEM() 
RATIONAL_B_SPLINE_CURVE((1.,1.001988389136,1.000183442697,1.)) 
REPRESENTATION_ITEM('') );
#1542 = CARTESIAN_POINT('',(-7.922922883677,2.98993933511));
#1543 = CARTESIAN_POINT('',(-7.712155629565,2.932693967506));
#1544 = CARTESIAN_POINT('',(-7.458920250063,2.827010696736));
#1545 = CARTESIAN_POINT('',(-7.314648908825,2.661067295324));
#1546 = ( GEOMETRIC_REPRESENTATION_CONTEXT(2) 
PARAMETRIC_REPRESENTATION_CONTEXT() REPRESENTATION_CONTEXT('2D SPACE',''
  ) );
#1547 = PCURVE('',#1548,#1557);
#1548 = ( BOUNDED_SURFACE() B_SPLINE_SURFACE(1,3,(
    (#1549,#1550,#1551,#1552)
    ,(#1553,#1554,#1555,#1556
)),.UNSPECIFIED.,.F.,.F.,.F.) B_SPLINE_SURFACE_WITH_KNOTS((2,2),(4,4),(
    0.,1.),(0.,1.),.PIECEWISE_BEZIER_KNOTS.) 
GEOMETRIC_REPRESENTATION_ITEM() RATIONAL_B_SPLINE_SURFACE((
    (1.,1.001988389136,1.000183442697,1.)
,(1.,1.001988389136,1.000183442697,1.
))) REPRESENTATION_ITEM('') SURFACE() );
#1549 = CARTESIAN_POINT('',(-7.922922883677,2.98993933511,0.));
#1550 = CARTESIAN_POINT('',(-7.712155629565,2.932693967506,0.));
#1551 = CARTESIAN_POINT('',(-7.458920250063,2.827010696736,0.));
#1552 = CARTESIAN_POINT('',(-7.314648908825,2.661067295324,0.));
#1553 = CARTESIAN_POINT('',(-7.922922883677,2.98993933511,9.9));
#1554 = CARTESIAN_POINT('',(-7.712155629565,2.932693967506,9.9));
#1555 = CARTESIAN_POINT('',(-7.458920250063,2.827010696736,9.9));
#1556 = CARTESIAN_POINT('',(-7.314648908825,2.661067295324,9.9));
#1557 = DEFINITIONAL_REPRESENTATION('',(#1558),#1561);
#1558 = B_SPLINE_CURVE_WITH_KNOTS('',1,(#1559,#1560),.UNSPECIFIED.,.F.,
  .F.,(2,2),(0.,1.),.PIECEWISE_BEZIER_KNOTS.);
#1559 = CARTESIAN_POINT('',(0.,0.));
#1560 = CARTESIAN_POINT('',(0.,1.));
#1561 = ( GEOMETRIC_REPRESENTATION_CONTEXT(2) 
PARAMETRIC_REPRESENTATION_CONTEXT() REPRESENTATION_CONTEXT('2D SPACE',''
  ) );
#1562 = ORIENTED_EDGE('',*,*,#1563,.T.);
#1563 = EDGE_CURVE('',#1531,#1564,#1566,.T.);
#1564 = VERTEX_POINT('',#1565);
#1565 = CARTESIAN_POINT('',(-7.250521620033,2.344000050648,
    -8.460799989015E-18));
#1566 = SURFACE_CURVE('',#1567,(#1571,#1578),.PCURVE_S1.);
#1567 = ( BOUNDED_CURVE() B_SPLINE_CURVE(2,(#1568,#1569,#1570),
.UNSPECIFIED.,.F.,.F.) B_SPLINE_CURVE_WITH_KNOTS((3,3),(0.,1.),
.PIECEWISE_BEZIER_KNOTS.) CURVE() GEOMETRIC_REPRESENTATION_ITEM() 
RATIONAL_B_SPLINE_CURVE((1.,0.871648182287,1.)) REPRESENTATION_ITEM('') 
  );
#1568 = CARTESIAN_POINT('',(-7.314648908825,2.661067295324,0.));
#1569 = CARTESIAN_POINT('',(-7.193441026991,2.520563218309,
    -3.068183063632E-17));
#1570 = CARTESIAN_POINT('',(-7.250521620033,2.344000050648,
    -8.460799989015E-18));
#1571 = PCURVE('',#45,#1572);
#1572 = DEFINITIONAL_REPRESENTATION('',(#1573),#1577);
#1573 = ( BOUNDED_CURVE() B_SPLINE_CURVE(2,(#1574,#1575,#1576),
.UNSPECIFIED.,.F.,.F.) B_SPLINE_CURVE_WITH_KNOTS((3,3),(0.,1.),
.PIECEWISE_BEZIER_KNOTS.) CURVE() GEOMETRIC_REPRESENTATION_ITEM() 
RATIONAL_B_SPLINE_CURVE((1.,0.871648182287,1.)) REPRESENTATION_ITEM('') 
  );
#1574 = CARTESIAN_POINT('',(-7.314648908825,2.661067295324));
#1575 = CARTESIAN_POINT('',(-7.193441026991,2.520563218309));
#1576 = CARTESIAN_POINT('',(-7.250521620033,2.344000050648));
#1577 = ( GEOMETRIC_REPRESENTATION_CONTEXT(2) 
PARAMETRIC_REPRESENTATION_CONTEXT() REPRESENTATION_CONTEXT('2D SPACE',''
  ) );
#1578 = PCURVE('',#1579,#1586);
#1579 = ( BOUNDED_SURFACE() B_SPLINE_SURFACE(1,2,(
    (#1580,#1581,#1582)
    ,(#1583,#1584,#1585
)),.UNSPECIFIED.,.F.,.F.,.F.) B_SPLINE_SURFACE_WITH_KNOTS((2,2),(3,3),(
    0.,1.),(0.,1.),.PIECEWISE_BEZIER_KNOTS.) 
GEOMETRIC_REPRESENTATION_ITEM() RATIONAL_B_SPLINE_SURFACE((
    (1.,0.871648182287,1.)
,(1.,0.871648182287,1.))) REPRESENTATION_ITEM('') SURFACE() );
#1580 = CARTESIAN_POINT('',(-7.314648908825,2.661067295324,0.));
#1581 = CARTESIAN_POINT('',(-7.193441026991,2.520563218309,
    -3.068183063632E-17));
#1582 = CARTESIAN_POINT('',(-7.250521620033,2.344000050648,
    -8.460799989015E-18));
#1583 = CARTESIAN_POINT('',(-7.314648908825,2.661067295324,9.9));
#1584 = CARTESIAN_POINT('',(-7.193441026991,2.520563218309,9.9));
#1585 = CARTESIAN_POINT('',(-7.250521620033,2.344000050648,9.9));
#1586 = DEFINITIONAL_REPRESENTATION('',(#1587),#1590);
#1587 = B_SPLINE_CURVE_WITH_KNOTS('',1,(#1588,#1589),.UNSPECIFIED.,.F.,
  .F.,(2,2),(0.,1.),.PIECEWISE_BEZIER_KNOTS.);
#1588 = CARTESIAN_POINT('',(0.,0.));
#1589 = CARTESIAN_POINT('',(0.,1.));
#1590 = ( GEOMETRIC_REPRESENTATION_CONTEXT(2) 
PARAMETRIC_REPRESENTATION_CONTEXT() REPRESENTATION_CONTEXT('2D SPACE',''
  ) );
#1591 = ORIENTED_EDGE('',*,*,#1592,.T.);
#1592 = EDGE_CURVE('',#1564,#1593,#1595,.T.);
#1593 = VERTEX_POINT('',#1594);
#1594 = CARTESIAN_POINT('',(-7.451135938961,1.595297219683,
    -8.460799989015E-18));
#1595 = SURFACE_CURVE('',#1596,(#1600,#1607),.PCURVE_S1.);
#1596 = ( BOUNDED_CURVE() B_SPLINE_CURVE(2,(#1597,#1598,#1599),
.UNSPECIFIED.,.F.,.F.) B_SPLINE_CURVE_WITH_KNOTS((3,3),(0.,1.),
.PIECEWISE_BEZIER_KNOTS.) CURVE() GEOMETRIC_REPRESENTATION_ITEM() 
RATIONAL_B_SPLINE_CURVE((1.,0.998705766625,1.)) REPRESENTATION_ITEM('') 
  );
#1597 = CARTESIAN_POINT('',(-7.250521620033,2.344000050648,
    -8.460799989015E-18));
#1598 = CARTESIAN_POINT('',(-7.369893158015,1.974756919994,
    -8.460799989015E-18));
#1599 = CARTESIAN_POINT('',(-7.451135938961,1.595297219683,
    -8.460799989015E-18));
#1600 = PCURVE('',#45,#1601);
#1601 = DEFINITIONAL_REPRESENTATION('',(#1602),#1606);
#1602 = ( BOUNDED_CURVE() B_SPLINE_CURVE(2,(#1603,#1604,#1605),
.UNSPECIFIED.,.F.,.F.) B_SPLINE_CURVE_WITH_KNOTS((3,3),(0.,1.),
.PIECEWISE_BEZIER_KNOTS.) CURVE() GEOMETRIC_REPRESENTATION_ITEM() 
RATIONAL_B_SPLINE_CURVE((1.,0.998705766625,1.)) REPRESENTATION_ITEM('') 
  );
#1603 = CARTESIAN_POINT('',(-7.250521620033,2.344000050648));
#1604 = CARTESIAN_POINT('',(-7.369893158015,1.974756919994));
#1605 = CARTESIAN_POINT('',(-7.451135938961,1.595297219683));
#1606 = ( GEOMETRIC_REPRESENTATION_CONTEXT(2) 
PARAMETRIC_REPRESENTATION_CONTEXT() REPRESENTATION_CONTEXT('2D SPACE',''
  ) );
#1607 = PCURVE('',#1608,#1615);
#1608 = ( BOUNDED_SURFACE() B_SPLINE_SURFACE(1,2,(
    (#1609,#1610,#1611)
    ,(#1612,#1613,#1614
)),.UNSPECIFIED.,.F.,.F.,.F.) B_SPLINE_SURFACE_WITH_KNOTS((2,2),(3,3),(
    0.,1.),(0.,1.),.PIECEWISE_BEZIER_KNOTS.) 
GEOMETRIC_REPRESENTATION_ITEM() RATIONAL_B_SPLINE_SURFACE((
    (1.,0.998705766625,1.)
,(1.,0.998705766625,1.))) REPRESENTATION_ITEM('') SURFACE() );
#1609 = CARTESIAN_POINT('',(-7.250521620033,2.344000050648,
    -8.460799989015E-18));
#1610 = CARTESIAN_POINT('',(-7.369893158015,1.974756919994,
    -8.460799989015E-18));
#1611 = CARTESIAN_POINT('',(-7.451135938961,1.595297219683,
    -8.460799989015E-18));
#1612 = CARTESIAN_POINT('',(-7.250521620033,2.344000050648,9.9));
#1613 = CARTESIAN_POINT('',(-7.369893158015,1.974756919994,9.9));
#1614 = CARTESIAN_POINT('',(-7.451135938961,1.595297219683,9.9));
#1615 = DEFINITIONAL_REPRESENTATION('',(#1616),#1619);
#1616 = B_SPLINE_CURVE_WITH_KNOTS('',1,(#1617,#1618),.UNSPECIFIED.,.F.,
  .F.,(2,2),(0.,1.),.PIECEWISE_BEZIER_KNOTS.);
#1617 = CARTESIAN_POINT('',(0.,0.));
#1618 = CARTESIAN_POINT('',(0.,1.));
#1619 = ( GEOMETRIC_REPRESENTATION_CONTEXT(2) 
PARAMETRIC_REPRESENTATION_CONTEXT() REPRESENTATION_CONTEXT('2D SPACE',''
  ) );
#1620 = ORIENTED_EDGE('',*,*,#1621,.T.);
#1621 = EDGE_CURVE('',#1593,#1622,#1624,.T.);
#1622 = VERTEX_POINT('',#1623);
#1623 = CARTESIAN_POINT('',(-7.665205422469,1.352772575483,
    -9.540375728317E-18));
#1624 = SURFACE_CURVE('',#1625,(#1629,#1636),.PCURVE_S1.);
#1625 = ( BOUNDED_CURVE() B_SPLINE_CURVE(2,(#1626,#1627,#1628),
.UNSPECIFIED.,.F.,.F.) B_SPLINE_CURVE_WITH_KNOTS((3,3),(0.,1.),
.PIECEWISE_BEZIER_KNOTS.) CURVE() GEOMETRIC_REPRESENTATION_ITEM() 
RATIONAL_B_SPLINE_CURVE((1.,0.871648182287,1.)) REPRESENTATION_ITEM('') 
  );
#1626 = CARTESIAN_POINT('',(-7.451135938961,1.595297219683,
    -8.460799989015E-18));
#1627 = CARTESIAN_POINT('',(-7.489984279154,1.413848734595,
    -3.068183063632E-17));
#1628 = CARTESIAN_POINT('',(-7.665205422469,1.352772575482,0.));
#1629 = PCURVE('',#45,#1630);
#1630 = DEFINITIONAL_REPRESENTATION('',(#1631),#1635);
#1631 = ( BOUNDED_CURVE() B_SPLINE_CURVE(2,(#1632,#1633,#1634),
.UNSPECIFIED.,.F.,.F.) B_SPLINE_CURVE_WITH_KNOTS((3,3),(0.,1.),
.PIECEWISE_BEZIER_KNOTS.) CURVE() GEOMETRIC_REPRESENTATION_ITEM() 
RATIONAL_B_SPLINE_CURVE((1.,0.871648182287,1.)) REPRESENTATION_ITEM('') 
  );
#1632 = CARTESIAN_POINT('',(-7.451135938961,1.595297219683));
#1633 = CARTESIAN_POINT('',(-7.489984279154,1.413848734595));
#1634 = CARTESIAN_POINT('',(-7.665205422469,1.352772575482));
#1635 = ( GEOMETRIC_REPRESENTATION_CONTEXT(2) 
PARAMETRIC_REPRESENTATION_CONTEXT() REPRESENTATION_CONTEXT('2D SPACE',''
  ) );
#1636 = PCURVE('',#1637,#1644);
#1637 = ( BOUNDED_SURFACE() B_SPLINE_SURFACE(1,2,(
    (#1638,#1639,#1640)
    ,(#1641,#1642,#1643
)),.UNSPECIFIED.,.F.,.F.,.F.) B_SPLINE_SURFACE_WITH_KNOTS((2,2),(3,3),(
    0.,1.),(0.,1.),.PIECEWISE_BEZIER_KNOTS.) 
GEOMETRIC_REPRESENTATION_ITEM() RATIONAL_B_SPLINE_SURFACE((
    (1.,0.871648182287,1.)
,(1.,0.871648182287,1.))) REPRESENTATION_ITEM('') SURFACE() );
#1638 = CARTESIAN_POINT('',(-7.451135938961,1.595297219683,
    -8.460799989015E-18));
#1639 = CARTESIAN_POINT('',(-7.489984279154,1.413848734595,
    -3.068183063632E-17));
#1640 = CARTESIAN_POINT('',(-7.665205422469,1.352772575482,0.));
#1641 = CARTESIAN_POINT('',(-7.451135938961,1.595297219683,9.9));
#1642 = CARTESIAN_POINT('',(-7.489984279154,1.413848734595,9.9));
#1643 = CARTESIAN_POINT('',(-7.665205422469,1.352772575482,9.9));
#1644 = DEFINITIONAL_REPRESENTATION('',(#1645),#1648);
#1645 = B_SPLINE_CURVE_WITH_KNOTS('',1,(#1646,#1647),.UNSPECIFIED.,.F.,
  .F.,(2,2),(0.,1.),.PIECEWISE_BEZIER_KNOTS.);
#1646 = CARTESIAN_POINT('',(0.,0.));
#1647 = CARTESIAN_POINT('',(0.,1.));
#1648 = ( GEOMETRIC_REPRESENTATION_CONTEXT(2) 
PARAMETRIC_REPRESENTATION_CONTEXT() REPRESENTATION_CONTEXT('2D SPACE',''
  ) );
#1649 = ORIENTED_EDGE('',*,*,#1650,.T.);
#1650 = EDGE_CURVE('',#1622,#1651,#1653,.T.);
#1651 = VERTEX_POINT('',#1652);
#1652 = CARTESIAN_POINT('',(-8.356422157044,1.372098021859,0.));
#1653 = SURFACE_CURVE('',#1654,(#1659,#1667),.PCURVE_S1.);
#1654 = ( BOUNDED_CURVE() B_SPLINE_CURVE(3,(#1655,#1656,#1657,#1658),
.UNSPECIFIED.,.F.,.F.) B_SPLINE_CURVE_WITH_KNOTS((4,4),(0.,1.),
.PIECEWISE_BEZIER_KNOTS.) CURVE() GEOMETRIC_REPRESENTATION_ITEM() 
RATIONAL_B_SPLINE_CURVE((1.,1.000183442697,1.001988389136,1.)) 
REPRESENTATION_ITEM('') );
#1655 = CARTESIAN_POINT('',(-7.665205422469,1.352772575482,0.));
#1656 = CARTESIAN_POINT('',(-7.873119769725,1.281197044888,0.));
#1657 = CARTESIAN_POINT('',(-8.145269676895,1.316290337397,0.));
#1658 = CARTESIAN_POINT('',(-8.356422157044,1.372098021859,0.));
#1659 = PCURVE('',#45,#1660);
#1660 = DEFINITIONAL_REPRESENTATION('',(#1661),#1666);
#1661 = ( BOUNDED_CURVE() B_SPLINE_CURVE(3,(#1662,#1663,#1664,#1665),
.UNSPECIFIED.,.F.,.F.) B_SPLINE_CURVE_WITH_KNOTS((4,4),(0.,1.),
.PIECEWISE_BEZIER_KNOTS.) CURVE() GEOMETRIC_REPRESENTATION_ITEM() 
RATIONAL_B_SPLINE_CURVE((1.,1.000183442697,1.001988389136,1.)) 
REPRESENTATION_ITEM('') );
#1662 = CARTESIAN_POINT('',(-7.665205422469,1.352772575482));
#1663 = CARTESIAN_POINT('',(-7.873119769725,1.281197044888));
#1664 = CARTESIAN_POINT('',(-8.145269676895,1.316290337397));
#1665 = CARTESIAN_POINT('',(-8.356422157044,1.372098021859));
#1666 = ( GEOMETRIC_REPRESENTATION_CONTEXT(2) 
PARAMETRIC_REPRESENTATION_CONTEXT() REPRESENTATION_CONTEXT('2D SPACE',''
  ) );
#1667 = PCURVE('',#1668,#1677);
#1668 = ( BOUNDED_SURFACE() B_SPLINE_SURFACE(1,3,(
    (#1669,#1670,#1671,#1672)
    ,(#1673,#1674,#1675,#1676
)),.UNSPECIFIED.,.F.,.F.,.F.) B_SPLINE_SURFACE_WITH_KNOTS((2,2),(4,4),(
    0.,1.),(0.,1.),.PIECEWISE_BEZIER_KNOTS.) 
GEOMETRIC_REPRESENTATION_ITEM() RATIONAL_B_SPLINE_SURFACE((
    (1.,1.000183442697,1.001988389136,1.)
,(1.,1.000183442697,1.001988389136,1.
))) REPRESENTATION_ITEM('') SURFACE() );
#1669 = CARTESIAN_POINT('',(-7.665205422469,1.352772575482,0.));
#1670 = CARTESIAN_POINT('',(-7.873119769725,1.281197044888,0.));
#1671 = CARTESIAN_POINT('',(-8.145269676895,1.316290337397,0.));
#1672 = CARTESIAN_POINT('',(-8.356422157044,1.372098021859,0.));
#1673 = CARTESIAN_POINT('',(-7.665205422469,1.352772575482,9.9));
#1674 = CARTESIAN_POINT('',(-7.873119769725,1.281197044888,9.9));
#1675 = CARTESIAN_POINT('',(-8.145269676895,1.316290337397,9.9));
#1676 = CARTESIAN_POINT('',(-8.356422157044,1.372098021859,9.9));
#1677 = DEFINITIONAL_REPRESENTATION('',(#1678),#1681);
#1678 = B_SPLINE_CURVE_WITH_KNOTS('',1,(#1679,#1680),.UNSPECIFIED.,.F.,
  .F.,(2,2),(0.,1.),.PIECEWISE_BEZIER_KNOTS.);
#1679 = CARTESIAN_POINT('',(0.,0.));
#1680 = CARTESIAN_POINT('',(0.,1.));
#1681 = ( GEOMETRIC_REPRESENTATION_CONTEXT(2) 
PARAMETRIC_REPRESENTATION_CONTEXT() REPRESENTATION_CONTEXT('2D SPACE',''
  ) );
#1682 = ORIENTED_EDGE('',*,*,#1683,.T.);
#1683 = EDGE_CURVE('',#1651,#1684,#1686,.T.);
#1684 = VERTEX_POINT('',#1685);
#1685 = CARTESIAN_POINT('',(-10.9147937409,0.337161079433,0.));
#1686 = SURFACE_CURVE('',#1687,(#1692,#1700),.PCURVE_S1.);
#1687 = ( BOUNDED_CURVE() B_SPLINE_CURVE(3,(#1688,#1689,#1690,#1691),
.UNSPECIFIED.,.F.,.F.) B_SPLINE_CURVE_WITH_KNOTS((4,4),(0.,1.),
.PIECEWISE_BEZIER_KNOTS.) CURVE() GEOMETRIC_REPRESENTATION_ITEM() 
RATIONAL_B_SPLINE_CURVE((1.,0.93042703827,1.070034384224,1.)) 
REPRESENTATION_ITEM('') );
#1688 = CARTESIAN_POINT('',(-8.356422157044,1.372098021859,0.));
#1689 = CARTESIAN_POINT('',(-9.117116925992,1.430032411545,0.));
#1690 = CARTESIAN_POINT('',(-10.14255740273,0.925961280677,0.));
#1691 = CARTESIAN_POINT('',(-10.9147937409,0.337161079433,0.));
#1692 = PCURVE('',#45,#1693);
#1693 = DEFINITIONAL_REPRESENTATION('',(#1694),#1699);
#1694 = ( BOUNDED_CURVE() B_SPLINE_CURVE(3,(#1695,#1696,#1697,#1698),
.UNSPECIFIED.,.F.,.F.) B_SPLINE_CURVE_WITH_KNOTS((4,4),(0.,1.),
.PIECEWISE_BEZIER_KNOTS.) CURVE() GEOMETRIC_REPRESENTATION_ITEM() 
RATIONAL_B_SPLINE_CURVE((1.,0.93042703827,1.070034384224,1.)) 
REPRESENTATION_ITEM('') );
#1695 = CARTESIAN_POINT('',(-8.356422157044,1.372098021859));
#1696 = CARTESIAN_POINT('',(-9.117116925992,1.430032411545));
#1697 = CARTESIAN_POINT('',(-10.14255740273,0.925961280677));
#1698 = CARTESIAN_POINT('',(-10.9147937409,0.337161079433));
#1699 = ( GEOMETRIC_REPRESENTATION_CONTEXT(2) 
PARAMETRIC_REPRESENTATION_CONTEXT() REPRESENTATION_CONTEXT('2D SPACE',''
  ) );
#1700 = PCURVE('',#1701,#1710);
#1701 = ( BOUNDED_SURFACE() B_SPLINE_SURFACE(1,3,(
    (#1702,#1703,#1704,#1705)
    ,(#1706,#1707,#1708,#1709
)),.UNSPECIFIED.,.F.,.F.,.F.) B_SPLINE_SURFACE_WITH_KNOTS((2,2),(4,4),(
    0.,1.),(0.,1.),.PIECEWISE_BEZIER_KNOTS.) 
GEOMETRIC_REPRESENTATION_ITEM() RATIONAL_B_SPLINE_SURFACE((
    (1.,0.93042703827,1.070034384224,1.)
,(1.,0.93042703827,1.070034384224,1.
  ))) REPRESENTATION_ITEM('') SURFACE() );
#1702 = CARTESIAN_POINT('',(-8.356422157044,1.372098021859,0.));
#1703 = CARTESIAN_POINT('',(-9.117116925992,1.430032411545,0.));
#1704 = CARTESIAN_POINT('',(-10.14255740273,0.925961280677,0.));
#1705 = CARTESIAN_POINT('',(-10.9147937409,0.337161079433,0.));
#1706 = CARTESIAN_POINT('',(-8.356422157044,1.372098021859,9.9));
#1707 = CARTESIAN_POINT('',(-9.117116925992,1.430032411545,9.9));
#1708 = CARTESIAN_POINT('',(-10.14255740273,0.925961280677,9.9));
#1709 = CARTESIAN_POINT('',(-10.9147937409,0.337161079433,9.9));
#1710 = DEFINITIONAL_REPRESENTATION('',(#1711),#1714);
#1711 = B_SPLINE_CURVE_WITH_KNOTS('',1,(#1712,#1713),.UNSPECIFIED.,.F.,
  .F.,(2,2),(0.,1.),.PIECEWISE_BEZIER_KNOTS.);
#1712 = CARTESIAN_POINT('',(0.,0.));
#1713 = CARTESIAN_POINT('',(0.,1.));
#1714 = ( GEOMETRIC_REPRESENTATION_CONTEXT(2) 
PARAMETRIC_REPRESENTATION_CONTEXT() REPRESENTATION_CONTEXT('2D SPACE',''
  ) );
#1715 = ORIENTED_EDGE('',*,*,#1716,.T.);
#1716 = EDGE_CURVE('',#1684,#1717,#1719,.T.);
#1717 = VERTEX_POINT('',#1718);
#1718 = CARTESIAN_POINT('',(-10.9147937409,-0.337161079433,0.));
#1719 = SURFACE_CURVE('',#1720,(#1724,#1731),.PCURVE_S1.);
#1720 = ( BOUNDED_CURVE() B_SPLINE_CURVE(2,(#1721,#1722,#1723),
.UNSPECIFIED.,.F.,.F.) B_SPLINE_CURVE_WITH_KNOTS((3,3),(0.,1.),
.PIECEWISE_BEZIER_KNOTS.) CURVE() GEOMETRIC_REPRESENTATION_ITEM() 
RATIONAL_B_SPLINE_CURVE((1.,0.999523236347,1.)) REPRESENTATION_ITEM('') 
  );
#1721 = CARTESIAN_POINT('',(-10.9147937409,0.337161079433,0.));
#1722 = CARTESIAN_POINT('',(-10.92520874243,1.337952191644E-15,0.));
#1723 = CARTESIAN_POINT('',(-10.9147937409,-0.337161079433,0.));
#1724 = PCURVE('',#45,#1725);
#1725 = DEFINITIONAL_REPRESENTATION('',(#1726),#1730);
#1726 = ( BOUNDED_CURVE() B_SPLINE_CURVE(2,(#1727,#1728,#1729),
.UNSPECIFIED.,.F.,.F.) B_SPLINE_CURVE_WITH_KNOTS((3,3),(0.,1.),
.PIECEWISE_BEZIER_KNOTS.) CURVE() GEOMETRIC_REPRESENTATION_ITEM() 
RATIONAL_B_SPLINE_CURVE((1.,0.999523236347,1.)) REPRESENTATION_ITEM('') 
  );
#1727 = CARTESIAN_POINT('',(-10.9147937409,0.337161079433));
#1728 = CARTESIAN_POINT('',(-10.92520874243,2.375522236252E-15));
#1729 = CARTESIAN_POINT('',(-10.9147937409,-0.337161079433));
#1730 = ( GEOMETRIC_REPRESENTATION_CONTEXT(2) 
PARAMETRIC_REPRESENTATION_CONTEXT() REPRESENTATION_CONTEXT('2D SPACE',''
  ) );
#1731 = PCURVE('',#1732,#1739);
#1732 = ( BOUNDED_SURFACE() B_SPLINE_SURFACE(1,2,(
    (#1733,#1734,#1735)
    ,(#1736,#1737,#1738
)),.UNSPECIFIED.,.F.,.F.,.F.) B_SPLINE_SURFACE_WITH_KNOTS((2,2),(3,3),(
    0.,1.),(0.,1.),.PIECEWISE_BEZIER_KNOTS.) 
GEOMETRIC_REPRESENTATION_ITEM() RATIONAL_B_SPLINE_SURFACE((
    (1.,0.999523236347,1.)
,(1.,0.999523236347,1.))) REPRESENTATION_ITEM('') SURFACE() );
#1733 = CARTESIAN_POINT('',(-10.9147937409,0.337161079433,0.));
#1734 = CARTESIAN_POINT('',(-10.92520874243,1.337952191644E-15,0.));
#1735 = CARTESIAN_POINT('',(-10.9147937409,-0.337161079433,0.));
#1736 = CARTESIAN_POINT('',(-10.9147937409,0.337161079433,9.9));
#1737 = CARTESIAN_POINT('',(-10.92520874243,1.337952191644E-15,9.9));
#1738 = CARTESIAN_POINT('',(-10.9147937409,-0.337161079433,9.9));
#1739 = DEFINITIONAL_REPRESENTATION('',(#1740),#1743);
#1740 = B_SPLINE_CURVE_WITH_KNOTS('',1,(#1741,#1742),.UNSPECIFIED.,.F.,
  .F.,(2,2),(0.,1.),.PIECEWISE_BEZIER_KNOTS.);
#1741 = CARTESIAN_POINT('',(0.,0.));
#1742 = CARTESIAN_POINT('',(0.,1.));
#1743 = ( GEOMETRIC_REPRESENTATION_CONTEXT(2) 
PARAMETRIC_REPRESENTATION_CONTEXT() REPRESENTATION_CONTEXT('2D SPACE',''
  ) );
#1744 = ORIENTED_EDGE('',*,*,#1745,.T.);
#1745 = EDGE_CURVE('',#1717,#1746,#1748,.T.);
#1746 = VERTEX_POINT('',#1747);
#1747 = CARTESIAN_POINT('',(-8.356422157044,-1.372098021859,0.));
#1748 = SURFACE_CURVE('',#1749,(#1754,#1762),.PCURVE_S1.);
#1749 = ( BOUNDED_CURVE() B_SPLINE_CURVE(3,(#1750,#1751,#1752,#1753),
.UNSPECIFIED.,.F.,.F.) B_SPLINE_CURVE_WITH_KNOTS((4,4),(0.,1.),
.PIECEWISE_BEZIER_KNOTS.) CURVE() GEOMETRIC_REPRESENTATION_ITEM() 
RATIONAL_B_SPLINE_CURVE((1.,1.070034384224,0.93042703827,1.)) 
REPRESENTATION_ITEM('') );
#1750 = CARTESIAN_POINT('',(-10.9147937409,-0.337161079433,0.));
#1751 = CARTESIAN_POINT('',(-10.14255740273,-0.925961280677,0.));
#1752 = CARTESIAN_POINT('',(-9.117116925992,-1.430032411545,0.));
#1753 = CARTESIAN_POINT('',(-8.356422157044,-1.372098021859,0.));
#1754 = PCURVE('',#45,#1755);
#1755 = DEFINITIONAL_REPRESENTATION('',(#1756),#1761);
#1756 = ( BOUNDED_CURVE() B_SPLINE_CURVE(3,(#1757,#1758,#1759,#1760),
.UNSPECIFIED.,.F.,.F.) B_SPLINE_CURVE_WITH_KNOTS((4,4),(0.,1.),
.PIECEWISE_BEZIER_KNOTS.) CURVE() GEOMETRIC_REPRESENTATION_ITEM() 
RATIONAL_B_SPLINE_CURVE((1.,1.070034384224,0.93042703827,1.)) 
REPRESENTATION_ITEM('') );
#1757 = CARTESIAN_POINT('',(-10.9147937409,-0.337161079433));
#1758 = CARTESIAN_POINT('',(-10.14255740273,-0.925961280677));
#1759 = CARTESIAN_POINT('',(-9.117116925992,-1.430032411545));
#1760 = CARTESIAN_POINT('',(-8.356422157044,-1.372098021859));
#1761 = ( GEOMETRIC_REPRESENTATION_CONTEXT(2) 
PARAMETRIC_REPRESENTATION_CONTEXT() REPRESENTATION_CONTEXT('2D SPACE',''
  ) );
#1762 = PCURVE('',#1763,#1772);
#1763 = ( BOUNDED_SURFACE() B_SPLINE_SURFACE(1,3,(
    (#1764,#1765,#1766,#1767)
    ,(#1768,#1769,#1770,#1771
)),.UNSPECIFIED.,.F.,.F.,.F.) B_SPLINE_SURFACE_WITH_KNOTS((2,2),(4,4),(
    0.,1.),(0.,1.),.PIECEWISE_BEZIER_KNOTS.) 
GEOMETRIC_REPRESENTATION_ITEM() RATIONAL_B_SPLINE_SURFACE((
    (1.,1.070034384224,0.93042703827,1.)
,(1.,1.070034384224,0.93042703827,1.
  ))) REPRESENTATION_ITEM('') SURFACE() );
#1764 = CARTESIAN_POINT('',(-10.9147937409,-0.337161079433,0.));
#1765 = CARTESIAN_POINT('',(-10.14255740273,-0.925961280677,0.));
#1766 = CARTESIAN_POINT('',(-9.117116925992,-1.430032411545,0.));
#1767 = CARTESIAN_POINT('',(-8.356422157044,-1.372098021859,0.));
#1768 = CARTESIAN_POINT('',(-10.9147937409,-0.337161079433,9.9));
#1769 = CARTESIAN_POINT('',(-10.14255740273,-0.925961280677,9.9));
#1770 = CARTESIAN_POINT('',(-9.117116925992,-1.430032411545,9.9));
#1771 = CARTESIAN_POINT('',(-8.356422157044,-1.372098021859,9.9));
#1772 = DEFINITIONAL_REPRESENTATION('',(#1773),#1776);
#1773 = B_SPLINE_CURVE_WITH_KNOTS('',1,(#1774,#1775),.UNSPECIFIED.,.F.,
  .F.,(2,2),(0.,1.),.PIECEWISE_BEZIER_KNOTS.);
#1774 = CARTESIAN_POINT('',(0.,0.));
#1775 = CARTESIAN_POINT('',(0.,1.));
#1776 = ( GEOMETRIC_REPRESENTATION_CONTEXT(2) 
PARAMETRIC_REPRESENTATION_CONTEXT() REPRESENTATION_CONTEXT('2D SPACE',''
  ) );
#1777 = ORIENTED_EDGE('',*,*,#1778,.T.);
#1778 = EDGE_CURVE('',#1746,#1779,#1781,.T.);
#1779 = VERTEX_POINT('',#1780);
#1780 = CARTESIAN_POINT('',(-7.665205422469,-1.352772575482,0.));
#1781 = SURFACE_CURVE('',#1782,(#1787,#1795),.PCURVE_S1.);
#1782 = ( BOUNDED_CURVE() B_SPLINE_CURVE(3,(#1783,#1784,#1785,#1786),
.UNSPECIFIED.,.F.,.F.) B_SPLINE_CURVE_WITH_KNOTS((4,4),(0.,1.),
.PIECEWISE_BEZIER_KNOTS.) CURVE() GEOMETRIC_REPRESENTATION_ITEM() 
RATIONAL_B_SPLINE_CURVE((1.,1.001988389136,1.000183442697,1.)) 
REPRESENTATION_ITEM('') );
#1783 = CARTESIAN_POINT('',(-8.356422157044,-1.372098021859,0.));
#1784 = CARTESIAN_POINT('',(-8.145269676895,-1.316290337397,0.));
#1785 = CARTESIAN_POINT('',(-7.873119769725,-1.281197044888,0.));
#1786 = CARTESIAN_POINT('',(-7.665205422469,-1.352772575482,0.));
#1787 = PCURVE('',#45,#1788);
#1788 = DEFINITIONAL_REPRESENTATION('',(#1789),#1794);
#1789 = ( BOUNDED_CURVE() B_SPLINE_CURVE(3,(#1790,#1791,#1792,#1793),
.UNSPECIFIED.,.F.,.F.) B_SPLINE_CURVE_WITH_KNOTS((4,4),(0.,1.),
.PIECEWISE_BEZIER_KNOTS.) CURVE() GEOMETRIC_REPRESENTATION_ITEM() 
RATIONAL_B_SPLINE_CURVE((1.,1.001988389136,1.000183442697,1.)) 
REPRESENTATION_ITEM('') );
#1790 = CARTESIAN_POINT('',(-8.356422157044,-1.372098021859));
#1791 = CARTESIAN_POINT('',(-8.145269676895,-1.316290337397));
#1792 = CARTESIAN_POINT('',(-7.873119769725,-1.281197044888));
#1793 = CARTESIAN_POINT('',(-7.665205422469,-1.352772575482));
#1794 = ( GEOMETRIC_REPRESENTATION_CONTEXT(2) 
PARAMETRIC_REPRESENTATION_CONTEXT() REPRESENTATION_CONTEXT('2D SPACE',''
  ) );
#1795 = PCURVE('',#1796,#1805);
#1796 = ( BOUNDED_SURFACE() B_SPLINE_SURFACE(1,3,(
    (#1797,#1798,#1799,#1800)
    ,(#1801,#1802,#1803,#1804
)),.UNSPECIFIED.,.F.,.F.,.F.) B_SPLINE_SURFACE_WITH_KNOTS((2,2),(4,4),(
    0.,1.),(0.,1.),.PIECEWISE_BEZIER_KNOTS.) 
GEOMETRIC_REPRESENTATION_ITEM() RATIONAL_B_SPLINE_SURFACE((
    (1.,1.001988389136,1.000183442697,1.)
,(1.,1.001988389136,1.000183442697,1.
))) REPRESENTATION_ITEM('') SURFACE() );
#1797 = CARTESIAN_POINT('',(-8.356422157044,-1.372098021859,0.));
#1798 = CARTESIAN_POINT('',(-8.145269676895,-1.316290337397,0.));
#1799 = CARTESIAN_POINT('',(-7.873119769725,-1.281197044888,0.));
#1800 = CARTESIAN_POINT('',(-7.665205422469,-1.352772575482,0.));
#1801 = CARTESIAN_POINT('',(-8.356422157044,-1.372098021859,9.9));
#1802 = CARTESIAN_POINT('',(-8.145269676895,-1.316290337397,9.9));
#1803 = CARTESIAN_POINT('',(-7.873119769725,-1.281197044888,9.9));
#1804 = CARTESIAN_POINT('',(-7.665205422469,-1.352772575482,9.9));
#1805 = DEFINITIONAL_REPRESENTATION('',(#1806),#1809);
#1806 = B_SPLINE_CURVE_WITH_KNOTS('',1,(#1807,#1808),.UNSPECIFIED.,.F.,
  .F.,(2,2),(0.,1.),.PIECEWISE_BEZIER_KNOTS.);
#1807 = CARTESIAN_POINT('',(0.,0.));
#1808 = CARTESIAN_POINT('',(0.,1.));
#1809 = ( GEOMETRIC_REPRESENTATION_CONTEXT(2) 
PARAMETRIC_REPRESENTATION_CONTEXT() REPRESENTATION_CONTEXT('2D SPACE',''
  ) );
#1810 = ORIENTED_EDGE('',*,*,#1811,.T.);
#1811 = EDGE_CURVE('',#1779,#1812,#1814,.T.);
#1812 = VERTEX_POINT('',#1813);
#1813 = CARTESIAN_POINT('',(-7.451135938961,-1.595297219683,
    -8.460799989015E-18));
#1814 = SURFACE_CURVE('',#1815,(#1819,#1826),.PCURVE_S1.);
#1815 = ( BOUNDED_CURVE() B_SPLINE_CURVE(2,(#1816,#1817,#1818),
.UNSPECIFIED.,.F.,.F.) B_SPLINE_CURVE_WITH_KNOTS((3,3),(0.,1.),
.PIECEWISE_BEZIER_KNOTS.) CURVE() GEOMETRIC_REPRESENTATION_ITEM() 
RATIONAL_B_SPLINE_CURVE((1.,0.871648182287,1.)) REPRESENTATION_ITEM('') 
  );
#1816 = CARTESIAN_POINT('',(-7.665205422469,-1.352772575482,0.));
#1817 = CARTESIAN_POINT('',(-7.489984279154,-1.413848734595,
    -3.068183063632E-17));
#1818 = CARTESIAN_POINT('',(-7.451135938961,-1.595297219683,
    -8.460799989015E-18));
#1819 = PCURVE('',#45,#1820);
#1820 = DEFINITIONAL_REPRESENTATION('',(#1821),#1825);
#1821 = ( BOUNDED_CURVE() B_SPLINE_CURVE(2,(#1822,#1823,#1824),
.UNSPECIFIED.,.F.,.F.) B_SPLINE_CURVE_WITH_KNOTS((3,3),(0.,1.),
.PIECEWISE_BEZIER_KNOTS.) CURVE() GEOMETRIC_REPRESENTATION_ITEM() 
RATIONAL_B_SPLINE_CURVE((1.,0.871648182287,1.)) REPRESENTATION_ITEM('') 
  );
#1822 = CARTESIAN_POINT('',(-7.665205422469,-1.352772575482));
#1823 = CARTESIAN_POINT('',(-7.489984279154,-1.413848734595));
#1824 = CARTESIAN_POINT('',(-7.451135938961,-1.595297219683));
#1825 = ( GEOMETRIC_REPRESENTATION_CONTEXT(2) 
PARAMETRIC_REPRESENTATION_CONTEXT() REPRESENTATION_CONTEXT('2D SPACE',''
  ) );
#1826 = PCURVE('',#1827,#1834);
#1827 = ( BOUNDED_SURFACE() B_SPLINE_SURFACE(1,2,(
    (#1828,#1829,#1830)
    ,(#1831,#1832,#1833
)),.UNSPECIFIED.,.F.,.F.,.F.) B_SPLINE_SURFACE_WITH_KNOTS((2,2),(3,3),(
    0.,1.),(0.,1.),.PIECEWISE_BEZIER_KNOTS.) 
GEOMETRIC_REPRESENTATION_ITEM() RATIONAL_B_SPLINE_SURFACE((
    (1.,0.871648182287,1.)
,(1.,0.871648182287,1.))) REPRESENTATION_ITEM('') SURFACE() );
#1828 = CARTESIAN_POINT('',(-7.665205422469,-1.352772575482,0.));
#1829 = CARTESIAN_POINT('',(-7.489984279154,-1.413848734595,
    -3.068183063632E-17));
#1830 = CARTESIAN_POINT('',(-7.451135938961,-1.595297219683,
    -8.460799989015E-18));
#1831 = CARTESIAN_POINT('',(-7.665205422469,-1.352772575482,9.9));
#1832 = CARTESIAN_POINT('',(-7.489984279154,-1.413848734595,9.9));
#1833 = CARTESIAN_POINT('',(-7.451135938961,-1.595297219683,9.9));
#1834 = DEFINITIONAL_REPRESENTATION('',(#1835),#1838);
#1835 = B_SPLINE_CURVE_WITH_KNOTS('',1,(#1836,#1837),.UNSPECIFIED.,.F.,
  .F.,(2,2),(0.,1.),.PIECEWISE_BEZIER_KNOTS.);
#1836 = CARTESIAN_POINT('',(0.,0.));
#1837 = CARTESIAN_POINT('',(0.,1.));
#1838 = ( GEOMETRIC_REPRESENTATION_CONTEXT(2) 
PARAMETRIC_REPRESENTATION_CONTEXT() REPRESENTATION_CONTEXT('2D SPACE',''
  ) );
#1839 = ORIENTED_EDGE('',*,*,#1840,.T.);
#1840 = EDGE_CURVE('',#1812,#1841,#1843,.T.);
#1841 = VERTEX_POINT('',#1842);
#1842 = CARTESIAN_POINT('',(-7.250521620033,-2.344000050648,
    -8.460799989015E-18));
#1843 = SURFACE_CURVE('',#1844,(#1848,#1855),.PCURVE_S1.);
#1844 = ( BOUNDED_CURVE() B_SPLINE_CURVE(2,(#1845,#1846,#1847),
.UNSPECIFIED.,.F.,.F.) B_SPLINE_CURVE_WITH_KNOTS((3,3),(0.,1.),
.PIECEWISE_BEZIER_KNOTS.) CURVE() GEOMETRIC_REPRESENTATION_ITEM() 
RATIONAL_B_SPLINE_CURVE((1.,0.998705766625,1.)) REPRESENTATION_ITEM('') 
  );
#1845 = CARTESIAN_POINT('',(-7.451135938961,-1.595297219683,
    -8.460799989015E-18));
#1846 = CARTESIAN_POINT('',(-7.369893158015,-1.974756919994,
    -8.460799989015E-18));
#1847 = CARTESIAN_POINT('',(-7.250521620033,-2.344000050648,
    -8.460799989015E-18));
#1848 = PCURVE('',#45,#1849);
#1849 = DEFINITIONAL_REPRESENTATION('',(#1850),#1854);
#1850 = ( BOUNDED_CURVE() B_SPLINE_CURVE(2,(#1851,#1852,#1853),
.UNSPECIFIED.,.F.,.F.) B_SPLINE_CURVE_WITH_KNOTS((3,3),(0.,1.),
.PIECEWISE_BEZIER_KNOTS.) CURVE() GEOMETRIC_REPRESENTATION_ITEM() 
RATIONAL_B_SPLINE_CURVE((1.,0.998705766625,1.)) REPRESENTATION_ITEM('') 
  );
#1851 = CARTESIAN_POINT('',(-7.451135938961,-1.595297219683));
#1852 = CARTESIAN_POINT('',(-7.369893158015,-1.974756919994));
#1853 = CARTESIAN_POINT('',(-7.250521620033,-2.344000050648));
#1854 = ( GEOMETRIC_REPRESENTATION_CONTEXT(2) 
PARAMETRIC_REPRESENTATION_CONTEXT() REPRESENTATION_CONTEXT('2D SPACE',''
  ) );
#1855 = PCURVE('',#1856,#1863);
#1856 = ( BOUNDED_SURFACE() B_SPLINE_SURFACE(1,2,(
    (#1857,#1858,#1859)
    ,(#1860,#1861,#1862
)),.UNSPECIFIED.,.F.,.F.,.F.) B_SPLINE_SURFACE_WITH_KNOTS((2,2),(3,3),(
    0.,1.),(0.,1.),.PIECEWISE_BEZIER_KNOTS.) 
GEOMETRIC_REPRESENTATION_ITEM() RATIONAL_B_SPLINE_SURFACE((
    (1.,0.998705766625,1.)
,(1.,0.998705766625,1.))) REPRESENTATION_ITEM('') SURFACE() );
#1857 = CARTESIAN_POINT('',(-7.451135938961,-1.595297219683,
    -8.460799989015E-18));
#1858 = CARTESIAN_POINT('',(-7.369893158015,-1.974756919994,
    -8.460799989015E-18));
#1859 = CARTESIAN_POINT('',(-7.250521620033,-2.344000050648,
    -8.460799989015E-18));
#1860 = CARTESIAN_POINT('',(-7.451135938961,-1.595297219683,9.9));
#1861 = CARTESIAN_POINT('',(-7.369893158015,-1.974756919994,9.9));
#1862 = CARTESIAN_POINT('',(-7.250521620033,-2.344000050648,9.9));
#1863 = DEFINITIONAL_REPRESENTATION('',(#1864),#1867);
#1864 = B_SPLINE_CURVE_WITH_KNOTS('',1,(#1865,#1866),.UNSPECIFIED.,.F.,
  .F.,(2,2),(0.,1.),.PIECEWISE_BEZIER_KNOTS.);
#1865 = CARTESIAN_POINT('',(0.,0.));
#1866 = CARTESIAN_POINT('',(0.,1.));
#1867 = ( GEOMETRIC_REPRESENTATION_CONTEXT(2) 
PARAMETRIC_REPRESENTATION_CONTEXT() REPRESENTATION_CONTEXT('2D SPACE',''
  ) );
#1868 = ORIENTED_EDGE('',*,*,#1869,.T.);
#1869 = EDGE_CURVE('',#1841,#1870,#1872,.T.);
#1870 = VERTEX_POINT('',#1871);
#1871 = CARTESIAN_POINT('',(-7.314648908826,-2.661067295324,
    -9.536387936992E-18));
#1872 = SURFACE_CURVE('',#1873,(#1877,#1884),.PCURVE_S1.);
#1873 = ( BOUNDED_CURVE() B_SPLINE_CURVE(2,(#1874,#1875,#1876),
.UNSPECIFIED.,.F.,.F.) B_SPLINE_CURVE_WITH_KNOTS((3,3),(0.,1.),
.PIECEWISE_BEZIER_KNOTS.) CURVE() GEOMETRIC_REPRESENTATION_ITEM() 
RATIONAL_B_SPLINE_CURVE((1.,0.871648182287,1.)) REPRESENTATION_ITEM('') 
  );
#1874 = CARTESIAN_POINT('',(-7.250521620033,-2.344000050648,
    -8.460799989015E-18));
#1875 = CARTESIAN_POINT('',(-7.193441026991,-2.520563218309,
    -3.068183063632E-17));
#1876 = CARTESIAN_POINT('',(-7.314648908825,-2.661067295324,0.));
#1877 = PCURVE('',#45,#1878);
#1878 = DEFINITIONAL_REPRESENTATION('',(#1879),#1883);
#1879 = ( BOUNDED_CURVE() B_SPLINE_CURVE(2,(#1880,#1881,#1882),
.UNSPECIFIED.,.F.,.F.) B_SPLINE_CURVE_WITH_KNOTS((3,3),(0.,1.),
.PIECEWISE_BEZIER_KNOTS.) CURVE() GEOMETRIC_REPRESENTATION_ITEM() 
RATIONAL_B_SPLINE_CURVE((1.,0.871648182287,1.)) REPRESENTATION_ITEM('') 
  );
#1880 = CARTESIAN_POINT('',(-7.250521620033,-2.344000050648));
#1881 = CARTESIAN_POINT('',(-7.193441026991,-2.520563218309));
#1882 = CARTESIAN_POINT('',(-7.314648908825,-2.661067295324));
#1883 = ( GEOMETRIC_REPRESENTATION_CONTEXT(2) 
PARAMETRIC_REPRESENTATION_CONTEXT() REPRESENTATION_CONTEXT('2D SPACE',''
  ) );
#1884 = PCURVE('',#1885,#1892);
#1885 = ( BOUNDED_SURFACE() B_SPLINE_SURFACE(1,2,(
    (#1886,#1887,#1888)
    ,(#1889,#1890,#1891
)),.UNSPECIFIED.,.F.,.F.,.F.) B_SPLINE_SURFACE_WITH_KNOTS((2,2),(3,3),(
    0.,1.),(0.,1.),.PIECEWISE_BEZIER_KNOTS.) 
GEOMETRIC_REPRESENTATION_ITEM() RATIONAL_B_SPLINE_SURFACE((
    (1.,0.871648182287,1.)
,(1.,0.871648182287,1.))) REPRESENTATION_ITEM('') SURFACE() );
#1886 = CARTESIAN_POINT('',(-7.250521620033,-2.344000050648,
    -8.460799989015E-18));
#1887 = CARTESIAN_POINT('',(-7.193441026991,-2.520563218309,
    -3.068183063632E-17));
#1888 = CARTESIAN_POINT('',(-7.314648908825,-2.661067295324,0.));
#1889 = CARTESIAN_POINT('',(-7.250521620033,-2.344000050648,9.9));
#1890 = CARTESIAN_POINT('',(-7.193441026991,-2.520563218309,9.9));
#1891 = CARTESIAN_POINT('',(-7.314648908825,-2.661067295324,9.9));
#1892 = DEFINITIONAL_REPRESENTATION('',(#1893),#1896);
#1893 = B_SPLINE_CURVE_WITH_KNOTS('',1,(#1894,#1895),.UNSPECIFIED.,.F.,
  .F.,(2,2),(0.,1.),.PIECEWISE_BEZIER_KNOTS.);
#1894 = CARTESIAN_POINT('',(0.,0.));
#1895 = CARTESIAN_POINT('',(0.,1.));
#1896 = ( GEOMETRIC_REPRESENTATION_CONTEXT(2) 
PARAMETRIC_REPRESENTATION_CONTEXT() REPRESENTATION_CONTEXT('2D SPACE',''
  ) );
#1897 = ORIENTED_EDGE('',*,*,#1898,.T.);
#1898 = EDGE_CURVE('',#1870,#1899,#1901,.T.);
#1899 = VERTEX_POINT('',#1900);
#1900 = CARTESIAN_POINT('',(-7.922922883677,-2.98993933511,0.));
#1901 = SURFACE_CURVE('',#1902,(#1907,#1915),.PCURVE_S1.);
#1902 = ( BOUNDED_CURVE() B_SPLINE_CURVE(3,(#1903,#1904,#1905,#1906),
.UNSPECIFIED.,.F.,.F.) B_SPLINE_CURVE_WITH_KNOTS((4,4),(0.,1.),
.PIECEWISE_BEZIER_KNOTS.) CURVE() GEOMETRIC_REPRESENTATION_ITEM() 
RATIONAL_B_SPLINE_CURVE((1.,1.000183442697,1.001988389136,1.)) 
REPRESENTATION_ITEM('') );
#1903 = CARTESIAN_POINT('',(-7.314648908825,-2.661067295324,0.));
#1904 = CARTESIAN_POINT('',(-7.458920250063,-2.827010696736,0.));
#1905 = CARTESIAN_POINT('',(-7.712155629565,-2.932693967506,0.));
#1906 = CARTESIAN_POINT('',(-7.922922883677,-2.98993933511,0.));
#1907 = PCURVE('',#45,#1908);
#1908 = DEFINITIONAL_REPRESENTATION('',(#1909),#1914);
#1909 = ( BOUNDED_CURVE() B_SPLINE_CURVE(3,(#1910,#1911,#1912,#1913),
.UNSPECIFIED.,.F.,.F.) B_SPLINE_CURVE_WITH_KNOTS((4,4),(0.,1.),
.PIECEWISE_BEZIER_KNOTS.) CURVE() GEOMETRIC_REPRESENTATION_ITEM() 
RATIONAL_B_SPLINE_CURVE((1.,1.000183442697,1.001988389136,1.)) 
REPRESENTATION_ITEM('') );
#1910 = CARTESIAN_POINT('',(-7.314648908825,-2.661067295324));
#1911 = CARTESIAN_POINT('',(-7.458920250063,-2.827010696736));
#1912 = CARTESIAN_POINT('',(-7.712155629565,-2.932693967506));
#1913 = CARTESIAN_POINT('',(-7.922922883677,-2.98993933511));
#1914 = ( GEOMETRIC_REPRESENTATION_CONTEXT(2) 
PARAMETRIC_REPRESENTATION_CONTEXT() REPRESENTATION_CONTEXT('2D SPACE',''
  ) );
#1915 = PCURVE('',#1916,#1925);
#1916 = ( BOUNDED_SURFACE() B_SPLINE_SURFACE(1,3,(
    (#1917,#1918,#1919,#1920)
    ,(#1921,#1922,#1923,#1924
)),.UNSPECIFIED.,.F.,.F.,.F.) B_SPLINE_SURFACE_WITH_KNOTS((2,2),(4,4),(
    0.,1.),(0.,1.),.PIECEWISE_BEZIER_KNOTS.) 
GEOMETRIC_REPRESENTATION_ITEM() RATIONAL_B_SPLINE_SURFACE((
    (1.,1.000183442697,1.001988389136,1.)
,(1.,1.000183442697,1.001988389136,1.
))) REPRESENTATION_ITEM('') SURFACE() );
#1917 = CARTESIAN_POINT('',(-7.314648908825,-2.661067295324,0.));
#1918 = CARTESIAN_POINT('',(-7.458920250063,-2.827010696736,0.));
#1919 = CARTESIAN_POINT('',(-7.712155629565,-2.932693967506,0.));
#1920 = CARTESIAN_POINT('',(-7.922922883677,-2.98993933511,0.));
#1921 = CARTESIAN_POINT('',(-7.314648908825,-2.661067295324,9.9));
#1922 = CARTESIAN_POINT('',(-7.458920250063,-2.827010696736,9.9));
#1923 = CARTESIAN_POINT('',(-7.712155629565,-2.932693967506,9.9));
#1924 = CARTESIAN_POINT('',(-7.922922883677,-2.98993933511,9.9));
#1925 = DEFINITIONAL_REPRESENTATION('',(#1926),#1929);
#1926 = B_SPLINE_CURVE_WITH_KNOTS('',1,(#1927,#1928),.UNSPECIFIED.,.F.,
  .F.,(2,2),(0.,1.),.PIECEWISE_BEZIER_KNOTS.);
#1927 = CARTESIAN_POINT('',(0.,0.));
#1928 = CARTESIAN_POINT('',(0.,1.));
#1929 = ( GEOMETRIC_REPRESENTATION_CONTEXT(2) 
PARAMETRIC_REPRESENTATION_CONTEXT() REPRESENTATION_CONTEXT('2D SPACE',''
  ) );
#1930 = ORIENTED_EDGE('',*,*,#1931,.T.);
#1931 = EDGE_CURVE('',#1899,#1932,#1934,.T.);
#1932 = VERTEX_POINT('',#1933);
#1933 = CARTESIAN_POINT('',(-9.621069196408,-5.165406810496,0.));
#1934 = SURFACE_CURVE('',#1935,(#1940,#1948),.PCURVE_S1.);
#1935 = ( BOUNDED_CURVE() B_SPLINE_CURVE(3,(#1936,#1937,#1938,#1939),
.UNSPECIFIED.,.F.,.F.) B_SPLINE_CURVE_WITH_KNOTS((4,4),(0.,1.),
.PIECEWISE_BEZIER_KNOTS.) CURVE() GEOMETRIC_REPRESENTATION_ITEM() 
RATIONAL_B_SPLINE_CURVE((1.,0.93042703827,1.070034384224,1.)) 
REPRESENTATION_ITEM('') );
#1936 = CARTESIAN_POINT('',(-7.922922883677,-2.98993933511,0.));
#1937 = CARTESIAN_POINT('',(-8.610671072955,-3.320114066363,0.));
#1938 = CARTESIAN_POINT('',(-9.24669301045,-4.269372709381,0.));
#1939 = CARTESIAN_POINT('',(-9.621069196408,-5.165406810496,0.));
#1940 = PCURVE('',#45,#1941);
#1941 = DEFINITIONAL_REPRESENTATION('',(#1942),#1947);
#1942 = ( BOUNDED_CURVE() B_SPLINE_CURVE(3,(#1943,#1944,#1945,#1946),
.UNSPECIFIED.,.F.,.F.) B_SPLINE_CURVE_WITH_KNOTS((4,4),(0.,1.),
.PIECEWISE_BEZIER_KNOTS.) CURVE() GEOMETRIC_REPRESENTATION_ITEM() 
RATIONAL_B_SPLINE_CURVE((1.,0.93042703827,1.070034384224,1.)) 
REPRESENTATION_ITEM('') );
#1943 = CARTESIAN_POINT('',(-7.922922883677,-2.98993933511));
#1944 = CARTESIAN_POINT('',(-8.610671072955,-3.320114066363));
#1945 = CARTESIAN_POINT('',(-9.24669301045,-4.269372709381));
#1946 = CARTESIAN_POINT('',(-9.621069196408,-5.165406810496));
#1947 = ( GEOMETRIC_REPRESENTATION_CONTEXT(2) 
PARAMETRIC_REPRESENTATION_CONTEXT() REPRESENTATION_CONTEXT('2D SPACE',''
  ) );
#1948 = PCURVE('',#1949,#1958);
#1949 = ( BOUNDED_SURFACE() B_SPLINE_SURFACE(1,3,(
    (#1950,#1951,#1952,#1953)
    ,(#1954,#1955,#1956,#1957
)),.UNSPECIFIED.,.F.,.F.,.F.) B_SPLINE_SURFACE_WITH_KNOTS((2,2),(4,4),(
    0.,1.),(0.,1.),.PIECEWISE_BEZIER_KNOTS.) 
GEOMETRIC_REPRESENTATION_ITEM() RATIONAL_B_SPLINE_SURFACE((
    (1.,0.93042703827,1.070034384224,1.)
,(1.,0.93042703827,1.070034384224,1.
  ))) REPRESENTATION_ITEM('') SURFACE() );
#1950 = CARTESIAN_POINT('',(-7.922922883677,-2.98993933511,0.));
#1951 = CARTESIAN_POINT('',(-8.610671072955,-3.320114066363,0.));
#1952 = CARTESIAN_POINT('',(-9.24669301045,-4.269372709381,0.));
#1953 = CARTESIAN_POINT('',(-9.621069196408,-5.165406810496,0.));
#1954 = CARTESIAN_POINT('',(-7.922922883677,-2.98993933511,9.9));
#1955 = CARTESIAN_POINT('',(-8.610671072955,-3.320114066363,9.9));
#1956 = CARTESIAN_POINT('',(-9.24669301045,-4.269372709381,9.9));
#1957 = CARTESIAN_POINT('',(-9.621069196408,-5.165406810496,9.9));
#1958 = DEFINITIONAL_REPRESENTATION('',(#1959),#1962);
#1959 = B_SPLINE_CURVE_WITH_KNOTS('',1,(#1960,#1961),.UNSPECIFIED.,.F.,
  .F.,(2,2),(0.,1.),.PIECEWISE_BEZIER_KNOTS.);
#1960 = CARTESIAN_POINT('',(0.,0.));
#1961 = CARTESIAN_POINT('',(0.,1.));
#1962 = ( GEOMETRIC_REPRESENTATION_CONTEXT(2) 
PARAMETRIC_REPRESENTATION_CONTEXT() REPRESENTATION_CONTEXT('2D SPACE',''
  ) );
#1963 = ORIENTED_EDGE('',*,*,#1964,.T.);
#1964 = EDGE_CURVE('',#1932,#1965,#1967,.T.);
#1965 = VERTEX_POINT('',#1966);
#1966 = CARTESIAN_POINT('',(-9.283908116975,-5.74938693041,0.));
#1967 = SURFACE_CURVE('',#1968,(#1972,#1979),.PCURVE_S1.);
#1968 = ( BOUNDED_CURVE() B_SPLINE_CURVE(2,(#1969,#1970,#1971),
.UNSPECIFIED.,.F.,.F.) B_SPLINE_CURVE_WITH_KNOTS((3,3),(0.,1.),
.PIECEWISE_BEZIER_KNOTS.) CURVE() GEOMETRIC_REPRESENTATION_ITEM() 
RATIONAL_B_SPLINE_CURVE((1.,0.999523236347,1.)) REPRESENTATION_ITEM('') 
  );
#1969 = CARTESIAN_POINT('',(-9.621069196408,-5.165406810496,0.));
#1970 = CARTESIAN_POINT('',(-9.461508312595,-5.462604371217,0.));
#1971 = CARTESIAN_POINT('',(-9.283908116975,-5.74938693041,0.));
#1972 = PCURVE('',#45,#1973);
#1973 = DEFINITIONAL_REPRESENTATION('',(#1974),#1978);
#1974 = ( BOUNDED_CURVE() B_SPLINE_CURVE(2,(#1975,#1976,#1977),
.UNSPECIFIED.,.F.,.F.) B_SPLINE_CURVE_WITH_KNOTS((3,3),(0.,1.),
.PIECEWISE_BEZIER_KNOTS.) CURVE() GEOMETRIC_REPRESENTATION_ITEM() 
RATIONAL_B_SPLINE_CURVE((1.,0.999523236347,1.)) REPRESENTATION_ITEM('') 
  );
#1975 = CARTESIAN_POINT('',(-9.621069196408,-5.165406810496));
#1976 = CARTESIAN_POINT('',(-9.461508312595,-5.462604371217));
#1977 = CARTESIAN_POINT('',(-9.283908116975,-5.74938693041));
#1978 = ( GEOMETRIC_REPRESENTATION_CONTEXT(2) 
PARAMETRIC_REPRESENTATION_CONTEXT() REPRESENTATION_CONTEXT('2D SPACE',''
  ) );
#1979 = PCURVE('',#1980,#1987);
#1980 = ( BOUNDED_SURFACE() B_SPLINE_SURFACE(1,2,(
    (#1981,#1982,#1983)
    ,(#1984,#1985,#1986
)),.UNSPECIFIED.,.F.,.F.,.F.) B_SPLINE_SURFACE_WITH_KNOTS((2,2),(3,3),(
    0.,1.),(0.,1.),.PIECEWISE_BEZIER_KNOTS.) 
GEOMETRIC_REPRESENTATION_ITEM() RATIONAL_B_SPLINE_SURFACE((
    (1.,0.999523236347,1.)
,(1.,0.999523236347,1.))) REPRESENTATION_ITEM('') SURFACE() );
#1981 = CARTESIAN_POINT('',(-9.621069196408,-5.165406810496,0.));
#1982 = CARTESIAN_POINT('',(-9.461508312595,-5.462604371217,0.));
#1983 = CARTESIAN_POINT('',(-9.283908116975,-5.74938693041,0.));
#1984 = CARTESIAN_POINT('',(-9.621069196408,-5.165406810496,9.9));
#1985 = CARTESIAN_POINT('',(-9.461508312595,-5.462604371217,9.9));
#1986 = CARTESIAN_POINT('',(-9.283908116975,-5.74938693041,9.9));
#1987 = DEFINITIONAL_REPRESENTATION('',(#1988),#1991);
#1988 = B_SPLINE_CURVE_WITH_KNOTS('',1,(#1989,#1990),.UNSPECIFIED.,.F.,
  .F.,(2,2),(0.,1.),.PIECEWISE_BEZIER_KNOTS.);
#1989 = CARTESIAN_POINT('',(0.,0.));
#1990 = CARTESIAN_POINT('',(0.,1.));
#1991 = ( GEOMETRIC_REPRESENTATION_CONTEXT(2) 
PARAMETRIC_REPRESENTATION_CONTEXT() REPRESENTATION_CONTEXT('2D SPACE',''
  ) );
#1992 = ORIENTED_EDGE('',*,*,#1993,.T.);
#1993 = EDGE_CURVE('',#1965,#1994,#1996,.T.);
#1994 = VERTEX_POINT('',#1995);
#1995 = CARTESIAN_POINT('',(-6.550824861818,-5.366482821935,0.));
#1996 = SURFACE_CURVE('',#1997,(#2002,#2010),.PCURVE_S1.);
#1997 = ( BOUNDED_CURVE() B_SPLINE_CURVE(3,(#1998,#1999,#2000,#2001),
.UNSPECIFIED.,.F.,.F.) B_SPLINE_CURVE_WITH_KNOTS((4,4),(0.,1.),
.PIECEWISE_BEZIER_KNOTS.) CURVE() GEOMETRIC_REPRESENTATION_ITEM() 
RATIONAL_B_SPLINE_CURVE((1.,1.070034384224,0.93042703827,1.)) 
REPRESENTATION_ITEM('') );
#1998 = CARTESIAN_POINT('',(-9.283908116975,-5.74938693041,0.));
#1999 = CARTESIAN_POINT('',(-8.320731729773,-5.873184693355,0.));
#2000 = CARTESIAN_POINT('',(-7.18063866141,-5.797002859629,0.));
#2001 = CARTESIAN_POINT('',(-6.550824861818,-5.366482821935,0.));
#2002 = PCURVE('',#45,#2003);
#2003 = DEFINITIONAL_REPRESENTATION('',(#2004),#2009);
#2004 = ( BOUNDED_CURVE() B_SPLINE_CURVE(3,(#2005,#2006,#2007,#2008),
.UNSPECIFIED.,.F.,.F.) B_SPLINE_CURVE_WITH_KNOTS((4,4),(0.,1.),
.PIECEWISE_BEZIER_KNOTS.) CURVE() GEOMETRIC_REPRESENTATION_ITEM() 
RATIONAL_B_SPLINE_CURVE((1.,1.070034384224,0.93042703827,1.)) 
REPRESENTATION_ITEM('') );
#2005 = CARTESIAN_POINT('',(-9.283908116975,-5.74938693041));
#2006 = CARTESIAN_POINT('',(-8.320731729773,-5.873184693355));
#2007 = CARTESIAN_POINT('',(-7.18063866141,-5.797002859629));
#2008 = CARTESIAN_POINT('',(-6.550824861818,-5.366482821935));
#2009 = ( GEOMETRIC_REPRESENTATION_CONTEXT(2) 
PARAMETRIC_REPRESENTATION_CONTEXT() REPRESENTATION_CONTEXT('2D SPACE',''
  ) );
#2010 = PCURVE('',#2011,#2020);
#2011 = ( BOUNDED_SURFACE() B_SPLINE_SURFACE(1,3,(
    (#2012,#2013,#2014,#2015)
    ,(#2016,#2017,#2018,#2019
)),.UNSPECIFIED.,.F.,.F.,.F.) B_SPLINE_SURFACE_WITH_KNOTS((2,2),(4,4),(
    0.,1.),(0.,1.),.PIECEWISE_BEZIER_KNOTS.) 
GEOMETRIC_REPRESENTATION_ITEM() RATIONAL_B_SPLINE_SURFACE((
    (1.,1.070034384224,0.93042703827,1.)
,(1.,1.070034384224,0.93042703827,1.
  ))) REPRESENTATION_ITEM('') SURFACE() );
#2012 = CARTESIAN_POINT('',(-9.283908116975,-5.74938693041,0.));
#2013 = CARTESIAN_POINT('',(-8.320731729773,-5.873184693355,0.));
#2014 = CARTESIAN_POINT('',(-7.18063866141,-5.797002859629,0.));
#2015 = CARTESIAN_POINT('',(-6.550824861818,-5.366482821935,0.));
#2016 = CARTESIAN_POINT('',(-9.283908116975,-5.74938693041,9.9));
#2017 = CARTESIAN_POINT('',(-8.320731729773,-5.873184693355,9.9));
#2018 = CARTESIAN_POINT('',(-7.18063866141,-5.797002859629,9.9));
#2019 = CARTESIAN_POINT('',(-6.550824861818,-5.366482821935,9.9));
#2020 = DEFINITIONAL_REPRESENTATION('',(#2021),#2024);
#2021 = B_SPLINE_CURVE_WITH_KNOTS('',1,(#2022,#2023),.UNSPECIFIED.,.F.,
  .F.,(2,2),(0.,1.),.PIECEWISE_BEZIER_KNOTS.);
#2022 = CARTESIAN_POINT('',(0.,0.));
#2023 = CARTESIAN_POINT('',(0.,1.));
#2024 = ( GEOMETRIC_REPRESENTATION_CONTEXT(2) 
PARAMETRIC_REPRESENTATION_CONTEXT() REPRESENTATION_CONTEXT('2D SPACE',''
  ) );
#2025 = ORIENTED_EDGE('',*,*,#2026,.T.);
#2026 = EDGE_CURVE('',#1994,#2027,#2029,.T.);
#2027 = VERTEX_POINT('',#2028);
#2028 = CARTESIAN_POINT('',(-5.961876333343,-5.004138127145,0.));
#2029 = SURFACE_CURVE('',#2030,(#2035,#2043),.PCURVE_S1.);
#2030 = ( BOUNDED_CURVE() B_SPLINE_CURVE(3,(#2031,#2032,#2033,#2034),
.UNSPECIFIED.,.F.,.F.) B_SPLINE_CURVE_WITH_KNOTS((4,4),(0.,1.),
.PIECEWISE_BEZIER_KNOTS.) CURVE() GEOMETRIC_REPRESENTATION_ITEM() 
RATIONAL_B_SPLINE_CURVE((1.,1.001988389136,1.000183442697,1.)) 
REPRESENTATION_ITEM('') );
#2031 = CARTESIAN_POINT('',(-6.550824861818,-5.366482821935,0.));
#2032 = CARTESIAN_POINT('',(-6.395865292168,-5.21257570939,0.));
#2033 = CARTESIAN_POINT('',(-6.177723205175,-5.046109072989,0.));
#2034 = CARTESIAN_POINT('',(-5.961876333343,-5.004138127145,0.));
#2035 = PCURVE('',#45,#2036);
#2036 = DEFINITIONAL_REPRESENTATION('',(#2037),#2042);
#2037 = ( BOUNDED_CURVE() B_SPLINE_CURVE(3,(#2038,#2039,#2040,#2041),
.UNSPECIFIED.,.F.,.F.) B_SPLINE_CURVE_WITH_KNOTS((4,4),(0.,1.),
.PIECEWISE_BEZIER_KNOTS.) CURVE() GEOMETRIC_REPRESENTATION_ITEM() 
RATIONAL_B_SPLINE_CURVE((1.,1.001988389136,1.000183442697,1.)) 
REPRESENTATION_ITEM('') );
#2038 = CARTESIAN_POINT('',(-6.550824861818,-5.366482821935));
#2039 = CARTESIAN_POINT('',(-6.395865292168,-5.21257570939));
#2040 = CARTESIAN_POINT('',(-6.177723205175,-5.046109072989));
#2041 = CARTESIAN_POINT('',(-5.961876333343,-5.004138127145));
#2042 = ( GEOMETRIC_REPRESENTATION_CONTEXT(2) 
PARAMETRIC_REPRESENTATION_CONTEXT() REPRESENTATION_CONTEXT('2D SPACE',''
  ) );
#2043 = PCURVE('',#2044,#2053);
#2044 = ( BOUNDED_SURFACE() B_SPLINE_SURFACE(1,3,(
    (#2045,#2046,#2047,#2048)
    ,(#2049,#2050,#2051,#2052
)),.UNSPECIFIED.,.F.,.F.,.F.) B_SPLINE_SURFACE_WITH_KNOTS((2,2),(4,4),(
    0.,1.),(0.,1.),.PIECEWISE_BEZIER_KNOTS.) 
GEOMETRIC_REPRESENTATION_ITEM() RATIONAL_B_SPLINE_SURFACE((
    (1.,1.001988389136,1.000183442697,1.)
,(1.,1.001988389136,1.000183442697,1.
))) REPRESENTATION_ITEM('') SURFACE() );
#2045 = CARTESIAN_POINT('',(-6.550824861818,-5.366482821935,0.));
#2046 = CARTESIAN_POINT('',(-6.395865292168,-5.21257570939,0.));
#2047 = CARTESIAN_POINT('',(-6.177723205175,-5.046109072989,0.));
#2048 = CARTESIAN_POINT('',(-5.961876333343,-5.004138127145,0.));
#2049 = CARTESIAN_POINT('',(-6.550824861818,-5.366482821935,9.9));
#2050 = CARTESIAN_POINT('',(-6.395865292168,-5.21257570939,9.9));
#2051 = CARTESIAN_POINT('',(-6.177723205175,-5.046109072989,9.9));
#2052 = CARTESIAN_POINT('',(-5.961876333343,-5.004138127145,9.9));
#2053 = DEFINITIONAL_REPRESENTATION('',(#2054),#2057);
#2054 = B_SPLINE_CURVE_WITH_KNOTS('',1,(#2055,#2056),.UNSPECIFIED.,.F.,
  .F.,(2,2),(0.,1.),.PIECEWISE_BEZIER_KNOTS.);
#2055 = CARTESIAN_POINT('',(0.,0.));
#2056 = CARTESIAN_POINT('',(0.,1.));
#2057 = ( GEOMETRIC_REPRESENTATION_CONTEXT(2) 
PARAMETRIC_REPRESENTATION_CONTEXT() REPRESENTATION_CONTEXT('2D SPACE',''
  ) );
#2058 = ORIENTED_EDGE('',*,*,#2059,.T.);
#2059 = EDGE_CURVE('',#2027,#2060,#2062,.T.);
#2060 = VERTEX_POINT('',#2061);
#2061 = CARTESIAN_POINT('',(-5.655224400349,-5.107135888313,
    -8.460799989015E-18));
#2062 = SURFACE_CURVE('',#2063,(#2067,#2074),.PCURVE_S1.);
#2063 = ( BOUNDED_CURVE() B_SPLINE_CURVE(2,(#2064,#2065,#2066),
.UNSPECIFIED.,.F.,.F.) B_SPLINE_CURVE_WITH_KNOTS((3,3),(0.,1.),
.PIECEWISE_BEZIER_KNOTS.) CURVE() GEOMETRIC_REPRESENTATION_ITEM() 
RATIONAL_B_SPLINE_CURVE((1.,0.871648182287,1.)) REPRESENTATION_ITEM('') 
  );
#2064 = CARTESIAN_POINT('',(-5.961876333343,-5.004138127145,0.));
#2065 = CARTESIAN_POINT('',(-5.779592292396,-4.969421060845,
    -3.068183063632E-17));
#2066 = CARTESIAN_POINT('',(-5.655224400349,-5.107135888313,
    -8.460799989015E-18));
#2067 = PCURVE('',#45,#2068);
#2068 = DEFINITIONAL_REPRESENTATION('',(#2069),#2073);
#2069 = ( BOUNDED_CURVE() B_SPLINE_CURVE(2,(#2070,#2071,#2072),
.UNSPECIFIED.,.F.,.F.) B_SPLINE_CURVE_WITH_KNOTS((3,3),(0.,1.),
.PIECEWISE_BEZIER_KNOTS.) CURVE() GEOMETRIC_REPRESENTATION_ITEM() 
RATIONAL_B_SPLINE_CURVE((1.,0.871648182287,1.)) REPRESENTATION_ITEM('') 
  );
#2070 = CARTESIAN_POINT('',(-5.961876333343,-5.004138127145));
#2071 = CARTESIAN_POINT('',(-5.779592292396,-4.969421060845));
#2072 = CARTESIAN_POINT('',(-5.655224400349,-5.107135888313));
#2073 = ( GEOMETRIC_REPRESENTATION_CONTEXT(2) 
PARAMETRIC_REPRESENTATION_CONTEXT() REPRESENTATION_CONTEXT('2D SPACE',''
  ) );
#2074 = PCURVE('',#2075,#2082);
#2075 = ( BOUNDED_SURFACE() B_SPLINE_SURFACE(1,2,(
    (#2076,#2077,#2078)
    ,(#2079,#2080,#2081
)),.UNSPECIFIED.,.F.,.F.,.F.) B_SPLINE_SURFACE_WITH_KNOTS((2,2),(3,3),(
    0.,1.),(0.,1.),.PIECEWISE_BEZIER_KNOTS.) 
GEOMETRIC_REPRESENTATION_ITEM() RATIONAL_B_SPLINE_SURFACE((
    (1.,0.871648182287,1.)
,(1.,0.871648182287,1.))) REPRESENTATION_ITEM('') SURFACE() );
#2076 = CARTESIAN_POINT('',(-5.961876333343,-5.004138127145,0.));
#2077 = CARTESIAN_POINT('',(-5.779592292396,-4.969421060845,
    -3.068183063632E-17));
#2078 = CARTESIAN_POINT('',(-5.655224400349,-5.107135888313,
    -8.460799989015E-18));
#2079 = CARTESIAN_POINT('',(-5.961876333343,-5.004138127145,9.9));
#2080 = CARTESIAN_POINT('',(-5.779592292396,-4.969421060845,9.9));
#2081 = CARTESIAN_POINT('',(-5.655224400349,-5.107135888313,9.9));
#2082 = DEFINITIONAL_REPRESENTATION('',(#2083),#2086);
#2083 = B_SPLINE_CURVE_WITH_KNOTS('',1,(#2084,#2085),.UNSPECIFIED.,.F.,
  .F.,(2,2),(0.,1.),.PIECEWISE_BEZIER_KNOTS.);
#2084 = CARTESIAN_POINT('',(0.,0.));
#2085 = CARTESIAN_POINT('',(0.,1.));
#2086 = ( GEOMETRIC_REPRESENTATION_CONTEXT(2) 
PARAMETRIC_REPRESENTATION_CONTEXT() REPRESENTATION_CONTEXT('2D SPACE',''
  ) );
#2087 = ORIENTED_EDGE('',*,*,#2088,.T.);
#2088 = EDGE_CURVE('',#2060,#2089,#2091,.T.);
#2089 = VERTEX_POINT('',#2090);
#2090 = CARTESIAN_POINT('',(-5.107135888313,-5.655224400349,
    -8.460799989015E-18));
#2091 = SURFACE_CURVE('',#2092,(#2096,#2103),.PCURVE_S1.);
#2092 = ( BOUNDED_CURVE() B_SPLINE_CURVE(2,(#2093,#2094,#2095),
.UNSPECIFIED.,.F.,.F.) B_SPLINE_CURVE_WITH_KNOTS((3,3),(0.,1.),
.PIECEWISE_BEZIER_KNOTS.) CURVE() GEOMETRIC_REPRESENTATION_ITEM() 
RATIONAL_B_SPLINE_CURVE((1.,0.998705766625,1.)) REPRESENTATION_ITEM('') 
  );
#2093 = CARTESIAN_POINT('',(-5.655224400349,-5.107135888313,
    -8.460799989015E-18));
#2094 = CARTESIAN_POINT('',(-5.395136238021,-5.395136238021,
    -8.460799989015E-18));
#2095 = CARTESIAN_POINT('',(-5.107135888313,-5.655224400349,
    -8.460799989015E-18));
#2096 = PCURVE('',#45,#2097);
#2097 = DEFINITIONAL_REPRESENTATION('',(#2098),#2102);
#2098 = ( BOUNDED_CURVE() B_SPLINE_CURVE(2,(#2099,#2100,#2101),
.UNSPECIFIED.,.F.,.F.) B_SPLINE_CURVE_WITH_KNOTS((3,3),(0.,1.),
.PIECEWISE_BEZIER_KNOTS.) CURVE() GEOMETRIC_REPRESENTATION_ITEM() 
RATIONAL_B_SPLINE_CURVE((1.,0.998705766625,1.)) REPRESENTATION_ITEM('') 
  );
#2099 = CARTESIAN_POINT('',(-5.655224400349,-5.107135888313));
#2100 = CARTESIAN_POINT('',(-5.395136238021,-5.395136238021));
#2101 = CARTESIAN_POINT('',(-5.107135888313,-5.655224400349));
#2102 = ( GEOMETRIC_REPRESENTATION_CONTEXT(2) 
PARAMETRIC_REPRESENTATION_CONTEXT() REPRESENTATION_CONTEXT('2D SPACE',''
  ) );
#2103 = PCURVE('',#2104,#2111);
#2104 = ( BOUNDED_SURFACE() B_SPLINE_SURFACE(1,2,(
    (#2105,#2106,#2107)
    ,(#2108,#2109,#2110
)),.UNSPECIFIED.,.F.,.F.,.F.) B_SPLINE_SURFACE_WITH_KNOTS((2,2),(3,3),(
    0.,1.),(0.,1.),.PIECEWISE_BEZIER_KNOTS.) 
GEOMETRIC_REPRESENTATION_ITEM() RATIONAL_B_SPLINE_SURFACE((
    (1.,0.998705766625,1.)
,(1.,0.998705766625,1.))) REPRESENTATION_ITEM('') SURFACE() );
#2105 = CARTESIAN_POINT('',(-5.655224400349,-5.107135888313,
    -8.460799989015E-18));
#2106 = CARTESIAN_POINT('',(-5.395136238021,-5.395136238021,
    -8.460799989015E-18));
#2107 = CARTESIAN_POINT('',(-5.107135888313,-5.655224400349,
    -8.460799989015E-18));
#2108 = CARTESIAN_POINT('',(-5.655224400349,-5.107135888313,9.9));
#2109 = CARTESIAN_POINT('',(-5.395136238021,-5.395136238021,9.9));
#2110 = CARTESIAN_POINT('',(-5.107135888313,-5.655224400349,9.9));
#2111 = DEFINITIONAL_REPRESENTATION('',(#2112),#2115);
#2112 = B_SPLINE_CURVE_WITH_KNOTS('',1,(#2113,#2114),.UNSPECIFIED.,.F.,
  .F.,(2,2),(0.,1.),.PIECEWISE_BEZIER_KNOTS.);
#2113 = CARTESIAN_POINT('',(0.,0.));
#2114 = CARTESIAN_POINT('',(0.,1.));
#2115 = ( GEOMETRIC_REPRESENTATION_CONTEXT(2) 
PARAMETRIC_REPRESENTATION_CONTEXT() REPRESENTATION_CONTEXT('2D SPACE',''
  ) );
#2116 = ORIENTED_EDGE('',*,*,#2117,.T.);
#2117 = EDGE_CURVE('',#2089,#2118,#2120,.T.);
#2118 = VERTEX_POINT('',#2119);
#2119 = CARTESIAN_POINT('',(-5.004138127145,-5.961876333343,
    -9.538650508282E-18));
#2120 = SURFACE_CURVE('',#2121,(#2125,#2132),.PCURVE_S1.);
#2121 = ( BOUNDED_CURVE() B_SPLINE_CURVE(2,(#2122,#2123,#2124),
.UNSPECIFIED.,.F.,.F.) B_SPLINE_CURVE_WITH_KNOTS((3,3),(0.,1.),
.PIECEWISE_BEZIER_KNOTS.) CURVE() GEOMETRIC_REPRESENTATION_ITEM() 
RATIONAL_B_SPLINE_CURVE((1.,0.871648182287,1.)) REPRESENTATION_ITEM('') 
  );
#2122 = CARTESIAN_POINT('',(-5.107135888313,-5.655224400349,
    -8.460799989015E-18));
#2123 = CARTESIAN_POINT('',(-4.969421060845,-5.779592292396,
    -3.068183063632E-17));
#2124 = CARTESIAN_POINT('',(-5.004138127145,-5.961876333343,0.));
#2125 = PCURVE('',#45,#2126);
#2126 = DEFINITIONAL_REPRESENTATION('',(#2127),#2131);
#2127 = ( BOUNDED_CURVE() B_SPLINE_CURVE(2,(#2128,#2129,#2130),
.UNSPECIFIED.,.F.,.F.) B_SPLINE_CURVE_WITH_KNOTS((3,3),(0.,1.),
.PIECEWISE_BEZIER_KNOTS.) CURVE() GEOMETRIC_REPRESENTATION_ITEM() 
RATIONAL_B_SPLINE_CURVE((1.,0.871648182287,1.)) REPRESENTATION_ITEM('') 
  );
#2128 = CARTESIAN_POINT('',(-5.107135888313,-5.655224400349));
#2129 = CARTESIAN_POINT('',(-4.969421060845,-5.779592292396));
#2130 = CARTESIAN_POINT('',(-5.004138127145,-5.961876333343));
#2131 = ( GEOMETRIC_REPRESENTATION_CONTEXT(2) 
PARAMETRIC_REPRESENTATION_CONTEXT() REPRESENTATION_CONTEXT('2D SPACE',''
  ) );
#2132 = PCURVE('',#2133,#2140);
#2133 = ( BOUNDED_SURFACE() B_SPLINE_SURFACE(1,2,(
    (#2134,#2135,#2136)
    ,(#2137,#2138,#2139
)),.UNSPECIFIED.,.F.,.F.,.F.) B_SPLINE_SURFACE_WITH_KNOTS((2,2),(3,3),(
    0.,1.),(0.,1.),.PIECEWISE_BEZIER_KNOTS.) 
GEOMETRIC_REPRESENTATION_ITEM() RATIONAL_B_SPLINE_SURFACE((
    (1.,0.871648182287,1.)
,(1.,0.871648182287,1.))) REPRESENTATION_ITEM('') SURFACE() );
#2134 = CARTESIAN_POINT('',(-5.107135888313,-5.655224400349,
    -8.460799989015E-18));
#2135 = CARTESIAN_POINT('',(-4.969421060845,-5.779592292396,
    -3.068183063632E-17));
#2136 = CARTESIAN_POINT('',(-5.004138127145,-5.961876333343,0.));
#2137 = CARTESIAN_POINT('',(-5.107135888313,-5.655224400349,9.9));
#2138 = CARTESIAN_POINT('',(-4.969421060845,-5.779592292396,9.9));
#2139 = CARTESIAN_POINT('',(-5.004138127145,-5.961876333343,9.9));
#2140 = DEFINITIONAL_REPRESENTATION('',(#2141),#2144);
#2141 = B_SPLINE_CURVE_WITH_KNOTS('',1,(#2142,#2143),.UNSPECIFIED.,.F.,
  .F.,(2,2),(0.,1.),.PIECEWISE_BEZIER_KNOTS.);
#2142 = CARTESIAN_POINT('',(0.,0.));
#2143 = CARTESIAN_POINT('',(0.,1.));
#2144 = ( GEOMETRIC_REPRESENTATION_CONTEXT(2) 
PARAMETRIC_REPRESENTATION_CONTEXT() REPRESENTATION_CONTEXT('2D SPACE',''
  ) );
#2145 = ORIENTED_EDGE('',*,*,#2146,.T.);
#2146 = EDGE_CURVE('',#2118,#2147,#2149,.T.);
#2147 = VERTEX_POINT('',#2148);
#2148 = CARTESIAN_POINT('',(-5.366482821935,-6.550824861818,0.));
#2149 = SURFACE_CURVE('',#2150,(#2155,#2163),.PCURVE_S1.);
#2150 = ( BOUNDED_CURVE() B_SPLINE_CURVE(3,(#2151,#2152,#2153,#2154),
.UNSPECIFIED.,.F.,.F.) B_SPLINE_CURVE_WITH_KNOTS((4,4),(0.,1.),
.PIECEWISE_BEZIER_KNOTS.) CURVE() GEOMETRIC_REPRESENTATION_ITEM() 
RATIONAL_B_SPLINE_CURVE((1.,1.000183442697,1.001988389136,1.)) 
REPRESENTATION_ITEM('') );
#2151 = CARTESIAN_POINT('',(-5.004138127145,-5.961876333343,0.));
#2152 = CARTESIAN_POINT('',(-5.046109072989,-6.177723205175,0.));
#2153 = CARTESIAN_POINT('',(-5.21257570939,-6.395865292168,0.));
#2154 = CARTESIAN_POINT('',(-5.366482821935,-6.550824861818,0.));
#2155 = PCURVE('',#45,#2156);
#2156 = DEFINITIONAL_REPRESENTATION('',(#2157),#2162);
#2157 = ( BOUNDED_CURVE() B_SPLINE_CURVE(3,(#2158,#2159,#2160,#2161),
.UNSPECIFIED.,.F.,.F.) B_SPLINE_CURVE_WITH_KNOTS((4,4),(0.,1.),
.PIECEWISE_BEZIER_KNOTS.) CURVE() GEOMETRIC_REPRESENTATION_ITEM() 
RATIONAL_B_SPLINE_CURVE((1.,1.000183442697,1.001988389136,1.)) 
REPRESENTATION_ITEM('') );
#2158 = CARTESIAN_POINT('',(-5.004138127145,-5.961876333343));
#2159 = CARTESIAN_POINT('',(-5.046109072989,-6.177723205175));
#2160 = CARTESIAN_POINT('',(-5.21257570939,-6.395865292168));
#2161 = CARTESIAN_POINT('',(-5.366482821935,-6.550824861818));
#2162 = ( GEOMETRIC_REPRESENTATION_CONTEXT(2) 
PARAMETRIC_REPRESENTATION_CONTEXT() REPRESENTATION_CONTEXT('2D SPACE',''
  ) );
#2163 = PCURVE('',#2164,#2173);
#2164 = ( BOUNDED_SURFACE() B_SPLINE_SURFACE(1,3,(
    (#2165,#2166,#2167,#2168)
    ,(#2169,#2170,#2171,#2172
)),.UNSPECIFIED.,.F.,.F.,.F.) B_SPLINE_SURFACE_WITH_KNOTS((2,2),(4,4),(
    0.,1.),(0.,1.),.PIECEWISE_BEZIER_KNOTS.) 
GEOMETRIC_REPRESENTATION_ITEM() RATIONAL_B_SPLINE_SURFACE((
    (1.,1.000183442697,1.001988389136,1.)
,(1.,1.000183442697,1.001988389136,1.
))) REPRESENTATION_ITEM('') SURFACE() );
#2165 = CARTESIAN_POINT('',(-5.004138127145,-5.961876333343,0.));
#2166 = CARTESIAN_POINT('',(-5.046109072989,-6.177723205175,0.));
#2167 = CARTESIAN_POINT('',(-5.21257570939,-6.395865292168,0.));
#2168 = CARTESIAN_POINT('',(-5.366482821935,-6.550824861818,0.));
#2169 = CARTESIAN_POINT('',(-5.004138127145,-5.961876333343,9.9));
#2170 = CARTESIAN_POINT('',(-5.046109072989,-6.177723205175,9.9));
#2171 = CARTESIAN_POINT('',(-5.21257570939,-6.395865292168,9.9));
#2172 = CARTESIAN_POINT('',(-5.366482821935,-6.550824861818,9.9));
#2173 = DEFINITIONAL_REPRESENTATION('',(#2174),#2177);
#2174 = B_SPLINE_CURVE_WITH_KNOTS('',1,(#2175,#2176),.UNSPECIFIED.,.F.,
  .F.,(2,2),(0.,1.),.PIECEWISE_BEZIER_KNOTS.);
#2175 = CARTESIAN_POINT('',(0.,0.));
#2176 = CARTESIAN_POINT('',(0.,1.));
#2177 = ( GEOMETRIC_REPRESENTATION_CONTEXT(2) 
PARAMETRIC_REPRESENTATION_CONTEXT() REPRESENTATION_CONTEXT('2D SPACE',''
  ) );
#2178 = ORIENTED_EDGE('',*,*,#2179,.T.);
#2179 = EDGE_CURVE('',#2147,#2180,#2182,.T.);
#2180 = VERTEX_POINT('',#2181);
#2181 = CARTESIAN_POINT('',(-5.74938693041,-9.283908116975,0.));
#2182 = SURFACE_CURVE('',#2183,(#2188,#2196),.PCURVE_S1.);
#2183 = ( BOUNDED_CURVE() B_SPLINE_CURVE(3,(#2184,#2185,#2186,#2187),
.UNSPECIFIED.,.F.,.F.) B_SPLINE_CURVE_WITH_KNOTS((4,4),(0.,1.),
.PIECEWISE_BEZIER_KNOTS.) CURVE() GEOMETRIC_REPRESENTATION_ITEM() 
RATIONAL_B_SPLINE_CURVE((1.,0.93042703827,1.070034384224,1.)) 
REPRESENTATION_ITEM('') );
#2184 = CARTESIAN_POINT('',(-5.366482821935,-6.550824861818,0.));
#2185 = CARTESIAN_POINT('',(-5.797002859629,-7.18063866141,0.));
#2186 = CARTESIAN_POINT('',(-5.873184693355,-8.320731729773,0.));
#2187 = CARTESIAN_POINT('',(-5.74938693041,-9.283908116975,0.));
#2188 = PCURVE('',#45,#2189);
#2189 = DEFINITIONAL_REPRESENTATION('',(#2190),#2195);
#2190 = ( BOUNDED_CURVE() B_SPLINE_CURVE(3,(#2191,#2192,#2193,#2194),
.UNSPECIFIED.,.F.,.F.) B_SPLINE_CURVE_WITH_KNOTS((4,4),(0.,1.),
.PIECEWISE_BEZIER_KNOTS.) CURVE() GEOMETRIC_REPRESENTATION_ITEM() 
RATIONAL_B_SPLINE_CURVE((1.,0.93042703827,1.070034384224,1.)) 
REPRESENTATION_ITEM('') );
#2191 = CARTESIAN_POINT('',(-5.366482821935,-6.550824861818));
#2192 = CARTESIAN_POINT('',(-5.797002859629,-7.18063866141));
#2193 = CARTESIAN_POINT('',(-5.873184693355,-8.320731729773));
#2194 = CARTESIAN_POINT('',(-5.74938693041,-9.283908116975));
#2195 = ( GEOMETRIC_REPRESENTATION_CONTEXT(2) 
PARAMETRIC_REPRESENTATION_CONTEXT() REPRESENTATION_CONTEXT('2D SPACE',''
  ) );
#2196 = PCURVE('',#2197,#2206);
#2197 = ( BOUNDED_SURFACE() B_SPLINE_SURFACE(1,3,(
    (#2198,#2199,#2200,#2201)
    ,(#2202,#2203,#2204,#2205
)),.UNSPECIFIED.,.F.,.F.,.F.) B_SPLINE_SURFACE_WITH_KNOTS((2,2),(4,4),(
    0.,1.),(0.,1.),.PIECEWISE_BEZIER_KNOTS.) 
GEOMETRIC_REPRESENTATION_ITEM() RATIONAL_B_SPLINE_SURFACE((
    (1.,0.93042703827,1.070034384224,1.)
,(1.,0.93042703827,1.070034384224,1.
  ))) REPRESENTATION_ITEM('') SURFACE() );
#2198 = CARTESIAN_POINT('',(-5.366482821935,-6.550824861818,0.));
#2199 = CARTESIAN_POINT('',(-5.797002859629,-7.18063866141,0.));
#2200 = CARTESIAN_POINT('',(-5.873184693355,-8.320731729773,0.));
#2201 = CARTESIAN_POINT('',(-5.74938693041,-9.283908116975,0.));
#2202 = CARTESIAN_POINT('',(-5.366482821935,-6.550824861818,9.9));
#2203 = CARTESIAN_POINT('',(-5.797002859629,-7.18063866141,9.9));
#2204 = CARTESIAN_POINT('',(-5.873184693355,-8.320731729773,9.9));
#2205 = CARTESIAN_POINT('',(-5.74938693041,-9.283908116975,9.9));
#2206 = DEFINITIONAL_REPRESENTATION('',(#2207),#2210);
#2207 = B_SPLINE_CURVE_WITH_KNOTS('',1,(#2208,#2209),.UNSPECIFIED.,.F.,
  .F.,(2,2),(0.,1.),.PIECEWISE_BEZIER_KNOTS.);
#2208 = CARTESIAN_POINT('',(0.,0.));
#2209 = CARTESIAN_POINT('',(0.,1.));
#2210 = ( GEOMETRIC_REPRESENTATION_CONTEXT(2) 
PARAMETRIC_REPRESENTATION_CONTEXT() REPRESENTATION_CONTEXT('2D SPACE',''
  ) );
#2211 = ORIENTED_EDGE('',*,*,#2212,.T.);
#2212 = EDGE_CURVE('',#2180,#2213,#2215,.T.);
#2213 = VERTEX_POINT('',#2214);
#2214 = CARTESIAN_POINT('',(-5.165406810496,-9.621069196408,0.));
#2215 = SURFACE_CURVE('',#2216,(#2220,#2227),.PCURVE_S1.);
#2216 = ( BOUNDED_CURVE() B_SPLINE_CURVE(2,(#2217,#2218,#2219),
.UNSPECIFIED.,.F.,.F.) B_SPLINE_CURVE_WITH_KNOTS((3,3),(0.,1.),
.PIECEWISE_BEZIER_KNOTS.) CURVE() GEOMETRIC_REPRESENTATION_ITEM() 
RATIONAL_B_SPLINE_CURVE((1.,0.999523236347,1.)) REPRESENTATION_ITEM('') 
  );
#2217 = CARTESIAN_POINT('',(-5.74938693041,-9.283908116975,0.));
#2218 = CARTESIAN_POINT('',(-5.462604371217,-9.461508312595,0.));
#2219 = CARTESIAN_POINT('',(-5.165406810496,-9.621069196408,0.));
#2220 = PCURVE('',#45,#2221);
#2221 = DEFINITIONAL_REPRESENTATION('',(#2222),#2226);
#2222 = ( BOUNDED_CURVE() B_SPLINE_CURVE(2,(#2223,#2224,#2225),
.UNSPECIFIED.,.F.,.F.) B_SPLINE_CURVE_WITH_KNOTS((3,3),(0.,1.),
.PIECEWISE_BEZIER_KNOTS.) CURVE() GEOMETRIC_REPRESENTATION_ITEM() 
RATIONAL_B_SPLINE_CURVE((1.,0.999523236347,1.)) REPRESENTATION_ITEM('') 
  );
#2223 = CARTESIAN_POINT('',(-5.74938693041,-9.283908116975));
#2224 = CARTESIAN_POINT('',(-5.462604371217,-9.461508312595));
#2225 = CARTESIAN_POINT('',(-5.165406810496,-9.621069196408));
#2226 = ( GEOMETRIC_REPRESENTATION_CONTEXT(2) 
PARAMETRIC_REPRESENTATION_CONTEXT() REPRESENTATION_CONTEXT('2D SPACE',''
  ) );
#2227 = PCURVE('',#2228,#2235);
#2228 = ( BOUNDED_SURFACE() B_SPLINE_SURFACE(1,2,(
    (#2229,#2230,#2231)
    ,(#2232,#2233,#2234
)),.UNSPECIFIED.,.F.,.F.,.F.) B_SPLINE_SURFACE_WITH_KNOTS((2,2),(3,3),(
    0.,1.),(0.,1.),.PIECEWISE_BEZIER_KNOTS.) 
GEOMETRIC_REPRESENTATION_ITEM() RATIONAL_B_SPLINE_SURFACE((
    (1.,0.999523236347,1.)
,(1.,0.999523236347,1.))) REPRESENTATION_ITEM('') SURFACE() );
#2229 = CARTESIAN_POINT('',(-5.74938693041,-9.283908116975,0.));
#2230 = CARTESIAN_POINT('',(-5.462604371217,-9.461508312595,0.));
#2231 = CARTESIAN_POINT('',(-5.165406810496,-9.621069196408,0.));
#2232 = CARTESIAN_POINT('',(-5.74938693041,-9.283908116975,9.9));
#2233 = CARTESIAN_POINT('',(-5.462604371217,-9.461508312595,9.9));
#2234 = CARTESIAN_POINT('',(-5.165406810496,-9.621069196408,9.9));
#2235 = DEFINITIONAL_REPRESENTATION('',(#2236),#2239);
#2236 = B_SPLINE_CURVE_WITH_KNOTS('',1,(#2237,#2238),.UNSPECIFIED.,.F.,
  .F.,(2,2),(0.,1.),.PIECEWISE_BEZIER_KNOTS.);
#2237 = CARTESIAN_POINT('',(0.,0.));
#2238 = CARTESIAN_POINT('',(0.,1.));
#2239 = ( GEOMETRIC_REPRESENTATION_CONTEXT(2) 
PARAMETRIC_REPRESENTATION_CONTEXT() REPRESENTATION_CONTEXT('2D SPACE',''
  ) );
#2240 = ORIENTED_EDGE('',*,*,#2241,.T.);
#2241 = EDGE_CURVE('',#2213,#2242,#2244,.T.);
#2242 = VERTEX_POINT('',#2243);
#2243 = CARTESIAN_POINT('',(-2.98993933511,-7.922922883677,0.));
#2244 = SURFACE_CURVE('',#2245,(#2250,#2258),.PCURVE_S1.);
#2245 = ( BOUNDED_CURVE() B_SPLINE_CURVE(3,(#2246,#2247,#2248,#2249),
.UNSPECIFIED.,.F.,.F.) B_SPLINE_CURVE_WITH_KNOTS((4,4),(0.,1.),
.PIECEWISE_BEZIER_KNOTS.) CURVE() GEOMETRIC_REPRESENTATION_ITEM() 
RATIONAL_B_SPLINE_CURVE((1.,1.070034384224,0.93042703827,1.)) 
REPRESENTATION_ITEM('') );
#2246 = CARTESIAN_POINT('',(-5.165406810496,-9.621069196408,0.));
#2247 = CARTESIAN_POINT('',(-4.269372709381,-9.24669301045,0.));
#2248 = CARTESIAN_POINT('',(-3.320114066363,-8.610671072955,0.));
#2249 = CARTESIAN_POINT('',(-2.98993933511,-7.922922883677,0.));
#2250 = PCURVE('',#45,#2251);
#2251 = DEFINITIONAL_REPRESENTATION('',(#2252),#2257);
#2252 = ( BOUNDED_CURVE() B_SPLINE_CURVE(3,(#2253,#2254,#2255,#2256),
.UNSPECIFIED.,.F.,.F.) B_SPLINE_CURVE_WITH_KNOTS((4,4),(0.,1.),
.PIECEWISE_BEZIER_KNOTS.) CURVE() GEOMETRIC_REPRESENTATION_ITEM() 
RATIONAL_B_SPLINE_CURVE((1.,1.070034384224,0.93042703827,1.)) 
REPRESENTATION_ITEM('') );
#2253 = CARTESIAN_POINT('',(-5.165406810496,-9.621069196408));
#2254 = CARTESIAN_POINT('',(-4.269372709381,-9.24669301045));
#2255 = CARTESIAN_POINT('',(-3.320114066363,-8.610671072955));
#2256 = CARTESIAN_POINT('',(-2.98993933511,-7.922922883677));
#2257 = ( GEOMETRIC_REPRESENTATION_CONTEXT(2) 
PARAMETRIC_REPRESENTATION_CONTEXT() REPRESENTATION_CONTEXT('2D SPACE',''
  ) );
#2258 = PCURVE('',#2259,#2268);
#2259 = ( BOUNDED_SURFACE() B_SPLINE_SURFACE(1,3,(
    (#2260,#2261,#2262,#2263)
    ,(#2264,#2265,#2266,#2267
)),.UNSPECIFIED.,.F.,.F.,.F.) B_SPLINE_SURFACE_WITH_KNOTS((2,2),(4,4),(
    0.,1.),(0.,1.),.PIECEWISE_BEZIER_KNOTS.) 
GEOMETRIC_REPRESENTATION_ITEM() RATIONAL_B_SPLINE_SURFACE((
    (1.,1.070034384224,0.93042703827,1.)
,(1.,1.070034384224,0.93042703827,1.
  ))) REPRESENTATION_ITEM('') SURFACE() );
#2260 = CARTESIAN_POINT('',(-5.165406810496,-9.621069196408,0.));
#2261 = CARTESIAN_POINT('',(-4.269372709381,-9.24669301045,0.));
#2262 = CARTESIAN_POINT('',(-3.320114066363,-8.610671072955,0.));
#2263 = CARTESIAN_POINT('',(-2.98993933511,-7.922922883677,0.));
#2264 = CARTESIAN_POINT('',(-5.165406810496,-9.621069196408,9.9));
#2265 = CARTESIAN_POINT('',(-4.269372709381,-9.24669301045,9.9));
#2266 = CARTESIAN_POINT('',(-3.320114066363,-8.610671072955,9.9));
#2267 = CARTESIAN_POINT('',(-2.98993933511,-7.922922883677,9.9));
#2268 = DEFINITIONAL_REPRESENTATION('',(#2269),#2272);
#2269 = B_SPLINE_CURVE_WITH_KNOTS('',1,(#2270,#2271),.UNSPECIFIED.,.F.,
  .F.,(2,2),(0.,1.),.PIECEWISE_BEZIER_KNOTS.);
#2270 = CARTESIAN_POINT('',(0.,0.));
#2271 = CARTESIAN_POINT('',(0.,1.));
#2272 = ( GEOMETRIC_REPRESENTATION_CONTEXT(2) 
PARAMETRIC_REPRESENTATION_CONTEXT() REPRESENTATION_CONTEXT('2D SPACE',''
  ) );
#2273 = ORIENTED_EDGE('',*,*,#2274,.T.);
#2274 = EDGE_CURVE('',#2242,#2275,#2277,.T.);
#2275 = VERTEX_POINT('',#2276);
#2276 = CARTESIAN_POINT('',(-2.661067295324,-7.314648908825,0.));
#2277 = SURFACE_CURVE('',#2278,(#2283,#2291),.PCURVE_S1.);
#2278 = ( BOUNDED_CURVE() B_SPLINE_CURVE(3,(#2279,#2280,#2281,#2282),
.UNSPECIFIED.,.F.,.F.) B_SPLINE_CURVE_WITH_KNOTS((4,4),(0.,1.),
.PIECEWISE_BEZIER_KNOTS.) CURVE() GEOMETRIC_REPRESENTATION_ITEM() 
RATIONAL_B_SPLINE_CURVE((1.,1.001988389136,1.000183442697,1.)) 
REPRESENTATION_ITEM('') );
#2279 = CARTESIAN_POINT('',(-2.98993933511,-7.922922883677,0.));
#2280 = CARTESIAN_POINT('',(-2.932693967506,-7.712155629565,0.));
#2281 = CARTESIAN_POINT('',(-2.827010696736,-7.458920250063,0.));
#2282 = CARTESIAN_POINT('',(-2.661067295324,-7.314648908825,0.));
#2283 = PCURVE('',#45,#2284);
#2284 = DEFINITIONAL_REPRESENTATION('',(#2285),#2290);
#2285 = ( BOUNDED_CURVE() B_SPLINE_CURVE(3,(#2286,#2287,#2288,#2289),
.UNSPECIFIED.,.F.,.F.) B_SPLINE_CURVE_WITH_KNOTS((4,4),(0.,1.),
.PIECEWISE_BEZIER_KNOTS.) CURVE() GEOMETRIC_REPRESENTATION_ITEM() 
RATIONAL_B_SPLINE_CURVE((1.,1.001988389136,1.000183442697,1.)) 
REPRESENTATION_ITEM('') );
#2286 = CARTESIAN_POINT('',(-2.98993933511,-7.922922883677));
#2287 = CARTESIAN_POINT('',(-2.932693967506,-7.712155629565));
#2288 = CARTESIAN_POINT('',(-2.827010696736,-7.458920250063));
#2289 = CARTESIAN_POINT('',(-2.661067295324,-7.314648908825));
#2290 = ( GEOMETRIC_REPRESENTATION_CONTEXT(2) 
PARAMETRIC_REPRESENTATION_CONTEXT() REPRESENTATION_CONTEXT('2D SPACE',''
  ) );
#2291 = PCURVE('',#2292,#2301);
#2292 = ( BOUNDED_SURFACE() B_SPLINE_SURFACE(1,3,(
    (#2293,#2294,#2295,#2296)
    ,(#2297,#2298,#2299,#2300
)),.UNSPECIFIED.,.F.,.F.,.F.) B_SPLINE_SURFACE_WITH_KNOTS((2,2),(4,4),(
    0.,1.),(0.,1.),.PIECEWISE_BEZIER_KNOTS.) 
GEOMETRIC_REPRESENTATION_ITEM() RATIONAL_B_SPLINE_SURFACE((
    (1.,1.001988389136,1.000183442697,1.)
,(1.,1.001988389136,1.000183442697,1.
))) REPRESENTATION_ITEM('') SURFACE() );
#2293 = CARTESIAN_POINT('',(-2.98993933511,-7.922922883677,0.));
#2294 = CARTESIAN_POINT('',(-2.932693967506,-7.712155629565,0.));
#2295 = CARTESIAN_POINT('',(-2.827010696736,-7.458920250063,0.));
#2296 = CARTESIAN_POINT('',(-2.661067295324,-7.314648908825,0.));
#2297 = CARTESIAN_POINT('',(-2.98993933511,-7.922922883677,9.9));
#2298 = CARTESIAN_POINT('',(-2.932693967506,-7.712155629565,9.9));
#2299 = CARTESIAN_POINT('',(-2.827010696736,-7.458920250063,9.9));
#2300 = CARTESIAN_POINT('',(-2.661067295324,-7.314648908825,9.9));
#2301 = DEFINITIONAL_REPRESENTATION('',(#2302),#2305);
#2302 = B_SPLINE_CURVE_WITH_KNOTS('',1,(#2303,#2304),.UNSPECIFIED.,.F.,
  .F.,(2,2),(0.,1.),.PIECEWISE_BEZIER_KNOTS.);
#2303 = CARTESIAN_POINT('',(0.,0.));
#2304 = CARTESIAN_POINT('',(0.,1.));
#2305 = ( GEOMETRIC_REPRESENTATION_CONTEXT(2) 
PARAMETRIC_REPRESENTATION_CONTEXT() REPRESENTATION_CONTEXT('2D SPACE',''
  ) );
#2306 = ORIENTED_EDGE('',*,*,#2307,.T.);
#2307 = EDGE_CURVE('',#2275,#2308,#2310,.T.);
#2308 = VERTEX_POINT('',#2309);
#2309 = CARTESIAN_POINT('',(-2.344000050648,-7.250521620033,
    -8.460799989015E-18));
#2310 = SURFACE_CURVE('',#2311,(#2315,#2322),.PCURVE_S1.);
#2311 = ( BOUNDED_CURVE() B_SPLINE_CURVE(2,(#2312,#2313,#2314),
.UNSPECIFIED.,.F.,.F.) B_SPLINE_CURVE_WITH_KNOTS((3,3),(0.,1.),
.PIECEWISE_BEZIER_KNOTS.) CURVE() GEOMETRIC_REPRESENTATION_ITEM() 
RATIONAL_B_SPLINE_CURVE((1.,0.871648182287,1.)) REPRESENTATION_ITEM('') 
  );
#2312 = CARTESIAN_POINT('',(-2.661067295324,-7.314648908825,0.));
#2313 = CARTESIAN_POINT('',(-2.520563218309,-7.193441026991,
    -3.068183063632E-17));
#2314 = CARTESIAN_POINT('',(-2.344000050648,-7.250521620033,
    -8.460799989015E-18));
#2315 = PCURVE('',#45,#2316);
#2316 = DEFINITIONAL_REPRESENTATION('',(#2317),#2321);
#2317 = ( BOUNDED_CURVE() B_SPLINE_CURVE(2,(#2318,#2319,#2320),
.UNSPECIFIED.,.F.,.F.) B_SPLINE_CURVE_WITH_KNOTS((3,3),(0.,1.),
.PIECEWISE_BEZIER_KNOTS.) CURVE() GEOMETRIC_REPRESENTATION_ITEM() 
RATIONAL_B_SPLINE_CURVE((1.,0.871648182287,1.)) REPRESENTATION_ITEM('') 
  );
#2318 = CARTESIAN_POINT('',(-2.661067295324,-7.314648908825));
#2319 = CARTESIAN_POINT('',(-2.520563218309,-7.193441026991));
#2320 = CARTESIAN_POINT('',(-2.344000050648,-7.250521620033));
#2321 = ( GEOMETRIC_REPRESENTATION_CONTEXT(2) 
PARAMETRIC_REPRESENTATION_CONTEXT() REPRESENTATION_CONTEXT('2D SPACE',''
  ) );
#2322 = PCURVE('',#2323,#2330);
#2323 = ( BOUNDED_SURFACE() B_SPLINE_SURFACE(1,2,(
    (#2324,#2325,#2326)
    ,(#2327,#2328,#2329
)),.UNSPECIFIED.,.F.,.F.,.F.) B_SPLINE_SURFACE_WITH_KNOTS((2,2),(3,3),(
    0.,1.),(0.,1.),.PIECEWISE_BEZIER_KNOTS.) 
GEOMETRIC_REPRESENTATION_ITEM() RATIONAL_B_SPLINE_SURFACE((
    (1.,0.871648182287,1.)
,(1.,0.871648182287,1.))) REPRESENTATION_ITEM('') SURFACE() );
#2324 = CARTESIAN_POINT('',(-2.661067295324,-7.314648908825,0.));
#2325 = CARTESIAN_POINT('',(-2.520563218309,-7.193441026991,
    -3.068183063632E-17));
#2326 = CARTESIAN_POINT('',(-2.344000050648,-7.250521620033,
    -8.460799989015E-18));
#2327 = CARTESIAN_POINT('',(-2.661067295324,-7.314648908825,9.9));
#2328 = CARTESIAN_POINT('',(-2.520563218309,-7.193441026991,9.9));
#2329 = CARTESIAN_POINT('',(-2.344000050648,-7.250521620033,9.9));
#2330 = DEFINITIONAL_REPRESENTATION('',(#2331),#2334);
#2331 = B_SPLINE_CURVE_WITH_KNOTS('',1,(#2332,#2333),.UNSPECIFIED.,.F.,
  .F.,(2,2),(0.,1.),.PIECEWISE_BEZIER_KNOTS.);
#2332 = CARTESIAN_POINT('',(0.,0.));
#2333 = CARTESIAN_POINT('',(0.,1.));
#2334 = ( GEOMETRIC_REPRESENTATION_CONTEXT(2) 
PARAMETRIC_REPRESENTATION_CONTEXT() REPRESENTATION_CONTEXT('2D SPACE',''
  ) );
#2335 = ORIENTED_EDGE('',*,*,#2336,.T.);
#2336 = EDGE_CURVE('',#2308,#2337,#2339,.T.);
#2337 = VERTEX_POINT('',#2338);
#2338 = CARTESIAN_POINT('',(-1.595297219683,-7.451135938961,
    -8.460799989015E-18));
#2339 = SURFACE_CURVE('',#2340,(#2344,#2351),.PCURVE_S1.);
#2340 = ( BOUNDED_CURVE() B_SPLINE_CURVE(2,(#2341,#2342,#2343),
.UNSPECIFIED.,.F.,.F.) B_SPLINE_CURVE_WITH_KNOTS((3,3),(0.,1.),
.PIECEWISE_BEZIER_KNOTS.) CURVE() GEOMETRIC_REPRESENTATION_ITEM() 
RATIONAL_B_SPLINE_CURVE((1.,0.998705766625,1.)) REPRESENTATION_ITEM('') 
  );
#2341 = CARTESIAN_POINT('',(-2.344000050648,-7.250521620033,
    -8.460799989015E-18));
#2342 = CARTESIAN_POINT('',(-1.974756919994,-7.369893158015,
    -8.460799989015E-18));
#2343 = CARTESIAN_POINT('',(-1.595297219683,-7.451135938961,
    -8.460799989015E-18));
#2344 = PCURVE('',#45,#2345);
#2345 = DEFINITIONAL_REPRESENTATION('',(#2346),#2350);
#2346 = ( BOUNDED_CURVE() B_SPLINE_CURVE(2,(#2347,#2348,#2349),
.UNSPECIFIED.,.F.,.F.) B_SPLINE_CURVE_WITH_KNOTS((3,3),(0.,1.),
.PIECEWISE_BEZIER_KNOTS.) CURVE() GEOMETRIC_REPRESENTATION_ITEM() 
RATIONAL_B_SPLINE_CURVE((1.,0.998705766625,1.)) REPRESENTATION_ITEM('') 
  );
#2347 = CARTESIAN_POINT('',(-2.344000050648,-7.250521620033));
#2348 = CARTESIAN_POINT('',(-1.974756919994,-7.369893158015));
#2349 = CARTESIAN_POINT('',(-1.595297219683,-7.451135938961));
#2350 = ( GEOMETRIC_REPRESENTATION_CONTEXT(2) 
PARAMETRIC_REPRESENTATION_CONTEXT() REPRESENTATION_CONTEXT('2D SPACE',''
  ) );
#2351 = PCURVE('',#2352,#2359);
#2352 = ( BOUNDED_SURFACE() B_SPLINE_SURFACE(1,2,(
    (#2353,#2354,#2355)
    ,(#2356,#2357,#2358
)),.UNSPECIFIED.,.F.,.F.,.F.) B_SPLINE_SURFACE_WITH_KNOTS((2,2),(3,3),(
    0.,1.),(0.,1.),.PIECEWISE_BEZIER_KNOTS.) 
GEOMETRIC_REPRESENTATION_ITEM() RATIONAL_B_SPLINE_SURFACE((
    (1.,0.998705766625,1.)
,(1.,0.998705766625,1.))) REPRESENTATION_ITEM('') SURFACE() );
#2353 = CARTESIAN_POINT('',(-2.344000050648,-7.250521620033,
    -8.460799989015E-18));
#2354 = CARTESIAN_POINT('',(-1.974756919994,-7.369893158015,
    -8.460799989015E-18));
#2355 = CARTESIAN_POINT('',(-1.595297219683,-7.451135938961,
    -8.460799989015E-18));
#2356 = CARTESIAN_POINT('',(-2.344000050648,-7.250521620033,9.9));
#2357 = CARTESIAN_POINT('',(-1.974756919994,-7.369893158015,9.9));
#2358 = CARTESIAN_POINT('',(-1.595297219683,-7.451135938961,9.9));
#2359 = DEFINITIONAL_REPRESENTATION('',(#2360),#2363);
#2360 = B_SPLINE_CURVE_WITH_KNOTS('',1,(#2361,#2362),.UNSPECIFIED.,.F.,
  .F.,(2,2),(0.,1.),.PIECEWISE_BEZIER_KNOTS.);
#2361 = CARTESIAN_POINT('',(0.,0.));
#2362 = CARTESIAN_POINT('',(0.,1.));
#2363 = ( GEOMETRIC_REPRESENTATION_CONTEXT(2) 
PARAMETRIC_REPRESENTATION_CONTEXT() REPRESENTATION_CONTEXT('2D SPACE',''
  ) );
#2364 = ORIENTED_EDGE('',*,*,#2365,.T.);
#2365 = EDGE_CURVE('',#2337,#2366,#2368,.T.);
#2366 = VERTEX_POINT('',#2367);
#2367 = CARTESIAN_POINT('',(-1.352772575483,-7.665205422469,
    -9.540375728317E-18));
#2368 = SURFACE_CURVE('',#2369,(#2373,#2380),.PCURVE_S1.);
#2369 = ( BOUNDED_CURVE() B_SPLINE_CURVE(2,(#2370,#2371,#2372),
.UNSPECIFIED.,.F.,.F.) B_SPLINE_CURVE_WITH_KNOTS((3,3),(0.,1.),
.PIECEWISE_BEZIER_KNOTS.) CURVE() GEOMETRIC_REPRESENTATION_ITEM() 
RATIONAL_B_SPLINE_CURVE((1.,0.871648182287,1.)) REPRESENTATION_ITEM('') 
  );
#2370 = CARTESIAN_POINT('',(-1.595297219683,-7.451135938961,
    -8.460799989015E-18));
#2371 = CARTESIAN_POINT('',(-1.413848734595,-7.489984279154,
    -3.068183063632E-17));
#2372 = CARTESIAN_POINT('',(-1.352772575482,-7.665205422469,0.));
#2373 = PCURVE('',#45,#2374);
#2374 = DEFINITIONAL_REPRESENTATION('',(#2375),#2379);
#2375 = ( BOUNDED_CURVE() B_SPLINE_CURVE(2,(#2376,#2377,#2378),
.UNSPECIFIED.,.F.,.F.) B_SPLINE_CURVE_WITH_KNOTS((3,3),(0.,1.),
.PIECEWISE_BEZIER_KNOTS.) CURVE() GEOMETRIC_REPRESENTATION_ITEM() 
RATIONAL_B_SPLINE_CURVE((1.,0.871648182287,1.)) REPRESENTATION_ITEM('') 
  );
#2376 = CARTESIAN_POINT('',(-1.595297219683,-7.451135938961));
#2377 = CARTESIAN_POINT('',(-1.413848734595,-7.489984279154));
#2378 = CARTESIAN_POINT('',(-1.352772575482,-7.665205422469));
#2379 = ( GEOMETRIC_REPRESENTATION_CONTEXT(2) 
PARAMETRIC_REPRESENTATION_CONTEXT() REPRESENTATION_CONTEXT('2D SPACE',''
  ) );
#2380 = PCURVE('',#2381,#2388);
#2381 = ( BOUNDED_SURFACE() B_SPLINE_SURFACE(1,2,(
    (#2382,#2383,#2384)
    ,(#2385,#2386,#2387
)),.UNSPECIFIED.,.F.,.F.,.F.) B_SPLINE_SURFACE_WITH_KNOTS((2,2),(3,3),(
    0.,1.),(0.,1.),.PIECEWISE_BEZIER_KNOTS.) 
GEOMETRIC_REPRESENTATION_ITEM() RATIONAL_B_SPLINE_SURFACE((
    (1.,0.871648182287,1.)
,(1.,0.871648182287,1.))) REPRESENTATION_ITEM('') SURFACE() );
#2382 = CARTESIAN_POINT('',(-1.595297219683,-7.451135938961,
    -8.460799989015E-18));
#2383 = CARTESIAN_POINT('',(-1.413848734595,-7.489984279154,
    -3.068183063632E-17));
#2384 = CARTESIAN_POINT('',(-1.352772575482,-7.665205422469,0.));
#2385 = CARTESIAN_POINT('',(-1.595297219683,-7.451135938961,9.9));
#2386 = CARTESIAN_POINT('',(-1.413848734595,-7.489984279154,9.9));
#2387 = CARTESIAN_POINT('',(-1.352772575482,-7.665205422469,9.9));
#2388 = DEFINITIONAL_REPRESENTATION('',(#2389),#2392);
#2389 = B_SPLINE_CURVE_WITH_KNOTS('',1,(#2390,#2391),.UNSPECIFIED.,.F.,
  .F.,(2,2),(0.,1.),.PIECEWISE_BEZIER_KNOTS.);
#2390 = CARTESIAN_POINT('',(0.,0.));
#2391 = CARTESIAN_POINT('',(0.,1.));
#2392 = ( GEOMETRIC_REPRESENTATION_CONTEXT(2) 
PARAMETRIC_REPRESENTATION_CONTEXT() REPRESENTATION_CONTEXT('2D SPACE',''
  ) );
#2393 = ORIENTED_EDGE('',*,*,#2394,.T.);
#2394 = EDGE_CURVE('',#2366,#2395,#2397,.T.);
#2395 = VERTEX_POINT('',#2396);
#2396 = CARTESIAN_POINT('',(-1.372098021859,-8.356422157044,0.));
#2397 = SURFACE_CURVE('',#2398,(#2403,#2411),.PCURVE_S1.);
#2398 = ( BOUNDED_CURVE() B_SPLINE_CURVE(3,(#2399,#2400,#2401,#2402),
.UNSPECIFIED.,.F.,.F.) B_SPLINE_CURVE_WITH_KNOTS((4,4),(0.,1.),
.PIECEWISE_BEZIER_KNOTS.) CURVE() GEOMETRIC_REPRESENTATION_ITEM() 
RATIONAL_B_SPLINE_CURVE((1.,1.000183442697,1.001988389136,1.)) 
REPRESENTATION_ITEM('') );
#2399 = CARTESIAN_POINT('',(-1.352772575482,-7.665205422469,0.));
#2400 = CARTESIAN_POINT('',(-1.281197044888,-7.873119769725,0.));
#2401 = CARTESIAN_POINT('',(-1.316290337397,-8.145269676895,0.));
#2402 = CARTESIAN_POINT('',(-1.372098021859,-8.356422157044,0.));
#2403 = PCURVE('',#45,#2404);
#2404 = DEFINITIONAL_REPRESENTATION('',(#2405),#2410);
#2405 = ( BOUNDED_CURVE() B_SPLINE_CURVE(3,(#2406,#2407,#2408,#2409),
.UNSPECIFIED.,.F.,.F.) B_SPLINE_CURVE_WITH_KNOTS((4,4),(0.,1.),
.PIECEWISE_BEZIER_KNOTS.) CURVE() GEOMETRIC_REPRESENTATION_ITEM() 
RATIONAL_B_SPLINE_CURVE((1.,1.000183442697,1.001988389136,1.)) 
REPRESENTATION_ITEM('') );
#2406 = CARTESIAN_POINT('',(-1.352772575482,-7.665205422469));
#2407 = CARTESIAN_POINT('',(-1.281197044888,-7.873119769725));
#2408 = CARTESIAN_POINT('',(-1.316290337397,-8.145269676895));
#2409 = CARTESIAN_POINT('',(-1.372098021859,-8.356422157044));
#2410 = ( GEOMETRIC_REPRESENTATION_CONTEXT(2) 
PARAMETRIC_REPRESENTATION_CONTEXT() REPRESENTATION_CONTEXT('2D SPACE',''
  ) );
#2411 = PCURVE('',#2412,#2421);
#2412 = ( BOUNDED_SURFACE() B_SPLINE_SURFACE(1,3,(
    (#2413,#2414,#2415,#2416)
    ,(#2417,#2418,#2419,#2420
)),.UNSPECIFIED.,.F.,.F.,.F.) B_SPLINE_SURFACE_WITH_KNOTS((2,2),(4,4),(
    0.,1.),(0.,1.),.PIECEWISE_BEZIER_KNOTS.) 
GEOMETRIC_REPRESENTATION_ITEM() RATIONAL_B_SPLINE_SURFACE((
    (1.,1.000183442697,1.001988389136,1.)
,(1.,1.000183442697,1.001988389136,1.
))) REPRESENTATION_ITEM('') SURFACE() );
#2413 = CARTESIAN_POINT('',(-1.352772575482,-7.665205422469,0.));
#2414 = CARTESIAN_POINT('',(-1.281197044888,-7.873119769725,0.));
#2415 = CARTESIAN_POINT('',(-1.316290337397,-8.145269676895,0.));
#2416 = CARTESIAN_POINT('',(-1.372098021859,-8.356422157044,0.));
#2417 = CARTESIAN_POINT('',(-1.352772575482,-7.665205422469,9.9));
#2418 = CARTESIAN_POINT('',(-1.281197044888,-7.873119769725,9.9));
#2419 = CARTESIAN_POINT('',(-1.316290337397,-8.145269676895,9.9));
#2420 = CARTESIAN_POINT('',(-1.372098021859,-8.356422157044,9.9));
#2421 = DEFINITIONAL_REPRESENTATION('',(#2422),#2425);
#2422 = B_SPLINE_CURVE_WITH_KNOTS('',1,(#2423,#2424),.UNSPECIFIED.,.F.,
  .F.,(2,2),(0.,1.),.PIECEWISE_BEZIER_KNOTS.);
#2423 = CARTESIAN_POINT('',(0.,0.));
#2424 = CARTESIAN_POINT('',(0.,1.));
#2425 = ( GEOMETRIC_REPRESENTATION_CONTEXT(2) 
PARAMETRIC_REPRESENTATION_CONTEXT() REPRESENTATION_CONTEXT('2D SPACE',''
  ) );
#2426 = ORIENTED_EDGE('',*,*,#2427,.T.);
#2427 = EDGE_CURVE('',#2395,#2428,#2430,.T.);
#2428 = VERTEX_POINT('',#2429);
#2429 = CARTESIAN_POINT('',(-0.337161079433,-10.9147937409,0.));
#2430 = SURFACE_CURVE('',#2431,(#2436,#2444),.PCURVE_S1.);
#2431 = ( BOUNDED_CURVE() B_SPLINE_CURVE(3,(#2432,#2433,#2434,#2435),
.UNSPECIFIED.,.F.,.F.) B_SPLINE_CURVE_WITH_KNOTS((4,4),(0.,1.),
.PIECEWISE_BEZIER_KNOTS.) CURVE() GEOMETRIC_REPRESENTATION_ITEM() 
RATIONAL_B_SPLINE_CURVE((1.,0.93042703827,1.070034384224,1.)) 
REPRESENTATION_ITEM('') );
#2432 = CARTESIAN_POINT('',(-1.372098021859,-8.356422157044,0.));
#2433 = CARTESIAN_POINT('',(-1.430032411545,-9.117116925992,0.));
#2434 = CARTESIAN_POINT('',(-0.925961280677,-10.14255740273,0.));
#2435 = CARTESIAN_POINT('',(-0.337161079433,-10.9147937409,0.));
#2436 = PCURVE('',#45,#2437);
#2437 = DEFINITIONAL_REPRESENTATION('',(#2438),#2443);
#2438 = ( BOUNDED_CURVE() B_SPLINE_CURVE(3,(#2439,#2440,#2441,#2442),
.UNSPECIFIED.,.F.,.F.) B_SPLINE_CURVE_WITH_KNOTS((4,4),(0.,1.),
.PIECEWISE_BEZIER_KNOTS.) CURVE() GEOMETRIC_REPRESENTATION_ITEM() 
RATIONAL_B_SPLINE_CURVE((1.,0.93042703827,1.070034384224,1.)) 
REPRESENTATION_ITEM('') );
#2439 = CARTESIAN_POINT('',(-1.372098021859,-8.356422157044));
#2440 = CARTESIAN_POINT('',(-1.430032411545,-9.117116925992));
#2441 = CARTESIAN_POINT('',(-0.925961280677,-10.14255740273));
#2442 = CARTESIAN_POINT('',(-0.337161079433,-10.9147937409));
#2443 = ( GEOMETRIC_REPRESENTATION_CONTEXT(2) 
PARAMETRIC_REPRESENTATION_CONTEXT() REPRESENTATION_CONTEXT('2D SPACE',''
  ) );
#2444 = PCURVE('',#2445,#2454);
#2445 = ( BOUNDED_SURFACE() B_SPLINE_SURFACE(1,3,(
    (#2446,#2447,#2448,#2449)
    ,(#2450,#2451,#2452,#2453
)),.UNSPECIFIED.,.F.,.F.,.F.) B_SPLINE_SURFACE_WITH_KNOTS((2,2),(4,4),(
    0.,1.),(0.,1.),.PIECEWISE_BEZIER_KNOTS.) 
GEOMETRIC_REPRESENTATION_ITEM() RATIONAL_B_SPLINE_SURFACE((
    (1.,0.93042703827,1.070034384224,1.)
,(1.,0.93042703827,1.070034384224,1.
  ))) REPRESENTATION_ITEM('') SURFACE() );
#2446 = CARTESIAN_POINT('',(-1.372098021859,-8.356422157044,0.));
#2447 = CARTESIAN_POINT('',(-1.430032411545,-9.117116925992,0.));
#2448 = CARTESIAN_POINT('',(-0.925961280677,-10.14255740273,0.));
#2449 = CARTESIAN_POINT('',(-0.337161079433,-10.9147937409,0.));
#2450 = CARTESIAN_POINT('',(-1.372098021859,-8.356422157044,9.9));
#2451 = CARTESIAN_POINT('',(-1.430032411545,-9.117116925992,9.9));
#2452 = CARTESIAN_POINT('',(-0.925961280677,-10.14255740273,9.9));
#2453 = CARTESIAN_POINT('',(-0.337161079433,-10.9147937409,9.9));
#2454 = DEFINITIONAL_REPRESENTATION('',(#2455),#2458);
#2455 = B_SPLINE_CURVE_WITH_KNOTS('',1,(#2456,#2457),.UNSPECIFIED.,.F.,
  .F.,(2,2),(0.,1.),.PIECEWISE_BEZIER_KNOTS.);
#2456 = CARTESIAN_POINT('',(0.,0.));
#2457 = CARTESIAN_POINT('',(0.,1.));
#2458 = ( GEOMETRIC_REPRESENTATION_CONTEXT(2) 
PARAMETRIC_REPRESENTATION_CONTEXT() REPRESENTATION_CONTEXT('2D SPACE',''
  ) );
#2459 = ORIENTED_EDGE('',*,*,#2460,.T.);
#2460 = EDGE_CURVE('',#2428,#2461,#2463,.T.);
#2461 = VERTEX_POINT('',#2462);
#2462 = CARTESIAN_POINT('',(0.337161079433,-10.9147937409,0.));
#2463 = SURFACE_CURVE('',#2464,(#2468,#2475),.PCURVE_S1.);
#2464 = ( BOUNDED_CURVE() B_SPLINE_CURVE(2,(#2465,#2466,#2467),
.UNSPECIFIED.,.F.,.F.) B_SPLINE_CURVE_WITH_KNOTS((3,3),(0.,1.),
.PIECEWISE_BEZIER_KNOTS.) CURVE() GEOMETRIC_REPRESENTATION_ITEM() 
RATIONAL_B_SPLINE_CURVE((1.,0.999523236347,1.)) REPRESENTATION_ITEM('') 
  );
#2465 = CARTESIAN_POINT('',(-0.337161079433,-10.9147937409,0.));
#2466 = CARTESIAN_POINT('',(-2.425883658937E-15,-10.92520874243,0.));
#2467 = CARTESIAN_POINT('',(0.337161079433,-10.9147937409,0.));
#2468 = PCURVE('',#45,#2469);
#2469 = DEFINITIONAL_REPRESENTATION('',(#2470),#2474);
#2470 = ( BOUNDED_CURVE() B_SPLINE_CURVE(2,(#2471,#2472,#2473),
.UNSPECIFIED.,.F.,.F.) B_SPLINE_CURVE_WITH_KNOTS((3,3),(0.,1.),
.PIECEWISE_BEZIER_KNOTS.) CURVE() GEOMETRIC_REPRESENTATION_ITEM() 
RATIONAL_B_SPLINE_CURVE((1.,0.999523236347,1.)) REPRESENTATION_ITEM('') 
  );
#2471 = CARTESIAN_POINT('',(-0.337161079433,-10.9147937409));
#2472 = CARTESIAN_POINT('',(-4.659657516941E-16,-10.92520874243));
#2473 = CARTESIAN_POINT('',(0.337161079433,-10.9147937409));
#2474 = ( GEOMETRIC_REPRESENTATION_CONTEXT(2) 
PARAMETRIC_REPRESENTATION_CONTEXT() REPRESENTATION_CONTEXT('2D SPACE',''
  ) );
#2475 = PCURVE('',#2476,#2483);
#2476 = ( BOUNDED_SURFACE() B_SPLINE_SURFACE(1,2,(
    (#2477,#2478,#2479)
    ,(#2480,#2481,#2482
)),.UNSPECIFIED.,.F.,.F.,.F.) B_SPLINE_SURFACE_WITH_KNOTS((2,2),(3,3),(
    0.,1.),(0.,1.),.PIECEWISE_BEZIER_KNOTS.) 
GEOMETRIC_REPRESENTATION_ITEM() RATIONAL_B_SPLINE_SURFACE((
    (1.,0.999523236347,1.)
,(1.,0.999523236347,1.))) REPRESENTATION_ITEM('') SURFACE() );
#2477 = CARTESIAN_POINT('',(-0.337161079433,-10.9147937409,0.));
#2478 = CARTESIAN_POINT('',(-2.425883658937E-15,-10.92520874243,0.));
#2479 = CARTESIAN_POINT('',(0.337161079433,-10.9147937409,0.));
#2480 = CARTESIAN_POINT('',(-0.337161079433,-10.9147937409,9.9));
#2481 = CARTESIAN_POINT('',(-2.425883658937E-15,-10.92520874243,9.9));
#2482 = CARTESIAN_POINT('',(0.337161079433,-10.9147937409,9.9));
#2483 = DEFINITIONAL_REPRESENTATION('',(#2484),#2487);
#2484 = B_SPLINE_CURVE_WITH_KNOTS('',1,(#2485,#2486),.UNSPECIFIED.,.F.,
  .F.,(2,2),(0.,1.),.PIECEWISE_BEZIER_KNOTS.);
#2485 = CARTESIAN_POINT('',(0.,0.));
#2486 = CARTESIAN_POINT('',(0.,1.));
#2487 = ( GEOMETRIC_REPRESENTATION_CONTEXT(2) 
PARAMETRIC_REPRESENTATION_CONTEXT() REPRESENTATION_CONTEXT('2D SPACE',''
  ) );
#2488 = ORIENTED_EDGE('',*,*,#2489,.T.);
#2489 = EDGE_CURVE('',#2461,#2490,#2492,.T.);
#2490 = VERTEX_POINT('',#2491);
#2491 = CARTESIAN_POINT('',(1.372098021859,-8.356422157044,0.));
#2492 = SURFACE_CURVE('',#2493,(#2498,#2506),.PCURVE_S1.);
#2493 = ( BOUNDED_CURVE() B_SPLINE_CURVE(3,(#2494,#2495,#2496,#2497),
.UNSPECIFIED.,.F.,.F.) B_SPLINE_CURVE_WITH_KNOTS((4,4),(0.,1.),
.PIECEWISE_BEZIER_KNOTS.) CURVE() GEOMETRIC_REPRESENTATION_ITEM() 
RATIONAL_B_SPLINE_CURVE((1.,1.070034384224,0.93042703827,1.)) 
REPRESENTATION_ITEM('') );
#2494 = CARTESIAN_POINT('',(0.337161079433,-10.9147937409,0.));
#2495 = CARTESIAN_POINT('',(0.925961280677,-10.14255740273,0.));
#2496 = CARTESIAN_POINT('',(1.430032411545,-9.117116925992,0.));
#2497 = CARTESIAN_POINT('',(1.372098021859,-8.356422157044,0.));
#2498 = PCURVE('',#45,#2499);
#2499 = DEFINITIONAL_REPRESENTATION('',(#2500),#2505);
#2500 = ( BOUNDED_CURVE() B_SPLINE_CURVE(3,(#2501,#2502,#2503,#2504),
.UNSPECIFIED.,.F.,.F.) B_SPLINE_CURVE_WITH_KNOTS((4,4),(0.,1.),
.PIECEWISE_BEZIER_KNOTS.) CURVE() GEOMETRIC_REPRESENTATION_ITEM() 
RATIONAL_B_SPLINE_CURVE((1.,1.070034384224,0.93042703827,1.)) 
REPRESENTATION_ITEM('') );
#2501 = CARTESIAN_POINT('',(0.337161079433,-10.9147937409));
#2502 = CARTESIAN_POINT('',(0.925961280677,-10.14255740273));
#2503 = CARTESIAN_POINT('',(1.430032411545,-9.117116925992));
#2504 = CARTESIAN_POINT('',(1.372098021859,-8.356422157044));
#2505 = ( GEOMETRIC_REPRESENTATION_CONTEXT(2) 
PARAMETRIC_REPRESENTATION_CONTEXT() REPRESENTATION_CONTEXT('2D SPACE',''
  ) );
#2506 = PCURVE('',#2507,#2516);
#2507 = ( BOUNDED_SURFACE() B_SPLINE_SURFACE(1,3,(
    (#2508,#2509,#2510,#2511)
    ,(#2512,#2513,#2514,#2515
)),.UNSPECIFIED.,.F.,.F.,.F.) B_SPLINE_SURFACE_WITH_KNOTS((2,2),(4,4),(
    0.,1.),(0.,1.),.PIECEWISE_BEZIER_KNOTS.) 
GEOMETRIC_REPRESENTATION_ITEM() RATIONAL_B_SPLINE_SURFACE((
    (1.,1.070034384224,0.93042703827,1.)
,(1.,1.070034384224,0.93042703827,1.
  ))) REPRESENTATION_ITEM('') SURFACE() );
#2508 = CARTESIAN_POINT('',(0.337161079433,-10.9147937409,0.));
#2509 = CARTESIAN_POINT('',(0.925961280677,-10.14255740273,0.));
#2510 = CARTESIAN_POINT('',(1.430032411545,-9.117116925992,0.));
#2511 = CARTESIAN_POINT('',(1.372098021859,-8.356422157044,0.));
#2512 = CARTESIAN_POINT('',(0.337161079433,-10.9147937409,9.9));
#2513 = CARTESIAN_POINT('',(0.925961280677,-10.14255740273,9.9));
#2514 = CARTESIAN_POINT('',(1.430032411545,-9.117116925992,9.9));
#2515 = CARTESIAN_POINT('',(1.372098021859,-8.356422157044,9.9));
#2516 = DEFINITIONAL_REPRESENTATION('',(#2517),#2520);
#2517 = B_SPLINE_CURVE_WITH_KNOTS('',1,(#2518,#2519),.UNSPECIFIED.,.F.,
  .F.,(2,2),(0.,1.),.PIECEWISE_BEZIER_KNOTS.);
#2518 = CARTESIAN_POINT('',(0.,0.));
#2519 = CARTESIAN_POINT('',(0.,1.));
#2520 = ( GEOMETRIC_REPRESENTATION_CONTEXT(2) 
PARAMETRIC_REPRESENTATION_CONTEXT() REPRESENTATION_CONTEXT('2D SPACE',''
  ) );
#2521 = ORIENTED_EDGE('',*,*,#2522,.T.);
#2522 = EDGE_CURVE('',#2490,#2523,#2525,.T.);
#2523 = VERTEX_POINT('',#2524);
#2524 = CARTESIAN_POINT('',(1.352772575482,-7.665205422469,0.));
#2525 = SURFACE_CURVE('',#2526,(#2531,#2539),.PCURVE_S1.);
#2526 = ( BOUNDED_CURVE() B_SPLINE_CURVE(3,(#2527,#2528,#2529,#2530),
.UNSPECIFIED.,.F.,.F.) B_SPLINE_CURVE_WITH_KNOTS((4,4),(0.,1.),
.PIECEWISE_BEZIER_KNOTS.) CURVE() GEOMETRIC_REPRESENTATION_ITEM() 
RATIONAL_B_SPLINE_CURVE((1.,1.001988389136,1.000183442697,1.)) 
REPRESENTATION_ITEM('') );
#2527 = CARTESIAN_POINT('',(1.372098021859,-8.356422157044,0.));
#2528 = CARTESIAN_POINT('',(1.316290337397,-8.145269676895,0.));
#2529 = CARTESIAN_POINT('',(1.281197044888,-7.873119769725,0.));
#2530 = CARTESIAN_POINT('',(1.352772575482,-7.665205422469,0.));
#2531 = PCURVE('',#45,#2532);
#2532 = DEFINITIONAL_REPRESENTATION('',(#2533),#2538);
#2533 = ( BOUNDED_CURVE() B_SPLINE_CURVE(3,(#2534,#2535,#2536,#2537),
.UNSPECIFIED.,.F.,.F.) B_SPLINE_CURVE_WITH_KNOTS((4,4),(0.,1.),
.PIECEWISE_BEZIER_KNOTS.) CURVE() GEOMETRIC_REPRESENTATION_ITEM() 
RATIONAL_B_SPLINE_CURVE((1.,1.001988389136,1.000183442697,1.)) 
REPRESENTATION_ITEM('') );
#2534 = CARTESIAN_POINT('',(1.372098021859,-8.356422157044));
#2535 = CARTESIAN_POINT('',(1.316290337397,-8.145269676895));
#2536 = CARTESIAN_POINT('',(1.281197044888,-7.873119769725));
#2537 = CARTESIAN_POINT('',(1.352772575482,-7.665205422469));
#2538 = ( GEOMETRIC_REPRESENTATION_CONTEXT(2) 
PARAMETRIC_REPRESENTATION_CONTEXT() REPRESENTATION_CONTEXT('2D SPACE',''
  ) );
#2539 = PCURVE('',#2540,#2549);
#2540 = ( BOUNDED_SURFACE() B_SPLINE_SURFACE(1,3,(
    (#2541,#2542,#2543,#2544)
    ,(#2545,#2546,#2547,#2548
)),.UNSPECIFIED.,.F.,.F.,.F.) B_SPLINE_SURFACE_WITH_KNOTS((2,2),(4,4),(
    0.,1.),(0.,1.),.PIECEWISE_BEZIER_KNOTS.) 
GEOMETRIC_REPRESENTATION_ITEM() RATIONAL_B_SPLINE_SURFACE((
    (1.,1.001988389136,1.000183442697,1.)
,(1.,1.001988389136,1.000183442697,1.
))) REPRESENTATION_ITEM('') SURFACE() );
#2541 = CARTESIAN_POINT('',(1.372098021859,-8.356422157044,0.));
#2542 = CARTESIAN_POINT('',(1.316290337397,-8.145269676895,0.));
#2543 = CARTESIAN_POINT('',(1.281197044888,-7.873119769725,0.));
#2544 = CARTESIAN_POINT('',(1.352772575482,-7.665205422469,0.));
#2545 = CARTESIAN_POINT('',(1.372098021859,-8.356422157044,9.9));
#2546 = CARTESIAN_POINT('',(1.316290337397,-8.145269676895,9.9));
#2547 = CARTESIAN_POINT('',(1.281197044888,-7.873119769725,9.9));
#2548 = CARTESIAN_POINT('',(1.352772575482,-7.665205422469,9.9));
#2549 = DEFINITIONAL_REPRESENTATION('',(#2550),#2553);
#2550 = B_SPLINE_CURVE_WITH_KNOTS('',1,(#2551,#2552),.UNSPECIFIED.,.F.,
  .F.,(2,2),(0.,1.),.PIECEWISE_BEZIER_KNOTS.);
#2551 = CARTESIAN_POINT('',(0.,0.));
#2552 = CARTESIAN_POINT('',(0.,1.));
#2553 = ( GEOMETRIC_REPRESENTATION_CONTEXT(2) 
PARAMETRIC_REPRESENTATION_CONTEXT() REPRESENTATION_CONTEXT('2D SPACE',''
  ) );
#2554 = ORIENTED_EDGE('',*,*,#2555,.T.);
#2555 = EDGE_CURVE('',#2523,#2556,#2558,.T.);
#2556 = VERTEX_POINT('',#2557);
#2557 = CARTESIAN_POINT('',(1.595297219683,-7.451135938961,
    -8.460799989015E-18));
#2558 = SURFACE_CURVE('',#2559,(#2563,#2570),.PCURVE_S1.);
#2559 = ( BOUNDED_CURVE() B_SPLINE_CURVE(2,(#2560,#2561,#2562),
.UNSPECIFIED.,.F.,.F.) B_SPLINE_CURVE_WITH_KNOTS((3,3),(0.,1.),
.PIECEWISE_BEZIER_KNOTS.) CURVE() GEOMETRIC_REPRESENTATION_ITEM() 
RATIONAL_B_SPLINE_CURVE((1.,0.871648182287,1.)) REPRESENTATION_ITEM('') 
  );
#2560 = CARTESIAN_POINT('',(1.352772575482,-7.665205422469,0.));
#2561 = CARTESIAN_POINT('',(1.413848734595,-7.489984279154,
    -3.068183063632E-17));
#2562 = CARTESIAN_POINT('',(1.595297219683,-7.451135938961,
    -8.460799989015E-18));
#2563 = PCURVE('',#45,#2564);
#2564 = DEFINITIONAL_REPRESENTATION('',(#2565),#2569);
#2565 = ( BOUNDED_CURVE() B_SPLINE_CURVE(2,(#2566,#2567,#2568),
.UNSPECIFIED.,.F.,.F.) B_SPLINE_CURVE_WITH_KNOTS((3,3),(0.,1.),
.PIECEWISE_BEZIER_KNOTS.) CURVE() GEOMETRIC_REPRESENTATION_ITEM() 
RATIONAL_B_SPLINE_CURVE((1.,0.871648182287,1.)) REPRESENTATION_ITEM('') 
  );
#2566 = CARTESIAN_POINT('',(1.352772575482,-7.665205422469));
#2567 = CARTESIAN_POINT('',(1.413848734595,-7.489984279154));
#2568 = CARTESIAN_POINT('',(1.595297219683,-7.451135938961));
#2569 = ( GEOMETRIC_REPRESENTATION_CONTEXT(2) 
PARAMETRIC_REPRESENTATION_CONTEXT() REPRESENTATION_CONTEXT('2D SPACE',''
  ) );
#2570 = PCURVE('',#2571,#2578);
#2571 = ( BOUNDED_SURFACE() B_SPLINE_SURFACE(1,2,(
    (#2572,#2573,#2574)
    ,(#2575,#2576,#2577
)),.UNSPECIFIED.,.F.,.F.,.F.) B_SPLINE_SURFACE_WITH_KNOTS((2,2),(3,3),(
    0.,1.),(0.,1.),.PIECEWISE_BEZIER_KNOTS.) 
GEOMETRIC_REPRESENTATION_ITEM() RATIONAL_B_SPLINE_SURFACE((
    (1.,0.871648182287,1.)
,(1.,0.871648182287,1.))) REPRESENTATION_ITEM('') SURFACE() );
#2572 = CARTESIAN_POINT('',(1.352772575482,-7.665205422469,0.));
#2573 = CARTESIAN_POINT('',(1.413848734595,-7.489984279154,
    -3.068183063632E-17));
#2574 = CARTESIAN_POINT('',(1.595297219683,-7.451135938961,
    -8.460799989015E-18));
#2575 = CARTESIAN_POINT('',(1.352772575482,-7.665205422469,9.9));
#2576 = CARTESIAN_POINT('',(1.413848734595,-7.489984279154,9.9));
#2577 = CARTESIAN_POINT('',(1.595297219683,-7.451135938961,9.9));
#2578 = DEFINITIONAL_REPRESENTATION('',(#2579),#2582);
#2579 = B_SPLINE_CURVE_WITH_KNOTS('',1,(#2580,#2581),.UNSPECIFIED.,.F.,
  .F.,(2,2),(0.,1.),.PIECEWISE_BEZIER_KNOTS.);
#2580 = CARTESIAN_POINT('',(0.,0.));
#2581 = CARTESIAN_POINT('',(0.,1.));
#2582 = ( GEOMETRIC_REPRESENTATION_CONTEXT(2) 
PARAMETRIC_REPRESENTATION_CONTEXT() REPRESENTATION_CONTEXT('2D SPACE',''
  ) );
#2583 = ORIENTED_EDGE('',*,*,#2584,.T.);
#2584 = EDGE_CURVE('',#2556,#2585,#2587,.T.);
#2585 = VERTEX_POINT('',#2586);
#2586 = CARTESIAN_POINT('',(2.344000050648,-7.250521620033,
    -8.460799989015E-18));
#2587 = SURFACE_CURVE('',#2588,(#2592,#2599),.PCURVE_S1.);
#2588 = ( BOUNDED_CURVE() B_SPLINE_CURVE(2,(#2589,#2590,#2591),
.UNSPECIFIED.,.F.,.F.) B_SPLINE_CURVE_WITH_KNOTS((3,3),(0.,1.),
.PIECEWISE_BEZIER_KNOTS.) CURVE() GEOMETRIC_REPRESENTATION_ITEM() 
RATIONAL_B_SPLINE_CURVE((1.,0.998705766625,1.)) REPRESENTATION_ITEM('') 
  );
#2589 = CARTESIAN_POINT('',(1.595297219683,-7.451135938961,
    -8.460799989015E-18));
#2590 = CARTESIAN_POINT('',(1.974756919994,-7.369893158015,
    -8.460799989015E-18));
#2591 = CARTESIAN_POINT('',(2.344000050648,-7.250521620033,
    -8.460799989015E-18));
#2592 = PCURVE('',#45,#2593);
#2593 = DEFINITIONAL_REPRESENTATION('',(#2594),#2598);
#2594 = ( BOUNDED_CURVE() B_SPLINE_CURVE(2,(#2595,#2596,#2597),
.UNSPECIFIED.,.F.,.F.) B_SPLINE_CURVE_WITH_KNOTS((3,3),(0.,1.),
.PIECEWISE_BEZIER_KNOTS.) CURVE() GEOMETRIC_REPRESENTATION_ITEM() 
RATIONAL_B_SPLINE_CURVE((1.,0.998705766625,1.)) REPRESENTATION_ITEM('') 
  );
#2595 = CARTESIAN_POINT('',(1.595297219683,-7.451135938961));
#2596 = CARTESIAN_POINT('',(1.974756919994,-7.369893158015));
#2597 = CARTESIAN_POINT('',(2.344000050648,-7.250521620033));
#2598 = ( GEOMETRIC_REPRESENTATION_CONTEXT(2) 
PARAMETRIC_REPRESENTATION_CONTEXT() REPRESENTATION_CONTEXT('2D SPACE',''
  ) );
#2599 = PCURVE('',#2600,#2607);
#2600 = ( BOUNDED_SURFACE() B_SPLINE_SURFACE(1,2,(
    (#2601,#2602,#2603)
    ,(#2604,#2605,#2606
)),.UNSPECIFIED.,.F.,.F.,.F.) B_SPLINE_SURFACE_WITH_KNOTS((2,2),(3,3),(
    0.,1.),(0.,1.),.PIECEWISE_BEZIER_KNOTS.) 
GEOMETRIC_REPRESENTATION_ITEM() RATIONAL_B_SPLINE_SURFACE((
    (1.,0.998705766625,1.)
,(1.,0.998705766625,1.))) REPRESENTATION_ITEM('') SURFACE() );
#2601 = CARTESIAN_POINT('',(1.595297219683,-7.451135938961,
    -8.460799989015E-18));
#2602 = CARTESIAN_POINT('',(1.974756919994,-7.369893158015,
    -8.460799989015E-18));
#2603 = CARTESIAN_POINT('',(2.344000050648,-7.250521620033,
    -8.460799989015E-18));
#2604 = CARTESIAN_POINT('',(1.595297219683,-7.451135938961,9.9));
#2605 = CARTESIAN_POINT('',(1.974756919994,-7.369893158015,9.9));
#2606 = CARTESIAN_POINT('',(2.344000050648,-7.250521620033,9.9));
#2607 = DEFINITIONAL_REPRESENTATION('',(#2608),#2611);
#2608 = B_SPLINE_CURVE_WITH_KNOTS('',1,(#2609,#2610),.UNSPECIFIED.,.F.,
  .F.,(2,2),(0.,1.),.PIECEWISE_BEZIER_KNOTS.);
#2609 = CARTESIAN_POINT('',(0.,0.));
#2610 = CARTESIAN_POINT('',(0.,1.));
#2611 = ( GEOMETRIC_REPRESENTATION_CONTEXT(2) 
PARAMETRIC_REPRESENTATION_CONTEXT() REPRESENTATION_CONTEXT('2D SPACE',''
  ) );
#2612 = ORIENTED_EDGE('',*,*,#2613,.T.);
#2613 = EDGE_CURVE('',#2585,#2614,#2616,.T.);
#2614 = VERTEX_POINT('',#2615);
#2615 = CARTESIAN_POINT('',(2.661067295324,-7.314648908826,
    -9.536387936992E-18));
#2616 = SURFACE_CURVE('',#2617,(#2621,#2628),.PCURVE_S1.);
#2617 = ( BOUNDED_CURVE() B_SPLINE_CURVE(2,(#2618,#2619,#2620),
.UNSPECIFIED.,.F.,.F.) B_SPLINE_CURVE_WITH_KNOTS((3,3),(0.,1.),
.PIECEWISE_BEZIER_KNOTS.) CURVE() GEOMETRIC_REPRESENTATION_ITEM() 
RATIONAL_B_SPLINE_CURVE((1.,0.871648182287,1.)) REPRESENTATION_ITEM('') 
  );
#2618 = CARTESIAN_POINT('',(2.344000050648,-7.250521620033,
    -8.460799989015E-18));
#2619 = CARTESIAN_POINT('',(2.520563218309,-7.193441026991,
    -3.068183063632E-17));
#2620 = CARTESIAN_POINT('',(2.661067295324,-7.314648908825,0.));
#2621 = PCURVE('',#45,#2622);
#2622 = DEFINITIONAL_REPRESENTATION('',(#2623),#2627);
#2623 = ( BOUNDED_CURVE() B_SPLINE_CURVE(2,(#2624,#2625,#2626),
.UNSPECIFIED.,.F.,.F.) B_SPLINE_CURVE_WITH_KNOTS((3,3),(0.,1.),
.PIECEWISE_BEZIER_KNOTS.) CURVE() GEOMETRIC_REPRESENTATION_ITEM() 
RATIONAL_B_SPLINE_CURVE((1.,0.871648182287,1.)) REPRESENTATION_ITEM('') 
  );
#2624 = CARTESIAN_POINT('',(2.344000050648,-7.250521620033));
#2625 = CARTESIAN_POINT('',(2.520563218309,-7.193441026991));
#2626 = CARTESIAN_POINT('',(2.661067295324,-7.314648908825));
#2627 = ( GEOMETRIC_REPRESENTATION_CONTEXT(2) 
PARAMETRIC_REPRESENTATION_CONTEXT() REPRESENTATION_CONTEXT('2D SPACE',''
  ) );
#2628 = PCURVE('',#2629,#2636);
#2629 = ( BOUNDED_SURFACE() B_SPLINE_SURFACE(1,2,(
    (#2630,#2631,#2632)
    ,(#2633,#2634,#2635
)),.UNSPECIFIED.,.F.,.F.,.F.) B_SPLINE_SURFACE_WITH_KNOTS((2,2),(3,3),(
    0.,1.),(0.,1.),.PIECEWISE_BEZIER_KNOTS.) 
GEOMETRIC_REPRESENTATION_ITEM() RATIONAL_B_SPLINE_SURFACE((
    (1.,0.871648182287,1.)
,(1.,0.871648182287,1.))) REPRESENTATION_ITEM('') SURFACE() );
#2630 = CARTESIAN_POINT('',(2.344000050648,-7.250521620033,
    -8.460799989015E-18));
#2631 = CARTESIAN_POINT('',(2.520563218309,-7.193441026991,
    -3.068183063632E-17));
#2632 = CARTESIAN_POINT('',(2.661067295324,-7.314648908825,0.));
#2633 = CARTESIAN_POINT('',(2.344000050648,-7.250521620033,9.9));
#2634 = CARTESIAN_POINT('',(2.520563218309,-7.193441026991,9.9));
#2635 = CARTESIAN_POINT('',(2.661067295324,-7.314648908825,9.9));
#2636 = DEFINITIONAL_REPRESENTATION('',(#2637),#2640);
#2637 = B_SPLINE_CURVE_WITH_KNOTS('',1,(#2638,#2639),.UNSPECIFIED.,.F.,
  .F.,(2,2),(0.,1.),.PIECEWISE_BEZIER_KNOTS.);
#2638 = CARTESIAN_POINT('',(0.,0.));
#2639 = CARTESIAN_POINT('',(0.,1.));
#2640 = ( GEOMETRIC_REPRESENTATION_CONTEXT(2) 
PARAMETRIC_REPRESENTATION_CONTEXT() REPRESENTATION_CONTEXT('2D SPACE',''
  ) );
#2641 = ORIENTED_EDGE('',*,*,#2642,.T.);
#2642 = EDGE_CURVE('',#2614,#2643,#2645,.T.);
#2643 = VERTEX_POINT('',#2644);
#2644 = CARTESIAN_POINT('',(2.98993933511,-7.922922883677,0.));
#2645 = SURFACE_CURVE('',#2646,(#2651,#2659),.PCURVE_S1.);
#2646 = ( BOUNDED_CURVE() B_SPLINE_CURVE(3,(#2647,#2648,#2649,#2650),
.UNSPECIFIED.,.F.,.F.) B_SPLINE_CURVE_WITH_KNOTS((4,4),(0.,1.),
.PIECEWISE_BEZIER_KNOTS.) CURVE() GEOMETRIC_REPRESENTATION_ITEM() 
RATIONAL_B_SPLINE_CURVE((1.,1.000183442697,1.001988389136,1.)) 
REPRESENTATION_ITEM('') );
#2647 = CARTESIAN_POINT('',(2.661067295324,-7.314648908825,0.));
#2648 = CARTESIAN_POINT('',(2.827010696736,-7.458920250063,0.));
#2649 = CARTESIAN_POINT('',(2.932693967506,-7.712155629565,0.));
#2650 = CARTESIAN_POINT('',(2.98993933511,-7.922922883677,0.));
#2651 = PCURVE('',#45,#2652);
#2652 = DEFINITIONAL_REPRESENTATION('',(#2653),#2658);
#2653 = ( BOUNDED_CURVE() B_SPLINE_CURVE(3,(#2654,#2655,#2656,#2657),
.UNSPECIFIED.,.F.,.F.) B_SPLINE_CURVE_WITH_KNOTS((4,4),(0.,1.),
.PIECEWISE_BEZIER_KNOTS.) CURVE() GEOMETRIC_REPRESENTATION_ITEM() 
RATIONAL_B_SPLINE_CURVE((1.,1.000183442697,1.001988389136,1.)) 
REPRESENTATION_ITEM('') );
#2654 = CARTESIAN_POINT('',(2.661067295324,-7.314648908825));
#2655 = CARTESIAN_POINT('',(2.827010696736,-7.458920250063));
#2656 = CARTESIAN_POINT('',(2.932693967506,-7.712155629565));
#2657 = CARTESIAN_POINT('',(2.98993933511,-7.922922883677));
#2658 = ( GEOMETRIC_REPRESENTATION_CONTEXT(2) 
PARAMETRIC_REPRESENTATION_CONTEXT() REPRESENTATION_CONTEXT('2D SPACE',''
  ) );
#2659 = PCURVE('',#2660,#2669);
#2660 = ( BOUNDED_SURFACE() B_SPLINE_SURFACE(1,3,(
    (#2661,#2662,#2663,#2664)
    ,(#2665,#2666,#2667,#2668
)),.UNSPECIFIED.,.F.,.F.,.F.) B_SPLINE_SURFACE_WITH_KNOTS((2,2),(4,4),(
    0.,1.),(0.,1.),.PIECEWISE_BEZIER_KNOTS.) 
GEOMETRIC_REPRESENTATION_ITEM() RATIONAL_B_SPLINE_SURFACE((
    (1.,1.000183442697,1.001988389136,1.)
,(1.,1.000183442697,1.001988389136,1.
))) REPRESENTATION_ITEM('') SURFACE() );
#2661 = CARTESIAN_POINT('',(2.661067295324,-7.314648908825,0.));
#2662 = CARTESIAN_POINT('',(2.827010696736,-7.458920250063,0.));
#2663 = CARTESIAN_POINT('',(2.932693967506,-7.712155629565,0.));
#2664 = CARTESIAN_POINT('',(2.98993933511,-7.922922883677,0.));
#2665 = CARTESIAN_POINT('',(2.661067295324,-7.314648908825,9.9));
#2666 = CARTESIAN_POINT('',(2.827010696736,-7.458920250063,9.9));
#2667 = CARTESIAN_POINT('',(2.932693967506,-7.712155629565,9.9));
#2668 = CARTESIAN_POINT('',(2.98993933511,-7.922922883677,9.9));
#2669 = DEFINITIONAL_REPRESENTATION('',(#2670),#2673);
#2670 = B_SPLINE_CURVE_WITH_KNOTS('',1,(#2671,#2672),.UNSPECIFIED.,.F.,
  .F.,(2,2),(0.,1.),.PIECEWISE_BEZIER_KNOTS.);
#2671 = CARTESIAN_POINT('',(0.,0.));
#2672 = CARTESIAN_POINT('',(0.,1.));
#2673 = ( GEOMETRIC_REPRESENTATION_CONTEXT(2) 
PARAMETRIC_REPRESENTATION_CONTEXT() REPRESENTATION_CONTEXT('2D SPACE',''
  ) );
#2674 = ORIENTED_EDGE('',*,*,#2675,.T.);
#2675 = EDGE_CURVE('',#2643,#2676,#2678,.T.);
#2676 = VERTEX_POINT('',#2677);
#2677 = CARTESIAN_POINT('',(5.165406810496,-9.621069196408,0.));
#2678 = SURFACE_CURVE('',#2679,(#2684,#2692),.PCURVE_S1.);
#2679 = ( BOUNDED_CURVE() B_SPLINE_CURVE(3,(#2680,#2681,#2682,#2683),
.UNSPECIFIED.,.F.,.F.) B_SPLINE_CURVE_WITH_KNOTS((4,4),(0.,1.),
.PIECEWISE_BEZIER_KNOTS.) CURVE() GEOMETRIC_REPRESENTATION_ITEM() 
RATIONAL_B_SPLINE_CURVE((1.,0.93042703827,1.070034384224,1.)) 
REPRESENTATION_ITEM('') );
#2680 = CARTESIAN_POINT('',(2.98993933511,-7.922922883677,0.));
#2681 = CARTESIAN_POINT('',(3.320114066363,-8.610671072955,0.));
#2682 = CARTESIAN_POINT('',(4.269372709381,-9.24669301045,0.));
#2683 = CARTESIAN_POINT('',(5.165406810496,-9.621069196408,0.));
#2684 = PCURVE('',#45,#2685);
#2685 = DEFINITIONAL_REPRESENTATION('',(#2686),#2691);
#2686 = ( BOUNDED_CURVE() B_SPLINE_CURVE(3,(#2687,#2688,#2689,#2690),
.UNSPECIFIED.,.F.,.F.) B_SPLINE_CURVE_WITH_KNOTS((4,4),(0.,1.),
.PIECEWISE_BEZIER_KNOTS.) CURVE() GEOMETRIC_REPRESENTATION_ITEM() 
RATIONAL_B_SPLINE_CURVE((1.,0.93042703827,1.070034384224,1.)) 
REPRESENTATION_ITEM('') );
#2687 = CARTESIAN_POINT('',(2.98993933511,-7.922922883677));
#2688 = CARTESIAN_POINT('',(3.320114066363,-8.610671072955));
#2689 = CARTESIAN_POINT('',(4.269372709381,-9.24669301045));
#2690 = CARTESIAN_POINT('',(5.165406810496,-9.621069196408));
#2691 = ( GEOMETRIC_REPRESENTATION_CONTEXT(2) 
PARAMETRIC_REPRESENTATION_CONTEXT() REPRESENTATION_CONTEXT('2D SPACE',''
  ) );
#2692 = PCURVE('',#2693,#2702);
#2693 = ( BOUNDED_SURFACE() B_SPLINE_SURFACE(1,3,(
    (#2694,#2695,#2696,#2697)
    ,(#2698,#2699,#2700,#2701
)),.UNSPECIFIED.,.F.,.F.,.F.) B_SPLINE_SURFACE_WITH_KNOTS((2,2),(4,4),(
    0.,1.),(0.,1.),.PIECEWISE_BEZIER_KNOTS.) 
GEOMETRIC_REPRESENTATION_ITEM() RATIONAL_B_SPLINE_SURFACE((
    (1.,0.93042703827,1.070034384224,1.)
,(1.,0.93042703827,1.070034384224,1.
  ))) REPRESENTATION_ITEM('') SURFACE() );
#2694 = CARTESIAN_POINT('',(2.98993933511,-7.922922883677,0.));
#2695 = CARTESIAN_POINT('',(3.320114066363,-8.610671072955,0.));
#2696 = CARTESIAN_POINT('',(4.269372709381,-9.24669301045,0.));
#2697 = CARTESIAN_POINT('',(5.165406810496,-9.621069196408,0.));
#2698 = CARTESIAN_POINT('',(2.98993933511,-7.922922883677,9.9));
#2699 = CARTESIAN_POINT('',(3.320114066363,-8.610671072955,9.9));
#2700 = CARTESIAN_POINT('',(4.269372709381,-9.24669301045,9.9));
#2701 = CARTESIAN_POINT('',(5.165406810496,-9.621069196408,9.9));
#2702 = DEFINITIONAL_REPRESENTATION('',(#2703),#2706);
#2703 = B_SPLINE_CURVE_WITH_KNOTS('',1,(#2704,#2705),.UNSPECIFIED.,.F.,
  .F.,(2,2),(0.,1.),.PIECEWISE_BEZIER_KNOTS.);
#2704 = CARTESIAN_POINT('',(0.,0.));
#2705 = CARTESIAN_POINT('',(0.,1.));
#2706 = ( GEOMETRIC_REPRESENTATION_CONTEXT(2) 
PARAMETRIC_REPRESENTATION_CONTEXT() REPRESENTATION_CONTEXT('2D SPACE',''
  ) );
#2707 = ORIENTED_EDGE('',*,*,#2708,.T.);
#2708 = EDGE_CURVE('',#2676,#2709,#2711,.T.);
#2709 = VERTEX_POINT('',#2710);
#2710 = CARTESIAN_POINT('',(5.74938693041,-9.283908116975,0.));
#2711 = SURFACE_CURVE('',#2712,(#2716,#2723),.PCURVE_S1.);
#2712 = ( BOUNDED_CURVE() B_SPLINE_CURVE(2,(#2713,#2714,#2715),
.UNSPECIFIED.,.F.,.F.) B_SPLINE_CURVE_WITH_KNOTS((3,3),(0.,1.),
.PIECEWISE_BEZIER_KNOTS.) CURVE() GEOMETRIC_REPRESENTATION_ITEM() 
RATIONAL_B_SPLINE_CURVE((1.,0.999523236347,1.)) REPRESENTATION_ITEM('') 
  );
#2713 = CARTESIAN_POINT('',(5.165406810496,-9.621069196408,0.));
#2714 = CARTESIAN_POINT('',(5.462604371217,-9.461508312595,0.));
#2715 = CARTESIAN_POINT('',(5.74938693041,-9.283908116975,0.));
#2716 = PCURVE('',#45,#2717);
#2717 = DEFINITIONAL_REPRESENTATION('',(#2718),#2722);
#2718 = ( BOUNDED_CURVE() B_SPLINE_CURVE(2,(#2719,#2720,#2721),
.UNSPECIFIED.,.F.,.F.) B_SPLINE_CURVE_WITH_KNOTS((3,3),(0.,1.),
.PIECEWISE_BEZIER_KNOTS.) CURVE() GEOMETRIC_REPRESENTATION_ITEM() 
RATIONAL_B_SPLINE_CURVE((1.,0.999523236347,1.)) REPRESENTATION_ITEM('') 
  );
#2719 = CARTESIAN_POINT('',(5.165406810496,-9.621069196408));
#2720 = CARTESIAN_POINT('',(5.462604371217,-9.461508312595));
#2721 = CARTESIAN_POINT('',(5.74938693041,-9.283908116975));
#2722 = ( GEOMETRIC_REPRESENTATION_CONTEXT(2) 
PARAMETRIC_REPRESENTATION_CONTEXT() REPRESENTATION_CONTEXT('2D SPACE',''
  ) );
#2723 = PCURVE('',#2724,#2731);
#2724 = ( BOUNDED_SURFACE() B_SPLINE_SURFACE(1,2,(
    (#2725,#2726,#2727)
    ,(#2728,#2729,#2730
)),.UNSPECIFIED.,.F.,.F.,.F.) B_SPLINE_SURFACE_WITH_KNOTS((2,2),(3,3),(
    0.,1.),(0.,1.),.PIECEWISE_BEZIER_KNOTS.) 
GEOMETRIC_REPRESENTATION_ITEM() RATIONAL_B_SPLINE_SURFACE((
    (1.,0.999523236347,1.)
,(1.,0.999523236347,1.))) REPRESENTATION_ITEM('') SURFACE() );
#2725 = CARTESIAN_POINT('',(5.165406810496,-9.621069196408,0.));
#2726 = CARTESIAN_POINT('',(5.462604371217,-9.461508312595,0.));
#2727 = CARTESIAN_POINT('',(5.74938693041,-9.283908116975,0.));
#2728 = CARTESIAN_POINT('',(5.165406810496,-9.621069196408,9.9));
#2729 = CARTESIAN_POINT('',(5.462604371217,-9.461508312595,9.9));
#2730 = CARTESIAN_POINT('',(5.74938693041,-9.283908116975,9.9));
#2731 = DEFINITIONAL_REPRESENTATION('',(#2732),#2735);
#2732 = B_SPLINE_CURVE_WITH_KNOTS('',1,(#2733,#2734),.UNSPECIFIED.,.F.,
  .F.,(2,2),(0.,1.),.PIECEWISE_BEZIER_KNOTS.);
#2733 = CARTESIAN_POINT('',(0.,0.));
#2734 = CARTESIAN_POINT('',(0.,1.));
#2735 = ( GEOMETRIC_REPRESENTATION_CONTEXT(2) 
PARAMETRIC_REPRESENTATION_CONTEXT() REPRESENTATION_CONTEXT('2D SPACE',''
  ) );
#2736 = ORIENTED_EDGE('',*,*,#2737,.T.);
#2737 = EDGE_CURVE('',#2709,#2738,#2740,.T.);
#2738 = VERTEX_POINT('',#2739);
#2739 = CARTESIAN_POINT('',(5.366482821935,-6.550824861818,0.));
#2740 = SURFACE_CURVE('',#2741,(#2746,#2754),.PCURVE_S1.);
#2741 = ( BOUNDED_CURVE() B_SPLINE_CURVE(3,(#2742,#2743,#2744,#2745),
.UNSPECIFIED.,.F.,.F.) B_SPLINE_CURVE_WITH_KNOTS((4,4),(0.,1.),
.PIECEWISE_BEZIER_KNOTS.) CURVE() GEOMETRIC_REPRESENTATION_ITEM() 
RATIONAL_B_SPLINE_CURVE((1.,1.070034384224,0.93042703827,1.)) 
REPRESENTATION_ITEM('') );
#2742 = CARTESIAN_POINT('',(5.74938693041,-9.283908116975,0.));
#2743 = CARTESIAN_POINT('',(5.873184693355,-8.320731729773,0.));
#2744 = CARTESIAN_POINT('',(5.797002859629,-7.18063866141,0.));
#2745 = CARTESIAN_POINT('',(5.366482821935,-6.550824861818,0.));
#2746 = PCURVE('',#45,#2747);
#2747 = DEFINITIONAL_REPRESENTATION('',(#2748),#2753);
#2748 = ( BOUNDED_CURVE() B_SPLINE_CURVE(3,(#2749,#2750,#2751,#2752),
.UNSPECIFIED.,.F.,.F.) B_SPLINE_CURVE_WITH_KNOTS((4,4),(0.,1.),
.PIECEWISE_BEZIER_KNOTS.) CURVE() GEOMETRIC_REPRESENTATION_ITEM() 
RATIONAL_B_SPLINE_CURVE((1.,1.070034384224,0.93042703827,1.)) 
REPRESENTATION_ITEM('') );
#2749 = CARTESIAN_POINT('',(5.74938693041,-9.283908116975));
#2750 = CARTESIAN_POINT('',(5.873184693355,-8.320731729773));
#2751 = CARTESIAN_POINT('',(5.797002859629,-7.18063866141));
#2752 = CARTESIAN_POINT('',(5.366482821935,-6.550824861818));
#2753 = ( GEOMETRIC_REPRESENTATION_CONTEXT(2) 
PARAMETRIC_REPRESENTATION_CONTEXT() REPRESENTATION_CONTEXT('2D SPACE',''
  ) );
#2754 = PCURVE('',#2755,#2764);
#2755 = ( BOUNDED_SURFACE() B_SPLINE_SURFACE(1,3,(
    (#2756,#2757,#2758,#2759)
    ,(#2760,#2761,#2762,#2763
)),.UNSPECIFIED.,.F.,.F.,.F.) B_SPLINE_SURFACE_WITH_KNOTS((2,2),(4,4),(
    0.,1.),(0.,1.),.PIECEWISE_BEZIER_KNOTS.) 
GEOMETRIC_REPRESENTATION_ITEM() RATIONAL_B_SPLINE_SURFACE((
    (1.,1.070034384224,0.93042703827,1.)
,(1.,1.070034384224,0.93042703827,1.
  ))) REPRESENTATION_ITEM('') SURFACE() );
#2756 = CARTESIAN_POINT('',(5.74938693041,-9.283908116975,0.));
#2757 = CARTESIAN_POINT('',(5.873184693355,-8.320731729773,0.));
#2758 = CARTESIAN_POINT('',(5.797002859629,-7.18063866141,0.));
#2759 = CARTESIAN_POINT('',(5.366482821935,-6.550824861818,0.));
#2760 = CARTESIAN_POINT('',(5.74938693041,-9.283908116975,9.9));
#2761 = CARTESIAN_POINT('',(5.873184693355,-8.320731729773,9.9));
#2762 = CARTESIAN_POINT('',(5.797002859629,-7.18063866141,9.9));
#2763 = CARTESIAN_POINT('',(5.366482821935,-6.550824861818,9.9));
#2764 = DEFINITIONAL_REPRESENTATION('',(#2765),#2768);
#2765 = B_SPLINE_CURVE_WITH_KNOTS('',1,(#2766,#2767),.UNSPECIFIED.,.F.,
  .F.,(2,2),(0.,1.),.PIECEWISE_BEZIER_KNOTS.);
#2766 = CARTESIAN_POINT('',(0.,0.));
#2767 = CARTESIAN_POINT('',(0.,1.));
#2768 = ( GEOMETRIC_REPRESENTATION_CONTEXT(2) 
PARAMETRIC_REPRESENTATION_CONTEXT() REPRESENTATION_CONTEXT('2D SPACE',''
  ) );
#2769 = ORIENTED_EDGE('',*,*,#2770,.T.);
#2770 = EDGE_CURVE('',#2738,#2771,#2773,.T.);
#2771 = VERTEX_POINT('',#2772);
#2772 = CARTESIAN_POINT('',(5.004138127145,-5.961876333343,0.));
#2773 = SURFACE_CURVE('',#2774,(#2779,#2787),.PCURVE_S1.);
#2774 = ( BOUNDED_CURVE() B_SPLINE_CURVE(3,(#2775,#2776,#2777,#2778),
.UNSPECIFIED.,.F.,.F.) B_SPLINE_CURVE_WITH_KNOTS((4,4),(0.,1.),
.PIECEWISE_BEZIER_KNOTS.) CURVE() GEOMETRIC_REPRESENTATION_ITEM() 
RATIONAL_B_SPLINE_CURVE((1.,1.001988389136,1.000183442697,1.)) 
REPRESENTATION_ITEM('') );
#2775 = CARTESIAN_POINT('',(5.366482821935,-6.550824861818,0.));
#2776 = CARTESIAN_POINT('',(5.21257570939,-6.395865292168,0.));
#2777 = CARTESIAN_POINT('',(5.046109072989,-6.177723205175,0.));
#2778 = CARTESIAN_POINT('',(5.004138127145,-5.961876333343,0.));
#2779 = PCURVE('',#45,#2780);
#2780 = DEFINITIONAL_REPRESENTATION('',(#2781),#2786);
#2781 = ( BOUNDED_CURVE() B_SPLINE_CURVE(3,(#2782,#2783,#2784,#2785),
.UNSPECIFIED.,.F.,.F.) B_SPLINE_CURVE_WITH_KNOTS((4,4),(0.,1.),
.PIECEWISE_BEZIER_KNOTS.) CURVE() GEOMETRIC_REPRESENTATION_ITEM() 
RATIONAL_B_SPLINE_CURVE((1.,1.001988389136,1.000183442697,1.)) 
REPRESENTATION_ITEM('') );
#2782 = CARTESIAN_POINT('',(5.366482821935,-6.550824861818));
#2783 = CARTESIAN_POINT('',(5.21257570939,-6.395865292168));
#2784 = CARTESIAN_POINT('',(5.046109072989,-6.177723205175));
#2785 = CARTESIAN_POINT('',(5.004138127145,-5.961876333343));
#2786 = ( GEOMETRIC_REPRESENTATION_CONTEXT(2) 
PARAMETRIC_REPRESENTATION_CONTEXT() REPRESENTATION_CONTEXT('2D SPACE',''
  ) );
#2787 = PCURVE('',#2788,#2797);
#2788 = ( BOUNDED_SURFACE() B_SPLINE_SURFACE(1,3,(
    (#2789,#2790,#2791,#2792)
    ,(#2793,#2794,#2795,#2796
)),.UNSPECIFIED.,.F.,.F.,.F.) B_SPLINE_SURFACE_WITH_KNOTS((2,2),(4,4),(
    0.,1.),(0.,1.),.PIECEWISE_BEZIER_KNOTS.) 
GEOMETRIC_REPRESENTATION_ITEM() RATIONAL_B_SPLINE_SURFACE((
    (1.,1.001988389136,1.000183442697,1.)
,(1.,1.001988389136,1.000183442697,1.
))) REPRESENTATION_ITEM('') SURFACE() );
#2789 = CARTESIAN_POINT('',(5.366482821935,-6.550824861818,0.));
#2790 = CARTESIAN_POINT('',(5.21257570939,-6.395865292168,0.));
#2791 = CARTESIAN_POINT('',(5.046109072989,-6.177723205175,0.));
#2792 = CARTESIAN_POINT('',(5.004138127145,-5.961876333343,0.));
#2793 = CARTESIAN_POINT('',(5.366482821935,-6.550824861818,9.9));
#2794 = CARTESIAN_POINT('',(5.21257570939,-6.395865292168,9.9));
#2795 = CARTESIAN_POINT('',(5.046109072989,-6.177723205175,9.9));
#2796 = CARTESIAN_POINT('',(5.004138127145,-5.961876333343,9.9));
#2797 = DEFINITIONAL_REPRESENTATION('',(#2798),#2801);
#2798 = B_SPLINE_CURVE_WITH_KNOTS('',1,(#2799,#2800),.UNSPECIFIED.,.F.,
  .F.,(2,2),(0.,1.),.PIECEWISE_BEZIER_KNOTS.);
#2799 = CARTESIAN_POINT('',(0.,0.));
#2800 = CARTESIAN_POINT('',(0.,1.));
#2801 = ( GEOMETRIC_REPRESENTATION_CONTEXT(2) 
PARAMETRIC_REPRESENTATION_CONTEXT() REPRESENTATION_CONTEXT('2D SPACE',''
  ) );
#2802 = ORIENTED_EDGE('',*,*,#2803,.T.);
#2803 = EDGE_CURVE('',#2771,#2804,#2806,.T.);
#2804 = VERTEX_POINT('',#2805);
#2805 = CARTESIAN_POINT('',(5.107135888313,-5.655224400349,
    -8.460799989015E-18));
#2806 = SURFACE_CURVE('',#2807,(#2811,#2818),.PCURVE_S1.);
#2807 = ( BOUNDED_CURVE() B_SPLINE_CURVE(2,(#2808,#2809,#2810),
.UNSPECIFIED.,.F.,.F.) B_SPLINE_CURVE_WITH_KNOTS((3,3),(0.,1.),
.PIECEWISE_BEZIER_KNOTS.) CURVE() GEOMETRIC_REPRESENTATION_ITEM() 
RATIONAL_B_SPLINE_CURVE((1.,0.871648182287,1.)) REPRESENTATION_ITEM('') 
  );
#2808 = CARTESIAN_POINT('',(5.004138127145,-5.961876333343,0.));
#2809 = CARTESIAN_POINT('',(4.969421060845,-5.779592292396,
    -3.068183063632E-17));
#2810 = CARTESIAN_POINT('',(5.107135888313,-5.655224400349,
    -8.460799989015E-18));
#2811 = PCURVE('',#45,#2812);
#2812 = DEFINITIONAL_REPRESENTATION('',(#2813),#2817);
#2813 = ( BOUNDED_CURVE() B_SPLINE_CURVE(2,(#2814,#2815,#2816),
.UNSPECIFIED.,.F.,.F.) B_SPLINE_CURVE_WITH_KNOTS((3,3),(0.,1.),
.PIECEWISE_BEZIER_KNOTS.) CURVE() GEOMETRIC_REPRESENTATION_ITEM() 
RATIONAL_B_SPLINE_CURVE((1.,0.871648182287,1.)) REPRESENTATION_ITEM('') 
  );
#2814 = CARTESIAN_POINT('',(5.004138127145,-5.961876333343));
#2815 = CARTESIAN_POINT('',(4.969421060845,-5.779592292396));
#2816 = CARTESIAN_POINT('',(5.107135888313,-5.655224400349));
#2817 = ( GEOMETRIC_REPRESENTATION_CONTEXT(2) 
PARAMETRIC_REPRESENTATION_CONTEXT() REPRESENTATION_CONTEXT('2D SPACE',''
  ) );
#2818 = PCURVE('',#2819,#2826);
#2819 = ( BOUNDED_SURFACE() B_SPLINE_SURFACE(1,2,(
    (#2820,#2821,#2822)
    ,(#2823,#2824,#2825
)),.UNSPECIFIED.,.F.,.F.,.F.) B_SPLINE_SURFACE_WITH_KNOTS((2,2),(3,3),(
    0.,1.),(0.,1.),.PIECEWISE_BEZIER_KNOTS.) 
GEOMETRIC_REPRESENTATION_ITEM() RATIONAL_B_SPLINE_SURFACE((
    (1.,0.871648182287,1.)
,(1.,0.871648182287,1.))) REPRESENTATION_ITEM('') SURFACE() );
#2820 = CARTESIAN_POINT('',(5.004138127145,-5.961876333343,0.));
#2821 = CARTESIAN_POINT('',(4.969421060845,-5.779592292396,
    -3.068183063632E-17));
#2822 = CARTESIAN_POINT('',(5.107135888313,-5.655224400349,
    -8.460799989015E-18));
#2823 = CARTESIAN_POINT('',(5.004138127145,-5.961876333343,9.9));
#2824 = CARTESIAN_POINT('',(4.969421060845,-5.779592292396,9.9));
#2825 = CARTESIAN_POINT('',(5.107135888313,-5.655224400349,9.9));
#2826 = DEFINITIONAL_REPRESENTATION('',(#2827),#2830);
#2827 = B_SPLINE_CURVE_WITH_KNOTS('',1,(#2828,#2829),.UNSPECIFIED.,.F.,
  .F.,(2,2),(0.,1.),.PIECEWISE_BEZIER_KNOTS.);
#2828 = CARTESIAN_POINT('',(0.,0.));
#2829 = CARTESIAN_POINT('',(0.,1.));
#2830 = ( GEOMETRIC_REPRESENTATION_CONTEXT(2) 
PARAMETRIC_REPRESENTATION_CONTEXT() REPRESENTATION_CONTEXT('2D SPACE',''
  ) );
#2831 = ORIENTED_EDGE('',*,*,#2832,.T.);
#2832 = EDGE_CURVE('',#2804,#2833,#2835,.T.);
#2833 = VERTEX_POINT('',#2834);
#2834 = CARTESIAN_POINT('',(5.655224400349,-5.107135888313,
    -8.460799989015E-18));
#2835 = SURFACE_CURVE('',#2836,(#2840,#2847),.PCURVE_S1.);
#2836 = ( BOUNDED_CURVE() B_SPLINE_CURVE(2,(#2837,#2838,#2839),
.UNSPECIFIED.,.F.,.F.) B_SPLINE_CURVE_WITH_KNOTS((3,3),(0.,1.),
.PIECEWISE_BEZIER_KNOTS.) CURVE() GEOMETRIC_REPRESENTATION_ITEM() 
RATIONAL_B_SPLINE_CURVE((1.,0.998705766625,1.)) REPRESENTATION_ITEM('') 
  );
#2837 = CARTESIAN_POINT('',(5.107135888313,-5.655224400349,
    -8.460799989015E-18));
#2838 = CARTESIAN_POINT('',(5.395136238021,-5.395136238021,
    -8.460799989015E-18));
#2839 = CARTESIAN_POINT('',(5.655224400349,-5.107135888313,
    -8.460799989015E-18));
#2840 = PCURVE('',#45,#2841);
#2841 = DEFINITIONAL_REPRESENTATION('',(#2842),#2846);
#2842 = ( BOUNDED_CURVE() B_SPLINE_CURVE(2,(#2843,#2844,#2845),
.UNSPECIFIED.,.F.,.F.) B_SPLINE_CURVE_WITH_KNOTS((3,3),(0.,1.),
.PIECEWISE_BEZIER_KNOTS.) CURVE() GEOMETRIC_REPRESENTATION_ITEM() 
RATIONAL_B_SPLINE_CURVE((1.,0.998705766625,1.)) REPRESENTATION_ITEM('') 
  );
#2843 = CARTESIAN_POINT('',(5.107135888313,-5.655224400349));
#2844 = CARTESIAN_POINT('',(5.395136238021,-5.395136238021));
#2845 = CARTESIAN_POINT('',(5.655224400349,-5.107135888313));
#2846 = ( GEOMETRIC_REPRESENTATION_CONTEXT(2) 
PARAMETRIC_REPRESENTATION_CONTEXT() REPRESENTATION_CONTEXT('2D SPACE',''
  ) );
#2847 = PCURVE('',#2848,#2855);
#2848 = ( BOUNDED_SURFACE() B_SPLINE_SURFACE(1,2,(
    (#2849,#2850,#2851)
    ,(#2852,#2853,#2854
)),.UNSPECIFIED.,.F.,.F.,.F.) B_SPLINE_SURFACE_WITH_KNOTS((2,2),(3,3),(
    0.,1.),(0.,1.),.PIECEWISE_BEZIER_KNOTS.) 
GEOMETRIC_REPRESENTATION_ITEM() RATIONAL_B_SPLINE_SURFACE((
    (1.,0.998705766625,1.)
,(1.,0.998705766625,1.))) REPRESENTATION_ITEM('') SURFACE() );
#2849 = CARTESIAN_POINT('',(5.107135888313,-5.655224400349,
    -8.460799989015E-18));
#2850 = CARTESIAN_POINT('',(5.395136238021,-5.395136238021,
    -8.460799989015E-18));
#2851 = CARTESIAN_POINT('',(5.655224400349,-5.107135888313,
    -8.460799989015E-18));
#2852 = CARTESIAN_POINT('',(5.107135888313,-5.655224400349,9.9));
#2853 = CARTESIAN_POINT('',(5.395136238021,-5.395136238021,9.9));
#2854 = CARTESIAN_POINT('',(5.655224400349,-5.107135888313,9.9));
#2855 = DEFINITIONAL_REPRESENTATION('',(#2856),#2859);
#2856 = B_SPLINE_CURVE_WITH_KNOTS('',1,(#2857,#2858),.UNSPECIFIED.,.F.,
  .F.,(2,2),(0.,1.),.PIECEWISE_BEZIER_KNOTS.);
#2857 = CARTESIAN_POINT('',(0.,0.));
#2858 = CARTESIAN_POINT('',(0.,1.));
#2859 = ( GEOMETRIC_REPRESENTATION_CONTEXT(2) 
PARAMETRIC_REPRESENTATION_CONTEXT() REPRESENTATION_CONTEXT('2D SPACE',''
  ) );
#2860 = ORIENTED_EDGE('',*,*,#2861,.T.);
#2861 = EDGE_CURVE('',#2833,#2862,#2864,.T.);
#2862 = VERTEX_POINT('',#2863);
#2863 = CARTESIAN_POINT('',(5.961876333343,-5.004138127145,
    -9.53784125588E-18));
#2864 = SURFACE_CURVE('',#2865,(#2869,#2876),.PCURVE_S1.);
#2865 = ( BOUNDED_CURVE() B_SPLINE_CURVE(2,(#2866,#2867,#2868),
.UNSPECIFIED.,.F.,.F.) B_SPLINE_CURVE_WITH_KNOTS((3,3),(0.,1.),
.PIECEWISE_BEZIER_KNOTS.) CURVE() GEOMETRIC_REPRESENTATION_ITEM() 
RATIONAL_B_SPLINE_CURVE((1.,0.871648182287,1.)) REPRESENTATION_ITEM('') 
  );
#2866 = CARTESIAN_POINT('',(5.655224400349,-5.107135888313,
    -8.460799989015E-18));
#2867 = CARTESIAN_POINT('',(5.779592292396,-4.969421060845,
    -3.068183063632E-17));
#2868 = CARTESIAN_POINT('',(5.961876333343,-5.004138127145,0.));
#2869 = PCURVE('',#45,#2870);
#2870 = DEFINITIONAL_REPRESENTATION('',(#2871),#2875);
#2871 = ( BOUNDED_CURVE() B_SPLINE_CURVE(2,(#2872,#2873,#2874),
.UNSPECIFIED.,.F.,.F.) B_SPLINE_CURVE_WITH_KNOTS((3,3),(0.,1.),
.PIECEWISE_BEZIER_KNOTS.) CURVE() GEOMETRIC_REPRESENTATION_ITEM() 
RATIONAL_B_SPLINE_CURVE((1.,0.871648182287,1.)) REPRESENTATION_ITEM('') 
  );
#2872 = CARTESIAN_POINT('',(5.655224400349,-5.107135888313));
#2873 = CARTESIAN_POINT('',(5.779592292396,-4.969421060845));
#2874 = CARTESIAN_POINT('',(5.961876333343,-5.004138127145));
#2875 = ( GEOMETRIC_REPRESENTATION_CONTEXT(2) 
PARAMETRIC_REPRESENTATION_CONTEXT() REPRESENTATION_CONTEXT('2D SPACE',''
  ) );
#2876 = PCURVE('',#2877,#2884);
#2877 = ( BOUNDED_SURFACE() B_SPLINE_SURFACE(1,2,(
    (#2878,#2879,#2880)
    ,(#2881,#2882,#2883
)),.UNSPECIFIED.,.F.,.F.,.F.) B_SPLINE_SURFACE_WITH_KNOTS((2,2),(3,3),(
    0.,1.),(0.,1.),.PIECEWISE_BEZIER_KNOTS.) 
GEOMETRIC_REPRESENTATION_ITEM() RATIONAL_B_SPLINE_SURFACE((
    (1.,0.871648182287,1.)
,(1.,0.871648182287,1.))) REPRESENTATION_ITEM('') SURFACE() );
#2878 = CARTESIAN_POINT('',(5.655224400349,-5.107135888313,
    -8.460799989015E-18));
#2879 = CARTESIAN_POINT('',(5.779592292396,-4.969421060845,
    -3.068183063632E-17));
#2880 = CARTESIAN_POINT('',(5.961876333343,-5.004138127145,0.));
#2881 = CARTESIAN_POINT('',(5.655224400349,-5.107135888313,9.9));
#2882 = CARTESIAN_POINT('',(5.779592292396,-4.969421060845,9.9));
#2883 = CARTESIAN_POINT('',(5.961876333343,-5.004138127145,9.9));
#2884 = DEFINITIONAL_REPRESENTATION('',(#2885),#2888);
#2885 = B_SPLINE_CURVE_WITH_KNOTS('',1,(#2886,#2887),.UNSPECIFIED.,.F.,
  .F.,(2,2),(0.,1.),.PIECEWISE_BEZIER_KNOTS.);
#2886 = CARTESIAN_POINT('',(0.,0.));
#2887 = CARTESIAN_POINT('',(0.,1.));
#2888 = ( GEOMETRIC_REPRESENTATION_CONTEXT(2) 
PARAMETRIC_REPRESENTATION_CONTEXT() REPRESENTATION_CONTEXT('2D SPACE',''
  ) );
#2889 = ORIENTED_EDGE('',*,*,#2890,.T.);
#2890 = EDGE_CURVE('',#2862,#2891,#2893,.T.);
#2891 = VERTEX_POINT('',#2892);
#2892 = CARTESIAN_POINT('',(6.550824861818,-5.366482821935,0.));
#2893 = SURFACE_CURVE('',#2894,(#2899,#2907),.PCURVE_S1.);
#2894 = ( BOUNDED_CURVE() B_SPLINE_CURVE(3,(#2895,#2896,#2897,#2898),
.UNSPECIFIED.,.F.,.F.) B_SPLINE_CURVE_WITH_KNOTS((4,4),(0.,1.),
.PIECEWISE_BEZIER_KNOTS.) CURVE() GEOMETRIC_REPRESENTATION_ITEM() 
RATIONAL_B_SPLINE_CURVE((1.,1.000183442697,1.001988389136,1.)) 
REPRESENTATION_ITEM('') );
#2895 = CARTESIAN_POINT('',(5.961876333343,-5.004138127145,0.));
#2896 = CARTESIAN_POINT('',(6.177723205175,-5.046109072989,0.));
#2897 = CARTESIAN_POINT('',(6.395865292168,-5.21257570939,0.));
#2898 = CARTESIAN_POINT('',(6.550824861818,-5.366482821935,0.));
#2899 = PCURVE('',#45,#2900);
#2900 = DEFINITIONAL_REPRESENTATION('',(#2901),#2906);
#2901 = ( BOUNDED_CURVE() B_SPLINE_CURVE(3,(#2902,#2903,#2904,#2905),
.UNSPECIFIED.,.F.,.F.) B_SPLINE_CURVE_WITH_KNOTS((4,4),(0.,1.),
.PIECEWISE_BEZIER_KNOTS.) CURVE() GEOMETRIC_REPRESENTATION_ITEM() 
RATIONAL_B_SPLINE_CURVE((1.,1.000183442697,1.001988389136,1.)) 
REPRESENTATION_ITEM('') );
#2902 = CARTESIAN_POINT('',(5.961876333343,-5.004138127145));
#2903 = CARTESIAN_POINT('',(6.177723205175,-5.046109072989));
#2904 = CARTESIAN_POINT('',(6.395865292168,-5.21257570939));
#2905 = CARTESIAN_POINT('',(6.550824861818,-5.366482821935));
#2906 = ( GEOMETRIC_REPRESENTATION_CONTEXT(2) 
PARAMETRIC_REPRESENTATION_CONTEXT() REPRESENTATION_CONTEXT('2D SPACE',''
  ) );
#2907 = PCURVE('',#2908,#2917);
#2908 = ( BOUNDED_SURFACE() B_SPLINE_SURFACE(1,3,(
    (#2909,#2910,#2911,#2912)
    ,(#2913,#2914,#2915,#2916
)),.UNSPECIFIED.,.F.,.F.,.F.) B_SPLINE_SURFACE_WITH_KNOTS((2,2),(4,4),(
    0.,1.),(0.,1.),.PIECEWISE_BEZIER_KNOTS.) 
GEOMETRIC_REPRESENTATION_ITEM() RATIONAL_B_SPLINE_SURFACE((
    (1.,1.000183442697,1.001988389136,1.)
,(1.,1.000183442697,1.001988389136,1.
))) REPRESENTATION_ITEM('') SURFACE() );
#2909 = CARTESIAN_POINT('',(5.961876333343,-5.004138127145,0.));
#2910 = CARTESIAN_POINT('',(6.177723205175,-5.046109072989,0.));
#2911 = CARTESIAN_POINT('',(6.395865292168,-5.21257570939,0.));
#2912 = CARTESIAN_POINT('',(6.550824861818,-5.366482821935,0.));
#2913 = CARTESIAN_POINT('',(5.961876333343,-5.004138127145,9.9));
#2914 = CARTESIAN_POINT('',(6.177723205175,-5.046109072989,9.9));
#2915 = CARTESIAN_POINT('',(6.395865292168,-5.21257570939,9.9));
#2916 = CARTESIAN_POINT('',(6.550824861818,-5.366482821935,9.9));
#2917 = DEFINITIONAL_REPRESENTATION('',(#2918),#2921);
#2918 = B_SPLINE_CURVE_WITH_KNOTS('',1,(#2919,#2920),.UNSPECIFIED.,.F.,
  .F.,(2,2),(0.,1.),.PIECEWISE_BEZIER_KNOTS.);
#2919 = CARTESIAN_POINT('',(0.,0.));
#2920 = CARTESIAN_POINT('',(0.,1.));
#2921 = ( GEOMETRIC_REPRESENTATION_CONTEXT(2) 
PARAMETRIC_REPRESENTATION_CONTEXT() REPRESENTATION_CONTEXT('2D SPACE',''
  ) );
#2922 = ORIENTED_EDGE('',*,*,#2923,.T.);
#2923 = EDGE_CURVE('',#2891,#2924,#2926,.T.);
#2924 = VERTEX_POINT('',#2925);
#2925 = CARTESIAN_POINT('',(9.283908116975,-5.74938693041,0.));
#2926 = SURFACE_CURVE('',#2927,(#2932,#2940),.PCURVE_S1.);
#2927 = ( BOUNDED_CURVE() B_SPLINE_CURVE(3,(#2928,#2929,#2930,#2931),
.UNSPECIFIED.,.F.,.F.) B_SPLINE_CURVE_WITH_KNOTS((4,4),(0.,1.),
.PIECEWISE_BEZIER_KNOTS.) CURVE() GEOMETRIC_REPRESENTATION_ITEM() 
RATIONAL_B_SPLINE_CURVE((1.,0.93042703827,1.070034384224,1.)) 
REPRESENTATION_ITEM('') );
#2928 = CARTESIAN_POINT('',(6.550824861818,-5.366482821935,0.));
#2929 = CARTESIAN_POINT('',(7.18063866141,-5.797002859629,0.));
#2930 = CARTESIAN_POINT('',(8.320731729773,-5.873184693355,0.));
#2931 = CARTESIAN_POINT('',(9.283908116975,-5.74938693041,0.));
#2932 = PCURVE('',#45,#2933);
#2933 = DEFINITIONAL_REPRESENTATION('',(#2934),#2939);
#2934 = ( BOUNDED_CURVE() B_SPLINE_CURVE(3,(#2935,#2936,#2937,#2938),
.UNSPECIFIED.,.F.,.F.) B_SPLINE_CURVE_WITH_KNOTS((4,4),(0.,1.),
.PIECEWISE_BEZIER_KNOTS.) CURVE() GEOMETRIC_REPRESENTATION_ITEM() 
RATIONAL_B_SPLINE_CURVE((1.,0.93042703827,1.070034384224,1.)) 
REPRESENTATION_ITEM('') );
#2935 = CARTESIAN_POINT('',(6.550824861818,-5.366482821935));
#2936 = CARTESIAN_POINT('',(7.18063866141,-5.797002859629));
#2937 = CARTESIAN_POINT('',(8.320731729773,-5.873184693355));
#2938 = CARTESIAN_POINT('',(9.283908116975,-5.74938693041));
#2939 = ( GEOMETRIC_REPRESENTATION_CONTEXT(2) 
PARAMETRIC_REPRESENTATION_CONTEXT() REPRESENTATION_CONTEXT('2D SPACE',''
  ) );
#2940 = PCURVE('',#2941,#2950);
#2941 = ( BOUNDED_SURFACE() B_SPLINE_SURFACE(1,3,(
    (#2942,#2943,#2944,#2945)
    ,(#2946,#2947,#2948,#2949
)),.UNSPECIFIED.,.F.,.F.,.F.) B_SPLINE_SURFACE_WITH_KNOTS((2,2),(4,4),(
    0.,1.),(0.,1.),.PIECEWISE_BEZIER_KNOTS.) 
GEOMETRIC_REPRESENTATION_ITEM() RATIONAL_B_SPLINE_SURFACE((
    (1.,0.93042703827,1.070034384224,1.)
,(1.,0.93042703827,1.070034384224,1.
  ))) REPRESENTATION_ITEM('') SURFACE() );
#2942 = CARTESIAN_POINT('',(6.550824861818,-5.366482821935,0.));
#2943 = CARTESIAN_POINT('',(7.18063866141,-5.797002859629,0.));
#2944 = CARTESIAN_POINT('',(8.320731729773,-5.873184693355,0.));
#2945 = CARTESIAN_POINT('',(9.283908116975,-5.74938693041,0.));
#2946 = CARTESIAN_POINT('',(6.550824861818,-5.366482821935,9.9));
#2947 = CARTESIAN_POINT('',(7.18063866141,-5.797002859629,9.9));
#2948 = CARTESIAN_POINT('',(8.320731729773,-5.873184693355,9.9));
#2949 = CARTESIAN_POINT('',(9.283908116975,-5.74938693041,9.9));
#2950 = DEFINITIONAL_REPRESENTATION('',(#2951),#2954);
#2951 = B_SPLINE_CURVE_WITH_KNOTS('',1,(#2952,#2953),.UNSPECIFIED.,.F.,
  .F.,(2,2),(0.,1.),.PIECEWISE_BEZIER_KNOTS.);
#2952 = CARTESIAN_POINT('',(0.,0.));
#2953 = CARTESIAN_POINT('',(0.,1.));
#2954 = ( GEOMETRIC_REPRESENTATION_CONTEXT(2) 
PARAMETRIC_REPRESENTATION_CONTEXT() REPRESENTATION_CONTEXT('2D SPACE',''
  ) );
#2955 = ORIENTED_EDGE('',*,*,#2956,.T.);
#2956 = EDGE_CURVE('',#2924,#2957,#2959,.T.);
#2957 = VERTEX_POINT('',#2958);
#2958 = CARTESIAN_POINT('',(9.621069196408,-5.165406810496,0.));
#2959 = SURFACE_CURVE('',#2960,(#2964,#2971),.PCURVE_S1.);
#2960 = ( BOUNDED_CURVE() B_SPLINE_CURVE(2,(#2961,#2962,#2963),
.UNSPECIFIED.,.F.,.F.) B_SPLINE_CURVE_WITH_KNOTS((3,3),(0.,1.),
.PIECEWISE_BEZIER_KNOTS.) CURVE() GEOMETRIC_REPRESENTATION_ITEM() 
RATIONAL_B_SPLINE_CURVE((1.,0.999523236347,1.)) REPRESENTATION_ITEM('') 
  );
#2961 = CARTESIAN_POINT('',(9.283908116975,-5.74938693041,0.));
#2962 = CARTESIAN_POINT('',(9.461508312595,-5.462604371217,0.));
#2963 = CARTESIAN_POINT('',(9.621069196408,-5.165406810496,0.));
#2964 = PCURVE('',#45,#2965);
#2965 = DEFINITIONAL_REPRESENTATION('',(#2966),#2970);
#2966 = ( BOUNDED_CURVE() B_SPLINE_CURVE(2,(#2967,#2968,#2969),
.UNSPECIFIED.,.F.,.F.) B_SPLINE_CURVE_WITH_KNOTS((3,3),(0.,1.),
.PIECEWISE_BEZIER_KNOTS.) CURVE() GEOMETRIC_REPRESENTATION_ITEM() 
RATIONAL_B_SPLINE_CURVE((1.,0.999523236347,1.)) REPRESENTATION_ITEM('') 
  );
#2967 = CARTESIAN_POINT('',(9.283908116975,-5.74938693041));
#2968 = CARTESIAN_POINT('',(9.461508312595,-5.462604371217));
#2969 = CARTESIAN_POINT('',(9.621069196408,-5.165406810496));
#2970 = ( GEOMETRIC_REPRESENTATION_CONTEXT(2) 
PARAMETRIC_REPRESENTATION_CONTEXT() REPRESENTATION_CONTEXT('2D SPACE',''
  ) );
#2971 = PCURVE('',#2972,#2979);
#2972 = ( BOUNDED_SURFACE() B_SPLINE_SURFACE(1,2,(
    (#2973,#2974,#2975)
    ,(#2976,#2977,#2978
)),.UNSPECIFIED.,.F.,.F.,.F.) B_SPLINE_SURFACE_WITH_KNOTS((2,2),(3,3),(
    0.,1.),(0.,1.),.PIECEWISE_BEZIER_KNOTS.) 
GEOMETRIC_REPRESENTATION_ITEM() RATIONAL_B_SPLINE_SURFACE((
    (1.,0.999523236347,1.)
,(1.,0.999523236347,1.))) REPRESENTATION_ITEM('') SURFACE() );
#2973 = CARTESIAN_POINT('',(9.283908116975,-5.74938693041,0.));
#2974 = CARTESIAN_POINT('',(9.461508312595,-5.462604371217,0.));
#2975 = CARTESIAN_POINT('',(9.621069196408,-5.165406810496,0.));
#2976 = CARTESIAN_POINT('',(9.283908116975,-5.74938693041,9.9));
#2977 = CARTESIAN_POINT('',(9.461508312595,-5.462604371217,9.9));
#2978 = CARTESIAN_POINT('',(9.621069196408,-5.165406810496,9.9));
#2979 = DEFINITIONAL_REPRESENTATION('',(#2980),#2983);
#2980 = B_SPLINE_CURVE_WITH_KNOTS('',1,(#2981,#2982),.UNSPECIFIED.,.F.,
  .F.,(2,2),(0.,1.),.PIECEWISE_BEZIER_KNOTS.);
#2981 = CARTESIAN_POINT('',(0.,0.));
#2982 = CARTESIAN_POINT('',(0.,1.));
#2983 = ( GEOMETRIC_REPRESENTATION_CONTEXT(2) 
PARAMETRIC_REPRESENTATION_CONTEXT() REPRESENTATION_CONTEXT('2D SPACE',''
  ) );
#2984 = ORIENTED_EDGE('',*,*,#2985,.T.);
#2985 = EDGE_CURVE('',#2957,#2986,#2988,.T.);
#2986 = VERTEX_POINT('',#2987);
#2987 = CARTESIAN_POINT('',(7.922922883677,-2.98993933511,0.));
#2988 = SURFACE_CURVE('',#2989,(#2994,#3002),.PCURVE_S1.);
#2989 = ( BOUNDED_CURVE() B_SPLINE_CURVE(3,(#2990,#2991,#2992,#2993),
.UNSPECIFIED.,.F.,.F.) B_SPLINE_CURVE_WITH_KNOTS((4,4),(0.,1.),
.PIECEWISE_BEZIER_KNOTS.) CURVE() GEOMETRIC_REPRESENTATION_ITEM() 
RATIONAL_B_SPLINE_CURVE((1.,1.070034384224,0.93042703827,1.)) 
REPRESENTATION_ITEM('') );
#2990 = CARTESIAN_POINT('',(9.621069196408,-5.165406810496,0.));
#2991 = CARTESIAN_POINT('',(9.24669301045,-4.269372709381,0.));
#2992 = CARTESIAN_POINT('',(8.610671072955,-3.320114066363,0.));
#2993 = CARTESIAN_POINT('',(7.922922883677,-2.98993933511,0.));
#2994 = PCURVE('',#45,#2995);
#2995 = DEFINITIONAL_REPRESENTATION('',(#2996),#3001);
#2996 = ( BOUNDED_CURVE() B_SPLINE_CURVE(3,(#2997,#2998,#2999,#3000),
.UNSPECIFIED.,.F.,.F.) B_SPLINE_CURVE_WITH_KNOTS((4,4),(0.,1.),
.PIECEWISE_BEZIER_KNOTS.) CURVE() GEOMETRIC_REPRESENTATION_ITEM() 
RATIONAL_B_SPLINE_CURVE((1.,1.070034384224,0.93042703827,1.)) 
REPRESENTATION_ITEM('') );
#2997 = CARTESIAN_POINT('',(9.621069196408,-5.165406810496));
#2998 = CARTESIAN_POINT('',(9.24669301045,-4.269372709381));
#2999 = CARTESIAN_POINT('',(8.610671072955,-3.320114066363));
#3000 = CARTESIAN_POINT('',(7.922922883677,-2.98993933511));
#3001 = ( GEOMETRIC_REPRESENTATION_CONTEXT(2) 
PARAMETRIC_REPRESENTATION_CONTEXT() REPRESENTATION_CONTEXT('2D SPACE',''
  ) );
#3002 = PCURVE('',#3003,#3012);
#3003 = ( BOUNDED_SURFACE() B_SPLINE_SURFACE(1,3,(
    (#3004,#3005,#3006,#3007)
    ,(#3008,#3009,#3010,#3011
)),.UNSPECIFIED.,.F.,.F.,.F.) B_SPLINE_SURFACE_WITH_KNOTS((2,2),(4,4),(
    0.,1.),(0.,1.),.PIECEWISE_BEZIER_KNOTS.) 
GEOMETRIC_REPRESENTATION_ITEM() RATIONAL_B_SPLINE_SURFACE((
    (1.,1.070034384224,0.93042703827,1.)
,(1.,1.070034384224,0.93042703827,1.
  ))) REPRESENTATION_ITEM('') SURFACE() );
#3004 = CARTESIAN_POINT('',(9.621069196408,-5.165406810496,0.));
#3005 = CARTESIAN_POINT('',(9.24669301045,-4.269372709381,0.));
#3006 = CARTESIAN_POINT('',(8.610671072955,-3.320114066363,0.));
#3007 = CARTESIAN_POINT('',(7.922922883677,-2.98993933511,0.));
#3008 = CARTESIAN_POINT('',(9.621069196408,-5.165406810496,9.9));
#3009 = CARTESIAN_POINT('',(9.24669301045,-4.269372709381,9.9));
#3010 = CARTESIAN_POINT('',(8.610671072955,-3.320114066363,9.9));
#3011 = CARTESIAN_POINT('',(7.922922883677,-2.98993933511,9.9));
#3012 = DEFINITIONAL_REPRESENTATION('',(#3013),#3016);
#3013 = B_SPLINE_CURVE_WITH_KNOTS('',1,(#3014,#3015),.UNSPECIFIED.,.F.,
  .F.,(2,2),(0.,1.),.PIECEWISE_BEZIER_KNOTS.);
#3014 = CARTESIAN_POINT('',(0.,0.));
#3015 = CARTESIAN_POINT('',(0.,1.));
#3016 = ( GEOMETRIC_REPRESENTATION_CONTEXT(2) 
PARAMETRIC_REPRESENTATION_CONTEXT() REPRESENTATION_CONTEXT('2D SPACE',''
  ) );
#3017 = ORIENTED_EDGE('',*,*,#3018,.T.);
#3018 = EDGE_CURVE('',#2986,#3019,#3021,.T.);
#3019 = VERTEX_POINT('',#3020);
#3020 = CARTESIAN_POINT('',(7.314648908825,-2.661067295324,0.));
#3021 = SURFACE_CURVE('',#3022,(#3027,#3035),.PCURVE_S1.);
#3022 = ( BOUNDED_CURVE() B_SPLINE_CURVE(3,(#3023,#3024,#3025,#3026),
.UNSPECIFIED.,.F.,.F.) B_SPLINE_CURVE_WITH_KNOTS((4,4),(0.,1.),
.PIECEWISE_BEZIER_KNOTS.) CURVE() GEOMETRIC_REPRESENTATION_ITEM() 
RATIONAL_B_SPLINE_CURVE((1.,1.001988389136,1.000183442697,1.)) 
REPRESENTATION_ITEM('') );
#3023 = CARTESIAN_POINT('',(7.922922883677,-2.98993933511,0.));
#3024 = CARTESIAN_POINT('',(7.712155629565,-2.932693967506,0.));
#3025 = CARTESIAN_POINT('',(7.458920250063,-2.827010696736,0.));
#3026 = CARTESIAN_POINT('',(7.314648908825,-2.661067295324,0.));
#3027 = PCURVE('',#45,#3028);
#3028 = DEFINITIONAL_REPRESENTATION('',(#3029),#3034);
#3029 = ( BOUNDED_CURVE() B_SPLINE_CURVE(3,(#3030,#3031,#3032,#3033),
.UNSPECIFIED.,.F.,.F.) B_SPLINE_CURVE_WITH_KNOTS((4,4),(0.,1.),
.PIECEWISE_BEZIER_KNOTS.) CURVE() GEOMETRIC_REPRESENTATION_ITEM() 
RATIONAL_B_SPLINE_CURVE((1.,1.001988389136,1.000183442697,1.)) 
REPRESENTATION_ITEM('') );
#3030 = CARTESIAN_POINT('',(7.922922883677,-2.98993933511));
#3031 = CARTESIAN_POINT('',(7.712155629565,-2.932693967506));
#3032 = CARTESIAN_POINT('',(7.458920250063,-2.827010696736));
#3033 = CARTESIAN_POINT('',(7.314648908825,-2.661067295324));
#3034 = ( GEOMETRIC_REPRESENTATION_CONTEXT(2) 
PARAMETRIC_REPRESENTATION_CONTEXT() REPRESENTATION_CONTEXT('2D SPACE',''
  ) );
#3035 = PCURVE('',#3036,#3045);
#3036 = ( BOUNDED_SURFACE() B_SPLINE_SURFACE(1,3,(
    (#3037,#3038,#3039,#3040)
    ,(#3041,#3042,#3043,#3044
)),.UNSPECIFIED.,.F.,.F.,.F.) B_SPLINE_SURFACE_WITH_KNOTS((2,2),(4,4),(
    0.,1.),(0.,1.),.PIECEWISE_BEZIER_KNOTS.) 
GEOMETRIC_REPRESENTATION_ITEM() RATIONAL_B_SPLINE_SURFACE((
    (1.,1.001988389136,1.000183442697,1.)
,(1.,1.001988389136,1.000183442697,1.
))) REPRESENTATION_ITEM('') SURFACE() );
#3037 = CARTESIAN_POINT('',(7.922922883677,-2.98993933511,0.));
#3038 = CARTESIAN_POINT('',(7.712155629565,-2.932693967506,0.));
#3039 = CARTESIAN_POINT('',(7.458920250063,-2.827010696736,0.));
#3040 = CARTESIAN_POINT('',(7.314648908825,-2.661067295324,0.));
#3041 = CARTESIAN_POINT('',(7.922922883677,-2.98993933511,9.9));
#3042 = CARTESIAN_POINT('',(7.712155629565,-2.932693967506,9.9));
#3043 = CARTESIAN_POINT('',(7.458920250063,-2.827010696736,9.9));
#3044 = CARTESIAN_POINT('',(7.314648908825,-2.661067295324,9.9));
#3045 = DEFINITIONAL_REPRESENTATION('',(#3046),#3049);
#3046 = B_SPLINE_CURVE_WITH_KNOTS('',1,(#3047,#3048),.UNSPECIFIED.,.F.,
  .F.,(2,2),(0.,1.),.PIECEWISE_BEZIER_KNOTS.);
#3047 = CARTESIAN_POINT('',(0.,0.));
#3048 = CARTESIAN_POINT('',(0.,1.));
#3049 = ( GEOMETRIC_REPRESENTATION_CONTEXT(2) 
PARAMETRIC_REPRESENTATION_CONTEXT() REPRESENTATION_CONTEXT('2D SPACE',''
  ) );
#3050 = ORIENTED_EDGE('',*,*,#3051,.T.);
#3051 = EDGE_CURVE('',#3019,#22,#3052,.T.);
#3052 = SURFACE_CURVE('',#3053,(#3057,#3064),.PCURVE_S1.);
#3053 = ( BOUNDED_CURVE() B_SPLINE_CURVE(2,(#3054,#3055,#3056),
.UNSPECIFIED.,.F.,.F.) B_SPLINE_CURVE_WITH_KNOTS((3,3),(0.,1.),
.PIECEWISE_BEZIER_KNOTS.) CURVE() GEOMETRIC_REPRESENTATION_ITEM() 
RATIONAL_B_SPLINE_CURVE((1.,0.871648182287,1.)) REPRESENTATION_ITEM('') 
  );
#3054 = CARTESIAN_POINT('',(7.314648908825,-2.661067295324,0.));
#3055 = CARTESIAN_POINT('',(7.193441026991,-2.520563218309,
    -3.068183063632E-17));
#3056 = CARTESIAN_POINT('',(7.250521620033,-2.344000050648,
    -8.460799989015E-18));
#3057 = PCURVE('',#45,#3058);
#3058 = DEFINITIONAL_REPRESENTATION('',(#3059),#3063);
#3059 = ( BOUNDED_CURVE() B_SPLINE_CURVE(2,(#3060,#3061,#3062),
.UNSPECIFIED.,.F.,.F.) B_SPLINE_CURVE_WITH_KNOTS((3,3),(0.,1.),
.PIECEWISE_BEZIER_KNOTS.) CURVE() GEOMETRIC_REPRESENTATION_ITEM() 
RATIONAL_B_SPLINE_CURVE((1.,0.871648182287,1.)) REPRESENTATION_ITEM('') 
  );
#3060 = CARTESIAN_POINT('',(7.314648908825,-2.661067295324));
#3061 = CARTESIAN_POINT('',(7.193441026991,-2.520563218309));
#3062 = CARTESIAN_POINT('',(7.250521620033,-2.344000050648));
#3063 = ( GEOMETRIC_REPRESENTATION_CONTEXT(2) 
PARAMETRIC_REPRESENTATION_CONTEXT() REPRESENTATION_CONTEXT('2D SPACE',''
  ) );
#3064 = PCURVE('',#71,#3065);
#3065 = DEFINITIONAL_REPRESENTATION('',(#3066),#3069);
#3066 = B_SPLINE_CURVE_WITH_KNOTS('',1,(#3067,#3068),.UNSPECIFIED.,.F.,
  .F.,(2,2),(0.,1.),.PIECEWISE_BEZIER_KNOTS.);
#3067 = CARTESIAN_POINT('',(0.,0.));
#3068 = CARTESIAN_POINT('',(0.,1.));
#3069 = ( GEOMETRIC_REPRESENTATION_CONTEXT(2) 
PARAMETRIC_REPRESENTATION_CONTEXT() REPRESENTATION_CONTEXT('2D SPACE',''
  ) );
#3070 = FACE_BOUND('',#3071,.F.);
#3071 = EDGE_LOOP('',(#3072));
#3072 = ORIENTED_EDGE('',*,*,#3073,.T.);
#3073 = EDGE_CURVE('',#3074,#3074,#3076,.T.);
#3074 = VERTEX_POINT('',#3075);
#3075 = CARTESIAN_POINT('',(-1.9,-4.65365783676E-16,0.));
#3076 = SURFACE_CURVE('',#3077,(#3082,#3093),.PCURVE_S1.);
#3077 = CIRCLE('',#3078,1.9);
#3078 = AXIS2_PLACEMENT_3D('',#3079,#3080,#3081);
#3079 = CARTESIAN_POINT('',(0.,0.,0.));
#3080 = DIRECTION('',(0.,0.,-1.));
#3081 = DIRECTION('',(-1.,0.,0.));
#3082 = PCURVE('',#45,#3083);
#3083 = DEFINITIONAL_REPRESENTATION('',(#3084),#3092);
#3084 = ( BOUNDED_CURVE() B_SPLINE_CURVE(2,(#3085,#3086,#3087,#3088,
#3089,#3090,#3091),.UNSPECIFIED.,.T.,.F.) B_SPLINE_CURVE_WITH_KNOTS((1,2
    ,2,2,2,1),(-2.094395102393,0.,2.094395102393,4.188790204786,
6.28318530718,8.377580409573),.UNSPECIFIED.) CURVE() 
GEOMETRIC_REPRESENTATION_ITEM() RATIONAL_B_SPLINE_CURVE((1.,0.5,1.,0.5,
1.,0.5,1.)) REPRESENTATION_ITEM('') );
#3085 = CARTESIAN_POINT('',(-1.9,1.037570044609E-15));
#3086 = CARTESIAN_POINT('',(-1.9,3.290896534381));
#3087 = CARTESIAN_POINT('',(0.95,1.64544826719));
#3088 = CARTESIAN_POINT('',(3.8,1.502935828285E-15));
#3089 = CARTESIAN_POINT('',(0.95,-1.64544826719));
#3090 = CARTESIAN_POINT('',(-1.9,-3.290896534381));
#3091 = CARTESIAN_POINT('',(-1.9,1.037570044609E-15));
#3092 = ( GEOMETRIC_REPRESENTATION_CONTEXT(2) 
PARAMETRIC_REPRESENTATION_CONTEXT() REPRESENTATION_CONTEXT('2D SPACE',''
  ) );
#3093 = PCURVE('',#3094,#3099);
#3094 = CYLINDRICAL_SURFACE('',#3095,1.9);
#3095 = AXIS2_PLACEMENT_3D('',#3096,#3097,#3098);
#3096 = CARTESIAN_POINT('',(0.,0.,9.9));
#3097 = DIRECTION('',(0.,0.,-1.));
#3098 = DIRECTION('',(-1.,0.,0.));
#3099 = DEFINITIONAL_REPRESENTATION('',(#3100),#3104);
#3100 = LINE('',#3101,#3102);
#3101 = CARTESIAN_POINT('',(0.,9.9));
#3102 = VECTOR('',#3103,1.);
#3103 = DIRECTION('',(1.,0.));
#3104 = ( GEOMETRIC_REPRESENTATION_CONTEXT(2) 
PARAMETRIC_REPRESENTATION_CONTEXT() REPRESENTATION_CONTEXT('2D SPACE',''
  ) );
#3105 = ADVANCED_FACE('',(#3106),#71,.F.);
#3106 = FACE_BOUND('',#3107,.F.);
#3107 = EDGE_LOOP('',(#3108,#3109,#3129,#3149));
#3108 = ORIENTED_EDGE('',*,*,#3051,.F.);
#3109 = ORIENTED_EDGE('',*,*,#3110,.T.);
#3110 = EDGE_CURVE('',#3019,#3111,#3113,.T.);
#3111 = VERTEX_POINT('',#3112);
#3112 = CARTESIAN_POINT('',(7.314648908825,-2.661067295324,9.9));
#3113 = SURFACE_CURVE('',#3114,(#3117,#3123),.PCURVE_S1.);
#3114 = B_SPLINE_CURVE_WITH_KNOTS('',1,(#3115,#3116),.UNSPECIFIED.,.F.,
  .F.,(2,2),(0.,1.),.PIECEWISE_BEZIER_KNOTS.);
#3115 = CARTESIAN_POINT('',(7.314648908825,-2.661067295324,0.));
#3116 = CARTESIAN_POINT('',(7.314648908825,-2.661067295324,9.9));
#3117 = PCURVE('',#71,#3118);
#3118 = DEFINITIONAL_REPRESENTATION('',(#3119),#3122);
#3119 = B_SPLINE_CURVE_WITH_KNOTS('',1,(#3120,#3121),.UNSPECIFIED.,.F.,
  .F.,(2,2),(0.,1.),.PIECEWISE_BEZIER_KNOTS.);
#3120 = CARTESIAN_POINT('',(0.,0.));
#3121 = CARTESIAN_POINT('',(1.,0.));
#3122 = ( GEOMETRIC_REPRESENTATION_CONTEXT(2) 
PARAMETRIC_REPRESENTATION_CONTEXT() REPRESENTATION_CONTEXT('2D SPACE',''
  ) );
#3123 = PCURVE('',#3036,#3124);
#3124 = DEFINITIONAL_REPRESENTATION('',(#3125),#3128);
#3125 = B_SPLINE_CURVE_WITH_KNOTS('',1,(#3126,#3127),.UNSPECIFIED.,.F.,
  .F.,(2,2),(0.,1.),.PIECEWISE_BEZIER_KNOTS.);
#3126 = CARTESIAN_POINT('',(0.,1.));
#3127 = CARTESIAN_POINT('',(1.,1.));
#3128 = ( GEOMETRIC_REPRESENTATION_CONTEXT(2) 
PARAMETRIC_REPRESENTATION_CONTEXT() REPRESENTATION_CONTEXT('2D SPACE',''
  ) );
#3129 = ORIENTED_EDGE('',*,*,#3130,.T.);
#3130 = EDGE_CURVE('',#3111,#58,#3131,.T.);
#3131 = SURFACE_CURVE('',#3132,(#3136,#3142),.PCURVE_S1.);
#3132 = ( BOUNDED_CURVE() B_SPLINE_CURVE(2,(#3133,#3134,#3135),
.UNSPECIFIED.,.F.,.F.) B_SPLINE_CURVE_WITH_KNOTS((3,3),(0.,1.),
.PIECEWISE_BEZIER_KNOTS.) CURVE() GEOMETRIC_REPRESENTATION_ITEM() 
RATIONAL_B_SPLINE_CURVE((1.,0.871648182287,1.)) REPRESENTATION_ITEM('') 
  );
#3133 = CARTESIAN_POINT('',(7.314648908825,-2.661067295324,9.9));
#3134 = CARTESIAN_POINT('',(7.193441026991,-2.520563218309,9.9));
#3135 = CARTESIAN_POINT('',(7.250521620033,-2.344000050648,9.9));
#3136 = PCURVE('',#71,#3137);
#3137 = DEFINITIONAL_REPRESENTATION('',(#3138),#3141);
#3138 = B_SPLINE_CURVE_WITH_KNOTS('',1,(#3139,#3140),.UNSPECIFIED.,.F.,
  .F.,(2,2),(0.,1.),.PIECEWISE_BEZIER_KNOTS.);
#3139 = CARTESIAN_POINT('',(1.,0.));
#3140 = CARTESIAN_POINT('',(1.,1.));
#3141 = ( GEOMETRIC_REPRESENTATION_CONTEXT(2) 
PARAMETRIC_REPRESENTATION_CONTEXT() REPRESENTATION_CONTEXT('2D SPACE',''
  ) );
#3142 = PCURVE('',#99,#3143);
#3143 = DEFINITIONAL_REPRESENTATION('',(#3144),#3148);
#3144 = ( BOUNDED_CURVE() B_SPLINE_CURVE(2,(#3145,#3146,#3147),
.UNSPECIFIED.,.F.,.F.) B_SPLINE_CURVE_WITH_KNOTS((3,3),(0.,1.),
.PIECEWISE_BEZIER_KNOTS.) CURVE() GEOMETRIC_REPRESENTATION_ITEM() 
RATIONAL_B_SPLINE_CURVE((1.,0.871648182287,1.)) REPRESENTATION_ITEM('') 
  );
#3145 = CARTESIAN_POINT('',(7.314648908825,-2.661067295324));
#3146 = CARTESIAN_POINT('',(7.193441026991,-2.520563218309));
#3147 = CARTESIAN_POINT('',(7.250521620033,-2.344000050648));
#3148 = ( GEOMETRIC_REPRESENTATION_CONTEXT(2) 
PARAMETRIC_REPRESENTATION_CONTEXT() REPRESENTATION_CONTEXT('2D SPACE',''
  ) );
#3149 = ORIENTED_EDGE('',*,*,#57,.F.);
#3150 = ADVANCED_FACE('',(#3151,#5317),#99,.T.);
#3151 = FACE_BOUND('',#3152,.T.);
#3152 = EDGE_LOOP('',(#3153,#3154,#3176,#3200,#3224,#3246,#3270,#3294,
    #3316,#3338,#3360,#3384,#3408,#3430,#3454,#3478,#3500,#3522,#3544,
    #3568,#3592,#3614,#3638,#3662,#3684,#3706,#3728,#3752,#3776,#3798,
    #3822,#3846,#3868,#3890,#3912,#3936,#3960,#3982,#4006,#4030,#4052,
    #4074,#4096,#4120,#4144,#4166,#4190,#4214,#4236,#4258,#4280,#4304,
    #4328,#4350,#4374,#4398,#4420,#4442,#4464,#4488,#4512,#4534,#4558,
    #4582,#4604,#4626,#4648,#4672,#4696,#4718,#4742,#4766,#4788,#4810,
    #4832,#4856,#4880,#4902,#4926,#4950,#4972,#4994,#5016,#5040,#5064,
    #5086,#5110,#5134,#5156,#5178,#5200,#5224,#5248,#5270,#5294,#5316));
#3153 = ORIENTED_EDGE('',*,*,#84,.T.);
#3154 = ORIENTED_EDGE('',*,*,#3155,.T.);
#3155 = EDGE_CURVE('',#85,#3156,#3158,.T.);
#3156 = VERTEX_POINT('',#3157);
#3157 = CARTESIAN_POINT('',(7.665205422469,-1.352772575483,9.9));
#3158 = SURFACE_CURVE('',#3159,(#3163,#3170),.PCURVE_S1.);
#3159 = ( BOUNDED_CURVE() B_SPLINE_CURVE(2,(#3160,#3161,#3162),
.UNSPECIFIED.,.F.,.F.) B_SPLINE_CURVE_WITH_KNOTS((3,3),(0.,1.),
.PIECEWISE_BEZIER_KNOTS.) CURVE() GEOMETRIC_REPRESENTATION_ITEM() 
RATIONAL_B_SPLINE_CURVE((1.,0.871648182287,1.)) REPRESENTATION_ITEM('') 
  );
#3160 = CARTESIAN_POINT('',(7.451135938961,-1.595297219683,9.9));
#3161 = CARTESIAN_POINT('',(7.489984279154,-1.413848734595,9.9));
#3162 = CARTESIAN_POINT('',(7.665205422469,-1.352772575482,9.9));
#3163 = PCURVE('',#99,#3164);
#3164 = DEFINITIONAL_REPRESENTATION('',(#3165),#3169);
#3165 = ( BOUNDED_CURVE() B_SPLINE_CURVE(2,(#3166,#3167,#3168),
.UNSPECIFIED.,.F.,.F.) B_SPLINE_CURVE_WITH_KNOTS((3,3),(0.,1.),
.PIECEWISE_BEZIER_KNOTS.) CURVE() GEOMETRIC_REPRESENTATION_ITEM() 
RATIONAL_B_SPLINE_CURVE((1.,0.871648182287,1.)) REPRESENTATION_ITEM('') 
  );
#3166 = CARTESIAN_POINT('',(7.451135938961,-1.595297219683));
#3167 = CARTESIAN_POINT('',(7.489984279154,-1.413848734595));
#3168 = CARTESIAN_POINT('',(7.665205422469,-1.352772575482));
#3169 = ( GEOMETRIC_REPRESENTATION_CONTEXT(2) 
PARAMETRIC_REPRESENTATION_CONTEXT() REPRESENTATION_CONTEXT('2D SPACE',''
  ) );
#3170 = PCURVE('',#123,#3171);
#3171 = DEFINITIONAL_REPRESENTATION('',(#3172),#3175);
#3172 = B_SPLINE_CURVE_WITH_KNOTS('',1,(#3173,#3174),.UNSPECIFIED.,.F.,
  .F.,(2,2),(0.,1.),.PIECEWISE_BEZIER_KNOTS.);
#3173 = CARTESIAN_POINT('',(1.,0.));
#3174 = CARTESIAN_POINT('',(1.,1.));
#3175 = ( GEOMETRIC_REPRESENTATION_CONTEXT(2) 
PARAMETRIC_REPRESENTATION_CONTEXT() REPRESENTATION_CONTEXT('2D SPACE',''
  ) );
#3176 = ORIENTED_EDGE('',*,*,#3177,.T.);
#3177 = EDGE_CURVE('',#3156,#3178,#3180,.T.);
#3178 = VERTEX_POINT('',#3179);
#3179 = CARTESIAN_POINT('',(8.356422157044,-1.372098021859,9.9));
#3180 = SURFACE_CURVE('',#3181,(#3186,#3194),.PCURVE_S1.);
#3181 = ( BOUNDED_CURVE() B_SPLINE_CURVE(3,(#3182,#3183,#3184,#3185),
.UNSPECIFIED.,.F.,.F.) B_SPLINE_CURVE_WITH_KNOTS((4,4),(0.,1.),
.PIECEWISE_BEZIER_KNOTS.) CURVE() GEOMETRIC_REPRESENTATION_ITEM() 
RATIONAL_B_SPLINE_CURVE((1.,1.000183442697,1.001988389136,1.)) 
REPRESENTATION_ITEM('') );
#3182 = CARTESIAN_POINT('',(7.665205422469,-1.352772575482,9.9));
#3183 = CARTESIAN_POINT('',(7.873119769725,-1.281197044888,9.9));
#3184 = CARTESIAN_POINT('',(8.145269676895,-1.316290337397,9.9));
#3185 = CARTESIAN_POINT('',(8.356422157044,-1.372098021859,9.9));
#3186 = PCURVE('',#99,#3187);
#3187 = DEFINITIONAL_REPRESENTATION('',(#3188),#3193);
#3188 = ( BOUNDED_CURVE() B_SPLINE_CURVE(3,(#3189,#3190,#3191,#3192),
.UNSPECIFIED.,.F.,.F.) B_SPLINE_CURVE_WITH_KNOTS((4,4),(0.,1.),
.PIECEWISE_BEZIER_KNOTS.) CURVE() GEOMETRIC_REPRESENTATION_ITEM() 
RATIONAL_B_SPLINE_CURVE((1.,1.000183442697,1.001988389136,1.)) 
REPRESENTATION_ITEM('') );
#3189 = CARTESIAN_POINT('',(7.665205422469,-1.352772575482));
#3190 = CARTESIAN_POINT('',(7.873119769725,-1.281197044888));
#3191 = CARTESIAN_POINT('',(8.145269676895,-1.316290337397));
#3192 = CARTESIAN_POINT('',(8.356422157044,-1.372098021859));
#3193 = ( GEOMETRIC_REPRESENTATION_CONTEXT(2) 
PARAMETRIC_REPRESENTATION_CONTEXT() REPRESENTATION_CONTEXT('2D SPACE',''
  ) );
#3194 = PCURVE('',#180,#3195);
#3195 = DEFINITIONAL_REPRESENTATION('',(#3196),#3199);
#3196 = B_SPLINE_CURVE_WITH_KNOTS('',1,(#3197,#3198),.UNSPECIFIED.,.F.,
  .F.,(2,2),(0.,1.),.PIECEWISE_BEZIER_KNOTS.);
#3197 = CARTESIAN_POINT('',(1.,0.));
#3198 = CARTESIAN_POINT('',(1.,1.));
#3199 = ( GEOMETRIC_REPRESENTATION_CONTEXT(2) 
PARAMETRIC_REPRESENTATION_CONTEXT() REPRESENTATION_CONTEXT('2D SPACE',''
  ) );
#3200 = ORIENTED_EDGE('',*,*,#3201,.T.);
#3201 = EDGE_CURVE('',#3178,#3202,#3204,.T.);
#3202 = VERTEX_POINT('',#3203);
#3203 = CARTESIAN_POINT('',(10.914793740906,-0.337161079433,9.9));
#3204 = SURFACE_CURVE('',#3205,(#3210,#3218),.PCURVE_S1.);
#3205 = ( BOUNDED_CURVE() B_SPLINE_CURVE(3,(#3206,#3207,#3208,#3209),
.UNSPECIFIED.,.F.,.F.) B_SPLINE_CURVE_WITH_KNOTS((4,4),(0.,1.),
.PIECEWISE_BEZIER_KNOTS.) CURVE() GEOMETRIC_REPRESENTATION_ITEM() 
RATIONAL_B_SPLINE_CURVE((1.,0.93042703827,1.070034384224,1.)) 
REPRESENTATION_ITEM('') );
#3206 = CARTESIAN_POINT('',(8.356422157044,-1.372098021859,9.9));
#3207 = CARTESIAN_POINT('',(9.117116925992,-1.430032411545,9.9));
#3208 = CARTESIAN_POINT('',(10.142557402736,-0.925961280677,9.9));
#3209 = CARTESIAN_POINT('',(10.914793740906,-0.337161079433,9.9));
#3210 = PCURVE('',#99,#3211);
#3211 = DEFINITIONAL_REPRESENTATION('',(#3212),#3217);
#3212 = ( BOUNDED_CURVE() B_SPLINE_CURVE(3,(#3213,#3214,#3215,#3216),
.UNSPECIFIED.,.F.,.F.) B_SPLINE_CURVE_WITH_KNOTS((4,4),(0.,1.),
.PIECEWISE_BEZIER_KNOTS.) CURVE() GEOMETRIC_REPRESENTATION_ITEM() 
RATIONAL_B_SPLINE_CURVE((1.,0.93042703827,1.070034384224,1.)) 
REPRESENTATION_ITEM('') );
#3213 = CARTESIAN_POINT('',(8.356422157044,-1.372098021859));
#3214 = CARTESIAN_POINT('',(9.117116925992,-1.430032411545));
#3215 = CARTESIAN_POINT('',(10.142557402736,-0.925961280677));
#3216 = CARTESIAN_POINT('',(10.914793740906,-0.337161079433));
#3217 = ( GEOMETRIC_REPRESENTATION_CONTEXT(2) 
PARAMETRIC_REPRESENTATION_CONTEXT() REPRESENTATION_CONTEXT('2D SPACE',''
  ) );
#3218 = PCURVE('',#213,#3219);
#3219 = DEFINITIONAL_REPRESENTATION('',(#3220),#3223);
#3220 = B_SPLINE_CURVE_WITH_KNOTS('',1,(#3221,#3222),.UNSPECIFIED.,.F.,
  .F.,(2,2),(0.,1.),.PIECEWISE_BEZIER_KNOTS.);
#3221 = CARTESIAN_POINT('',(1.,0.));
#3222 = CARTESIAN_POINT('',(1.,1.));
#3223 = ( GEOMETRIC_REPRESENTATION_CONTEXT(2) 
PARAMETRIC_REPRESENTATION_CONTEXT() REPRESENTATION_CONTEXT('2D SPACE',''
  ) );
#3224 = ORIENTED_EDGE('',*,*,#3225,.T.);
#3225 = EDGE_CURVE('',#3202,#3226,#3228,.T.);
#3226 = VERTEX_POINT('',#3227);
#3227 = CARTESIAN_POINT('',(10.914793740906,0.337161079433,9.9));
#3228 = SURFACE_CURVE('',#3229,(#3233,#3240),.PCURVE_S1.);
#3229 = ( BOUNDED_CURVE() B_SPLINE_CURVE(2,(#3230,#3231,#3232),
.UNSPECIFIED.,.F.,.F.) B_SPLINE_CURVE_WITH_KNOTS((3,3),(0.,1.),
.PIECEWISE_BEZIER_KNOTS.) CURVE() GEOMETRIC_REPRESENTATION_ITEM() 
RATIONAL_B_SPLINE_CURVE((1.,0.999523236347,1.)) REPRESENTATION_ITEM('') 
  );
#3230 = CARTESIAN_POINT('',(10.914793740906,-0.337161079433,9.9));
#3231 = CARTESIAN_POINT('',(10.925208742433,0.,9.9));
#3232 = CARTESIAN_POINT('',(10.914793740906,0.337161079433,9.9));
#3233 = PCURVE('',#99,#3234);
#3234 = DEFINITIONAL_REPRESENTATION('',(#3235),#3239);
#3235 = ( BOUNDED_CURVE() B_SPLINE_CURVE(2,(#3236,#3237,#3238),
.UNSPECIFIED.,.F.,.F.) B_SPLINE_CURVE_WITH_KNOTS((3,3),(0.,1.),
.PIECEWISE_BEZIER_KNOTS.) CURVE() GEOMETRIC_REPRESENTATION_ITEM() 
RATIONAL_B_SPLINE_CURVE((1.,0.999523236347,1.)) REPRESENTATION_ITEM('') 
  );
#3236 = CARTESIAN_POINT('',(10.914793740906,-0.337161079433));
#3237 = CARTESIAN_POINT('',(10.925208742433,1.037570044609E-15));
#3238 = CARTESIAN_POINT('',(10.914793740906,0.337161079433));
#3239 = ( GEOMETRIC_REPRESENTATION_CONTEXT(2) 
PARAMETRIC_REPRESENTATION_CONTEXT() REPRESENTATION_CONTEXT('2D SPACE',''
  ) );
#3240 = PCURVE('',#244,#3241);
#3241 = DEFINITIONAL_REPRESENTATION('',(#3242),#3245);
#3242 = B_SPLINE_CURVE_WITH_KNOTS('',1,(#3243,#3244),.UNSPECIFIED.,.F.,
  .F.,(2,2),(0.,1.),.PIECEWISE_BEZIER_KNOTS.);
#3243 = CARTESIAN_POINT('',(1.,0.));
#3244 = CARTESIAN_POINT('',(1.,1.));
#3245 = ( GEOMETRIC_REPRESENTATION_CONTEXT(2) 
PARAMETRIC_REPRESENTATION_CONTEXT() REPRESENTATION_CONTEXT('2D SPACE',''
  ) );
#3246 = ORIENTED_EDGE('',*,*,#3247,.T.);
#3247 = EDGE_CURVE('',#3226,#3248,#3250,.T.);
#3248 = VERTEX_POINT('',#3249);
#3249 = CARTESIAN_POINT('',(8.356422157044,1.372098021859,9.9));
#3250 = SURFACE_CURVE('',#3251,(#3256,#3264),.PCURVE_S1.);
#3251 = ( BOUNDED_CURVE() B_SPLINE_CURVE(3,(#3252,#3253,#3254,#3255),
.UNSPECIFIED.,.F.,.F.) B_SPLINE_CURVE_WITH_KNOTS((4,4),(0.,1.),
.PIECEWISE_BEZIER_KNOTS.) CURVE() GEOMETRIC_REPRESENTATION_ITEM() 
RATIONAL_B_SPLINE_CURVE((1.,1.070034384224,0.93042703827,1.)) 
REPRESENTATION_ITEM('') );
#3252 = CARTESIAN_POINT('',(10.914793740906,0.337161079433,9.9));
#3253 = CARTESIAN_POINT('',(10.142557402736,0.925961280677,9.9));
#3254 = CARTESIAN_POINT('',(9.117116925992,1.430032411545,9.9));
#3255 = CARTESIAN_POINT('',(8.356422157044,1.372098021859,9.9));
#3256 = PCURVE('',#99,#3257);
#3257 = DEFINITIONAL_REPRESENTATION('',(#3258),#3263);
#3258 = ( BOUNDED_CURVE() B_SPLINE_CURVE(3,(#3259,#3260,#3261,#3262),
.UNSPECIFIED.,.F.,.F.) B_SPLINE_CURVE_WITH_KNOTS((4,4),(0.,1.),
.PIECEWISE_BEZIER_KNOTS.) CURVE() GEOMETRIC_REPRESENTATION_ITEM() 
RATIONAL_B_SPLINE_CURVE((1.,1.070034384224,0.93042703827,1.)) 
REPRESENTATION_ITEM('') );
#3259 = CARTESIAN_POINT('',(10.914793740906,0.337161079433));
#3260 = CARTESIAN_POINT('',(10.142557402736,0.925961280677));
#3261 = CARTESIAN_POINT('',(9.117116925992,1.430032411545));
#3262 = CARTESIAN_POINT('',(8.356422157044,1.372098021859));
#3263 = ( GEOMETRIC_REPRESENTATION_CONTEXT(2) 
PARAMETRIC_REPRESENTATION_CONTEXT() REPRESENTATION_CONTEXT('2D SPACE',''
  ) );
#3264 = PCURVE('',#275,#3265);
#3265 = DEFINITIONAL_REPRESENTATION('',(#3266),#3269);
#3266 = B_SPLINE_CURVE_WITH_KNOTS('',1,(#3267,#3268),.UNSPECIFIED.,.F.,
  .F.,(2,2),(0.,1.),.PIECEWISE_BEZIER_KNOTS.);
#3267 = CARTESIAN_POINT('',(1.,0.));
#3268 = CARTESIAN_POINT('',(1.,1.));
#3269 = ( GEOMETRIC_REPRESENTATION_CONTEXT(2) 
PARAMETRIC_REPRESENTATION_CONTEXT() REPRESENTATION_CONTEXT('2D SPACE',''
  ) );
#3270 = ORIENTED_EDGE('',*,*,#3271,.T.);
#3271 = EDGE_CURVE('',#3248,#3272,#3274,.T.);
#3272 = VERTEX_POINT('',#3273);
#3273 = CARTESIAN_POINT('',(7.665205422469,1.352772575482,9.9));
#3274 = SURFACE_CURVE('',#3275,(#3280,#3288),.PCURVE_S1.);
#3275 = ( BOUNDED_CURVE() B_SPLINE_CURVE(3,(#3276,#3277,#3278,#3279),
.UNSPECIFIED.,.F.,.F.) B_SPLINE_CURVE_WITH_KNOTS((4,4),(0.,1.),
.PIECEWISE_BEZIER_KNOTS.) CURVE() GEOMETRIC_REPRESENTATION_ITEM() 
RATIONAL_B_SPLINE_CURVE((1.,1.001988389136,1.000183442697,1.)) 
REPRESENTATION_ITEM('') );
#3276 = CARTESIAN_POINT('',(8.356422157044,1.372098021859,9.9));
#3277 = CARTESIAN_POINT('',(8.145269676895,1.316290337397,9.9));
#3278 = CARTESIAN_POINT('',(7.873119769725,1.281197044888,9.9));
#3279 = CARTESIAN_POINT('',(7.665205422469,1.352772575482,9.9));
#3280 = PCURVE('',#99,#3281);
#3281 = DEFINITIONAL_REPRESENTATION('',(#3282),#3287);
#3282 = ( BOUNDED_CURVE() B_SPLINE_CURVE(3,(#3283,#3284,#3285,#3286),
.UNSPECIFIED.,.F.,.F.) B_SPLINE_CURVE_WITH_KNOTS((4,4),(0.,1.),
.PIECEWISE_BEZIER_KNOTS.) CURVE() GEOMETRIC_REPRESENTATION_ITEM() 
RATIONAL_B_SPLINE_CURVE((1.,1.001988389136,1.000183442697,1.)) 
REPRESENTATION_ITEM('') );
#3283 = CARTESIAN_POINT('',(8.356422157044,1.372098021859));
#3284 = CARTESIAN_POINT('',(8.145269676895,1.316290337397));
#3285 = CARTESIAN_POINT('',(7.873119769725,1.281197044888));
#3286 = CARTESIAN_POINT('',(7.665205422469,1.352772575482));
#3287 = ( GEOMETRIC_REPRESENTATION_CONTEXT(2) 
PARAMETRIC_REPRESENTATION_CONTEXT() REPRESENTATION_CONTEXT('2D SPACE',''
  ) );
#3288 = PCURVE('',#308,#3289);
#3289 = DEFINITIONAL_REPRESENTATION('',(#3290),#3293);
#3290 = B_SPLINE_CURVE_WITH_KNOTS('',1,(#3291,#3292),.UNSPECIFIED.,.F.,
  .F.,(2,2),(0.,1.),.PIECEWISE_BEZIER_KNOTS.);
#3291 = CARTESIAN_POINT('',(1.,0.));
#3292 = CARTESIAN_POINT('',(1.,1.));
#3293 = ( GEOMETRIC_REPRESENTATION_CONTEXT(2) 
PARAMETRIC_REPRESENTATION_CONTEXT() REPRESENTATION_CONTEXT('2D SPACE',''
  ) );
#3294 = ORIENTED_EDGE('',*,*,#3295,.T.);
#3295 = EDGE_CURVE('',#3272,#3296,#3298,.T.);
#3296 = VERTEX_POINT('',#3297);
#3297 = CARTESIAN_POINT('',(7.451135938961,1.595297219683,9.9));
#3298 = SURFACE_CURVE('',#3299,(#3303,#3310),.PCURVE_S1.);
#3299 = ( BOUNDED_CURVE() B_SPLINE_CURVE(2,(#3300,#3301,#3302),
.UNSPECIFIED.,.F.,.F.) B_SPLINE_CURVE_WITH_KNOTS((3,3),(0.,1.),
.PIECEWISE_BEZIER_KNOTS.) CURVE() GEOMETRIC_REPRESENTATION_ITEM() 
RATIONAL_B_SPLINE_CURVE((1.,0.871648182287,1.)) REPRESENTATION_ITEM('') 
  );
#3300 = CARTESIAN_POINT('',(7.665205422469,1.352772575482,9.9));
#3301 = CARTESIAN_POINT('',(7.489984279154,1.413848734595,9.9));
#3302 = CARTESIAN_POINT('',(7.451135938961,1.595297219683,9.9));
#3303 = PCURVE('',#99,#3304);
#3304 = DEFINITIONAL_REPRESENTATION('',(#3305),#3309);
#3305 = ( BOUNDED_CURVE() B_SPLINE_CURVE(2,(#3306,#3307,#3308),
.UNSPECIFIED.,.F.,.F.) B_SPLINE_CURVE_WITH_KNOTS((3,3),(0.,1.),
.PIECEWISE_BEZIER_KNOTS.) CURVE() GEOMETRIC_REPRESENTATION_ITEM() 
RATIONAL_B_SPLINE_CURVE((1.,0.871648182287,1.)) REPRESENTATION_ITEM('') 
  );
#3306 = CARTESIAN_POINT('',(7.665205422469,1.352772575482));
#3307 = CARTESIAN_POINT('',(7.489984279154,1.413848734595));
#3308 = CARTESIAN_POINT('',(7.451135938961,1.595297219683));
#3309 = ( GEOMETRIC_REPRESENTATION_CONTEXT(2) 
PARAMETRIC_REPRESENTATION_CONTEXT() REPRESENTATION_CONTEXT('2D SPACE',''
  ) );
#3310 = PCURVE('',#339,#3311);
#3311 = DEFINITIONAL_REPRESENTATION('',(#3312),#3315);
#3312 = B_SPLINE_CURVE_WITH_KNOTS('',1,(#3313,#3314),.UNSPECIFIED.,.F.,
  .F.,(2,2),(0.,1.),.PIECEWISE_BEZIER_KNOTS.);
#3313 = CARTESIAN_POINT('',(1.,0.));
#3314 = CARTESIAN_POINT('',(1.,1.));
#3315 = ( GEOMETRIC_REPRESENTATION_CONTEXT(2) 
PARAMETRIC_REPRESENTATION_CONTEXT() REPRESENTATION_CONTEXT('2D SPACE',''
  ) );
#3316 = ORIENTED_EDGE('',*,*,#3317,.T.);
#3317 = EDGE_CURVE('',#3296,#3318,#3320,.T.);
#3318 = VERTEX_POINT('',#3319);
#3319 = CARTESIAN_POINT('',(7.250521620033,2.344000050648,9.9));
#3320 = SURFACE_CURVE('',#3321,(#3325,#3332),.PCURVE_S1.);
#3321 = ( BOUNDED_CURVE() B_SPLINE_CURVE(2,(#3322,#3323,#3324),
.UNSPECIFIED.,.F.,.F.) B_SPLINE_CURVE_WITH_KNOTS((3,3),(0.,1.),
.PIECEWISE_BEZIER_KNOTS.) CURVE() GEOMETRIC_REPRESENTATION_ITEM() 
RATIONAL_B_SPLINE_CURVE((1.,0.998705766625,1.)) REPRESENTATION_ITEM('') 
  );
#3322 = CARTESIAN_POINT('',(7.451135938961,1.595297219683,9.9));
#3323 = CARTESIAN_POINT('',(7.369893158015,1.974756919994,9.9));
#3324 = CARTESIAN_POINT('',(7.250521620033,2.344000050648,9.9));
#3325 = PCURVE('',#99,#3326);
#3326 = DEFINITIONAL_REPRESENTATION('',(#3327),#3331);
#3327 = ( BOUNDED_CURVE() B_SPLINE_CURVE(2,(#3328,#3329,#3330),
.UNSPECIFIED.,.F.,.F.) B_SPLINE_CURVE_WITH_KNOTS((3,3),(0.,1.),
.PIECEWISE_BEZIER_KNOTS.) CURVE() GEOMETRIC_REPRESENTATION_ITEM() 
RATIONAL_B_SPLINE_CURVE((1.,0.998705766625,1.)) REPRESENTATION_ITEM('') 
  );
#3328 = CARTESIAN_POINT('',(7.451135938961,1.595297219683));
#3329 = CARTESIAN_POINT('',(7.369893158015,1.974756919994));
#3330 = CARTESIAN_POINT('',(7.250521620033,2.344000050648));
#3331 = ( GEOMETRIC_REPRESENTATION_CONTEXT(2) 
PARAMETRIC_REPRESENTATION_CONTEXT() REPRESENTATION_CONTEXT('2D SPACE',''
  ) );
#3332 = PCURVE('',#368,#3333);
#3333 = DEFINITIONAL_REPRESENTATION('',(#3334),#3337);
#3334 = B_SPLINE_CURVE_WITH_KNOTS('',1,(#3335,#3336),.UNSPECIFIED.,.F.,
  .F.,(2,2),(0.,1.),.PIECEWISE_BEZIER_KNOTS.);
#3335 = CARTESIAN_POINT('',(1.,0.));
#3336 = CARTESIAN_POINT('',(1.,1.));
#3337 = ( GEOMETRIC_REPRESENTATION_CONTEXT(2) 
PARAMETRIC_REPRESENTATION_CONTEXT() REPRESENTATION_CONTEXT('2D SPACE',''
  ) );
#3338 = ORIENTED_EDGE('',*,*,#3339,.T.);
#3339 = EDGE_CURVE('',#3318,#3340,#3342,.T.);
#3340 = VERTEX_POINT('',#3341);
#3341 = CARTESIAN_POINT('',(7.314648908826,2.661067295324,9.9));
#3342 = SURFACE_CURVE('',#3343,(#3347,#3354),.PCURVE_S1.);
#3343 = ( BOUNDED_CURVE() B_SPLINE_CURVE(2,(#3344,#3345,#3346),
.UNSPECIFIED.,.F.,.F.) B_SPLINE_CURVE_WITH_KNOTS((3,3),(0.,1.),
.PIECEWISE_BEZIER_KNOTS.) CURVE() GEOMETRIC_REPRESENTATION_ITEM() 
RATIONAL_B_SPLINE_CURVE((1.,0.871648182287,1.)) REPRESENTATION_ITEM('') 
  );
#3344 = CARTESIAN_POINT('',(7.250521620033,2.344000050648,9.9));
#3345 = CARTESIAN_POINT('',(7.193441026991,2.520563218309,9.9));
#3346 = CARTESIAN_POINT('',(7.314648908825,2.661067295324,9.9));
#3347 = PCURVE('',#99,#3348);
#3348 = DEFINITIONAL_REPRESENTATION('',(#3349),#3353);
#3349 = ( BOUNDED_CURVE() B_SPLINE_CURVE(2,(#3350,#3351,#3352),
.UNSPECIFIED.,.F.,.F.) B_SPLINE_CURVE_WITH_KNOTS((3,3),(0.,1.),
.PIECEWISE_BEZIER_KNOTS.) CURVE() GEOMETRIC_REPRESENTATION_ITEM() 
RATIONAL_B_SPLINE_CURVE((1.,0.871648182287,1.)) REPRESENTATION_ITEM('') 
  );
#3350 = CARTESIAN_POINT('',(7.250521620033,2.344000050648));
#3351 = CARTESIAN_POINT('',(7.193441026991,2.520563218309));
#3352 = CARTESIAN_POINT('',(7.314648908825,2.661067295324));
#3353 = ( GEOMETRIC_REPRESENTATION_CONTEXT(2) 
PARAMETRIC_REPRESENTATION_CONTEXT() REPRESENTATION_CONTEXT('2D SPACE',''
  ) );
#3354 = PCURVE('',#397,#3355);
#3355 = DEFINITIONAL_REPRESENTATION('',(#3356),#3359);
#3356 = B_SPLINE_CURVE_WITH_KNOTS('',1,(#3357,#3358),.UNSPECIFIED.,.F.,
  .F.,(2,2),(0.,1.),.PIECEWISE_BEZIER_KNOTS.);
#3357 = CARTESIAN_POINT('',(1.,0.));
#3358 = CARTESIAN_POINT('',(1.,1.));
#3359 = ( GEOMETRIC_REPRESENTATION_CONTEXT(2) 
PARAMETRIC_REPRESENTATION_CONTEXT() REPRESENTATION_CONTEXT('2D SPACE',''
  ) );
#3360 = ORIENTED_EDGE('',*,*,#3361,.T.);
#3361 = EDGE_CURVE('',#3340,#3362,#3364,.T.);
#3362 = VERTEX_POINT('',#3363);
#3363 = CARTESIAN_POINT('',(7.922922883677,2.98993933511,9.9));
#3364 = SURFACE_CURVE('',#3365,(#3370,#3378),.PCURVE_S1.);
#3365 = ( BOUNDED_CURVE() B_SPLINE_CURVE(3,(#3366,#3367,#3368,#3369),
.UNSPECIFIED.,.F.,.F.) B_SPLINE_CURVE_WITH_KNOTS((4,4),(0.,1.),
.PIECEWISE_BEZIER_KNOTS.) CURVE() GEOMETRIC_REPRESENTATION_ITEM() 
RATIONAL_B_SPLINE_CURVE((1.,1.000183442697,1.001988389136,1.)) 
REPRESENTATION_ITEM('') );
#3366 = CARTESIAN_POINT('',(7.314648908825,2.661067295324,9.9));
#3367 = CARTESIAN_POINT('',(7.458920250063,2.827010696736,9.9));
#3368 = CARTESIAN_POINT('',(7.712155629565,2.932693967506,9.9));
#3369 = CARTESIAN_POINT('',(7.922922883677,2.98993933511,9.9));
#3370 = PCURVE('',#99,#3371);
#3371 = DEFINITIONAL_REPRESENTATION('',(#3372),#3377);
#3372 = ( BOUNDED_CURVE() B_SPLINE_CURVE(3,(#3373,#3374,#3375,#3376),
.UNSPECIFIED.,.F.,.F.) B_SPLINE_CURVE_WITH_KNOTS((4,4),(0.,1.),
.PIECEWISE_BEZIER_KNOTS.) CURVE() GEOMETRIC_REPRESENTATION_ITEM() 
RATIONAL_B_SPLINE_CURVE((1.,1.000183442697,1.001988389136,1.)) 
REPRESENTATION_ITEM('') );
#3373 = CARTESIAN_POINT('',(7.314648908825,2.661067295324));
#3374 = CARTESIAN_POINT('',(7.458920250063,2.827010696736));
#3375 = CARTESIAN_POINT('',(7.712155629565,2.932693967506));
#3376 = CARTESIAN_POINT('',(7.922922883677,2.98993933511));
#3377 = ( GEOMETRIC_REPRESENTATION_CONTEXT(2) 
PARAMETRIC_REPRESENTATION_CONTEXT() REPRESENTATION_CONTEXT('2D SPACE',''
  ) );
#3378 = PCURVE('',#428,#3379);
#3379 = DEFINITIONAL_REPRESENTATION('',(#3380),#3383);
#3380 = B_SPLINE_CURVE_WITH_KNOTS('',1,(#3381,#3382),.UNSPECIFIED.,.F.,
  .F.,(2,2),(0.,1.),.PIECEWISE_BEZIER_KNOTS.);
#3381 = CARTESIAN_POINT('',(1.,0.));
#3382 = CARTESIAN_POINT('',(1.,1.));
#3383 = ( GEOMETRIC_REPRESENTATION_CONTEXT(2) 
PARAMETRIC_REPRESENTATION_CONTEXT() REPRESENTATION_CONTEXT('2D SPACE',''
  ) );
#3384 = ORIENTED_EDGE('',*,*,#3385,.T.);
#3385 = EDGE_CURVE('',#3362,#3386,#3388,.T.);
#3386 = VERTEX_POINT('',#3387);
#3387 = CARTESIAN_POINT('',(9.621069196408,5.165406810496,9.9));
#3388 = SURFACE_CURVE('',#3389,(#3394,#3402),.PCURVE_S1.);
#3389 = ( BOUNDED_CURVE() B_SPLINE_CURVE(3,(#3390,#3391,#3392,#3393),
.UNSPECIFIED.,.F.,.F.) B_SPLINE_CURVE_WITH_KNOTS((4,4),(0.,1.),
.PIECEWISE_BEZIER_KNOTS.) CURVE() GEOMETRIC_REPRESENTATION_ITEM() 
RATIONAL_B_SPLINE_CURVE((1.,0.93042703827,1.070034384224,1.)) 
REPRESENTATION_ITEM('') );
#3390 = CARTESIAN_POINT('',(7.922922883677,2.98993933511,9.9));
#3391 = CARTESIAN_POINT('',(8.610671072955,3.320114066363,9.9));
#3392 = CARTESIAN_POINT('',(9.24669301045,4.269372709381,9.9));
#3393 = CARTESIAN_POINT('',(9.621069196408,5.165406810496,9.9));
#3394 = PCURVE('',#99,#3395);
#3395 = DEFINITIONAL_REPRESENTATION('',(#3396),#3401);
#3396 = ( BOUNDED_CURVE() B_SPLINE_CURVE(3,(#3397,#3398,#3399,#3400),
.UNSPECIFIED.,.F.,.F.) B_SPLINE_CURVE_WITH_KNOTS((4,4),(0.,1.),
.PIECEWISE_BEZIER_KNOTS.) CURVE() GEOMETRIC_REPRESENTATION_ITEM() 
RATIONAL_B_SPLINE_CURVE((1.,0.93042703827,1.070034384224,1.)) 
REPRESENTATION_ITEM('') );
#3397 = CARTESIAN_POINT('',(7.922922883677,2.98993933511));
#3398 = CARTESIAN_POINT('',(8.610671072955,3.320114066363));
#3399 = CARTESIAN_POINT('',(9.24669301045,4.269372709381));
#3400 = CARTESIAN_POINT('',(9.621069196408,5.165406810496));
#3401 = ( GEOMETRIC_REPRESENTATION_CONTEXT(2) 
PARAMETRIC_REPRESENTATION_CONTEXT() REPRESENTATION_CONTEXT('2D SPACE',''
  ) );
#3402 = PCURVE('',#461,#3403);
#3403 = DEFINITIONAL_REPRESENTATION('',(#3404),#3407);
#3404 = B_SPLINE_CURVE_WITH_KNOTS('',1,(#3405,#3406),.UNSPECIFIED.,.F.,
  .F.,(2,2),(0.,1.),.PIECEWISE_BEZIER_KNOTS.);
#3405 = CARTESIAN_POINT('',(1.,0.));
#3406 = CARTESIAN_POINT('',(1.,1.));
#3407 = ( GEOMETRIC_REPRESENTATION_CONTEXT(2) 
PARAMETRIC_REPRESENTATION_CONTEXT() REPRESENTATION_CONTEXT('2D SPACE',''
  ) );
#3408 = ORIENTED_EDGE('',*,*,#3409,.T.);
#3409 = EDGE_CURVE('',#3386,#3410,#3412,.T.);
#3410 = VERTEX_POINT('',#3411);
#3411 = CARTESIAN_POINT('',(9.283908116975,5.74938693041,9.9));
#3412 = SURFACE_CURVE('',#3413,(#3417,#3424),.PCURVE_S1.);
#3413 = ( BOUNDED_CURVE() B_SPLINE_CURVE(2,(#3414,#3415,#3416),
.UNSPECIFIED.,.F.,.F.) B_SPLINE_CURVE_WITH_KNOTS((3,3),(0.,1.),
.PIECEWISE_BEZIER_KNOTS.) CURVE() GEOMETRIC_REPRESENTATION_ITEM() 
RATIONAL_B_SPLINE_CURVE((1.,0.999523236347,1.)) REPRESENTATION_ITEM('') 
  );
#3414 = CARTESIAN_POINT('',(9.621069196408,5.165406810496,9.9));
#3415 = CARTESIAN_POINT('',(9.461508312595,5.462604371217,9.9));
#3416 = CARTESIAN_POINT('',(9.283908116975,5.74938693041,9.9));
#3417 = PCURVE('',#99,#3418);
#3418 = DEFINITIONAL_REPRESENTATION('',(#3419),#3423);
#3419 = ( BOUNDED_CURVE() B_SPLINE_CURVE(2,(#3420,#3421,#3422),
.UNSPECIFIED.,.F.,.F.) B_SPLINE_CURVE_WITH_KNOTS((3,3),(0.,1.),
.PIECEWISE_BEZIER_KNOTS.) CURVE() GEOMETRIC_REPRESENTATION_ITEM() 
RATIONAL_B_SPLINE_CURVE((1.,0.999523236347,1.)) REPRESENTATION_ITEM('') 
  );
#3420 = CARTESIAN_POINT('',(9.621069196408,5.165406810496));
#3421 = CARTESIAN_POINT('',(9.461508312595,5.462604371217));
#3422 = CARTESIAN_POINT('',(9.283908116975,5.74938693041));
#3423 = ( GEOMETRIC_REPRESENTATION_CONTEXT(2) 
PARAMETRIC_REPRESENTATION_CONTEXT() REPRESENTATION_CONTEXT('2D SPACE',''
  ) );
#3424 = PCURVE('',#492,#3425);
#3425 = DEFINITIONAL_REPRESENTATION('',(#3426),#3429);
#3426 = B_SPLINE_CURVE_WITH_KNOTS('',1,(#3427,#3428),.UNSPECIFIED.,.F.,
  .F.,(2,2),(0.,1.),.PIECEWISE_BEZIER_KNOTS.);
#3427 = CARTESIAN_POINT('',(1.,0.));
#3428 = CARTESIAN_POINT('',(1.,1.));
#3429 = ( GEOMETRIC_REPRESENTATION_CONTEXT(2) 
PARAMETRIC_REPRESENTATION_CONTEXT() REPRESENTATION_CONTEXT('2D SPACE',''
  ) );
#3430 = ORIENTED_EDGE('',*,*,#3431,.T.);
#3431 = EDGE_CURVE('',#3410,#3432,#3434,.T.);
#3432 = VERTEX_POINT('',#3433);
#3433 = CARTESIAN_POINT('',(6.550824861818,5.366482821935,9.9));
#3434 = SURFACE_CURVE('',#3435,(#3440,#3448),.PCURVE_S1.);
#3435 = ( BOUNDED_CURVE() B_SPLINE_CURVE(3,(#3436,#3437,#3438,#3439),
.UNSPECIFIED.,.F.,.F.) B_SPLINE_CURVE_WITH_KNOTS((4,4),(0.,1.),
.PIECEWISE_BEZIER_KNOTS.) CURVE() GEOMETRIC_REPRESENTATION_ITEM() 
RATIONAL_B_SPLINE_CURVE((1.,1.070034384224,0.93042703827,1.)) 
REPRESENTATION_ITEM('') );
#3436 = CARTESIAN_POINT('',(9.283908116975,5.74938693041,9.9));
#3437 = CARTESIAN_POINT('',(8.320731729773,5.873184693355,9.9));
#3438 = CARTESIAN_POINT('',(7.18063866141,5.797002859629,9.9));
#3439 = CARTESIAN_POINT('',(6.550824861818,5.366482821935,9.9));
#3440 = PCURVE('',#99,#3441);
#3441 = DEFINITIONAL_REPRESENTATION('',(#3442),#3447);
#3442 = ( BOUNDED_CURVE() B_SPLINE_CURVE(3,(#3443,#3444,#3445,#3446),
.UNSPECIFIED.,.F.,.F.) B_SPLINE_CURVE_WITH_KNOTS((4,4),(0.,1.),
.PIECEWISE_BEZIER_KNOTS.) CURVE() GEOMETRIC_REPRESENTATION_ITEM() 
RATIONAL_B_SPLINE_CURVE((1.,1.070034384224,0.93042703827,1.)) 
REPRESENTATION_ITEM('') );
#3443 = CARTESIAN_POINT('',(9.283908116975,5.74938693041));
#3444 = CARTESIAN_POINT('',(8.320731729773,5.873184693355));
#3445 = CARTESIAN_POINT('',(7.18063866141,5.797002859629));
#3446 = CARTESIAN_POINT('',(6.550824861818,5.366482821935));
#3447 = ( GEOMETRIC_REPRESENTATION_CONTEXT(2) 
PARAMETRIC_REPRESENTATION_CONTEXT() REPRESENTATION_CONTEXT('2D SPACE',''
  ) );
#3448 = PCURVE('',#523,#3449);
#3449 = DEFINITIONAL_REPRESENTATION('',(#3450),#3453);
#3450 = B_SPLINE_CURVE_WITH_KNOTS('',1,(#3451,#3452),.UNSPECIFIED.,.F.,
  .F.,(2,2),(0.,1.),.PIECEWISE_BEZIER_KNOTS.);
#3451 = CARTESIAN_POINT('',(1.,0.));
#3452 = CARTESIAN_POINT('',(1.,1.));
#3453 = ( GEOMETRIC_REPRESENTATION_CONTEXT(2) 
PARAMETRIC_REPRESENTATION_CONTEXT() REPRESENTATION_CONTEXT('2D SPACE',''
  ) );
#3454 = ORIENTED_EDGE('',*,*,#3455,.T.);
#3455 = EDGE_CURVE('',#3432,#3456,#3458,.T.);
#3456 = VERTEX_POINT('',#3457);
#3457 = CARTESIAN_POINT('',(5.961876333343,5.004138127145,9.9));
#3458 = SURFACE_CURVE('',#3459,(#3464,#3472),.PCURVE_S1.);
#3459 = ( BOUNDED_CURVE() B_SPLINE_CURVE(3,(#3460,#3461,#3462,#3463),
.UNSPECIFIED.,.F.,.F.) B_SPLINE_CURVE_WITH_KNOTS((4,4),(0.,1.),
.PIECEWISE_BEZIER_KNOTS.) CURVE() GEOMETRIC_REPRESENTATION_ITEM() 
RATIONAL_B_SPLINE_CURVE((1.,1.001988389136,1.000183442697,1.)) 
REPRESENTATION_ITEM('') );
#3460 = CARTESIAN_POINT('',(6.550824861818,5.366482821935,9.9));
#3461 = CARTESIAN_POINT('',(6.395865292168,5.21257570939,9.9));
#3462 = CARTESIAN_POINT('',(6.177723205175,5.046109072989,9.9));
#3463 = CARTESIAN_POINT('',(5.961876333343,5.004138127145,9.9));
#3464 = PCURVE('',#99,#3465);
#3465 = DEFINITIONAL_REPRESENTATION('',(#3466),#3471);
#3466 = ( BOUNDED_CURVE() B_SPLINE_CURVE(3,(#3467,#3468,#3469,#3470),
.UNSPECIFIED.,.F.,.F.) B_SPLINE_CURVE_WITH_KNOTS((4,4),(0.,1.),
.PIECEWISE_BEZIER_KNOTS.) CURVE() GEOMETRIC_REPRESENTATION_ITEM() 
RATIONAL_B_SPLINE_CURVE((1.,1.001988389136,1.000183442697,1.)) 
REPRESENTATION_ITEM('') );
#3467 = CARTESIAN_POINT('',(6.550824861818,5.366482821935));
#3468 = CARTESIAN_POINT('',(6.395865292168,5.21257570939));
#3469 = CARTESIAN_POINT('',(6.177723205175,5.046109072989));
#3470 = CARTESIAN_POINT('',(5.961876333343,5.004138127145));
#3471 = ( GEOMETRIC_REPRESENTATION_CONTEXT(2) 
PARAMETRIC_REPRESENTATION_CONTEXT() REPRESENTATION_CONTEXT('2D SPACE',''
  ) );
#3472 = PCURVE('',#556,#3473);
#3473 = DEFINITIONAL_REPRESENTATION('',(#3474),#3477);
#3474 = B_SPLINE_CURVE_WITH_KNOTS('',1,(#3475,#3476),.UNSPECIFIED.,.F.,
  .F.,(2,2),(0.,1.),.PIECEWISE_BEZIER_KNOTS.);
#3475 = CARTESIAN_POINT('',(1.,0.));
#3476 = CARTESIAN_POINT('',(1.,1.));
#3477 = ( GEOMETRIC_REPRESENTATION_CONTEXT(2) 
PARAMETRIC_REPRESENTATION_CONTEXT() REPRESENTATION_CONTEXT('2D SPACE',''
  ) );
#3478 = ORIENTED_EDGE('',*,*,#3479,.T.);
#3479 = EDGE_CURVE('',#3456,#3480,#3482,.T.);
#3480 = VERTEX_POINT('',#3481);
#3481 = CARTESIAN_POINT('',(5.655224400349,5.107135888313,9.9));
#3482 = SURFACE_CURVE('',#3483,(#3487,#3494),.PCURVE_S1.);
#3483 = ( BOUNDED_CURVE() B_SPLINE_CURVE(2,(#3484,#3485,#3486),
.UNSPECIFIED.,.F.,.F.) B_SPLINE_CURVE_WITH_KNOTS((3,3),(0.,1.),
.PIECEWISE_BEZIER_KNOTS.) CURVE() GEOMETRIC_REPRESENTATION_ITEM() 
RATIONAL_B_SPLINE_CURVE((1.,0.871648182287,1.)) REPRESENTATION_ITEM('') 
  );
#3484 = CARTESIAN_POINT('',(5.961876333343,5.004138127145,9.9));
#3485 = CARTESIAN_POINT('',(5.779592292396,4.969421060845,9.9));
#3486 = CARTESIAN_POINT('',(5.655224400349,5.107135888313,9.9));
#3487 = PCURVE('',#99,#3488);
#3488 = DEFINITIONAL_REPRESENTATION('',(#3489),#3493);
#3489 = ( BOUNDED_CURVE() B_SPLINE_CURVE(2,(#3490,#3491,#3492),
.UNSPECIFIED.,.F.,.F.) B_SPLINE_CURVE_WITH_KNOTS((3,3),(0.,1.),
.PIECEWISE_BEZIER_KNOTS.) CURVE() GEOMETRIC_REPRESENTATION_ITEM() 
RATIONAL_B_SPLINE_CURVE((1.,0.871648182287,1.)) REPRESENTATION_ITEM('') 
  );
#3490 = CARTESIAN_POINT('',(5.961876333343,5.004138127145));
#3491 = CARTESIAN_POINT('',(5.779592292396,4.969421060845));
#3492 = CARTESIAN_POINT('',(5.655224400349,5.107135888313));
#3493 = ( GEOMETRIC_REPRESENTATION_CONTEXT(2) 
PARAMETRIC_REPRESENTATION_CONTEXT() REPRESENTATION_CONTEXT('2D SPACE',''
  ) );
#3494 = PCURVE('',#587,#3495);
#3495 = DEFINITIONAL_REPRESENTATION('',(#3496),#3499);
#3496 = B_SPLINE_CURVE_WITH_KNOTS('',1,(#3497,#3498),.UNSPECIFIED.,.F.,
  .F.,(2,2),(0.,1.),.PIECEWISE_BEZIER_KNOTS.);
#3497 = CARTESIAN_POINT('',(1.,0.));
#3498 = CARTESIAN_POINT('',(1.,1.));
#3499 = ( GEOMETRIC_REPRESENTATION_CONTEXT(2) 
PARAMETRIC_REPRESENTATION_CONTEXT() REPRESENTATION_CONTEXT('2D SPACE',''
  ) );
#3500 = ORIENTED_EDGE('',*,*,#3501,.T.);
#3501 = EDGE_CURVE('',#3480,#3502,#3504,.T.);
#3502 = VERTEX_POINT('',#3503);
#3503 = CARTESIAN_POINT('',(5.107135888313,5.655224400349,9.9));
#3504 = SURFACE_CURVE('',#3505,(#3509,#3516),.PCURVE_S1.);
#3505 = ( BOUNDED_CURVE() B_SPLINE_CURVE(2,(#3506,#3507,#3508),
.UNSPECIFIED.,.F.,.F.) B_SPLINE_CURVE_WITH_KNOTS((3,3),(0.,1.),
.PIECEWISE_BEZIER_KNOTS.) CURVE() GEOMETRIC_REPRESENTATION_ITEM() 
RATIONAL_B_SPLINE_CURVE((1.,0.998705766625,1.)) REPRESENTATION_ITEM('') 
  );
#3506 = CARTESIAN_POINT('',(5.655224400349,5.107135888313,9.9));
#3507 = CARTESIAN_POINT('',(5.395136238021,5.395136238021,9.9));
#3508 = CARTESIAN_POINT('',(5.107135888313,5.655224400349,9.9));
#3509 = PCURVE('',#99,#3510);
#3510 = DEFINITIONAL_REPRESENTATION('',(#3511),#3515);
#3511 = ( BOUNDED_CURVE() B_SPLINE_CURVE(2,(#3512,#3513,#3514),
.UNSPECIFIED.,.F.,.F.) B_SPLINE_CURVE_WITH_KNOTS((3,3),(0.,1.),
.PIECEWISE_BEZIER_KNOTS.) CURVE() GEOMETRIC_REPRESENTATION_ITEM() 
RATIONAL_B_SPLINE_CURVE((1.,0.998705766625,1.)) REPRESENTATION_ITEM('') 
  );
#3512 = CARTESIAN_POINT('',(5.655224400349,5.107135888313));
#3513 = CARTESIAN_POINT('',(5.395136238021,5.395136238021));
#3514 = CARTESIAN_POINT('',(5.107135888313,5.655224400349));
#3515 = ( GEOMETRIC_REPRESENTATION_CONTEXT(2) 
PARAMETRIC_REPRESENTATION_CONTEXT() REPRESENTATION_CONTEXT('2D SPACE',''
  ) );
#3516 = PCURVE('',#616,#3517);
#3517 = DEFINITIONAL_REPRESENTATION('',(#3518),#3521);
#3518 = B_SPLINE_CURVE_WITH_KNOTS('',1,(#3519,#3520),.UNSPECIFIED.,.F.,
  .F.,(2,2),(0.,1.),.PIECEWISE_BEZIER_KNOTS.);
#3519 = CARTESIAN_POINT('',(1.,0.));
#3520 = CARTESIAN_POINT('',(1.,1.));
#3521 = ( GEOMETRIC_REPRESENTATION_CONTEXT(2) 
PARAMETRIC_REPRESENTATION_CONTEXT() REPRESENTATION_CONTEXT('2D SPACE',''
  ) );
#3522 = ORIENTED_EDGE('',*,*,#3523,.T.);
#3523 = EDGE_CURVE('',#3502,#3524,#3526,.T.);
#3524 = VERTEX_POINT('',#3525);
#3525 = CARTESIAN_POINT('',(5.004138127145,5.961876333343,9.9));
#3526 = SURFACE_CURVE('',#3527,(#3531,#3538),.PCURVE_S1.);
#3527 = ( BOUNDED_CURVE() B_SPLINE_CURVE(2,(#3528,#3529,#3530),
.UNSPECIFIED.,.F.,.F.) B_SPLINE_CURVE_WITH_KNOTS((3,3),(0.,1.),
.PIECEWISE_BEZIER_KNOTS.) CURVE() GEOMETRIC_REPRESENTATION_ITEM() 
RATIONAL_B_SPLINE_CURVE((1.,0.871648182287,1.)) REPRESENTATION_ITEM('') 
  );
#3528 = CARTESIAN_POINT('',(5.107135888313,5.655224400349,9.9));
#3529 = CARTESIAN_POINT('',(4.969421060845,5.779592292396,9.9));
#3530 = CARTESIAN_POINT('',(5.004138127145,5.961876333343,9.9));
#3531 = PCURVE('',#99,#3532);
#3532 = DEFINITIONAL_REPRESENTATION('',(#3533),#3537);
#3533 = ( BOUNDED_CURVE() B_SPLINE_CURVE(2,(#3534,#3535,#3536),
.UNSPECIFIED.,.F.,.F.) B_SPLINE_CURVE_WITH_KNOTS((3,3),(0.,1.),
.PIECEWISE_BEZIER_KNOTS.) CURVE() GEOMETRIC_REPRESENTATION_ITEM() 
RATIONAL_B_SPLINE_CURVE((1.,0.871648182287,1.)) REPRESENTATION_ITEM('') 
  );
#3534 = CARTESIAN_POINT('',(5.107135888313,5.655224400349));
#3535 = CARTESIAN_POINT('',(4.969421060845,5.779592292396));
#3536 = CARTESIAN_POINT('',(5.004138127145,5.961876333343));
#3537 = ( GEOMETRIC_REPRESENTATION_CONTEXT(2) 
PARAMETRIC_REPRESENTATION_CONTEXT() REPRESENTATION_CONTEXT('2D SPACE',''
  ) );
#3538 = PCURVE('',#645,#3539);
#3539 = DEFINITIONAL_REPRESENTATION('',(#3540),#3543);
#3540 = B_SPLINE_CURVE_WITH_KNOTS('',1,(#3541,#3542),.UNSPECIFIED.,.F.,
  .F.,(2,2),(0.,1.),.PIECEWISE_BEZIER_KNOTS.);
#3541 = CARTESIAN_POINT('',(1.,0.));
#3542 = CARTESIAN_POINT('',(1.,1.));
#3543 = ( GEOMETRIC_REPRESENTATION_CONTEXT(2) 
PARAMETRIC_REPRESENTATION_CONTEXT() REPRESENTATION_CONTEXT('2D SPACE',''
  ) );
#3544 = ORIENTED_EDGE('',*,*,#3545,.T.);
#3545 = EDGE_CURVE('',#3524,#3546,#3548,.T.);
#3546 = VERTEX_POINT('',#3547);
#3547 = CARTESIAN_POINT('',(5.366482821935,6.550824861818,9.9));
#3548 = SURFACE_CURVE('',#3549,(#3554,#3562),.PCURVE_S1.);
#3549 = ( BOUNDED_CURVE() B_SPLINE_CURVE(3,(#3550,#3551,#3552,#3553),
.UNSPECIFIED.,.F.,.F.) B_SPLINE_CURVE_WITH_KNOTS((4,4),(0.,1.),
.PIECEWISE_BEZIER_KNOTS.) CURVE() GEOMETRIC_REPRESENTATION_ITEM() 
RATIONAL_B_SPLINE_CURVE((1.,1.000183442697,1.001988389136,1.)) 
REPRESENTATION_ITEM('') );
#3550 = CARTESIAN_POINT('',(5.004138127145,5.961876333343,9.9));
#3551 = CARTESIAN_POINT('',(5.046109072989,6.177723205175,9.9));
#3552 = CARTESIAN_POINT('',(5.21257570939,6.395865292168,9.9));
#3553 = CARTESIAN_POINT('',(5.366482821935,6.550824861818,9.9));
#3554 = PCURVE('',#99,#3555);
#3555 = DEFINITIONAL_REPRESENTATION('',(#3556),#3561);
#3556 = ( BOUNDED_CURVE() B_SPLINE_CURVE(3,(#3557,#3558,#3559,#3560),
.UNSPECIFIED.,.F.,.F.) B_SPLINE_CURVE_WITH_KNOTS((4,4),(0.,1.),
.PIECEWISE_BEZIER_KNOTS.) CURVE() GEOMETRIC_REPRESENTATION_ITEM() 
RATIONAL_B_SPLINE_CURVE((1.,1.000183442697,1.001988389136,1.)) 
REPRESENTATION_ITEM('') );
#3557 = CARTESIAN_POINT('',(5.004138127145,5.961876333343));
#3558 = CARTESIAN_POINT('',(5.046109072989,6.177723205175));
#3559 = CARTESIAN_POINT('',(5.21257570939,6.395865292168));
#3560 = CARTESIAN_POINT('',(5.366482821935,6.550824861818));
#3561 = ( GEOMETRIC_REPRESENTATION_CONTEXT(2) 
PARAMETRIC_REPRESENTATION_CONTEXT() REPRESENTATION_CONTEXT('2D SPACE',''
  ) );
#3562 = PCURVE('',#676,#3563);
#3563 = DEFINITIONAL_REPRESENTATION('',(#3564),#3567);
#3564 = B_SPLINE_CURVE_WITH_KNOTS('',1,(#3565,#3566),.UNSPECIFIED.,.F.,
  .F.,(2,2),(0.,1.),.PIECEWISE_BEZIER_KNOTS.);
#3565 = CARTESIAN_POINT('',(1.,0.));
#3566 = CARTESIAN_POINT('',(1.,1.));
#3567 = ( GEOMETRIC_REPRESENTATION_CONTEXT(2) 
PARAMETRIC_REPRESENTATION_CONTEXT() REPRESENTATION_CONTEXT('2D SPACE',''
  ) );
#3568 = ORIENTED_EDGE('',*,*,#3569,.T.);
#3569 = EDGE_CURVE('',#3546,#3570,#3572,.T.);
#3570 = VERTEX_POINT('',#3571);
#3571 = CARTESIAN_POINT('',(5.74938693041,9.283908116975,9.9));
#3572 = SURFACE_CURVE('',#3573,(#3578,#3586),.PCURVE_S1.);
#3573 = ( BOUNDED_CURVE() B_SPLINE_CURVE(3,(#3574,#3575,#3576,#3577),
.UNSPECIFIED.,.F.,.F.) B_SPLINE_CURVE_WITH_KNOTS((4,4),(0.,1.),
.PIECEWISE_BEZIER_KNOTS.) CURVE() GEOMETRIC_REPRESENTATION_ITEM() 
RATIONAL_B_SPLINE_CURVE((1.,0.93042703827,1.070034384224,1.)) 
REPRESENTATION_ITEM('') );
#3574 = CARTESIAN_POINT('',(5.366482821935,6.550824861818,9.9));
#3575 = CARTESIAN_POINT('',(5.797002859629,7.18063866141,9.9));
#3576 = CARTESIAN_POINT('',(5.873184693355,8.320731729773,9.9));
#3577 = CARTESIAN_POINT('',(5.74938693041,9.283908116975,9.9));
#3578 = PCURVE('',#99,#3579);
#3579 = DEFINITIONAL_REPRESENTATION('',(#3580),#3585);
#3580 = ( BOUNDED_CURVE() B_SPLINE_CURVE(3,(#3581,#3582,#3583,#3584),
.UNSPECIFIED.,.F.,.F.) B_SPLINE_CURVE_WITH_KNOTS((4,4),(0.,1.),
.PIECEWISE_BEZIER_KNOTS.) CURVE() GEOMETRIC_REPRESENTATION_ITEM() 
RATIONAL_B_SPLINE_CURVE((1.,0.93042703827,1.070034384224,1.)) 
REPRESENTATION_ITEM('') );
#3581 = CARTESIAN_POINT('',(5.366482821935,6.550824861818));
#3582 = CARTESIAN_POINT('',(5.797002859629,7.18063866141));
#3583 = CARTESIAN_POINT('',(5.873184693355,8.320731729773));
#3584 = CARTESIAN_POINT('',(5.74938693041,9.283908116975));
#3585 = ( GEOMETRIC_REPRESENTATION_CONTEXT(2) 
PARAMETRIC_REPRESENTATION_CONTEXT() REPRESENTATION_CONTEXT('2D SPACE',''
  ) );
#3586 = PCURVE('',#709,#3587);
#3587 = DEFINITIONAL_REPRESENTATION('',(#3588),#3591);
#3588 = B_SPLINE_CURVE_WITH_KNOTS('',1,(#3589,#3590),.UNSPECIFIED.,.F.,
  .F.,(2,2),(0.,1.),.PIECEWISE_BEZIER_KNOTS.);
#3589 = CARTESIAN_POINT('',(1.,0.));
#3590 = CARTESIAN_POINT('',(1.,1.));
#3591 = ( GEOMETRIC_REPRESENTATION_CONTEXT(2) 
PARAMETRIC_REPRESENTATION_CONTEXT() REPRESENTATION_CONTEXT('2D SPACE',''
  ) );
#3592 = ORIENTED_EDGE('',*,*,#3593,.T.);
#3593 = EDGE_CURVE('',#3570,#3594,#3596,.T.);
#3594 = VERTEX_POINT('',#3595);
#3595 = CARTESIAN_POINT('',(5.165406810496,9.621069196408,9.9));
#3596 = SURFACE_CURVE('',#3597,(#3601,#3608),.PCURVE_S1.);
#3597 = ( BOUNDED_CURVE() B_SPLINE_CURVE(2,(#3598,#3599,#3600),
.UNSPECIFIED.,.F.,.F.) B_SPLINE_CURVE_WITH_KNOTS((3,3),(0.,1.),
.PIECEWISE_BEZIER_KNOTS.) CURVE() GEOMETRIC_REPRESENTATION_ITEM() 
RATIONAL_B_SPLINE_CURVE((1.,0.999523236347,1.)) REPRESENTATION_ITEM('') 
  );
#3598 = CARTESIAN_POINT('',(5.74938693041,9.283908116975,9.9));
#3599 = CARTESIAN_POINT('',(5.462604371217,9.461508312595,9.9));
#3600 = CARTESIAN_POINT('',(5.165406810496,9.621069196408,9.9));
#3601 = PCURVE('',#99,#3602);
#3602 = DEFINITIONAL_REPRESENTATION('',(#3603),#3607);
#3603 = ( BOUNDED_CURVE() B_SPLINE_CURVE(2,(#3604,#3605,#3606),
.UNSPECIFIED.,.F.,.F.) B_SPLINE_CURVE_WITH_KNOTS((3,3),(0.,1.),
.PIECEWISE_BEZIER_KNOTS.) CURVE() GEOMETRIC_REPRESENTATION_ITEM() 
RATIONAL_B_SPLINE_CURVE((1.,0.999523236347,1.)) REPRESENTATION_ITEM('') 
  );
#3604 = CARTESIAN_POINT('',(5.74938693041,9.283908116975));
#3605 = CARTESIAN_POINT('',(5.462604371217,9.461508312595));
#3606 = CARTESIAN_POINT('',(5.165406810496,9.621069196408));
#3607 = ( GEOMETRIC_REPRESENTATION_CONTEXT(2) 
PARAMETRIC_REPRESENTATION_CONTEXT() REPRESENTATION_CONTEXT('2D SPACE',''
  ) );
#3608 = PCURVE('',#740,#3609);
#3609 = DEFINITIONAL_REPRESENTATION('',(#3610),#3613);
#3610 = B_SPLINE_CURVE_WITH_KNOTS('',1,(#3611,#3612),.UNSPECIFIED.,.F.,
  .F.,(2,2),(0.,1.),.PIECEWISE_BEZIER_KNOTS.);
#3611 = CARTESIAN_POINT('',(1.,0.));
#3612 = CARTESIAN_POINT('',(1.,1.));
#3613 = ( GEOMETRIC_REPRESENTATION_CONTEXT(2) 
PARAMETRIC_REPRESENTATION_CONTEXT() REPRESENTATION_CONTEXT('2D SPACE',''
  ) );
#3614 = ORIENTED_EDGE('',*,*,#3615,.T.);
#3615 = EDGE_CURVE('',#3594,#3616,#3618,.T.);
#3616 = VERTEX_POINT('',#3617);
#3617 = CARTESIAN_POINT('',(2.98993933511,7.922922883677,9.9));
#3618 = SURFACE_CURVE('',#3619,(#3624,#3632),.PCURVE_S1.);
#3619 = ( BOUNDED_CURVE() B_SPLINE_CURVE(3,(#3620,#3621,#3622,#3623),
.UNSPECIFIED.,.F.,.F.) B_SPLINE_CURVE_WITH_KNOTS((4,4),(0.,1.),
.PIECEWISE_BEZIER_KNOTS.) CURVE() GEOMETRIC_REPRESENTATION_ITEM() 
RATIONAL_B_SPLINE_CURVE((1.,1.070034384224,0.93042703827,1.)) 
REPRESENTATION_ITEM('') );
#3620 = CARTESIAN_POINT('',(5.165406810496,9.621069196408,9.9));
#3621 = CARTESIAN_POINT('',(4.269372709381,9.24669301045,9.9));
#3622 = CARTESIAN_POINT('',(3.320114066363,8.610671072955,9.9));
#3623 = CARTESIAN_POINT('',(2.98993933511,7.922922883677,9.9));
#3624 = PCURVE('',#99,#3625);
#3625 = DEFINITIONAL_REPRESENTATION('',(#3626),#3631);
#3626 = ( BOUNDED_CURVE() B_SPLINE_CURVE(3,(#3627,#3628,#3629,#3630),
.UNSPECIFIED.,.F.,.F.) B_SPLINE_CURVE_WITH_KNOTS((4,4),(0.,1.),
.PIECEWISE_BEZIER_KNOTS.) CURVE() GEOMETRIC_REPRESENTATION_ITEM() 
RATIONAL_B_SPLINE_CURVE((1.,1.070034384224,0.93042703827,1.)) 
REPRESENTATION_ITEM('') );
#3627 = CARTESIAN_POINT('',(5.165406810496,9.621069196408));
#3628 = CARTESIAN_POINT('',(4.269372709381,9.24669301045));
#3629 = CARTESIAN_POINT('',(3.320114066363,8.610671072955));
#3630 = CARTESIAN_POINT('',(2.98993933511,7.922922883677));
#3631 = ( GEOMETRIC_REPRESENTATION_CONTEXT(2) 
PARAMETRIC_REPRESENTATION_CONTEXT() REPRESENTATION_CONTEXT('2D SPACE',''
  ) );
#3632 = PCURVE('',#771,#3633);
#3633 = DEFINITIONAL_REPRESENTATION('',(#3634),#3637);
#3634 = B_SPLINE_CURVE_WITH_KNOTS('',1,(#3635,#3636),.UNSPECIFIED.,.F.,
  .F.,(2,2),(0.,1.),.PIECEWISE_BEZIER_KNOTS.);
#3635 = CARTESIAN_POINT('',(1.,0.));
#3636 = CARTESIAN_POINT('',(1.,1.));
#3637 = ( GEOMETRIC_REPRESENTATION_CONTEXT(2) 
PARAMETRIC_REPRESENTATION_CONTEXT() REPRESENTATION_CONTEXT('2D SPACE',''
  ) );
#3638 = ORIENTED_EDGE('',*,*,#3639,.T.);
#3639 = EDGE_CURVE('',#3616,#3640,#3642,.T.);
#3640 = VERTEX_POINT('',#3641);
#3641 = CARTESIAN_POINT('',(2.661067295324,7.314648908825,9.9));
#3642 = SURFACE_CURVE('',#3643,(#3648,#3656),.PCURVE_S1.);
#3643 = ( BOUNDED_CURVE() B_SPLINE_CURVE(3,(#3644,#3645,#3646,#3647),
.UNSPECIFIED.,.F.,.F.) B_SPLINE_CURVE_WITH_KNOTS((4,4),(0.,1.),
.PIECEWISE_BEZIER_KNOTS.) CURVE() GEOMETRIC_REPRESENTATION_ITEM() 
RATIONAL_B_SPLINE_CURVE((1.,1.001988389136,1.000183442697,1.)) 
REPRESENTATION_ITEM('') );
#3644 = CARTESIAN_POINT('',(2.98993933511,7.922922883677,9.9));
#3645 = CARTESIAN_POINT('',(2.932693967506,7.712155629565,9.9));
#3646 = CARTESIAN_POINT('',(2.827010696736,7.458920250063,9.9));
#3647 = CARTESIAN_POINT('',(2.661067295324,7.314648908825,9.9));
#3648 = PCURVE('',#99,#3649);
#3649 = DEFINITIONAL_REPRESENTATION('',(#3650),#3655);
#3650 = ( BOUNDED_CURVE() B_SPLINE_CURVE(3,(#3651,#3652,#3653,#3654),
.UNSPECIFIED.,.F.,.F.) B_SPLINE_CURVE_WITH_KNOTS((4,4),(0.,1.),
.PIECEWISE_BEZIER_KNOTS.) CURVE() GEOMETRIC_REPRESENTATION_ITEM() 
RATIONAL_B_SPLINE_CURVE((1.,1.001988389136,1.000183442697,1.)) 
REPRESENTATION_ITEM('') );
#3651 = CARTESIAN_POINT('',(2.98993933511,7.922922883677));
#3652 = CARTESIAN_POINT('',(2.932693967506,7.712155629565));
#3653 = CARTESIAN_POINT('',(2.827010696736,7.458920250063));
#3654 = CARTESIAN_POINT('',(2.661067295324,7.314648908825));
#3655 = ( GEOMETRIC_REPRESENTATION_CONTEXT(2) 
PARAMETRIC_REPRESENTATION_CONTEXT() REPRESENTATION_CONTEXT('2D SPACE',''
  ) );
#3656 = PCURVE('',#804,#3657);
#3657 = DEFINITIONAL_REPRESENTATION('',(#3658),#3661);
#3658 = B_SPLINE_CURVE_WITH_KNOTS('',1,(#3659,#3660),.UNSPECIFIED.,.F.,
  .F.,(2,2),(0.,1.),.PIECEWISE_BEZIER_KNOTS.);
#3659 = CARTESIAN_POINT('',(1.,0.));
#3660 = CARTESIAN_POINT('',(1.,1.));
#3661 = ( GEOMETRIC_REPRESENTATION_CONTEXT(2) 
PARAMETRIC_REPRESENTATION_CONTEXT() REPRESENTATION_CONTEXT('2D SPACE',''
  ) );
#3662 = ORIENTED_EDGE('',*,*,#3663,.T.);
#3663 = EDGE_CURVE('',#3640,#3664,#3666,.T.);
#3664 = VERTEX_POINT('',#3665);
#3665 = CARTESIAN_POINT('',(2.344000050648,7.250521620033,9.9));
#3666 = SURFACE_CURVE('',#3667,(#3671,#3678),.PCURVE_S1.);
#3667 = ( BOUNDED_CURVE() B_SPLINE_CURVE(2,(#3668,#3669,#3670),
.UNSPECIFIED.,.F.,.F.) B_SPLINE_CURVE_WITH_KNOTS((3,3),(0.,1.),
.PIECEWISE_BEZIER_KNOTS.) CURVE() GEOMETRIC_REPRESENTATION_ITEM() 
RATIONAL_B_SPLINE_CURVE((1.,0.871648182287,1.)) REPRESENTATION_ITEM('') 
  );
#3668 = CARTESIAN_POINT('',(2.661067295324,7.314648908825,9.9));
#3669 = CARTESIAN_POINT('',(2.520563218309,7.193441026991,9.9));
#3670 = CARTESIAN_POINT('',(2.344000050648,7.250521620033,9.9));
#3671 = PCURVE('',#99,#3672);
#3672 = DEFINITIONAL_REPRESENTATION('',(#3673),#3677);
#3673 = ( BOUNDED_CURVE() B_SPLINE_CURVE(2,(#3674,#3675,#3676),
.UNSPECIFIED.,.F.,.F.) B_SPLINE_CURVE_WITH_KNOTS((3,3),(0.,1.),
.PIECEWISE_BEZIER_KNOTS.) CURVE() GEOMETRIC_REPRESENTATION_ITEM() 
RATIONAL_B_SPLINE_CURVE((1.,0.871648182287,1.)) REPRESENTATION_ITEM('') 
  );
#3674 = CARTESIAN_POINT('',(2.661067295324,7.314648908825));
#3675 = CARTESIAN_POINT('',(2.520563218309,7.193441026991));
#3676 = CARTESIAN_POINT('',(2.344000050648,7.250521620033));
#3677 = ( GEOMETRIC_REPRESENTATION_CONTEXT(2) 
PARAMETRIC_REPRESENTATION_CONTEXT() REPRESENTATION_CONTEXT('2D SPACE',''
  ) );
#3678 = PCURVE('',#835,#3679);
#3679 = DEFINITIONAL_REPRESENTATION('',(#3680),#3683);
#3680 = B_SPLINE_CURVE_WITH_KNOTS('',1,(#3681,#3682),.UNSPECIFIED.,.F.,
  .F.,(2,2),(0.,1.),.PIECEWISE_BEZIER_KNOTS.);
#3681 = CARTESIAN_POINT('',(1.,0.));
#3682 = CARTESIAN_POINT('',(1.,1.));
#3683 = ( GEOMETRIC_REPRESENTATION_CONTEXT(2) 
PARAMETRIC_REPRESENTATION_CONTEXT() REPRESENTATION_CONTEXT('2D SPACE',''
  ) );
#3684 = ORIENTED_EDGE('',*,*,#3685,.T.);
#3685 = EDGE_CURVE('',#3664,#3686,#3688,.T.);
#3686 = VERTEX_POINT('',#3687);
#3687 = CARTESIAN_POINT('',(1.595297219683,7.451135938961,9.9));
#3688 = SURFACE_CURVE('',#3689,(#3693,#3700),.PCURVE_S1.);
#3689 = ( BOUNDED_CURVE() B_SPLINE_CURVE(2,(#3690,#3691,#3692),
.UNSPECIFIED.,.F.,.F.) B_SPLINE_CURVE_WITH_KNOTS((3,3),(0.,1.),
.PIECEWISE_BEZIER_KNOTS.) CURVE() GEOMETRIC_REPRESENTATION_ITEM() 
RATIONAL_B_SPLINE_CURVE((1.,0.998705766625,1.)) REPRESENTATION_ITEM('') 
  );
#3690 = CARTESIAN_POINT('',(2.344000050648,7.250521620033,9.9));
#3691 = CARTESIAN_POINT('',(1.974756919994,7.369893158015,9.9));
#3692 = CARTESIAN_POINT('',(1.595297219683,7.451135938961,9.9));
#3693 = PCURVE('',#99,#3694);
#3694 = DEFINITIONAL_REPRESENTATION('',(#3695),#3699);
#3695 = ( BOUNDED_CURVE() B_SPLINE_CURVE(2,(#3696,#3697,#3698),
.UNSPECIFIED.,.F.,.F.) B_SPLINE_CURVE_WITH_KNOTS((3,3),(0.,1.),
.PIECEWISE_BEZIER_KNOTS.) CURVE() GEOMETRIC_REPRESENTATION_ITEM() 
RATIONAL_B_SPLINE_CURVE((1.,0.998705766625,1.)) REPRESENTATION_ITEM('') 
  );
#3696 = CARTESIAN_POINT('',(2.344000050648,7.250521620033));
#3697 = CARTESIAN_POINT('',(1.974756919994,7.369893158015));
#3698 = CARTESIAN_POINT('',(1.595297219683,7.451135938961));
#3699 = ( GEOMETRIC_REPRESENTATION_CONTEXT(2) 
PARAMETRIC_REPRESENTATION_CONTEXT() REPRESENTATION_CONTEXT('2D SPACE',''
  ) );
#3700 = PCURVE('',#864,#3701);
#3701 = DEFINITIONAL_REPRESENTATION('',(#3702),#3705);
#3702 = B_SPLINE_CURVE_WITH_KNOTS('',1,(#3703,#3704),.UNSPECIFIED.,.F.,
  .F.,(2,2),(0.,1.),.PIECEWISE_BEZIER_KNOTS.);
#3703 = CARTESIAN_POINT('',(1.,0.));
#3704 = CARTESIAN_POINT('',(1.,1.));
#3705 = ( GEOMETRIC_REPRESENTATION_CONTEXT(2) 
PARAMETRIC_REPRESENTATION_CONTEXT() REPRESENTATION_CONTEXT('2D SPACE',''
  ) );
#3706 = ORIENTED_EDGE('',*,*,#3707,.T.);
#3707 = EDGE_CURVE('',#3686,#3708,#3710,.T.);
#3708 = VERTEX_POINT('',#3709);
#3709 = CARTESIAN_POINT('',(1.352772575483,7.665205422469,9.9));
#3710 = SURFACE_CURVE('',#3711,(#3715,#3722),.PCURVE_S1.);
#3711 = ( BOUNDED_CURVE() B_SPLINE_CURVE(2,(#3712,#3713,#3714),
.UNSPECIFIED.,.F.,.F.) B_SPLINE_CURVE_WITH_KNOTS((3,3),(0.,1.),
.PIECEWISE_BEZIER_KNOTS.) CURVE() GEOMETRIC_REPRESENTATION_ITEM() 
RATIONAL_B_SPLINE_CURVE((1.,0.871648182287,1.)) REPRESENTATION_ITEM('') 
  );
#3712 = CARTESIAN_POINT('',(1.595297219683,7.451135938961,9.9));
#3713 = CARTESIAN_POINT('',(1.413848734595,7.489984279154,9.9));
#3714 = CARTESIAN_POINT('',(1.352772575482,7.665205422469,9.9));
#3715 = PCURVE('',#99,#3716);
#3716 = DEFINITIONAL_REPRESENTATION('',(#3717),#3721);
#3717 = ( BOUNDED_CURVE() B_SPLINE_CURVE(2,(#3718,#3719,#3720),
.UNSPECIFIED.,.F.,.F.) B_SPLINE_CURVE_WITH_KNOTS((3,3),(0.,1.),
.PIECEWISE_BEZIER_KNOTS.) CURVE() GEOMETRIC_REPRESENTATION_ITEM() 
RATIONAL_B_SPLINE_CURVE((1.,0.871648182287,1.)) REPRESENTATION_ITEM('') 
  );
#3718 = CARTESIAN_POINT('',(1.595297219683,7.451135938961));
#3719 = CARTESIAN_POINT('',(1.413848734595,7.489984279154));
#3720 = CARTESIAN_POINT('',(1.352772575482,7.665205422469));
#3721 = ( GEOMETRIC_REPRESENTATION_CONTEXT(2) 
PARAMETRIC_REPRESENTATION_CONTEXT() REPRESENTATION_CONTEXT('2D SPACE',''
  ) );
#3722 = PCURVE('',#893,#3723);
#3723 = DEFINITIONAL_REPRESENTATION('',(#3724),#3727);
#3724 = B_SPLINE_CURVE_WITH_KNOTS('',1,(#3725,#3726),.UNSPECIFIED.,.F.,
  .F.,(2,2),(0.,1.),.PIECEWISE_BEZIER_KNOTS.);
#3725 = CARTESIAN_POINT('',(1.,0.));
#3726 = CARTESIAN_POINT('',(1.,1.));
#3727 = ( GEOMETRIC_REPRESENTATION_CONTEXT(2) 
PARAMETRIC_REPRESENTATION_CONTEXT() REPRESENTATION_CONTEXT('2D SPACE',''
  ) );
#3728 = ORIENTED_EDGE('',*,*,#3729,.T.);
#3729 = EDGE_CURVE('',#3708,#3730,#3732,.T.);
#3730 = VERTEX_POINT('',#3731);
#3731 = CARTESIAN_POINT('',(1.372098021859,8.356422157044,9.9));
#3732 = SURFACE_CURVE('',#3733,(#3738,#3746),.PCURVE_S1.);
#3733 = ( BOUNDED_CURVE() B_SPLINE_CURVE(3,(#3734,#3735,#3736,#3737),
.UNSPECIFIED.,.F.,.F.) B_SPLINE_CURVE_WITH_KNOTS((4,4),(0.,1.),
.PIECEWISE_BEZIER_KNOTS.) CURVE() GEOMETRIC_REPRESENTATION_ITEM() 
RATIONAL_B_SPLINE_CURVE((1.,1.000183442697,1.001988389136,1.)) 
REPRESENTATION_ITEM('') );
#3734 = CARTESIAN_POINT('',(1.352772575482,7.665205422469,9.9));
#3735 = CARTESIAN_POINT('',(1.281197044888,7.873119769725,9.9));
#3736 = CARTESIAN_POINT('',(1.316290337397,8.145269676895,9.9));
#3737 = CARTESIAN_POINT('',(1.372098021859,8.356422157044,9.9));
#3738 = PCURVE('',#99,#3739);
#3739 = DEFINITIONAL_REPRESENTATION('',(#3740),#3745);
#3740 = ( BOUNDED_CURVE() B_SPLINE_CURVE(3,(#3741,#3742,#3743,#3744),
.UNSPECIFIED.,.F.,.F.) B_SPLINE_CURVE_WITH_KNOTS((4,4),(0.,1.),
.PIECEWISE_BEZIER_KNOTS.) CURVE() GEOMETRIC_REPRESENTATION_ITEM() 
RATIONAL_B_SPLINE_CURVE((1.,1.000183442697,1.001988389136,1.)) 
REPRESENTATION_ITEM('') );
#3741 = CARTESIAN_POINT('',(1.352772575482,7.665205422469));
#3742 = CARTESIAN_POINT('',(1.281197044888,7.873119769725));
#3743 = CARTESIAN_POINT('',(1.316290337397,8.145269676895));
#3744 = CARTESIAN_POINT('',(1.372098021859,8.356422157044));
#3745 = ( GEOMETRIC_REPRESENTATION_CONTEXT(2) 
PARAMETRIC_REPRESENTATION_CONTEXT() REPRESENTATION_CONTEXT('2D SPACE',''
  ) );
#3746 = PCURVE('',#924,#3747);
#3747 = DEFINITIONAL_REPRESENTATION('',(#3748),#3751);
#3748 = B_SPLINE_CURVE_WITH_KNOTS('',1,(#3749,#3750),.UNSPECIFIED.,.F.,
  .F.,(2,2),(0.,1.),.PIECEWISE_BEZIER_KNOTS.);
#3749 = CARTESIAN_POINT('',(1.,0.));
#3750 = CARTESIAN_POINT('',(1.,1.));
#3751 = ( GEOMETRIC_REPRESENTATION_CONTEXT(2) 
PARAMETRIC_REPRESENTATION_CONTEXT() REPRESENTATION_CONTEXT('2D SPACE',''
  ) );
#3752 = ORIENTED_EDGE('',*,*,#3753,.T.);
#3753 = EDGE_CURVE('',#3730,#3754,#3756,.T.);
#3754 = VERTEX_POINT('',#3755);
#3755 = CARTESIAN_POINT('',(0.337161079433,10.914793740906,9.9));
#3756 = SURFACE_CURVE('',#3757,(#3762,#3770),.PCURVE_S1.);
#3757 = ( BOUNDED_CURVE() B_SPLINE_CURVE(3,(#3758,#3759,#3760,#3761),
.UNSPECIFIED.,.F.,.F.) B_SPLINE_CURVE_WITH_KNOTS((4,4),(0.,1.),
.PIECEWISE_BEZIER_KNOTS.) CURVE() GEOMETRIC_REPRESENTATION_ITEM() 
RATIONAL_B_SPLINE_CURVE((1.,0.93042703827,1.070034384224,1.)) 
REPRESENTATION_ITEM('') );
#3758 = CARTESIAN_POINT('',(1.372098021859,8.356422157044,9.9));
#3759 = CARTESIAN_POINT('',(1.430032411545,9.117116925992,9.9));
#3760 = CARTESIAN_POINT('',(0.925961280677,10.142557402736,9.9));
#3761 = CARTESIAN_POINT('',(0.337161079433,10.914793740906,9.9));
#3762 = PCURVE('',#99,#3763);
#3763 = DEFINITIONAL_REPRESENTATION('',(#3764),#3769);
#3764 = ( BOUNDED_CURVE() B_SPLINE_CURVE(3,(#3765,#3766,#3767,#3768),
.UNSPECIFIED.,.F.,.F.) B_SPLINE_CURVE_WITH_KNOTS((4,4),(0.,1.),
.PIECEWISE_BEZIER_KNOTS.) CURVE() GEOMETRIC_REPRESENTATION_ITEM() 
RATIONAL_B_SPLINE_CURVE((1.,0.93042703827,1.070034384224,1.)) 
REPRESENTATION_ITEM('') );
#3765 = CARTESIAN_POINT('',(1.372098021859,8.356422157044));
#3766 = CARTESIAN_POINT('',(1.430032411545,9.117116925992));
#3767 = CARTESIAN_POINT('',(0.925961280677,10.142557402736));
#3768 = CARTESIAN_POINT('',(0.337161079433,10.914793740906));
#3769 = ( GEOMETRIC_REPRESENTATION_CONTEXT(2) 
PARAMETRIC_REPRESENTATION_CONTEXT() REPRESENTATION_CONTEXT('2D SPACE',''
  ) );
#3770 = PCURVE('',#957,#3771);
#3771 = DEFINITIONAL_REPRESENTATION('',(#3772),#3775);
#3772 = B_SPLINE_CURVE_WITH_KNOTS('',1,(#3773,#3774),.UNSPECIFIED.,.F.,
  .F.,(2,2),(0.,1.),.PIECEWISE_BEZIER_KNOTS.);
#3773 = CARTESIAN_POINT('',(1.,0.));
#3774 = CARTESIAN_POINT('',(1.,1.));
#3775 = ( GEOMETRIC_REPRESENTATION_CONTEXT(2) 
PARAMETRIC_REPRESENTATION_CONTEXT() REPRESENTATION_CONTEXT('2D SPACE',''
  ) );
#3776 = ORIENTED_EDGE('',*,*,#3777,.T.);
#3777 = EDGE_CURVE('',#3754,#3778,#3780,.T.);
#3778 = VERTEX_POINT('',#3779);
#3779 = CARTESIAN_POINT('',(-0.337161079433,10.914793740906,9.9));
#3780 = SURFACE_CURVE('',#3781,(#3785,#3792),.PCURVE_S1.);
#3781 = ( BOUNDED_CURVE() B_SPLINE_CURVE(2,(#3782,#3783,#3784),
.UNSPECIFIED.,.F.,.F.) B_SPLINE_CURVE_WITH_KNOTS((3,3),(0.,1.),
.PIECEWISE_BEZIER_KNOTS.) CURVE() GEOMETRIC_REPRESENTATION_ITEM() 
RATIONAL_B_SPLINE_CURVE((1.,0.999523236347,1.)) REPRESENTATION_ITEM('') 
  );
#3782 = CARTESIAN_POINT('',(0.337161079433,10.914793740906,9.9));
#3783 = CARTESIAN_POINT('',(1.212941829469E-15,10.925208742433,9.9));
#3784 = CARTESIAN_POINT('',(-0.337161079433,10.914793740906,9.9));
#3785 = PCURVE('',#99,#3786);
#3786 = DEFINITIONAL_REPRESENTATION('',(#3787),#3791);
#3787 = ( BOUNDED_CURVE() B_SPLINE_CURVE(2,(#3788,#3789,#3790),
.UNSPECIFIED.,.F.,.F.) B_SPLINE_CURVE_WITH_KNOTS((3,3),(0.,1.),
.PIECEWISE_BEZIER_KNOTS.) CURVE() GEOMETRIC_REPRESENTATION_ITEM() 
RATIONAL_B_SPLINE_CURVE((1.,0.999523236347,1.)) REPRESENTATION_ITEM('') 
  );
#3788 = CARTESIAN_POINT('',(0.337161079433,10.914793740906));
#3789 = CARTESIAN_POINT('',(3.172859736711E-15,10.925208742433));
#3790 = CARTESIAN_POINT('',(-0.337161079433,10.914793740906));
#3791 = ( GEOMETRIC_REPRESENTATION_CONTEXT(2) 
PARAMETRIC_REPRESENTATION_CONTEXT() REPRESENTATION_CONTEXT('2D SPACE',''
  ) );
#3792 = PCURVE('',#988,#3793);
#3793 = DEFINITIONAL_REPRESENTATION('',(#3794),#3797);
#3794 = B_SPLINE_CURVE_WITH_KNOTS('',1,(#3795,#3796),.UNSPECIFIED.,.F.,
  .F.,(2,2),(0.,1.),.PIECEWISE_BEZIER_KNOTS.);
#3795 = CARTESIAN_POINT('',(1.,0.));
#3796 = CARTESIAN_POINT('',(1.,1.));
#3797 = ( GEOMETRIC_REPRESENTATION_CONTEXT(2) 
PARAMETRIC_REPRESENTATION_CONTEXT() REPRESENTATION_CONTEXT('2D SPACE',''
  ) );
#3798 = ORIENTED_EDGE('',*,*,#3799,.T.);
#3799 = EDGE_CURVE('',#3778,#3800,#3802,.T.);
#3800 = VERTEX_POINT('',#3801);
#3801 = CARTESIAN_POINT('',(-1.372098021859,8.356422157044,9.9));
#3802 = SURFACE_CURVE('',#3803,(#3808,#3816),.PCURVE_S1.);
#3803 = ( BOUNDED_CURVE() B_SPLINE_CURVE(3,(#3804,#3805,#3806,#3807),
.UNSPECIFIED.,.F.,.F.) B_SPLINE_CURVE_WITH_KNOTS((4,4),(0.,1.),
.PIECEWISE_BEZIER_KNOTS.) CURVE() GEOMETRIC_REPRESENTATION_ITEM() 
RATIONAL_B_SPLINE_CURVE((1.,1.070034384224,0.93042703827,1.)) 
REPRESENTATION_ITEM('') );
#3804 = CARTESIAN_POINT('',(-0.337161079433,10.914793740906,9.9));
#3805 = CARTESIAN_POINT('',(-0.925961280677,10.142557402736,9.9));
#3806 = CARTESIAN_POINT('',(-1.430032411545,9.117116925992,9.9));
#3807 = CARTESIAN_POINT('',(-1.372098021859,8.356422157044,9.9));
#3808 = PCURVE('',#99,#3809);
#3809 = DEFINITIONAL_REPRESENTATION('',(#3810),#3815);
#3810 = ( BOUNDED_CURVE() B_SPLINE_CURVE(3,(#3811,#3812,#3813,#3814),
.UNSPECIFIED.,.F.,.F.) B_SPLINE_CURVE_WITH_KNOTS((4,4),(0.,1.),
.PIECEWISE_BEZIER_KNOTS.) CURVE() GEOMETRIC_REPRESENTATION_ITEM() 
RATIONAL_B_SPLINE_CURVE((1.,1.070034384224,0.93042703827,1.)) 
REPRESENTATION_ITEM('') );
#3811 = CARTESIAN_POINT('',(-0.337161079433,10.914793740906));
#3812 = CARTESIAN_POINT('',(-0.925961280677,10.142557402736));
#3813 = CARTESIAN_POINT('',(-1.430032411545,9.117116925992));
#3814 = CARTESIAN_POINT('',(-1.372098021859,8.356422157044));
#3815 = ( GEOMETRIC_REPRESENTATION_CONTEXT(2) 
PARAMETRIC_REPRESENTATION_CONTEXT() REPRESENTATION_CONTEXT('2D SPACE',''
  ) );
#3816 = PCURVE('',#1019,#3817);
#3817 = DEFINITIONAL_REPRESENTATION('',(#3818),#3821);
#3818 = B_SPLINE_CURVE_WITH_KNOTS('',1,(#3819,#3820),.UNSPECIFIED.,.F.,
  .F.,(2,2),(0.,1.),.PIECEWISE_BEZIER_KNOTS.);
#3819 = CARTESIAN_POINT('',(1.,0.));
#3820 = CARTESIAN_POINT('',(1.,1.));
#3821 = ( GEOMETRIC_REPRESENTATION_CONTEXT(2) 
PARAMETRIC_REPRESENTATION_CONTEXT() REPRESENTATION_CONTEXT('2D SPACE',''
  ) );
#3822 = ORIENTED_EDGE('',*,*,#3823,.T.);
#3823 = EDGE_CURVE('',#3800,#3824,#3826,.T.);
#3824 = VERTEX_POINT('',#3825);
#3825 = CARTESIAN_POINT('',(-1.352772575482,7.665205422469,9.9));
#3826 = SURFACE_CURVE('',#3827,(#3832,#3840),.PCURVE_S1.);
#3827 = ( BOUNDED_CURVE() B_SPLINE_CURVE(3,(#3828,#3829,#3830,#3831),
.UNSPECIFIED.,.F.,.F.) B_SPLINE_CURVE_WITH_KNOTS((4,4),(0.,1.),
.PIECEWISE_BEZIER_KNOTS.) CURVE() GEOMETRIC_REPRESENTATION_ITEM() 
RATIONAL_B_SPLINE_CURVE((1.,1.001988389136,1.000183442697,1.)) 
REPRESENTATION_ITEM('') );
#3828 = CARTESIAN_POINT('',(-1.372098021859,8.356422157044,9.9));
#3829 = CARTESIAN_POINT('',(-1.316290337397,8.145269676895,9.9));
#3830 = CARTESIAN_POINT('',(-1.281197044888,7.873119769725,9.9));
#3831 = CARTESIAN_POINT('',(-1.352772575482,7.665205422469,9.9));
#3832 = PCURVE('',#99,#3833);
#3833 = DEFINITIONAL_REPRESENTATION('',(#3834),#3839);
#3834 = ( BOUNDED_CURVE() B_SPLINE_CURVE(3,(#3835,#3836,#3837,#3838),
.UNSPECIFIED.,.F.,.F.) B_SPLINE_CURVE_WITH_KNOTS((4,4),(0.,1.),
.PIECEWISE_BEZIER_KNOTS.) CURVE() GEOMETRIC_REPRESENTATION_ITEM() 
RATIONAL_B_SPLINE_CURVE((1.,1.001988389136,1.000183442697,1.)) 
REPRESENTATION_ITEM('') );
#3835 = CARTESIAN_POINT('',(-1.372098021859,8.356422157044));
#3836 = CARTESIAN_POINT('',(-1.316290337397,8.145269676895));
#3837 = CARTESIAN_POINT('',(-1.281197044888,7.873119769725));
#3838 = CARTESIAN_POINT('',(-1.352772575482,7.665205422469));
#3839 = ( GEOMETRIC_REPRESENTATION_CONTEXT(2) 
PARAMETRIC_REPRESENTATION_CONTEXT() REPRESENTATION_CONTEXT('2D SPACE',''
  ) );
#3840 = PCURVE('',#1052,#3841);
#3841 = DEFINITIONAL_REPRESENTATION('',(#3842),#3845);
#3842 = B_SPLINE_CURVE_WITH_KNOTS('',1,(#3843,#3844),.UNSPECIFIED.,.F.,
  .F.,(2,2),(0.,1.),.PIECEWISE_BEZIER_KNOTS.);
#3843 = CARTESIAN_POINT('',(1.,0.));
#3844 = CARTESIAN_POINT('',(1.,1.));
#3845 = ( GEOMETRIC_REPRESENTATION_CONTEXT(2) 
PARAMETRIC_REPRESENTATION_CONTEXT() REPRESENTATION_CONTEXT('2D SPACE',''
  ) );
#3846 = ORIENTED_EDGE('',*,*,#3847,.T.);
#3847 = EDGE_CURVE('',#3824,#3848,#3850,.T.);
#3848 = VERTEX_POINT('',#3849);
#3849 = CARTESIAN_POINT('',(-1.595297219683,7.451135938961,9.9));
#3850 = SURFACE_CURVE('',#3851,(#3855,#3862),.PCURVE_S1.);
#3851 = ( BOUNDED_CURVE() B_SPLINE_CURVE(2,(#3852,#3853,#3854),
.UNSPECIFIED.,.F.,.F.) B_SPLINE_CURVE_WITH_KNOTS((3,3),(0.,1.),
.PIECEWISE_BEZIER_KNOTS.) CURVE() GEOMETRIC_REPRESENTATION_ITEM() 
RATIONAL_B_SPLINE_CURVE((1.,0.871648182287,1.)) REPRESENTATION_ITEM('') 
  );
#3852 = CARTESIAN_POINT('',(-1.352772575482,7.665205422469,9.9));
#3853 = CARTESIAN_POINT('',(-1.413848734595,7.489984279154,9.9));
#3854 = CARTESIAN_POINT('',(-1.595297219683,7.451135938961,9.9));
#3855 = PCURVE('',#99,#3856);
#3856 = DEFINITIONAL_REPRESENTATION('',(#3857),#3861);
#3857 = ( BOUNDED_CURVE() B_SPLINE_CURVE(2,(#3858,#3859,#3860),
.UNSPECIFIED.,.F.,.F.) B_SPLINE_CURVE_WITH_KNOTS((3,3),(0.,1.),
.PIECEWISE_BEZIER_KNOTS.) CURVE() GEOMETRIC_REPRESENTATION_ITEM() 
RATIONAL_B_SPLINE_CURVE((1.,0.871648182287,1.)) REPRESENTATION_ITEM('') 
  );
#3858 = CARTESIAN_POINT('',(-1.352772575482,7.665205422469));
#3859 = CARTESIAN_POINT('',(-1.413848734595,7.489984279154));
#3860 = CARTESIAN_POINT('',(-1.595297219683,7.451135938961));
#3861 = ( GEOMETRIC_REPRESENTATION_CONTEXT(2) 
PARAMETRIC_REPRESENTATION_CONTEXT() REPRESENTATION_CONTEXT('2D SPACE',''
  ) );
#3862 = PCURVE('',#1083,#3863);
#3863 = DEFINITIONAL_REPRESENTATION('',(#3864),#3867);
#3864 = B_SPLINE_CURVE_WITH_KNOTS('',1,(#3865,#3866),.UNSPECIFIED.,.F.,
  .F.,(2,2),(0.,1.),.PIECEWISE_BEZIER_KNOTS.);
#3865 = CARTESIAN_POINT('',(1.,0.));
#3866 = CARTESIAN_POINT('',(1.,1.));
#3867 = ( GEOMETRIC_REPRESENTATION_CONTEXT(2) 
PARAMETRIC_REPRESENTATION_CONTEXT() REPRESENTATION_CONTEXT('2D SPACE',''
  ) );
#3868 = ORIENTED_EDGE('',*,*,#3869,.T.);
#3869 = EDGE_CURVE('',#3848,#3870,#3872,.T.);
#3870 = VERTEX_POINT('',#3871);
#3871 = CARTESIAN_POINT('',(-2.344000050648,7.250521620033,9.9));
#3872 = SURFACE_CURVE('',#3873,(#3877,#3884),.PCURVE_S1.);
#3873 = ( BOUNDED_CURVE() B_SPLINE_CURVE(2,(#3874,#3875,#3876),
.UNSPECIFIED.,.F.,.F.) B_SPLINE_CURVE_WITH_KNOTS((3,3),(0.,1.),
.PIECEWISE_BEZIER_KNOTS.) CURVE() GEOMETRIC_REPRESENTATION_ITEM() 
RATIONAL_B_SPLINE_CURVE((1.,0.998705766625,1.)) REPRESENTATION_ITEM('') 
  );
#3874 = CARTESIAN_POINT('',(-1.595297219683,7.451135938961,9.9));
#3875 = CARTESIAN_POINT('',(-1.974756919994,7.369893158015,9.9));
#3876 = CARTESIAN_POINT('',(-2.344000050648,7.250521620033,9.9));
#3877 = PCURVE('',#99,#3878);
#3878 = DEFINITIONAL_REPRESENTATION('',(#3879),#3883);
#3879 = ( BOUNDED_CURVE() B_SPLINE_CURVE(2,(#3880,#3881,#3882),
.UNSPECIFIED.,.F.,.F.) B_SPLINE_CURVE_WITH_KNOTS((3,3),(0.,1.),
.PIECEWISE_BEZIER_KNOTS.) CURVE() GEOMETRIC_REPRESENTATION_ITEM() 
RATIONAL_B_SPLINE_CURVE((1.,0.998705766625,1.)) REPRESENTATION_ITEM('') 
  );
#3880 = CARTESIAN_POINT('',(-1.595297219683,7.451135938961));
#3881 = CARTESIAN_POINT('',(-1.974756919994,7.369893158015));
#3882 = CARTESIAN_POINT('',(-2.344000050648,7.250521620033));
#3883 = ( GEOMETRIC_REPRESENTATION_CONTEXT(2) 
PARAMETRIC_REPRESENTATION_CONTEXT() REPRESENTATION_CONTEXT('2D SPACE',''
  ) );
#3884 = PCURVE('',#1112,#3885);
#3885 = DEFINITIONAL_REPRESENTATION('',(#3886),#3889);
#3886 = B_SPLINE_CURVE_WITH_KNOTS('',1,(#3887,#3888),.UNSPECIFIED.,.F.,
  .F.,(2,2),(0.,1.),.PIECEWISE_BEZIER_KNOTS.);
#3887 = CARTESIAN_POINT('',(1.,0.));
#3888 = CARTESIAN_POINT('',(1.,1.));
#3889 = ( GEOMETRIC_REPRESENTATION_CONTEXT(2) 
PARAMETRIC_REPRESENTATION_CONTEXT() REPRESENTATION_CONTEXT('2D SPACE',''
  ) );
#3890 = ORIENTED_EDGE('',*,*,#3891,.T.);
#3891 = EDGE_CURVE('',#3870,#3892,#3894,.T.);
#3892 = VERTEX_POINT('',#3893);
#3893 = CARTESIAN_POINT('',(-2.661067295324,7.314648908826,9.9));
#3894 = SURFACE_CURVE('',#3895,(#3899,#3906),.PCURVE_S1.);
#3895 = ( BOUNDED_CURVE() B_SPLINE_CURVE(2,(#3896,#3897,#3898),
.UNSPECIFIED.,.F.,.F.) B_SPLINE_CURVE_WITH_KNOTS((3,3),(0.,1.),
.PIECEWISE_BEZIER_KNOTS.) CURVE() GEOMETRIC_REPRESENTATION_ITEM() 
RATIONAL_B_SPLINE_CURVE((1.,0.871648182287,1.)) REPRESENTATION_ITEM('') 
  );
#3896 = CARTESIAN_POINT('',(-2.344000050648,7.250521620033,9.9));
#3897 = CARTESIAN_POINT('',(-2.520563218309,7.193441026991,9.9));
#3898 = CARTESIAN_POINT('',(-2.661067295324,7.314648908825,9.9));
#3899 = PCURVE('',#99,#3900);
#3900 = DEFINITIONAL_REPRESENTATION('',(#3901),#3905);
#3901 = ( BOUNDED_CURVE() B_SPLINE_CURVE(2,(#3902,#3903,#3904),
.UNSPECIFIED.,.F.,.F.) B_SPLINE_CURVE_WITH_KNOTS((3,3),(0.,1.),
.PIECEWISE_BEZIER_KNOTS.) CURVE() GEOMETRIC_REPRESENTATION_ITEM() 
RATIONAL_B_SPLINE_CURVE((1.,0.871648182287,1.)) REPRESENTATION_ITEM('') 
  );
#3902 = CARTESIAN_POINT('',(-2.344000050648,7.250521620033));
#3903 = CARTESIAN_POINT('',(-2.520563218309,7.193441026991));
#3904 = CARTESIAN_POINT('',(-2.661067295324,7.314648908825));
#3905 = ( GEOMETRIC_REPRESENTATION_CONTEXT(2) 
PARAMETRIC_REPRESENTATION_CONTEXT() REPRESENTATION_CONTEXT('2D SPACE',''
  ) );
#3906 = PCURVE('',#1141,#3907);
#3907 = DEFINITIONAL_REPRESENTATION('',(#3908),#3911);
#3908 = B_SPLINE_CURVE_WITH_KNOTS('',1,(#3909,#3910),.UNSPECIFIED.,.F.,
  .F.,(2,2),(0.,1.),.PIECEWISE_BEZIER_KNOTS.);
#3909 = CARTESIAN_POINT('',(1.,0.));
#3910 = CARTESIAN_POINT('',(1.,1.));
#3911 = ( GEOMETRIC_REPRESENTATION_CONTEXT(2) 
PARAMETRIC_REPRESENTATION_CONTEXT() REPRESENTATION_CONTEXT('2D SPACE',''
  ) );
#3912 = ORIENTED_EDGE('',*,*,#3913,.T.);
#3913 = EDGE_CURVE('',#3892,#3914,#3916,.T.);
#3914 = VERTEX_POINT('',#3915);
#3915 = CARTESIAN_POINT('',(-2.98993933511,7.922922883677,9.9));
#3916 = SURFACE_CURVE('',#3917,(#3922,#3930),.PCURVE_S1.);
#3917 = ( BOUNDED_CURVE() B_SPLINE_CURVE(3,(#3918,#3919,#3920,#3921),
.UNSPECIFIED.,.F.,.F.) B_SPLINE_CURVE_WITH_KNOTS((4,4),(0.,1.),
.PIECEWISE_BEZIER_KNOTS.) CURVE() GEOMETRIC_REPRESENTATION_ITEM() 
RATIONAL_B_SPLINE_CURVE((1.,1.000183442697,1.001988389136,1.)) 
REPRESENTATION_ITEM('') );
#3918 = CARTESIAN_POINT('',(-2.661067295324,7.314648908825,9.9));
#3919 = CARTESIAN_POINT('',(-2.827010696736,7.458920250063,9.9));
#3920 = CARTESIAN_POINT('',(-2.932693967506,7.712155629565,9.9));
#3921 = CARTESIAN_POINT('',(-2.98993933511,7.922922883677,9.9));
#3922 = PCURVE('',#99,#3923);
#3923 = DEFINITIONAL_REPRESENTATION('',(#3924),#3929);
#3924 = ( BOUNDED_CURVE() B_SPLINE_CURVE(3,(#3925,#3926,#3927,#3928),
.UNSPECIFIED.,.F.,.F.) B_SPLINE_CURVE_WITH_KNOTS((4,4),(0.,1.),
.PIECEWISE_BEZIER_KNOTS.) CURVE() GEOMETRIC_REPRESENTATION_ITEM() 
RATIONAL_B_SPLINE_CURVE((1.,1.000183442697,1.001988389136,1.)) 
REPRESENTATION_ITEM('') );
#3925 = CARTESIAN_POINT('',(-2.661067295324,7.314648908825));
#3926 = CARTESIAN_POINT('',(-2.827010696736,7.458920250063));
#3927 = CARTESIAN_POINT('',(-2.932693967506,7.712155629565));
#3928 = CARTESIAN_POINT('',(-2.98993933511,7.922922883677));
#3929 = ( GEOMETRIC_REPRESENTATION_CONTEXT(2) 
PARAMETRIC_REPRESENTATION_CONTEXT() REPRESENTATION_CONTEXT('2D SPACE',''
  ) );
#3930 = PCURVE('',#1172,#3931);
#3931 = DEFINITIONAL_REPRESENTATION('',(#3932),#3935);
#3932 = B_SPLINE_CURVE_WITH_KNOTS('',1,(#3933,#3934),.UNSPECIFIED.,.F.,
  .F.,(2,2),(0.,1.),.PIECEWISE_BEZIER_KNOTS.);
#3933 = CARTESIAN_POINT('',(1.,0.));
#3934 = CARTESIAN_POINT('',(1.,1.));
#3935 = ( GEOMETRIC_REPRESENTATION_CONTEXT(2) 
PARAMETRIC_REPRESENTATION_CONTEXT() REPRESENTATION_CONTEXT('2D SPACE',''
  ) );
#3936 = ORIENTED_EDGE('',*,*,#3937,.T.);
#3937 = EDGE_CURVE('',#3914,#3938,#3940,.T.);
#3938 = VERTEX_POINT('',#3939);
#3939 = CARTESIAN_POINT('',(-5.165406810496,9.621069196408,9.9));
#3940 = SURFACE_CURVE('',#3941,(#3946,#3954),.PCURVE_S1.);
#3941 = ( BOUNDED_CURVE() B_SPLINE_CURVE(3,(#3942,#3943,#3944,#3945),
.UNSPECIFIED.,.F.,.F.) B_SPLINE_CURVE_WITH_KNOTS((4,4),(0.,1.),
.PIECEWISE_BEZIER_KNOTS.) CURVE() GEOMETRIC_REPRESENTATION_ITEM() 
RATIONAL_B_SPLINE_CURVE((1.,0.93042703827,1.070034384224,1.)) 
REPRESENTATION_ITEM('') );
#3942 = CARTESIAN_POINT('',(-2.98993933511,7.922922883677,9.9));
#3943 = CARTESIAN_POINT('',(-3.320114066363,8.610671072955,9.9));
#3944 = CARTESIAN_POINT('',(-4.269372709381,9.24669301045,9.9));
#3945 = CARTESIAN_POINT('',(-5.165406810496,9.621069196408,9.9));
#3946 = PCURVE('',#99,#3947);
#3947 = DEFINITIONAL_REPRESENTATION('',(#3948),#3953);
#3948 = ( BOUNDED_CURVE() B_SPLINE_CURVE(3,(#3949,#3950,#3951,#3952),
.UNSPECIFIED.,.F.,.F.) B_SPLINE_CURVE_WITH_KNOTS((4,4),(0.,1.),
.PIECEWISE_BEZIER_KNOTS.) CURVE() GEOMETRIC_REPRESENTATION_ITEM() 
RATIONAL_B_SPLINE_CURVE((1.,0.93042703827,1.070034384224,1.)) 
REPRESENTATION_ITEM('') );
#3949 = CARTESIAN_POINT('',(-2.98993933511,7.922922883677));
#3950 = CARTESIAN_POINT('',(-3.320114066363,8.610671072955));
#3951 = CARTESIAN_POINT('',(-4.269372709381,9.24669301045));
#3952 = CARTESIAN_POINT('',(-5.165406810496,9.621069196408));
#3953 = ( GEOMETRIC_REPRESENTATION_CONTEXT(2) 
PARAMETRIC_REPRESENTATION_CONTEXT() REPRESENTATION_CONTEXT('2D SPACE',''
  ) );
#3954 = PCURVE('',#1205,#3955);
#3955 = DEFINITIONAL_REPRESENTATION('',(#3956),#3959);
#3956 = B_SPLINE_CURVE_WITH_KNOTS('',1,(#3957,#3958),.UNSPECIFIED.,.F.,
  .F.,(2,2),(0.,1.),.PIECEWISE_BEZIER_KNOTS.);
#3957 = CARTESIAN_POINT('',(1.,0.));
#3958 = CARTESIAN_POINT('',(1.,1.));
#3959 = ( GEOMETRIC_REPRESENTATION_CONTEXT(2) 
PARAMETRIC_REPRESENTATION_CONTEXT() REPRESENTATION_CONTEXT('2D SPACE',''
  ) );
#3960 = ORIENTED_EDGE('',*,*,#3961,.T.);
#3961 = EDGE_CURVE('',#3938,#3962,#3964,.T.);
#3962 = VERTEX_POINT('',#3963);
#3963 = CARTESIAN_POINT('',(-5.74938693041,9.283908116975,9.9));
#3964 = SURFACE_CURVE('',#3965,(#3969,#3976),.PCURVE_S1.);
#3965 = ( BOUNDED_CURVE() B_SPLINE_CURVE(2,(#3966,#3967,#3968),
.UNSPECIFIED.,.F.,.F.) B_SPLINE_CURVE_WITH_KNOTS((3,3),(0.,1.),
.PIECEWISE_BEZIER_KNOTS.) CURVE() GEOMETRIC_REPRESENTATION_ITEM() 
RATIONAL_B_SPLINE_CURVE((1.,0.999523236347,1.)) REPRESENTATION_ITEM('') 
  );
#3966 = CARTESIAN_POINT('',(-5.165406810496,9.621069196408,9.9));
#3967 = CARTESIAN_POINT('',(-5.462604371217,9.461508312595,9.9));
#3968 = CARTESIAN_POINT('',(-5.74938693041,9.283908116975,9.9));
#3969 = PCURVE('',#99,#3970);
#3970 = DEFINITIONAL_REPRESENTATION('',(#3971),#3975);
#3971 = ( BOUNDED_CURVE() B_SPLINE_CURVE(2,(#3972,#3973,#3974),
.UNSPECIFIED.,.F.,.F.) B_SPLINE_CURVE_WITH_KNOTS((3,3),(0.,1.),
.PIECEWISE_BEZIER_KNOTS.) CURVE() GEOMETRIC_REPRESENTATION_ITEM() 
RATIONAL_B_SPLINE_CURVE((1.,0.999523236347,1.)) REPRESENTATION_ITEM('') 
  );
#3972 = CARTESIAN_POINT('',(-5.165406810496,9.621069196408));
#3973 = CARTESIAN_POINT('',(-5.462604371217,9.461508312595));
#3974 = CARTESIAN_POINT('',(-5.74938693041,9.283908116975));
#3975 = ( GEOMETRIC_REPRESENTATION_CONTEXT(2) 
PARAMETRIC_REPRESENTATION_CONTEXT() REPRESENTATION_CONTEXT('2D SPACE',''
  ) );
#3976 = PCURVE('',#1236,#3977);
#3977 = DEFINITIONAL_REPRESENTATION('',(#3978),#3981);
#3978 = B_SPLINE_CURVE_WITH_KNOTS('',1,(#3979,#3980),.UNSPECIFIED.,.F.,
  .F.,(2,2),(0.,1.),.PIECEWISE_BEZIER_KNOTS.);
#3979 = CARTESIAN_POINT('',(1.,0.));
#3980 = CARTESIAN_POINT('',(1.,1.));
#3981 = ( GEOMETRIC_REPRESENTATION_CONTEXT(2) 
PARAMETRIC_REPRESENTATION_CONTEXT() REPRESENTATION_CONTEXT('2D SPACE',''
  ) );
#3982 = ORIENTED_EDGE('',*,*,#3983,.T.);
#3983 = EDGE_CURVE('',#3962,#3984,#3986,.T.);
#3984 = VERTEX_POINT('',#3985);
#3985 = CARTESIAN_POINT('',(-5.366482821935,6.550824861818,9.9));
#3986 = SURFACE_CURVE('',#3987,(#3992,#4000),.PCURVE_S1.);
#3987 = ( BOUNDED_CURVE() B_SPLINE_CURVE(3,(#3988,#3989,#3990,#3991),
.UNSPECIFIED.,.F.,.F.) B_SPLINE_CURVE_WITH_KNOTS((4,4),(0.,1.),
.PIECEWISE_BEZIER_KNOTS.) CURVE() GEOMETRIC_REPRESENTATION_ITEM() 
RATIONAL_B_SPLINE_CURVE((1.,1.070034384224,0.93042703827,1.)) 
REPRESENTATION_ITEM('') );
#3988 = CARTESIAN_POINT('',(-5.74938693041,9.283908116975,9.9));
#3989 = CARTESIAN_POINT('',(-5.873184693355,8.320731729773,9.9));
#3990 = CARTESIAN_POINT('',(-5.797002859629,7.18063866141,9.9));
#3991 = CARTESIAN_POINT('',(-5.366482821935,6.550824861818,9.9));
#3992 = PCURVE('',#99,#3993);
#3993 = DEFINITIONAL_REPRESENTATION('',(#3994),#3999);
#3994 = ( BOUNDED_CURVE() B_SPLINE_CURVE(3,(#3995,#3996,#3997,#3998),
.UNSPECIFIED.,.F.,.F.) B_SPLINE_CURVE_WITH_KNOTS((4,4),(0.,1.),
.PIECEWISE_BEZIER_KNOTS.) CURVE() GEOMETRIC_REPRESENTATION_ITEM() 
RATIONAL_B_SPLINE_CURVE((1.,1.070034384224,0.93042703827,1.)) 
REPRESENTATION_ITEM('') );
#3995 = CARTESIAN_POINT('',(-5.74938693041,9.283908116975));
#3996 = CARTESIAN_POINT('',(-5.873184693355,8.320731729773));
#3997 = CARTESIAN_POINT('',(-5.797002859629,7.18063866141));
#3998 = CARTESIAN_POINT('',(-5.366482821935,6.550824861818));
#3999 = ( GEOMETRIC_REPRESENTATION_CONTEXT(2) 
PARAMETRIC_REPRESENTATION_CONTEXT() REPRESENTATION_CONTEXT('2D SPACE',''
  ) );
#4000 = PCURVE('',#1267,#4001);
#4001 = DEFINITIONAL_REPRESENTATION('',(#4002),#4005);
#4002 = B_SPLINE_CURVE_WITH_KNOTS('',1,(#4003,#4004),.UNSPECIFIED.,.F.,
  .F.,(2,2),(0.,1.),.PIECEWISE_BEZIER_KNOTS.);
#4003 = CARTESIAN_POINT('',(1.,0.));
#4004 = CARTESIAN_POINT('',(1.,1.));
#4005 = ( GEOMETRIC_REPRESENTATION_CONTEXT(2) 
PARAMETRIC_REPRESENTATION_CONTEXT() REPRESENTATION_CONTEXT('2D SPACE',''
  ) );
#4006 = ORIENTED_EDGE('',*,*,#4007,.T.);
#4007 = EDGE_CURVE('',#3984,#4008,#4010,.T.);
#4008 = VERTEX_POINT('',#4009);
#4009 = CARTESIAN_POINT('',(-5.004138127145,5.961876333343,9.9));
#4010 = SURFACE_CURVE('',#4011,(#4016,#4024),.PCURVE_S1.);
#4011 = ( BOUNDED_CURVE() B_SPLINE_CURVE(3,(#4012,#4013,#4014,#4015),
.UNSPECIFIED.,.F.,.F.) B_SPLINE_CURVE_WITH_KNOTS((4,4),(0.,1.),
.PIECEWISE_BEZIER_KNOTS.) CURVE() GEOMETRIC_REPRESENTATION_ITEM() 
RATIONAL_B_SPLINE_CURVE((1.,1.001988389136,1.000183442697,1.)) 
REPRESENTATION_ITEM('') );
#4012 = CARTESIAN_POINT('',(-5.366482821935,6.550824861818,9.9));
#4013 = CARTESIAN_POINT('',(-5.21257570939,6.395865292168,9.9));
#4014 = CARTESIAN_POINT('',(-5.046109072989,6.177723205175,9.9));
#4015 = CARTESIAN_POINT('',(-5.004138127145,5.961876333343,9.9));
#4016 = PCURVE('',#99,#4017);
#4017 = DEFINITIONAL_REPRESENTATION('',(#4018),#4023);
#4018 = ( BOUNDED_CURVE() B_SPLINE_CURVE(3,(#4019,#4020,#4021,#4022),
.UNSPECIFIED.,.F.,.F.) B_SPLINE_CURVE_WITH_KNOTS((4,4),(0.,1.),
.PIECEWISE_BEZIER_KNOTS.) CURVE() GEOMETRIC_REPRESENTATION_ITEM() 
RATIONAL_B_SPLINE_CURVE((1.,1.001988389136,1.000183442697,1.)) 
REPRESENTATION_ITEM('') );
#4019 = CARTESIAN_POINT('',(-5.366482821935,6.550824861818));
#4020 = CARTESIAN_POINT('',(-5.21257570939,6.395865292168));
#4021 = CARTESIAN_POINT('',(-5.046109072989,6.177723205175));
#4022 = CARTESIAN_POINT('',(-5.004138127145,5.961876333343));
#4023 = ( GEOMETRIC_REPRESENTATION_CONTEXT(2) 
PARAMETRIC_REPRESENTATION_CONTEXT() REPRESENTATION_CONTEXT('2D SPACE',''
  ) );
#4024 = PCURVE('',#1300,#4025);
#4025 = DEFINITIONAL_REPRESENTATION('',(#4026),#4029);
#4026 = B_SPLINE_CURVE_WITH_KNOTS('',1,(#4027,#4028),.UNSPECIFIED.,.F.,
  .F.,(2,2),(0.,1.),.PIECEWISE_BEZIER_KNOTS.);
#4027 = CARTESIAN_POINT('',(1.,0.));
#4028 = CARTESIAN_POINT('',(1.,1.));
#4029 = ( GEOMETRIC_REPRESENTATION_CONTEXT(2) 
PARAMETRIC_REPRESENTATION_CONTEXT() REPRESENTATION_CONTEXT('2D SPACE',''
  ) );
#4030 = ORIENTED_EDGE('',*,*,#4031,.T.);
#4031 = EDGE_CURVE('',#4008,#4032,#4034,.T.);
#4032 = VERTEX_POINT('',#4033);
#4033 = CARTESIAN_POINT('',(-5.107135888313,5.655224400349,9.9));
#4034 = SURFACE_CURVE('',#4035,(#4039,#4046),.PCURVE_S1.);
#4035 = ( BOUNDED_CURVE() B_SPLINE_CURVE(2,(#4036,#4037,#4038),
.UNSPECIFIED.,.F.,.F.) B_SPLINE_CURVE_WITH_KNOTS((3,3),(0.,1.),
.PIECEWISE_BEZIER_KNOTS.) CURVE() GEOMETRIC_REPRESENTATION_ITEM() 
RATIONAL_B_SPLINE_CURVE((1.,0.871648182287,1.)) REPRESENTATION_ITEM('') 
  );
#4036 = CARTESIAN_POINT('',(-5.004138127145,5.961876333343,9.9));
#4037 = CARTESIAN_POINT('',(-4.969421060845,5.779592292396,9.9));
#4038 = CARTESIAN_POINT('',(-5.107135888313,5.655224400349,9.9));
#4039 = PCURVE('',#99,#4040);
#4040 = DEFINITIONAL_REPRESENTATION('',(#4041),#4045);
#4041 = ( BOUNDED_CURVE() B_SPLINE_CURVE(2,(#4042,#4043,#4044),
.UNSPECIFIED.,.F.,.F.) B_SPLINE_CURVE_WITH_KNOTS((3,3),(0.,1.),
.PIECEWISE_BEZIER_KNOTS.) CURVE() GEOMETRIC_REPRESENTATION_ITEM() 
RATIONAL_B_SPLINE_CURVE((1.,0.871648182287,1.)) REPRESENTATION_ITEM('') 
  );
#4042 = CARTESIAN_POINT('',(-5.004138127145,5.961876333343));
#4043 = CARTESIAN_POINT('',(-4.969421060845,5.779592292396));
#4044 = CARTESIAN_POINT('',(-5.107135888313,5.655224400349));
#4045 = ( GEOMETRIC_REPRESENTATION_CONTEXT(2) 
PARAMETRIC_REPRESENTATION_CONTEXT() REPRESENTATION_CONTEXT('2D SPACE',''
  ) );
#4046 = PCURVE('',#1331,#4047);
#4047 = DEFINITIONAL_REPRESENTATION('',(#4048),#4051);
#4048 = B_SPLINE_CURVE_WITH_KNOTS('',1,(#4049,#4050),.UNSPECIFIED.,.F.,
  .F.,(2,2),(0.,1.),.PIECEWISE_BEZIER_KNOTS.);
#4049 = CARTESIAN_POINT('',(1.,0.));
#4050 = CARTESIAN_POINT('',(1.,1.));
#4051 = ( GEOMETRIC_REPRESENTATION_CONTEXT(2) 
PARAMETRIC_REPRESENTATION_CONTEXT() REPRESENTATION_CONTEXT('2D SPACE',''
  ) );
#4052 = ORIENTED_EDGE('',*,*,#4053,.T.);
#4053 = EDGE_CURVE('',#4032,#4054,#4056,.T.);
#4054 = VERTEX_POINT('',#4055);
#4055 = CARTESIAN_POINT('',(-5.655224400349,5.107135888313,9.9));
#4056 = SURFACE_CURVE('',#4057,(#4061,#4068),.PCURVE_S1.);
#4057 = ( BOUNDED_CURVE() B_SPLINE_CURVE(2,(#4058,#4059,#4060),
.UNSPECIFIED.,.F.,.F.) B_SPLINE_CURVE_WITH_KNOTS((3,3),(0.,1.),
.PIECEWISE_BEZIER_KNOTS.) CURVE() GEOMETRIC_REPRESENTATION_ITEM() 
RATIONAL_B_SPLINE_CURVE((1.,0.998705766625,1.)) REPRESENTATION_ITEM('') 
  );
#4058 = CARTESIAN_POINT('',(-5.107135888313,5.655224400349,9.9));
#4059 = CARTESIAN_POINT('',(-5.395136238021,5.395136238021,9.9));
#4060 = CARTESIAN_POINT('',(-5.655224400349,5.107135888313,9.9));
#4061 = PCURVE('',#99,#4062);
#4062 = DEFINITIONAL_REPRESENTATION('',(#4063),#4067);
#4063 = ( BOUNDED_CURVE() B_SPLINE_CURVE(2,(#4064,#4065,#4066),
.UNSPECIFIED.,.F.,.F.) B_SPLINE_CURVE_WITH_KNOTS((3,3),(0.,1.),
.PIECEWISE_BEZIER_KNOTS.) CURVE() GEOMETRIC_REPRESENTATION_ITEM() 
RATIONAL_B_SPLINE_CURVE((1.,0.998705766625,1.)) REPRESENTATION_ITEM('') 
  );
#4064 = CARTESIAN_POINT('',(-5.107135888313,5.655224400349));
#4065 = CARTESIAN_POINT('',(-5.395136238021,5.395136238021));
#4066 = CARTESIAN_POINT('',(-5.655224400349,5.107135888313));
#4067 = ( GEOMETRIC_REPRESENTATION_CONTEXT(2) 
PARAMETRIC_REPRESENTATION_CONTEXT() REPRESENTATION_CONTEXT('2D SPACE',''
  ) );
#4068 = PCURVE('',#1360,#4069);
#4069 = DEFINITIONAL_REPRESENTATION('',(#4070),#4073);
#4070 = B_SPLINE_CURVE_WITH_KNOTS('',1,(#4071,#4072),.UNSPECIFIED.,.F.,
  .F.,(2,2),(0.,1.),.PIECEWISE_BEZIER_KNOTS.);
#4071 = CARTESIAN_POINT('',(1.,0.));
#4072 = CARTESIAN_POINT('',(1.,1.));
#4073 = ( GEOMETRIC_REPRESENTATION_CONTEXT(2) 
PARAMETRIC_REPRESENTATION_CONTEXT() REPRESENTATION_CONTEXT('2D SPACE',''
  ) );
#4074 = ORIENTED_EDGE('',*,*,#4075,.T.);
#4075 = EDGE_CURVE('',#4054,#4076,#4078,.T.);
#4076 = VERTEX_POINT('',#4077);
#4077 = CARTESIAN_POINT('',(-5.961876333343,5.004138127145,9.9));
#4078 = SURFACE_CURVE('',#4079,(#4083,#4090),.PCURVE_S1.);
#4079 = ( BOUNDED_CURVE() B_SPLINE_CURVE(2,(#4080,#4081,#4082),
.UNSPECIFIED.,.F.,.F.) B_SPLINE_CURVE_WITH_KNOTS((3,3),(0.,1.),
.PIECEWISE_BEZIER_KNOTS.) CURVE() GEOMETRIC_REPRESENTATION_ITEM() 
RATIONAL_B_SPLINE_CURVE((1.,0.871648182287,1.)) REPRESENTATION_ITEM('') 
  );
#4080 = CARTESIAN_POINT('',(-5.655224400349,5.107135888313,9.9));
#4081 = CARTESIAN_POINT('',(-5.779592292396,4.969421060845,9.9));
#4082 = CARTESIAN_POINT('',(-5.961876333343,5.004138127145,9.9));
#4083 = PCURVE('',#99,#4084);
#4084 = DEFINITIONAL_REPRESENTATION('',(#4085),#4089);
#4085 = ( BOUNDED_CURVE() B_SPLINE_CURVE(2,(#4086,#4087,#4088),
.UNSPECIFIED.,.F.,.F.) B_SPLINE_CURVE_WITH_KNOTS((3,3),(0.,1.),
.PIECEWISE_BEZIER_KNOTS.) CURVE() GEOMETRIC_REPRESENTATION_ITEM() 
RATIONAL_B_SPLINE_CURVE((1.,0.871648182287,1.)) REPRESENTATION_ITEM('') 
  );
#4086 = CARTESIAN_POINT('',(-5.655224400349,5.107135888313));
#4087 = CARTESIAN_POINT('',(-5.779592292396,4.969421060845));
#4088 = CARTESIAN_POINT('',(-5.961876333343,5.004138127145));
#4089 = ( GEOMETRIC_REPRESENTATION_CONTEXT(2) 
PARAMETRIC_REPRESENTATION_CONTEXT() REPRESENTATION_CONTEXT('2D SPACE',''
  ) );
#4090 = PCURVE('',#1389,#4091);
#4091 = DEFINITIONAL_REPRESENTATION('',(#4092),#4095);
#4092 = B_SPLINE_CURVE_WITH_KNOTS('',1,(#4093,#4094),.UNSPECIFIED.,.F.,
  .F.,(2,2),(0.,1.),.PIECEWISE_BEZIER_KNOTS.);
#4093 = CARTESIAN_POINT('',(1.,0.));
#4094 = CARTESIAN_POINT('',(1.,1.));
#4095 = ( GEOMETRIC_REPRESENTATION_CONTEXT(2) 
PARAMETRIC_REPRESENTATION_CONTEXT() REPRESENTATION_CONTEXT('2D SPACE',''
  ) );
#4096 = ORIENTED_EDGE('',*,*,#4097,.T.);
#4097 = EDGE_CURVE('',#4076,#4098,#4100,.T.);
#4098 = VERTEX_POINT('',#4099);
#4099 = CARTESIAN_POINT('',(-6.550824861818,5.366482821935,9.9));
#4100 = SURFACE_CURVE('',#4101,(#4106,#4114),.PCURVE_S1.);
#4101 = ( BOUNDED_CURVE() B_SPLINE_CURVE(3,(#4102,#4103,#4104,#4105),
.UNSPECIFIED.,.F.,.F.) B_SPLINE_CURVE_WITH_KNOTS((4,4),(0.,1.),
.PIECEWISE_BEZIER_KNOTS.) CURVE() GEOMETRIC_REPRESENTATION_ITEM() 
RATIONAL_B_SPLINE_CURVE((1.,1.000183442697,1.001988389136,1.)) 
REPRESENTATION_ITEM('') );
#4102 = CARTESIAN_POINT('',(-5.961876333343,5.004138127145,9.9));
#4103 = CARTESIAN_POINT('',(-6.177723205175,5.046109072989,9.9));
#4104 = CARTESIAN_POINT('',(-6.395865292168,5.21257570939,9.9));
#4105 = CARTESIAN_POINT('',(-6.550824861818,5.366482821935,9.9));
#4106 = PCURVE('',#99,#4107);
#4107 = DEFINITIONAL_REPRESENTATION('',(#4108),#4113);
#4108 = ( BOUNDED_CURVE() B_SPLINE_CURVE(3,(#4109,#4110,#4111,#4112),
.UNSPECIFIED.,.F.,.F.) B_SPLINE_CURVE_WITH_KNOTS((4,4),(0.,1.),
.PIECEWISE_BEZIER_KNOTS.) CURVE() GEOMETRIC_REPRESENTATION_ITEM() 
RATIONAL_B_SPLINE_CURVE((1.,1.000183442697,1.001988389136,1.)) 
REPRESENTATION_ITEM('') );
#4109 = CARTESIAN_POINT('',(-5.961876333343,5.004138127145));
#4110 = CARTESIAN_POINT('',(-6.177723205175,5.046109072989));
#4111 = CARTESIAN_POINT('',(-6.395865292168,5.21257570939));
#4112 = CARTESIAN_POINT('',(-6.550824861818,5.366482821935));
#4113 = ( GEOMETRIC_REPRESENTATION_CONTEXT(2) 
PARAMETRIC_REPRESENTATION_CONTEXT() REPRESENTATION_CONTEXT('2D SPACE',''
  ) );
#4114 = PCURVE('',#1420,#4115);
#4115 = DEFINITIONAL_REPRESENTATION('',(#4116),#4119);
#4116 = B_SPLINE_CURVE_WITH_KNOTS('',1,(#4117,#4118),.UNSPECIFIED.,.F.,
  .F.,(2,2),(0.,1.),.PIECEWISE_BEZIER_KNOTS.);
#4117 = CARTESIAN_POINT('',(1.,0.));
#4118 = CARTESIAN_POINT('',(1.,1.));
#4119 = ( GEOMETRIC_REPRESENTATION_CONTEXT(2) 
PARAMETRIC_REPRESENTATION_CONTEXT() REPRESENTATION_CONTEXT('2D SPACE',''
  ) );
#4120 = ORIENTED_EDGE('',*,*,#4121,.T.);
#4121 = EDGE_CURVE('',#4098,#4122,#4124,.T.);
#4122 = VERTEX_POINT('',#4123);
#4123 = CARTESIAN_POINT('',(-9.283908116975,5.74938693041,9.9));
#4124 = SURFACE_CURVE('',#4125,(#4130,#4138),.PCURVE_S1.);
#4125 = ( BOUNDED_CURVE() B_SPLINE_CURVE(3,(#4126,#4127,#4128,#4129),
.UNSPECIFIED.,.F.,.F.) B_SPLINE_CURVE_WITH_KNOTS((4,4),(0.,1.),
.PIECEWISE_BEZIER_KNOTS.) CURVE() GEOMETRIC_REPRESENTATION_ITEM() 
RATIONAL_B_SPLINE_CURVE((1.,0.93042703827,1.070034384224,1.)) 
REPRESENTATION_ITEM('') );
#4126 = CARTESIAN_POINT('',(-6.550824861818,5.366482821935,9.9));
#4127 = CARTESIAN_POINT('',(-7.18063866141,5.797002859629,9.9));
#4128 = CARTESIAN_POINT('',(-8.320731729773,5.873184693355,9.9));
#4129 = CARTESIAN_POINT('',(-9.283908116975,5.74938693041,9.9));
#4130 = PCURVE('',#99,#4131);
#4131 = DEFINITIONAL_REPRESENTATION('',(#4132),#4137);
#4132 = ( BOUNDED_CURVE() B_SPLINE_CURVE(3,(#4133,#4134,#4135,#4136),
.UNSPECIFIED.,.F.,.F.) B_SPLINE_CURVE_WITH_KNOTS((4,4),(0.,1.),
.PIECEWISE_BEZIER_KNOTS.) CURVE() GEOMETRIC_REPRESENTATION_ITEM() 
RATIONAL_B_SPLINE_CURVE((1.,0.93042703827,1.070034384224,1.)) 
REPRESENTATION_ITEM('') );
#4133 = CARTESIAN_POINT('',(-6.550824861818,5.366482821935));
#4134 = CARTESIAN_POINT('',(-7.18063866141,5.797002859629));
#4135 = CARTESIAN_POINT('',(-8.320731729773,5.873184693355));
#4136 = CARTESIAN_POINT('',(-9.283908116975,5.74938693041));
#4137 = ( GEOMETRIC_REPRESENTATION_CONTEXT(2) 
PARAMETRIC_REPRESENTATION_CONTEXT() REPRESENTATION_CONTEXT('2D SPACE',''
  ) );
#4138 = PCURVE('',#1453,#4139);
#4139 = DEFINITIONAL_REPRESENTATION('',(#4140),#4143);
#4140 = B_SPLINE_CURVE_WITH_KNOTS('',1,(#4141,#4142),.UNSPECIFIED.,.F.,
  .F.,(2,2),(0.,1.),.PIECEWISE_BEZIER_KNOTS.);
#4141 = CARTESIAN_POINT('',(1.,0.));
#4142 = CARTESIAN_POINT('',(1.,1.));
#4143 = ( GEOMETRIC_REPRESENTATION_CONTEXT(2) 
PARAMETRIC_REPRESENTATION_CONTEXT() REPRESENTATION_CONTEXT('2D SPACE',''
  ) );
#4144 = ORIENTED_EDGE('',*,*,#4145,.T.);
#4145 = EDGE_CURVE('',#4122,#4146,#4148,.T.);
#4146 = VERTEX_POINT('',#4147);
#4147 = CARTESIAN_POINT('',(-9.621069196408,5.165406810496,9.9));
#4148 = SURFACE_CURVE('',#4149,(#4153,#4160),.PCURVE_S1.);
#4149 = ( BOUNDED_CURVE() B_SPLINE_CURVE(2,(#4150,#4151,#4152),
.UNSPECIFIED.,.F.,.F.) B_SPLINE_CURVE_WITH_KNOTS((3,3),(0.,1.),
.PIECEWISE_BEZIER_KNOTS.) CURVE() GEOMETRIC_REPRESENTATION_ITEM() 
RATIONAL_B_SPLINE_CURVE((1.,0.999523236347,1.)) REPRESENTATION_ITEM('') 
  );
#4150 = CARTESIAN_POINT('',(-9.283908116975,5.74938693041,9.9));
#4151 = CARTESIAN_POINT('',(-9.461508312595,5.462604371217,9.9));
#4152 = CARTESIAN_POINT('',(-9.621069196408,5.165406810496,9.9));
#4153 = PCURVE('',#99,#4154);
#4154 = DEFINITIONAL_REPRESENTATION('',(#4155),#4159);
#4155 = ( BOUNDED_CURVE() B_SPLINE_CURVE(2,(#4156,#4157,#4158),
.UNSPECIFIED.,.F.,.F.) B_SPLINE_CURVE_WITH_KNOTS((3,3),(0.,1.),
.PIECEWISE_BEZIER_KNOTS.) CURVE() GEOMETRIC_REPRESENTATION_ITEM() 
RATIONAL_B_SPLINE_CURVE((1.,0.999523236347,1.)) REPRESENTATION_ITEM('') 
  );
#4156 = CARTESIAN_POINT('',(-9.283908116975,5.74938693041));
#4157 = CARTESIAN_POINT('',(-9.461508312595,5.462604371217));
#4158 = CARTESIAN_POINT('',(-9.621069196408,5.165406810496));
#4159 = ( GEOMETRIC_REPRESENTATION_CONTEXT(2) 
PARAMETRIC_REPRESENTATION_CONTEXT() REPRESENTATION_CONTEXT('2D SPACE',''
  ) );
#4160 = PCURVE('',#1484,#4161);
#4161 = DEFINITIONAL_REPRESENTATION('',(#4162),#4165);
#4162 = B_SPLINE_CURVE_WITH_KNOTS('',1,(#4163,#4164),.UNSPECIFIED.,.F.,
  .F.,(2,2),(0.,1.),.PIECEWISE_BEZIER_KNOTS.);
#4163 = CARTESIAN_POINT('',(1.,0.));
#4164 = CARTESIAN_POINT('',(1.,1.));
#4165 = ( GEOMETRIC_REPRESENTATION_CONTEXT(2) 
PARAMETRIC_REPRESENTATION_CONTEXT() REPRESENTATION_CONTEXT('2D SPACE',''
  ) );
#4166 = ORIENTED_EDGE('',*,*,#4167,.T.);
#4167 = EDGE_CURVE('',#4146,#4168,#4170,.T.);
#4168 = VERTEX_POINT('',#4169);
#4169 = CARTESIAN_POINT('',(-7.922922883677,2.98993933511,9.9));
#4170 = SURFACE_CURVE('',#4171,(#4176,#4184),.PCURVE_S1.);
#4171 = ( BOUNDED_CURVE() B_SPLINE_CURVE(3,(#4172,#4173,#4174,#4175),
.UNSPECIFIED.,.F.,.F.) B_SPLINE_CURVE_WITH_KNOTS((4,4),(0.,1.),
.PIECEWISE_BEZIER_KNOTS.) CURVE() GEOMETRIC_REPRESENTATION_ITEM() 
RATIONAL_B_SPLINE_CURVE((1.,1.070034384224,0.93042703827,1.)) 
REPRESENTATION_ITEM('') );
#4172 = CARTESIAN_POINT('',(-9.621069196408,5.165406810496,9.9));
#4173 = CARTESIAN_POINT('',(-9.24669301045,4.269372709381,9.9));
#4174 = CARTESIAN_POINT('',(-8.610671072955,3.320114066363,9.9));
#4175 = CARTESIAN_POINT('',(-7.922922883677,2.98993933511,9.9));
#4176 = PCURVE('',#99,#4177);
#4177 = DEFINITIONAL_REPRESENTATION('',(#4178),#4183);
#4178 = ( BOUNDED_CURVE() B_SPLINE_CURVE(3,(#4179,#4180,#4181,#4182),
.UNSPECIFIED.,.F.,.F.) B_SPLINE_CURVE_WITH_KNOTS((4,4),(0.,1.),
.PIECEWISE_BEZIER_KNOTS.) CURVE() GEOMETRIC_REPRESENTATION_ITEM() 
RATIONAL_B_SPLINE_CURVE((1.,1.070034384224,0.93042703827,1.)) 
REPRESENTATION_ITEM('') );
#4179 = CARTESIAN_POINT('',(-9.621069196408,5.165406810496));
#4180 = CARTESIAN_POINT('',(-9.24669301045,4.269372709381));
#4181 = CARTESIAN_POINT('',(-8.610671072955,3.320114066363));
#4182 = CARTESIAN_POINT('',(-7.922922883677,2.98993933511));
#4183 = ( GEOMETRIC_REPRESENTATION_CONTEXT(2) 
PARAMETRIC_REPRESENTATION_CONTEXT() REPRESENTATION_CONTEXT('2D SPACE',''
  ) );
#4184 = PCURVE('',#1515,#4185);
#4185 = DEFINITIONAL_REPRESENTATION('',(#4186),#4189);
#4186 = B_SPLINE_CURVE_WITH_KNOTS('',1,(#4187,#4188),.UNSPECIFIED.,.F.,
  .F.,(2,2),(0.,1.),.PIECEWISE_BEZIER_KNOTS.);
#4187 = CARTESIAN_POINT('',(1.,0.));
#4188 = CARTESIAN_POINT('',(1.,1.));
#4189 = ( GEOMETRIC_REPRESENTATION_CONTEXT(2) 
PARAMETRIC_REPRESENTATION_CONTEXT() REPRESENTATION_CONTEXT('2D SPACE',''
  ) );
#4190 = ORIENTED_EDGE('',*,*,#4191,.T.);
#4191 = EDGE_CURVE('',#4168,#4192,#4194,.T.);
#4192 = VERTEX_POINT('',#4193);
#4193 = CARTESIAN_POINT('',(-7.314648908825,2.661067295324,9.9));
#4194 = SURFACE_CURVE('',#4195,(#4200,#4208),.PCURVE_S1.);
#4195 = ( BOUNDED_CURVE() B_SPLINE_CURVE(3,(#4196,#4197,#4198,#4199),
.UNSPECIFIED.,.F.,.F.) B_SPLINE_CURVE_WITH_KNOTS((4,4),(0.,1.),
.PIECEWISE_BEZIER_KNOTS.) CURVE() GEOMETRIC_REPRESENTATION_ITEM() 
RATIONAL_B_SPLINE_CURVE((1.,1.001988389136,1.000183442697,1.)) 
REPRESENTATION_ITEM('') );
#4196 = CARTESIAN_POINT('',(-7.922922883677,2.98993933511,9.9));
#4197 = CARTESIAN_POINT('',(-7.712155629565,2.932693967506,9.9));
#4198 = CARTESIAN_POINT('',(-7.458920250063,2.827010696736,9.9));
#4199 = CARTESIAN_POINT('',(-7.314648908825,2.661067295324,9.9));
#4200 = PCURVE('',#99,#4201);
#4201 = DEFINITIONAL_REPRESENTATION('',(#4202),#4207);
#4202 = ( BOUNDED_CURVE() B_SPLINE_CURVE(3,(#4203,#4204,#4205,#4206),
.UNSPECIFIED.,.F.,.F.) B_SPLINE_CURVE_WITH_KNOTS((4,4),(0.,1.),
.PIECEWISE_BEZIER_KNOTS.) CURVE() GEOMETRIC_REPRESENTATION_ITEM() 
RATIONAL_B_SPLINE_CURVE((1.,1.001988389136,1.000183442697,1.)) 
REPRESENTATION_ITEM('') );
#4203 = CARTESIAN_POINT('',(-7.922922883677,2.98993933511));
#4204 = CARTESIAN_POINT('',(-7.712155629565,2.932693967506));
#4205 = CARTESIAN_POINT('',(-7.458920250063,2.827010696736));
#4206 = CARTESIAN_POINT('',(-7.314648908825,2.661067295324));
#4207 = ( GEOMETRIC_REPRESENTATION_CONTEXT(2) 
PARAMETRIC_REPRESENTATION_CONTEXT() REPRESENTATION_CONTEXT('2D SPACE',''
  ) );
#4208 = PCURVE('',#1548,#4209);
#4209 = DEFINITIONAL_REPRESENTATION('',(#4210),#4213);
#4210 = B_SPLINE_CURVE_WITH_KNOTS('',1,(#4211,#4212),.UNSPECIFIED.,.F.,
  .F.,(2,2),(0.,1.),.PIECEWISE_BEZIER_KNOTS.);
#4211 = CARTESIAN_POINT('',(1.,0.));
#4212 = CARTESIAN_POINT('',(1.,1.));
#4213 = ( GEOMETRIC_REPRESENTATION_CONTEXT(2) 
PARAMETRIC_REPRESENTATION_CONTEXT() REPRESENTATION_CONTEXT('2D SPACE',''
  ) );
#4214 = ORIENTED_EDGE('',*,*,#4215,.T.);
#4215 = EDGE_CURVE('',#4192,#4216,#4218,.T.);
#4216 = VERTEX_POINT('',#4217);
#4217 = CARTESIAN_POINT('',(-7.250521620033,2.344000050648,9.9));
#4218 = SURFACE_CURVE('',#4219,(#4223,#4230),.PCURVE_S1.);
#4219 = ( BOUNDED_CURVE() B_SPLINE_CURVE(2,(#4220,#4221,#4222),
.UNSPECIFIED.,.F.,.F.) B_SPLINE_CURVE_WITH_KNOTS((3,3),(0.,1.),
.PIECEWISE_BEZIER_KNOTS.) CURVE() GEOMETRIC_REPRESENTATION_ITEM() 
RATIONAL_B_SPLINE_CURVE((1.,0.871648182287,1.)) REPRESENTATION_ITEM('') 
  );
#4220 = CARTESIAN_POINT('',(-7.314648908825,2.661067295324,9.9));
#4221 = CARTESIAN_POINT('',(-7.193441026991,2.520563218309,9.9));
#4222 = CARTESIAN_POINT('',(-7.250521620033,2.344000050648,9.9));
#4223 = PCURVE('',#99,#4224);
#4224 = DEFINITIONAL_REPRESENTATION('',(#4225),#4229);
#4225 = ( BOUNDED_CURVE() B_SPLINE_CURVE(2,(#4226,#4227,#4228),
.UNSPECIFIED.,.F.,.F.) B_SPLINE_CURVE_WITH_KNOTS((3,3),(0.,1.),
.PIECEWISE_BEZIER_KNOTS.) CURVE() GEOMETRIC_REPRESENTATION_ITEM() 
RATIONAL_B_SPLINE_CURVE((1.,0.871648182287,1.)) REPRESENTATION_ITEM('') 
  );
#4226 = CARTESIAN_POINT('',(-7.314648908825,2.661067295324));
#4227 = CARTESIAN_POINT('',(-7.193441026991,2.520563218309));
#4228 = CARTESIAN_POINT('',(-7.250521620033,2.344000050648));
#4229 = ( GEOMETRIC_REPRESENTATION_CONTEXT(2) 
PARAMETRIC_REPRESENTATION_CONTEXT() REPRESENTATION_CONTEXT('2D SPACE',''
  ) );
#4230 = PCURVE('',#1579,#4231);
#4231 = DEFINITIONAL_REPRESENTATION('',(#4232),#4235);
#4232 = B_SPLINE_CURVE_WITH_KNOTS('',1,(#4233,#4234),.UNSPECIFIED.,.F.,
  .F.,(2,2),(0.,1.),.PIECEWISE_BEZIER_KNOTS.);
#4233 = CARTESIAN_POINT('',(1.,0.));
#4234 = CARTESIAN_POINT('',(1.,1.));
#4235 = ( GEOMETRIC_REPRESENTATION_CONTEXT(2) 
PARAMETRIC_REPRESENTATION_CONTEXT() REPRESENTATION_CONTEXT('2D SPACE',''
  ) );
#4236 = ORIENTED_EDGE('',*,*,#4237,.T.);
#4237 = EDGE_CURVE('',#4216,#4238,#4240,.T.);
#4238 = VERTEX_POINT('',#4239);
#4239 = CARTESIAN_POINT('',(-7.451135938961,1.595297219683,9.9));
#4240 = SURFACE_CURVE('',#4241,(#4245,#4252),.PCURVE_S1.);
#4241 = ( BOUNDED_CURVE() B_SPLINE_CURVE(2,(#4242,#4243,#4244),
.UNSPECIFIED.,.F.,.F.) B_SPLINE_CURVE_WITH_KNOTS((3,3),(0.,1.),
.PIECEWISE_BEZIER_KNOTS.) CURVE() GEOMETRIC_REPRESENTATION_ITEM() 
RATIONAL_B_SPLINE_CURVE((1.,0.998705766625,1.)) REPRESENTATION_ITEM('') 
  );
#4242 = CARTESIAN_POINT('',(-7.250521620033,2.344000050648,9.9));
#4243 = CARTESIAN_POINT('',(-7.369893158015,1.974756919994,9.9));
#4244 = CARTESIAN_POINT('',(-7.451135938961,1.595297219683,9.9));
#4245 = PCURVE('',#99,#4246);
#4246 = DEFINITIONAL_REPRESENTATION('',(#4247),#4251);
#4247 = ( BOUNDED_CURVE() B_SPLINE_CURVE(2,(#4248,#4249,#4250),
.UNSPECIFIED.,.F.,.F.) B_SPLINE_CURVE_WITH_KNOTS((3,3),(0.,1.),
.PIECEWISE_BEZIER_KNOTS.) CURVE() GEOMETRIC_REPRESENTATION_ITEM() 
RATIONAL_B_SPLINE_CURVE((1.,0.998705766625,1.)) REPRESENTATION_ITEM('') 
  );
#4248 = CARTESIAN_POINT('',(-7.250521620033,2.344000050648));
#4249 = CARTESIAN_POINT('',(-7.369893158015,1.974756919994));
#4250 = CARTESIAN_POINT('',(-7.451135938961,1.595297219683));
#4251 = ( GEOMETRIC_REPRESENTATION_CONTEXT(2) 
PARAMETRIC_REPRESENTATION_CONTEXT() REPRESENTATION_CONTEXT('2D SPACE',''
  ) );
#4252 = PCURVE('',#1608,#4253);
#4253 = DEFINITIONAL_REPRESENTATION('',(#4254),#4257);
#4254 = B_SPLINE_CURVE_WITH_KNOTS('',1,(#4255,#4256),.UNSPECIFIED.,.F.,
  .F.,(2,2),(0.,1.),.PIECEWISE_BEZIER_KNOTS.);
#4255 = CARTESIAN_POINT('',(1.,0.));
#4256 = CARTESIAN_POINT('',(1.,1.));
#4257 = ( GEOMETRIC_REPRESENTATION_CONTEXT(2) 
PARAMETRIC_REPRESENTATION_CONTEXT() REPRESENTATION_CONTEXT('2D SPACE',''
  ) );
#4258 = ORIENTED_EDGE('',*,*,#4259,.T.);
#4259 = EDGE_CURVE('',#4238,#4260,#4262,.T.);
#4260 = VERTEX_POINT('',#4261);
#4261 = CARTESIAN_POINT('',(-7.665205422469,1.352772575483,9.9));
#4262 = SURFACE_CURVE('',#4263,(#4267,#4274),.PCURVE_S1.);
#4263 = ( BOUNDED_CURVE() B_SPLINE_CURVE(2,(#4264,#4265,#4266),
.UNSPECIFIED.,.F.,.F.) B_SPLINE_CURVE_WITH_KNOTS((3,3),(0.,1.),
.PIECEWISE_BEZIER_KNOTS.) CURVE() GEOMETRIC_REPRESENTATION_ITEM() 
RATIONAL_B_SPLINE_CURVE((1.,0.871648182287,1.)) REPRESENTATION_ITEM('') 
  );
#4264 = CARTESIAN_POINT('',(-7.451135938961,1.595297219683,9.9));
#4265 = CARTESIAN_POINT('',(-7.489984279154,1.413848734595,9.9));
#4266 = CARTESIAN_POINT('',(-7.665205422469,1.352772575482,9.9));
#4267 = PCURVE('',#99,#4268);
#4268 = DEFINITIONAL_REPRESENTATION('',(#4269),#4273);
#4269 = ( BOUNDED_CURVE() B_SPLINE_CURVE(2,(#4270,#4271,#4272),
.UNSPECIFIED.,.F.,.F.) B_SPLINE_CURVE_WITH_KNOTS((3,3),(0.,1.),
.PIECEWISE_BEZIER_KNOTS.) CURVE() GEOMETRIC_REPRESENTATION_ITEM() 
RATIONAL_B_SPLINE_CURVE((1.,0.871648182287,1.)) REPRESENTATION_ITEM('') 
  );
#4270 = CARTESIAN_POINT('',(-7.451135938961,1.595297219683));
#4271 = CARTESIAN_POINT('',(-7.489984279154,1.413848734595));
#4272 = CARTESIAN_POINT('',(-7.665205422469,1.352772575482));
#4273 = ( GEOMETRIC_REPRESENTATION_CONTEXT(2) 
PARAMETRIC_REPRESENTATION_CONTEXT() REPRESENTATION_CONTEXT('2D SPACE',''
  ) );
#4274 = PCURVE('',#1637,#4275);
#4275 = DEFINITIONAL_REPRESENTATION('',(#4276),#4279);
#4276 = B_SPLINE_CURVE_WITH_KNOTS('',1,(#4277,#4278),.UNSPECIFIED.,.F.,
  .F.,(2,2),(0.,1.),.PIECEWISE_BEZIER_KNOTS.);
#4277 = CARTESIAN_POINT('',(1.,0.));
#4278 = CARTESIAN_POINT('',(1.,1.));
#4279 = ( GEOMETRIC_REPRESENTATION_CONTEXT(2) 
PARAMETRIC_REPRESENTATION_CONTEXT() REPRESENTATION_CONTEXT('2D SPACE',''
  ) );
#4280 = ORIENTED_EDGE('',*,*,#4281,.T.);
#4281 = EDGE_CURVE('',#4260,#4282,#4284,.T.);
#4282 = VERTEX_POINT('',#4283);
#4283 = CARTESIAN_POINT('',(-8.356422157044,1.372098021859,9.9));
#4284 = SURFACE_CURVE('',#4285,(#4290,#4298),.PCURVE_S1.);
#4285 = ( BOUNDED_CURVE() B_SPLINE_CURVE(3,(#4286,#4287,#4288,#4289),
.UNSPECIFIED.,.F.,.F.) B_SPLINE_CURVE_WITH_KNOTS((4,4),(0.,1.),
.PIECEWISE_BEZIER_KNOTS.) CURVE() GEOMETRIC_REPRESENTATION_ITEM() 
RATIONAL_B_SPLINE_CURVE((1.,1.000183442697,1.001988389136,1.)) 
REPRESENTATION_ITEM('') );
#4286 = CARTESIAN_POINT('',(-7.665205422469,1.352772575482,9.9));
#4287 = CARTESIAN_POINT('',(-7.873119769725,1.281197044888,9.9));
#4288 = CARTESIAN_POINT('',(-8.145269676895,1.316290337397,9.9));
#4289 = CARTESIAN_POINT('',(-8.356422157044,1.372098021859,9.9));
#4290 = PCURVE('',#99,#4291);
#4291 = DEFINITIONAL_REPRESENTATION('',(#4292),#4297);
#4292 = ( BOUNDED_CURVE() B_SPLINE_CURVE(3,(#4293,#4294,#4295,#4296),
.UNSPECIFIED.,.F.,.F.) B_SPLINE_CURVE_WITH_KNOTS((4,4),(0.,1.),
.PIECEWISE_BEZIER_KNOTS.) CURVE() GEOMETRIC_REPRESENTATION_ITEM() 
RATIONAL_B_SPLINE_CURVE((1.,1.000183442697,1.001988389136,1.)) 
REPRESENTATION_ITEM('') );
#4293 = CARTESIAN_POINT('',(-7.665205422469,1.352772575482));
#4294 = CARTESIAN_POINT('',(-7.873119769725,1.281197044888));
#4295 = CARTESIAN_POINT('',(-8.145269676895,1.316290337397));
#4296 = CARTESIAN_POINT('',(-8.356422157044,1.372098021859));
#4297 = ( GEOMETRIC_REPRESENTATION_CONTEXT(2) 
PARAMETRIC_REPRESENTATION_CONTEXT() REPRESENTATION_CONTEXT('2D SPACE',''
  ) );
#4298 = PCURVE('',#1668,#4299);
#4299 = DEFINITIONAL_REPRESENTATION('',(#4300),#4303);
#4300 = B_SPLINE_CURVE_WITH_KNOTS('',1,(#4301,#4302),.UNSPECIFIED.,.F.,
  .F.,(2,2),(0.,1.),.PIECEWISE_BEZIER_KNOTS.);
#4301 = CARTESIAN_POINT('',(1.,0.));
#4302 = CARTESIAN_POINT('',(1.,1.));
#4303 = ( GEOMETRIC_REPRESENTATION_CONTEXT(2) 
PARAMETRIC_REPRESENTATION_CONTEXT() REPRESENTATION_CONTEXT('2D SPACE',''
  ) );
#4304 = ORIENTED_EDGE('',*,*,#4305,.T.);
#4305 = EDGE_CURVE('',#4282,#4306,#4308,.T.);
#4306 = VERTEX_POINT('',#4307);
#4307 = CARTESIAN_POINT('',(-10.9147937409,0.337161079433,9.9));
#4308 = SURFACE_CURVE('',#4309,(#4314,#4322),.PCURVE_S1.);
#4309 = ( BOUNDED_CURVE() B_SPLINE_CURVE(3,(#4310,#4311,#4312,#4313),
.UNSPECIFIED.,.F.,.F.) B_SPLINE_CURVE_WITH_KNOTS((4,4),(0.,1.),
.PIECEWISE_BEZIER_KNOTS.) CURVE() GEOMETRIC_REPRESENTATION_ITEM() 
RATIONAL_B_SPLINE_CURVE((1.,0.93042703827,1.070034384224,1.)) 
REPRESENTATION_ITEM('') );
#4310 = CARTESIAN_POINT('',(-8.356422157044,1.372098021859,9.9));
#4311 = CARTESIAN_POINT('',(-9.117116925992,1.430032411545,9.9));
#4312 = CARTESIAN_POINT('',(-10.14255740273,0.925961280677,9.9));
#4313 = CARTESIAN_POINT('',(-10.9147937409,0.337161079433,9.9));
#4314 = PCURVE('',#99,#4315);
#4315 = DEFINITIONAL_REPRESENTATION('',(#4316),#4321);
#4316 = ( BOUNDED_CURVE() B_SPLINE_CURVE(3,(#4317,#4318,#4319,#4320),
.UNSPECIFIED.,.F.,.F.) B_SPLINE_CURVE_WITH_KNOTS((4,4),(0.,1.),
.PIECEWISE_BEZIER_KNOTS.) CURVE() GEOMETRIC_REPRESENTATION_ITEM() 
RATIONAL_B_SPLINE_CURVE((1.,0.93042703827,1.070034384224,1.)) 
REPRESENTATION_ITEM('') );
#4317 = CARTESIAN_POINT('',(-8.356422157044,1.372098021859));
#4318 = CARTESIAN_POINT('',(-9.117116925992,1.430032411545));
#4319 = CARTESIAN_POINT('',(-10.14255740273,0.925961280677));
#4320 = CARTESIAN_POINT('',(-10.9147937409,0.337161079433));
#4321 = ( GEOMETRIC_REPRESENTATION_CONTEXT(2) 
PARAMETRIC_REPRESENTATION_CONTEXT() REPRESENTATION_CONTEXT('2D SPACE',''
  ) );
#4322 = PCURVE('',#1701,#4323);
#4323 = DEFINITIONAL_REPRESENTATION('',(#4324),#4327);
#4324 = B_SPLINE_CURVE_WITH_KNOTS('',1,(#4325,#4326),.UNSPECIFIED.,.F.,
  .F.,(2,2),(0.,1.),.PIECEWISE_BEZIER_KNOTS.);
#4325 = CARTESIAN_POINT('',(1.,0.));
#4326 = CARTESIAN_POINT('',(1.,1.));
#4327 = ( GEOMETRIC_REPRESENTATION_CONTEXT(2) 
PARAMETRIC_REPRESENTATION_CONTEXT() REPRESENTATION_CONTEXT('2D SPACE',''
  ) );
#4328 = ORIENTED_EDGE('',*,*,#4329,.T.);
#4329 = EDGE_CURVE('',#4306,#4330,#4332,.T.);
#4330 = VERTEX_POINT('',#4331);
#4331 = CARTESIAN_POINT('',(-10.9147937409,-0.337161079433,9.9));
#4332 = SURFACE_CURVE('',#4333,(#4337,#4344),.PCURVE_S1.);
#4333 = ( BOUNDED_CURVE() B_SPLINE_CURVE(2,(#4334,#4335,#4336),
.UNSPECIFIED.,.F.,.F.) B_SPLINE_CURVE_WITH_KNOTS((3,3),(0.,1.),
.PIECEWISE_BEZIER_KNOTS.) CURVE() GEOMETRIC_REPRESENTATION_ITEM() 
RATIONAL_B_SPLINE_CURVE((1.,0.999523236347,1.)) REPRESENTATION_ITEM('') 
  );
#4334 = CARTESIAN_POINT('',(-10.9147937409,0.337161079433,9.9));
#4335 = CARTESIAN_POINT('',(-10.92520874243,1.337952191644E-15,9.9));
#4336 = CARTESIAN_POINT('',(-10.9147937409,-0.337161079433,9.9));
#4337 = PCURVE('',#99,#4338);
#4338 = DEFINITIONAL_REPRESENTATION('',(#4339),#4343);
#4339 = ( BOUNDED_CURVE() B_SPLINE_CURVE(2,(#4340,#4341,#4342),
.UNSPECIFIED.,.F.,.F.) B_SPLINE_CURVE_WITH_KNOTS((3,3),(0.,1.),
.PIECEWISE_BEZIER_KNOTS.) CURVE() GEOMETRIC_REPRESENTATION_ITEM() 
RATIONAL_B_SPLINE_CURVE((1.,0.999523236347,1.)) REPRESENTATION_ITEM('') 
  );
#4340 = CARTESIAN_POINT('',(-10.9147937409,0.337161079433));
#4341 = CARTESIAN_POINT('',(-10.92520874243,2.375522236252E-15));
#4342 = CARTESIAN_POINT('',(-10.9147937409,-0.337161079433));
#4343 = ( GEOMETRIC_REPRESENTATION_CONTEXT(2) 
PARAMETRIC_REPRESENTATION_CONTEXT() REPRESENTATION_CONTEXT('2D SPACE',''
  ) );
#4344 = PCURVE('',#1732,#4345);
#4345 = DEFINITIONAL_REPRESENTATION('',(#4346),#4349);
#4346 = B_SPLINE_CURVE_WITH_KNOTS('',1,(#4347,#4348),.UNSPECIFIED.,.F.,
  .F.,(2,2),(0.,1.),.PIECEWISE_BEZIER_KNOTS.);
#4347 = CARTESIAN_POINT('',(1.,0.));
#4348 = CARTESIAN_POINT('',(1.,1.));
#4349 = ( GEOMETRIC_REPRESENTATION_CONTEXT(2) 
PARAMETRIC_REPRESENTATION_CONTEXT() REPRESENTATION_CONTEXT('2D SPACE',''
  ) );
#4350 = ORIENTED_EDGE('',*,*,#4351,.T.);
#4351 = EDGE_CURVE('',#4330,#4352,#4354,.T.);
#4352 = VERTEX_POINT('',#4353);
#4353 = CARTESIAN_POINT('',(-8.356422157044,-1.372098021859,9.9));
#4354 = SURFACE_CURVE('',#4355,(#4360,#4368),.PCURVE_S1.);
#4355 = ( BOUNDED_CURVE() B_SPLINE_CURVE(3,(#4356,#4357,#4358,#4359),
.UNSPECIFIED.,.F.,.F.) B_SPLINE_CURVE_WITH_KNOTS((4,4),(0.,1.),
.PIECEWISE_BEZIER_KNOTS.) CURVE() GEOMETRIC_REPRESENTATION_ITEM() 
RATIONAL_B_SPLINE_CURVE((1.,1.070034384224,0.93042703827,1.)) 
REPRESENTATION_ITEM('') );
#4356 = CARTESIAN_POINT('',(-10.9147937409,-0.337161079433,9.9));
#4357 = CARTESIAN_POINT('',(-10.14255740273,-0.925961280677,9.9));
#4358 = CARTESIAN_POINT('',(-9.117116925992,-1.430032411545,9.9));
#4359 = CARTESIAN_POINT('',(-8.356422157044,-1.372098021859,9.9));
#4360 = PCURVE('',#99,#4361);
#4361 = DEFINITIONAL_REPRESENTATION('',(#4362),#4367);
#4362 = ( BOUNDED_CURVE() B_SPLINE_CURVE(3,(#4363,#4364,#4365,#4366),
.UNSPECIFIED.,.F.,.F.) B_SPLINE_CURVE_WITH_KNOTS((4,4),(0.,1.),
.PIECEWISE_BEZIER_KNOTS.) CURVE() GEOMETRIC_REPRESENTATION_ITEM() 
RATIONAL_B_SPLINE_CURVE((1.,1.070034384224,0.93042703827,1.)) 
REPRESENTATION_ITEM('') );
#4363 = CARTESIAN_POINT('',(-10.9147937409,-0.337161079433));
#4364 = CARTESIAN_POINT('',(-10.14255740273,-0.925961280677));
#4365 = CARTESIAN_POINT('',(-9.117116925992,-1.430032411545));
#4366 = CARTESIAN_POINT('',(-8.356422157044,-1.372098021859));
#4367 = ( GEOMETRIC_REPRESENTATION_CONTEXT(2) 
PARAMETRIC_REPRESENTATION_CONTEXT() REPRESENTATION_CONTEXT('2D SPACE',''
  ) );
#4368 = PCURVE('',#1763,#4369);
#4369 = DEFINITIONAL_REPRESENTATION('',(#4370),#4373);
#4370 = B_SPLINE_CURVE_WITH_KNOTS('',1,(#4371,#4372),.UNSPECIFIED.,.F.,
  .F.,(2,2),(0.,1.),.PIECEWISE_BEZIER_KNOTS.);
#4371 = CARTESIAN_POINT('',(1.,0.));
#4372 = CARTESIAN_POINT('',(1.,1.));
#4373 = ( GEOMETRIC_REPRESENTATION_CONTEXT(2) 
PARAMETRIC_REPRESENTATION_CONTEXT() REPRESENTATION_CONTEXT('2D SPACE',''
  ) );
#4374 = ORIENTED_EDGE('',*,*,#4375,.T.);
#4375 = EDGE_CURVE('',#4352,#4376,#4378,.T.);
#4376 = VERTEX_POINT('',#4377);
#4377 = CARTESIAN_POINT('',(-7.665205422469,-1.352772575482,9.9));
#4378 = SURFACE_CURVE('',#4379,(#4384,#4392),.PCURVE_S1.);
#4379 = ( BOUNDED_CURVE() B_SPLINE_CURVE(3,(#4380,#4381,#4382,#4383),
.UNSPECIFIED.,.F.,.F.) B_SPLINE_CURVE_WITH_KNOTS((4,4),(0.,1.),
.PIECEWISE_BEZIER_KNOTS.) CURVE() GEOMETRIC_REPRESENTATION_ITEM() 
RATIONAL_B_SPLINE_CURVE((1.,1.001988389136,1.000183442697,1.)) 
REPRESENTATION_ITEM('') );
#4380 = CARTESIAN_POINT('',(-8.356422157044,-1.372098021859,9.9));
#4381 = CARTESIAN_POINT('',(-8.145269676895,-1.316290337397,9.9));
#4382 = CARTESIAN_POINT('',(-7.873119769725,-1.281197044888,9.9));
#4383 = CARTESIAN_POINT('',(-7.665205422469,-1.352772575482,9.9));
#4384 = PCURVE('',#99,#4385);
#4385 = DEFINITIONAL_REPRESENTATION('',(#4386),#4391);
#4386 = ( BOUNDED_CURVE() B_SPLINE_CURVE(3,(#4387,#4388,#4389,#4390),
.UNSPECIFIED.,.F.,.F.) B_SPLINE_CURVE_WITH_KNOTS((4,4),(0.,1.),
.PIECEWISE_BEZIER_KNOTS.) CURVE() GEOMETRIC_REPRESENTATION_ITEM() 
RATIONAL_B_SPLINE_CURVE((1.,1.001988389136,1.000183442697,1.)) 
REPRESENTATION_ITEM('') );
#4387 = CARTESIAN_POINT('',(-8.356422157044,-1.372098021859));
#4388 = CARTESIAN_POINT('',(-8.145269676895,-1.316290337397));
#4389 = CARTESIAN_POINT('',(-7.873119769725,-1.281197044888));
#4390 = CARTESIAN_POINT('',(-7.665205422469,-1.352772575482));
#4391 = ( GEOMETRIC_REPRESENTATION_CONTEXT(2) 
PARAMETRIC_REPRESENTATION_CONTEXT() REPRESENTATION_CONTEXT('2D SPACE',''
  ) );
#4392 = PCURVE('',#1796,#4393);
#4393 = DEFINITIONAL_REPRESENTATION('',(#4394),#4397);
#4394 = B_SPLINE_CURVE_WITH_KNOTS('',1,(#4395,#4396),.UNSPECIFIED.,.F.,
  .F.,(2,2),(0.,1.),.PIECEWISE_BEZIER_KNOTS.);
#4395 = CARTESIAN_POINT('',(1.,0.));
#4396 = CARTESIAN_POINT('',(1.,1.));
#4397 = ( GEOMETRIC_REPRESENTATION_CONTEXT(2) 
PARAMETRIC_REPRESENTATION_CONTEXT() REPRESENTATION_CONTEXT('2D SPACE',''
  ) );
#4398 = ORIENTED_EDGE('',*,*,#4399,.T.);
#4399 = EDGE_CURVE('',#4376,#4400,#4402,.T.);
#4400 = VERTEX_POINT('',#4401);
#4401 = CARTESIAN_POINT('',(-7.451135938961,-1.595297219683,9.9));
#4402 = SURFACE_CURVE('',#4403,(#4407,#4414),.PCURVE_S1.);
#4403 = ( BOUNDED_CURVE() B_SPLINE_CURVE(2,(#4404,#4405,#4406),
.UNSPECIFIED.,.F.,.F.) B_SPLINE_CURVE_WITH_KNOTS((3,3),(0.,1.),
.PIECEWISE_BEZIER_KNOTS.) CURVE() GEOMETRIC_REPRESENTATION_ITEM() 
RATIONAL_B_SPLINE_CURVE((1.,0.871648182287,1.)) REPRESENTATION_ITEM('') 
  );
#4404 = CARTESIAN_POINT('',(-7.665205422469,-1.352772575482,9.9));
#4405 = CARTESIAN_POINT('',(-7.489984279154,-1.413848734595,9.9));
#4406 = CARTESIAN_POINT('',(-7.451135938961,-1.595297219683,9.9));
#4407 = PCURVE('',#99,#4408);
#4408 = DEFINITIONAL_REPRESENTATION('',(#4409),#4413);
#4409 = ( BOUNDED_CURVE() B_SPLINE_CURVE(2,(#4410,#4411,#4412),
.UNSPECIFIED.,.F.,.F.) B_SPLINE_CURVE_WITH_KNOTS((3,3),(0.,1.),
.PIECEWISE_BEZIER_KNOTS.) CURVE() GEOMETRIC_REPRESENTATION_ITEM() 
RATIONAL_B_SPLINE_CURVE((1.,0.871648182287,1.)) REPRESENTATION_ITEM('') 
  );
#4410 = CARTESIAN_POINT('',(-7.665205422469,-1.352772575482));
#4411 = CARTESIAN_POINT('',(-7.489984279154,-1.413848734595));
#4412 = CARTESIAN_POINT('',(-7.451135938961,-1.595297219683));
#4413 = ( GEOMETRIC_REPRESENTATION_CONTEXT(2) 
PARAMETRIC_REPRESENTATION_CONTEXT() REPRESENTATION_CONTEXT('2D SPACE',''
  ) );
#4414 = PCURVE('',#1827,#4415);
#4415 = DEFINITIONAL_REPRESENTATION('',(#4416),#4419);
#4416 = B_SPLINE_CURVE_WITH_KNOTS('',1,(#4417,#4418),.UNSPECIFIED.,.F.,
  .F.,(2,2),(0.,1.),.PIECEWISE_BEZIER_KNOTS.);
#4417 = CARTESIAN_POINT('',(1.,0.));
#4418 = CARTESIAN_POINT('',(1.,1.));
#4419 = ( GEOMETRIC_REPRESENTATION_CONTEXT(2) 
PARAMETRIC_REPRESENTATION_CONTEXT() REPRESENTATION_CONTEXT('2D SPACE',''
  ) );
#4420 = ORIENTED_EDGE('',*,*,#4421,.T.);
#4421 = EDGE_CURVE('',#4400,#4422,#4424,.T.);
#4422 = VERTEX_POINT('',#4423);
#4423 = CARTESIAN_POINT('',(-7.250521620033,-2.344000050648,9.9));
#4424 = SURFACE_CURVE('',#4425,(#4429,#4436),.PCURVE_S1.);
#4425 = ( BOUNDED_CURVE() B_SPLINE_CURVE(2,(#4426,#4427,#4428),
.UNSPECIFIED.,.F.,.F.) B_SPLINE_CURVE_WITH_KNOTS((3,3),(0.,1.),
.PIECEWISE_BEZIER_KNOTS.) CURVE() GEOMETRIC_REPRESENTATION_ITEM() 
RATIONAL_B_SPLINE_CURVE((1.,0.998705766625,1.)) REPRESENTATION_ITEM('') 
  );
#4426 = CARTESIAN_POINT('',(-7.451135938961,-1.595297219683,9.9));
#4427 = CARTESIAN_POINT('',(-7.369893158015,-1.974756919994,9.9));
#4428 = CARTESIAN_POINT('',(-7.250521620033,-2.344000050648,9.9));
#4429 = PCURVE('',#99,#4430);
#4430 = DEFINITIONAL_REPRESENTATION('',(#4431),#4435);
#4431 = ( BOUNDED_CURVE() B_SPLINE_CURVE(2,(#4432,#4433,#4434),
.UNSPECIFIED.,.F.,.F.) B_SPLINE_CURVE_WITH_KNOTS((3,3),(0.,1.),
.PIECEWISE_BEZIER_KNOTS.) CURVE() GEOMETRIC_REPRESENTATION_ITEM() 
RATIONAL_B_SPLINE_CURVE((1.,0.998705766625,1.)) REPRESENTATION_ITEM('') 
  );
#4432 = CARTESIAN_POINT('',(-7.451135938961,-1.595297219683));
#4433 = CARTESIAN_POINT('',(-7.369893158015,-1.974756919994));
#4434 = CARTESIAN_POINT('',(-7.250521620033,-2.344000050648));
#4435 = ( GEOMETRIC_REPRESENTATION_CONTEXT(2) 
PARAMETRIC_REPRESENTATION_CONTEXT() REPRESENTATION_CONTEXT('2D SPACE',''
  ) );
#4436 = PCURVE('',#1856,#4437);
#4437 = DEFINITIONAL_REPRESENTATION('',(#4438),#4441);
#4438 = B_SPLINE_CURVE_WITH_KNOTS('',1,(#4439,#4440),.UNSPECIFIED.,.F.,
  .F.,(2,2),(0.,1.),.PIECEWISE_BEZIER_KNOTS.);
#4439 = CARTESIAN_POINT('',(1.,0.));
#4440 = CARTESIAN_POINT('',(1.,1.));
#4441 = ( GEOMETRIC_REPRESENTATION_CONTEXT(2) 
PARAMETRIC_REPRESENTATION_CONTEXT() REPRESENTATION_CONTEXT('2D SPACE',''
  ) );
#4442 = ORIENTED_EDGE('',*,*,#4443,.T.);
#4443 = EDGE_CURVE('',#4422,#4444,#4446,.T.);
#4444 = VERTEX_POINT('',#4445);
#4445 = CARTESIAN_POINT('',(-7.314648908826,-2.661067295324,9.9));
#4446 = SURFACE_CURVE('',#4447,(#4451,#4458),.PCURVE_S1.);
#4447 = ( BOUNDED_CURVE() B_SPLINE_CURVE(2,(#4448,#4449,#4450),
.UNSPECIFIED.,.F.,.F.) B_SPLINE_CURVE_WITH_KNOTS((3,3),(0.,1.),
.PIECEWISE_BEZIER_KNOTS.) CURVE() GEOMETRIC_REPRESENTATION_ITEM() 
RATIONAL_B_SPLINE_CURVE((1.,0.871648182287,1.)) REPRESENTATION_ITEM('') 
  );
#4448 = CARTESIAN_POINT('',(-7.250521620033,-2.344000050648,9.9));
#4449 = CARTESIAN_POINT('',(-7.193441026991,-2.520563218309,9.9));
#4450 = CARTESIAN_POINT('',(-7.314648908825,-2.661067295324,9.9));
#4451 = PCURVE('',#99,#4452);
#4452 = DEFINITIONAL_REPRESENTATION('',(#4453),#4457);
#4453 = ( BOUNDED_CURVE() B_SPLINE_CURVE(2,(#4454,#4455,#4456),
.UNSPECIFIED.,.F.,.F.) B_SPLINE_CURVE_WITH_KNOTS((3,3),(0.,1.),
.PIECEWISE_BEZIER_KNOTS.) CURVE() GEOMETRIC_REPRESENTATION_ITEM() 
RATIONAL_B_SPLINE_CURVE((1.,0.871648182287,1.)) REPRESENTATION_ITEM('') 
  );
#4454 = CARTESIAN_POINT('',(-7.250521620033,-2.344000050648));
#4455 = CARTESIAN_POINT('',(-7.193441026991,-2.520563218309));
#4456 = CARTESIAN_POINT('',(-7.314648908825,-2.661067295324));
#4457 = ( GEOMETRIC_REPRESENTATION_CONTEXT(2) 
PARAMETRIC_REPRESENTATION_CONTEXT() REPRESENTATION_CONTEXT('2D SPACE',''
  ) );
#4458 = PCURVE('',#1885,#4459);
#4459 = DEFINITIONAL_REPRESENTATION('',(#4460),#4463);
#4460 = B_SPLINE_CURVE_WITH_KNOTS('',1,(#4461,#4462),.UNSPECIFIED.,.F.,
  .F.,(2,2),(0.,1.),.PIECEWISE_BEZIER_KNOTS.);
#4461 = CARTESIAN_POINT('',(1.,0.));
#4462 = CARTESIAN_POINT('',(1.,1.));
#4463 = ( GEOMETRIC_REPRESENTATION_CONTEXT(2) 
PARAMETRIC_REPRESENTATION_CONTEXT() REPRESENTATION_CONTEXT('2D SPACE',''
  ) );
#4464 = ORIENTED_EDGE('',*,*,#4465,.T.);
#4465 = EDGE_CURVE('',#4444,#4466,#4468,.T.);
#4466 = VERTEX_POINT('',#4467);
#4467 = CARTESIAN_POINT('',(-7.922922883677,-2.98993933511,9.9));
#4468 = SURFACE_CURVE('',#4469,(#4474,#4482),.PCURVE_S1.);
#4469 = ( BOUNDED_CURVE() B_SPLINE_CURVE(3,(#4470,#4471,#4472,#4473),
.UNSPECIFIED.,.F.,.F.) B_SPLINE_CURVE_WITH_KNOTS((4,4),(0.,1.),
.PIECEWISE_BEZIER_KNOTS.) CURVE() GEOMETRIC_REPRESENTATION_ITEM() 
RATIONAL_B_SPLINE_CURVE((1.,1.000183442697,1.001988389136,1.)) 
REPRESENTATION_ITEM('') );
#4470 = CARTESIAN_POINT('',(-7.314648908825,-2.661067295324,9.9));
#4471 = CARTESIAN_POINT('',(-7.458920250063,-2.827010696736,9.9));
#4472 = CARTESIAN_POINT('',(-7.712155629565,-2.932693967506,9.9));
#4473 = CARTESIAN_POINT('',(-7.922922883677,-2.98993933511,9.9));
#4474 = PCURVE('',#99,#4475);
#4475 = DEFINITIONAL_REPRESENTATION('',(#4476),#4481);
#4476 = ( BOUNDED_CURVE() B_SPLINE_CURVE(3,(#4477,#4478,#4479,#4480),
.UNSPECIFIED.,.F.,.F.) B_SPLINE_CURVE_WITH_KNOTS((4,4),(0.,1.),
.PIECEWISE_BEZIER_KNOTS.) CURVE() GEOMETRIC_REPRESENTATION_ITEM() 
RATIONAL_B_SPLINE_CURVE((1.,1.000183442697,1.001988389136,1.)) 
REPRESENTATION_ITEM('') );
#4477 = CARTESIAN_POINT('',(-7.314648908825,-2.661067295324));
#4478 = CARTESIAN_POINT('',(-7.458920250063,-2.827010696736));
#4479 = CARTESIAN_POINT('',(-7.712155629565,-2.932693967506));
#4480 = CARTESIAN_POINT('',(-7.922922883677,-2.98993933511));
#4481 = ( GEOMETRIC_REPRESENTATION_CONTEXT(2) 
PARAMETRIC_REPRESENTATION_CONTEXT() REPRESENTATION_CONTEXT('2D SPACE',''
  ) );
#4482 = PCURVE('',#1916,#4483);
#4483 = DEFINITIONAL_REPRESENTATION('',(#4484),#4487);
#4484 = B_SPLINE_CURVE_WITH_KNOTS('',1,(#4485,#4486),.UNSPECIFIED.,.F.,
  .F.,(2,2),(0.,1.),.PIECEWISE_BEZIER_KNOTS.);
#4485 = CARTESIAN_POINT('',(1.,0.));
#4486 = CARTESIAN_POINT('',(1.,1.));
#4487 = ( GEOMETRIC_REPRESENTATION_CONTEXT(2) 
PARAMETRIC_REPRESENTATION_CONTEXT() REPRESENTATION_CONTEXT('2D SPACE',''
  ) );
#4488 = ORIENTED_EDGE('',*,*,#4489,.T.);
#4489 = EDGE_CURVE('',#4466,#4490,#4492,.T.);
#4490 = VERTEX_POINT('',#4491);
#4491 = CARTESIAN_POINT('',(-9.621069196408,-5.165406810496,9.9));
#4492 = SURFACE_CURVE('',#4493,(#4498,#4506),.PCURVE_S1.);
#4493 = ( BOUNDED_CURVE() B_SPLINE_CURVE(3,(#4494,#4495,#4496,#4497),
.UNSPECIFIED.,.F.,.F.) B_SPLINE_CURVE_WITH_KNOTS((4,4),(0.,1.),
.PIECEWISE_BEZIER_KNOTS.) CURVE() GEOMETRIC_REPRESENTATION_ITEM() 
RATIONAL_B_SPLINE_CURVE((1.,0.93042703827,1.070034384224,1.)) 
REPRESENTATION_ITEM('') );
#4494 = CARTESIAN_POINT('',(-7.922922883677,-2.98993933511,9.9));
#4495 = CARTESIAN_POINT('',(-8.610671072955,-3.320114066363,9.9));
#4496 = CARTESIAN_POINT('',(-9.24669301045,-4.269372709381,9.9));
#4497 = CARTESIAN_POINT('',(-9.621069196408,-5.165406810496,9.9));
#4498 = PCURVE('',#99,#4499);
#4499 = DEFINITIONAL_REPRESENTATION('',(#4500),#4505);
#4500 = ( BOUNDED_CURVE() B_SPLINE_CURVE(3,(#4501,#4502,#4503,#4504),
.UNSPECIFIED.,.F.,.F.) B_SPLINE_CURVE_WITH_KNOTS((4,4),(0.,1.),
.PIECEWISE_BEZIER_KNOTS.) CURVE() GEOMETRIC_REPRESENTATION_ITEM() 
RATIONAL_B_SPLINE_CURVE((1.,0.93042703827,1.070034384224,1.)) 
REPRESENTATION_ITEM('') );
#4501 = CARTESIAN_POINT('',(-7.922922883677,-2.98993933511));
#4502 = CARTESIAN_POINT('',(-8.610671072955,-3.320114066363));
#4503 = CARTESIAN_POINT('',(-9.24669301045,-4.269372709381));
#4504 = CARTESIAN_POINT('',(-9.621069196408,-5.165406810496));
#4505 = ( GEOMETRIC_REPRESENTATION_CONTEXT(2) 
PARAMETRIC_REPRESENTATION_CONTEXT() REPRESENTATION_CONTEXT('2D SPACE',''
  ) );
#4506 = PCURVE('',#1949,#4507);
#4507 = DEFINITIONAL_REPRESENTATION('',(#4508),#4511);
#4508 = B_SPLINE_CURVE_WITH_KNOTS('',1,(#4509,#4510),.UNSPECIFIED.,.F.,
  .F.,(2,2),(0.,1.),.PIECEWISE_BEZIER_KNOTS.);
#4509 = CARTESIAN_POINT('',(1.,0.));
#4510 = CARTESIAN_POINT('',(1.,1.));
#4511 = ( GEOMETRIC_REPRESENTATION_CONTEXT(2) 
PARAMETRIC_REPRESENTATION_CONTEXT() REPRESENTATION_CONTEXT('2D SPACE',''
  ) );
#4512 = ORIENTED_EDGE('',*,*,#4513,.T.);
#4513 = EDGE_CURVE('',#4490,#4514,#4516,.T.);
#4514 = VERTEX_POINT('',#4515);
#4515 = CARTESIAN_POINT('',(-9.283908116975,-5.74938693041,9.9));
#4516 = SURFACE_CURVE('',#4517,(#4521,#4528),.PCURVE_S1.);
#4517 = ( BOUNDED_CURVE() B_SPLINE_CURVE(2,(#4518,#4519,#4520),
.UNSPECIFIED.,.F.,.F.) B_SPLINE_CURVE_WITH_KNOTS((3,3),(0.,1.),
.PIECEWISE_BEZIER_KNOTS.) CURVE() GEOMETRIC_REPRESENTATION_ITEM() 
RATIONAL_B_SPLINE_CURVE((1.,0.999523236347,1.)) REPRESENTATION_ITEM('') 
  );
#4518 = CARTESIAN_POINT('',(-9.621069196408,-5.165406810496,9.9));
#4519 = CARTESIAN_POINT('',(-9.461508312595,-5.462604371217,9.9));
#4520 = CARTESIAN_POINT('',(-9.283908116975,-5.74938693041,9.9));
#4521 = PCURVE('',#99,#4522);
#4522 = DEFINITIONAL_REPRESENTATION('',(#4523),#4527);
#4523 = ( BOUNDED_CURVE() B_SPLINE_CURVE(2,(#4524,#4525,#4526),
.UNSPECIFIED.,.F.,.F.) B_SPLINE_CURVE_WITH_KNOTS((3,3),(0.,1.),
.PIECEWISE_BEZIER_KNOTS.) CURVE() GEOMETRIC_REPRESENTATION_ITEM() 
RATIONAL_B_SPLINE_CURVE((1.,0.999523236347,1.)) REPRESENTATION_ITEM('') 
  );
#4524 = CARTESIAN_POINT('',(-9.621069196408,-5.165406810496));
#4525 = CARTESIAN_POINT('',(-9.461508312595,-5.462604371217));
#4526 = CARTESIAN_POINT('',(-9.283908116975,-5.74938693041));
#4527 = ( GEOMETRIC_REPRESENTATION_CONTEXT(2) 
PARAMETRIC_REPRESENTATION_CONTEXT() REPRESENTATION_CONTEXT('2D SPACE',''
  ) );
#4528 = PCURVE('',#1980,#4529);
#4529 = DEFINITIONAL_REPRESENTATION('',(#4530),#4533);
#4530 = B_SPLINE_CURVE_WITH_KNOTS('',1,(#4531,#4532),.UNSPECIFIED.,.F.,
  .F.,(2,2),(0.,1.),.PIECEWISE_BEZIER_KNOTS.);
#4531 = CARTESIAN_POINT('',(1.,0.));
#4532 = CARTESIAN_POINT('',(1.,1.));
#4533 = ( GEOMETRIC_REPRESENTATION_CONTEXT(2) 
PARAMETRIC_REPRESENTATION_CONTEXT() REPRESENTATION_CONTEXT('2D SPACE',''
  ) );
#4534 = ORIENTED_EDGE('',*,*,#4535,.T.);
#4535 = EDGE_CURVE('',#4514,#4536,#4538,.T.);
#4536 = VERTEX_POINT('',#4537);
#4537 = CARTESIAN_POINT('',(-6.550824861818,-5.366482821935,9.9));
#4538 = SURFACE_CURVE('',#4539,(#4544,#4552),.PCURVE_S1.);
#4539 = ( BOUNDED_CURVE() B_SPLINE_CURVE(3,(#4540,#4541,#4542,#4543),
.UNSPECIFIED.,.F.,.F.) B_SPLINE_CURVE_WITH_KNOTS((4,4),(0.,1.),
.PIECEWISE_BEZIER_KNOTS.) CURVE() GEOMETRIC_REPRESENTATION_ITEM() 
RATIONAL_B_SPLINE_CURVE((1.,1.070034384224,0.93042703827,1.)) 
REPRESENTATION_ITEM('') );
#4540 = CARTESIAN_POINT('',(-9.283908116975,-5.74938693041,9.9));
#4541 = CARTESIAN_POINT('',(-8.320731729773,-5.873184693355,9.9));
#4542 = CARTESIAN_POINT('',(-7.18063866141,-5.797002859629,9.9));
#4543 = CARTESIAN_POINT('',(-6.550824861818,-5.366482821935,9.9));
#4544 = PCURVE('',#99,#4545);
#4545 = DEFINITIONAL_REPRESENTATION('',(#4546),#4551);
#4546 = ( BOUNDED_CURVE() B_SPLINE_CURVE(3,(#4547,#4548,#4549,#4550),
.UNSPECIFIED.,.F.,.F.) B_SPLINE_CURVE_WITH_KNOTS((4,4),(0.,1.),
.PIECEWISE_BEZIER_KNOTS.) CURVE() GEOMETRIC_REPRESENTATION_ITEM() 
RATIONAL_B_SPLINE_CURVE((1.,1.070034384224,0.93042703827,1.)) 
REPRESENTATION_ITEM('') );
#4547 = CARTESIAN_POINT('',(-9.283908116975,-5.74938693041));
#4548 = CARTESIAN_POINT('',(-8.320731729773,-5.873184693355));
#4549 = CARTESIAN_POINT('',(-7.18063866141,-5.797002859629));
#4550 = CARTESIAN_POINT('',(-6.550824861818,-5.366482821935));
#4551 = ( GEOMETRIC_REPRESENTATION_CONTEXT(2) 
PARAMETRIC_REPRESENTATION_CONTEXT() REPRESENTATION_CONTEXT('2D SPACE',''
  ) );
#4552 = PCURVE('',#2011,#4553);
#4553 = DEFINITIONAL_REPRESENTATION('',(#4554),#4557);
#4554 = B_SPLINE_CURVE_WITH_KNOTS('',1,(#4555,#4556),.UNSPECIFIED.,.F.,
  .F.,(2,2),(0.,1.),.PIECEWISE_BEZIER_KNOTS.);
#4555 = CARTESIAN_POINT('',(1.,0.));
#4556 = CARTESIAN_POINT('',(1.,1.));
#4557 = ( GEOMETRIC_REPRESENTATION_CONTEXT(2) 
PARAMETRIC_REPRESENTATION_CONTEXT() REPRESENTATION_CONTEXT('2D SPACE',''
  ) );
#4558 = ORIENTED_EDGE('',*,*,#4559,.T.);
#4559 = EDGE_CURVE('',#4536,#4560,#4562,.T.);
#4560 = VERTEX_POINT('',#4561);
#4561 = CARTESIAN_POINT('',(-5.961876333343,-5.004138127145,9.9));
#4562 = SURFACE_CURVE('',#4563,(#4568,#4576),.PCURVE_S1.);
#4563 = ( BOUNDED_CURVE() B_SPLINE_CURVE(3,(#4564,#4565,#4566,#4567),
.UNSPECIFIED.,.F.,.F.) B_SPLINE_CURVE_WITH_KNOTS((4,4),(0.,1.),
.PIECEWISE_BEZIER_KNOTS.) CURVE() GEOMETRIC_REPRESENTATION_ITEM() 
RATIONAL_B_SPLINE_CURVE((1.,1.001988389136,1.000183442697,1.)) 
REPRESENTATION_ITEM('') );
#4564 = CARTESIAN_POINT('',(-6.550824861818,-5.366482821935,9.9));
#4565 = CARTESIAN_POINT('',(-6.395865292168,-5.21257570939,9.9));
#4566 = CARTESIAN_POINT('',(-6.177723205175,-5.046109072989,9.9));
#4567 = CARTESIAN_POINT('',(-5.961876333343,-5.004138127145,9.9));
#4568 = PCURVE('',#99,#4569);
#4569 = DEFINITIONAL_REPRESENTATION('',(#4570),#4575);
#4570 = ( BOUNDED_CURVE() B_SPLINE_CURVE(3,(#4571,#4572,#4573,#4574),
.UNSPECIFIED.,.F.,.F.) B_SPLINE_CURVE_WITH_KNOTS((4,4),(0.,1.),
.PIECEWISE_BEZIER_KNOTS.) CURVE() GEOMETRIC_REPRESENTATION_ITEM() 
RATIONAL_B_SPLINE_CURVE((1.,1.001988389136,1.000183442697,1.)) 
REPRESENTATION_ITEM('') );
#4571 = CARTESIAN_POINT('',(-6.550824861818,-5.366482821935));
#4572 = CARTESIAN_POINT('',(-6.395865292168,-5.21257570939));
#4573 = CARTESIAN_POINT('',(-6.177723205175,-5.046109072989));
#4574 = CARTESIAN_POINT('',(-5.961876333343,-5.004138127145));
#4575 = ( GEOMETRIC_REPRESENTATION_CONTEXT(2) 
PARAMETRIC_REPRESENTATION_CONTEXT() REPRESENTATION_CONTEXT('2D SPACE',''
  ) );
#4576 = PCURVE('',#2044,#4577);
#4577 = DEFINITIONAL_REPRESENTATION('',(#4578),#4581);
#4578 = B_SPLINE_CURVE_WITH_KNOTS('',1,(#4579,#4580),.UNSPECIFIED.,.F.,
  .F.,(2,2),(0.,1.),.PIECEWISE_BEZIER_KNOTS.);
#4579 = CARTESIAN_POINT('',(1.,0.));
#4580 = CARTESIAN_POINT('',(1.,1.));
#4581 = ( GEOMETRIC_REPRESENTATION_CONTEXT(2) 
PARAMETRIC_REPRESENTATION_CONTEXT() REPRESENTATION_CONTEXT('2D SPACE',''
  ) );
#4582 = ORIENTED_EDGE('',*,*,#4583,.T.);
#4583 = EDGE_CURVE('',#4560,#4584,#4586,.T.);
#4584 = VERTEX_POINT('',#4585);
#4585 = CARTESIAN_POINT('',(-5.655224400349,-5.107135888313,9.9));
#4586 = SURFACE_CURVE('',#4587,(#4591,#4598),.PCURVE_S1.);
#4587 = ( BOUNDED_CURVE() B_SPLINE_CURVE(2,(#4588,#4589,#4590),
.UNSPECIFIED.,.F.,.F.) B_SPLINE_CURVE_WITH_KNOTS((3,3),(0.,1.),
.PIECEWISE_BEZIER_KNOTS.) CURVE() GEOMETRIC_REPRESENTATION_ITEM() 
RATIONAL_B_SPLINE_CURVE((1.,0.871648182287,1.)) REPRESENTATION_ITEM('') 
  );
#4588 = CARTESIAN_POINT('',(-5.961876333343,-5.004138127145,9.9));
#4589 = CARTESIAN_POINT('',(-5.779592292396,-4.969421060845,9.9));
#4590 = CARTESIAN_POINT('',(-5.655224400349,-5.107135888313,9.9));
#4591 = PCURVE('',#99,#4592);
#4592 = DEFINITIONAL_REPRESENTATION('',(#4593),#4597);
#4593 = ( BOUNDED_CURVE() B_SPLINE_CURVE(2,(#4594,#4595,#4596),
.UNSPECIFIED.,.F.,.F.) B_SPLINE_CURVE_WITH_KNOTS((3,3),(0.,1.),
.PIECEWISE_BEZIER_KNOTS.) CURVE() GEOMETRIC_REPRESENTATION_ITEM() 
RATIONAL_B_SPLINE_CURVE((1.,0.871648182287,1.)) REPRESENTATION_ITEM('') 
  );
#4594 = CARTESIAN_POINT('',(-5.961876333343,-5.004138127145));
#4595 = CARTESIAN_POINT('',(-5.779592292396,-4.969421060845));
#4596 = CARTESIAN_POINT('',(-5.655224400349,-5.107135888313));
#4597 = ( GEOMETRIC_REPRESENTATION_CONTEXT(2) 
PARAMETRIC_REPRESENTATION_CONTEXT() REPRESENTATION_CONTEXT('2D SPACE',''
  ) );
#4598 = PCURVE('',#2075,#4599);
#4599 = DEFINITIONAL_REPRESENTATION('',(#4600),#4603);
#4600 = B_SPLINE_CURVE_WITH_KNOTS('',1,(#4601,#4602),.UNSPECIFIED.,.F.,
  .F.,(2,2),(0.,1.),.PIECEWISE_BEZIER_KNOTS.);
#4601 = CARTESIAN_POINT('',(1.,0.));
#4602 = CARTESIAN_POINT('',(1.,1.));
#4603 = ( GEOMETRIC_REPRESENTATION_CONTEXT(2) 
PARAMETRIC_REPRESENTATION_CONTEXT() REPRESENTATION_CONTEXT('2D SPACE',''
  ) );
#4604 = ORIENTED_EDGE('',*,*,#4605,.T.);
#4605 = EDGE_CURVE('',#4584,#4606,#4608,.T.);
#4606 = VERTEX_POINT('',#4607);
#4607 = CARTESIAN_POINT('',(-5.107135888313,-5.655224400349,9.9));
#4608 = SURFACE_CURVE('',#4609,(#4613,#4620),.PCURVE_S1.);
#4609 = ( BOUNDED_CURVE() B_SPLINE_CURVE(2,(#4610,#4611,#4612),
.UNSPECIFIED.,.F.,.F.) B_SPLINE_CURVE_WITH_KNOTS((3,3),(0.,1.),
.PIECEWISE_BEZIER_KNOTS.) CURVE() GEOMETRIC_REPRESENTATION_ITEM() 
RATIONAL_B_SPLINE_CURVE((1.,0.998705766625,1.)) REPRESENTATION_ITEM('') 
  );
#4610 = CARTESIAN_POINT('',(-5.655224400349,-5.107135888313,9.9));
#4611 = CARTESIAN_POINT('',(-5.395136238021,-5.395136238021,9.9));
#4612 = CARTESIAN_POINT('',(-5.107135888313,-5.655224400349,9.9));
#4613 = PCURVE('',#99,#4614);
#4614 = DEFINITIONAL_REPRESENTATION('',(#4615),#4619);
#4615 = ( BOUNDED_CURVE() B_SPLINE_CURVE(2,(#4616,#4617,#4618),
.UNSPECIFIED.,.F.,.F.) B_SPLINE_CURVE_WITH_KNOTS((3,3),(0.,1.),
.PIECEWISE_BEZIER_KNOTS.) CURVE() GEOMETRIC_REPRESENTATION_ITEM() 
RATIONAL_B_SPLINE_CURVE((1.,0.998705766625,1.)) REPRESENTATION_ITEM('') 
  );
#4616 = CARTESIAN_POINT('',(-5.655224400349,-5.107135888313));
#4617 = CARTESIAN_POINT('',(-5.395136238021,-5.395136238021));
#4618 = CARTESIAN_POINT('',(-5.107135888313,-5.655224400349));
#4619 = ( GEOMETRIC_REPRESENTATION_CONTEXT(2) 
PARAMETRIC_REPRESENTATION_CONTEXT() REPRESENTATION_CONTEXT('2D SPACE',''
  ) );
#4620 = PCURVE('',#2104,#4621);
#4621 = DEFINITIONAL_REPRESENTATION('',(#4622),#4625);
#4622 = B_SPLINE_CURVE_WITH_KNOTS('',1,(#4623,#4624),.UNSPECIFIED.,.F.,
  .F.,(2,2),(0.,1.),.PIECEWISE_BEZIER_KNOTS.);
#4623 = CARTESIAN_POINT('',(1.,0.));
#4624 = CARTESIAN_POINT('',(1.,1.));
#4625 = ( GEOMETRIC_REPRESENTATION_CONTEXT(2) 
PARAMETRIC_REPRESENTATION_CONTEXT() REPRESENTATION_CONTEXT('2D SPACE',''
  ) );
#4626 = ORIENTED_EDGE('',*,*,#4627,.T.);
#4627 = EDGE_CURVE('',#4606,#4628,#4630,.T.);
#4628 = VERTEX_POINT('',#4629);
#4629 = CARTESIAN_POINT('',(-5.004138127145,-5.961876333343,9.9));
#4630 = SURFACE_CURVE('',#4631,(#4635,#4642),.PCURVE_S1.);
#4631 = ( BOUNDED_CURVE() B_SPLINE_CURVE(2,(#4632,#4633,#4634),
.UNSPECIFIED.,.F.,.F.) B_SPLINE_CURVE_WITH_KNOTS((3,3),(0.,1.),
.PIECEWISE_BEZIER_KNOTS.) CURVE() GEOMETRIC_REPRESENTATION_ITEM() 
RATIONAL_B_SPLINE_CURVE((1.,0.871648182287,1.)) REPRESENTATION_ITEM('') 
  );
#4632 = CARTESIAN_POINT('',(-5.107135888313,-5.655224400349,9.9));
#4633 = CARTESIAN_POINT('',(-4.969421060845,-5.779592292396,9.9));
#4634 = CARTESIAN_POINT('',(-5.004138127145,-5.961876333343,9.9));
#4635 = PCURVE('',#99,#4636);
#4636 = DEFINITIONAL_REPRESENTATION('',(#4637),#4641);
#4637 = ( BOUNDED_CURVE() B_SPLINE_CURVE(2,(#4638,#4639,#4640),
.UNSPECIFIED.,.F.,.F.) B_SPLINE_CURVE_WITH_KNOTS((3,3),(0.,1.),
.PIECEWISE_BEZIER_KNOTS.) CURVE() GEOMETRIC_REPRESENTATION_ITEM() 
RATIONAL_B_SPLINE_CURVE((1.,0.871648182287,1.)) REPRESENTATION_ITEM('') 
  );
#4638 = CARTESIAN_POINT('',(-5.107135888313,-5.655224400349));
#4639 = CARTESIAN_POINT('',(-4.969421060845,-5.779592292396));
#4640 = CARTESIAN_POINT('',(-5.004138127145,-5.961876333343));
#4641 = ( GEOMETRIC_REPRESENTATION_CONTEXT(2) 
PARAMETRIC_REPRESENTATION_CONTEXT() REPRESENTATION_CONTEXT('2D SPACE',''
  ) );
#4642 = PCURVE('',#2133,#4643);
#4643 = DEFINITIONAL_REPRESENTATION('',(#4644),#4647);
#4644 = B_SPLINE_CURVE_WITH_KNOTS('',1,(#4645,#4646),.UNSPECIFIED.,.F.,
  .F.,(2,2),(0.,1.),.PIECEWISE_BEZIER_KNOTS.);
#4645 = CARTESIAN_POINT('',(1.,0.));
#4646 = CARTESIAN_POINT('',(1.,1.));
#4647 = ( GEOMETRIC_REPRESENTATION_CONTEXT(2) 
PARAMETRIC_REPRESENTATION_CONTEXT() REPRESENTATION_CONTEXT('2D SPACE',''
  ) );
#4648 = ORIENTED_EDGE('',*,*,#4649,.T.);
#4649 = EDGE_CURVE('',#4628,#4650,#4652,.T.);
#4650 = VERTEX_POINT('',#4651);
#4651 = CARTESIAN_POINT('',(-5.366482821935,-6.550824861818,9.9));
#4652 = SURFACE_CURVE('',#4653,(#4658,#4666),.PCURVE_S1.);
#4653 = ( BOUNDED_CURVE() B_SPLINE_CURVE(3,(#4654,#4655,#4656,#4657),
.UNSPECIFIED.,.F.,.F.) B_SPLINE_CURVE_WITH_KNOTS((4,4),(0.,1.),
.PIECEWISE_BEZIER_KNOTS.) CURVE() GEOMETRIC_REPRESENTATION_ITEM() 
RATIONAL_B_SPLINE_CURVE((1.,1.000183442697,1.001988389136,1.)) 
REPRESENTATION_ITEM('') );
#4654 = CARTESIAN_POINT('',(-5.004138127145,-5.961876333343,9.9));
#4655 = CARTESIAN_POINT('',(-5.046109072989,-6.177723205175,9.9));
#4656 = CARTESIAN_POINT('',(-5.21257570939,-6.395865292168,9.9));
#4657 = CARTESIAN_POINT('',(-5.366482821935,-6.550824861818,9.9));
#4658 = PCURVE('',#99,#4659);
#4659 = DEFINITIONAL_REPRESENTATION('',(#4660),#4665);
#4660 = ( BOUNDED_CURVE() B_SPLINE_CURVE(3,(#4661,#4662,#4663,#4664),
.UNSPECIFIED.,.F.,.F.) B_SPLINE_CURVE_WITH_KNOTS((4,4),(0.,1.),
.PIECEWISE_BEZIER_KNOTS.) CURVE() GEOMETRIC_REPRESENTATION_ITEM() 
RATIONAL_B_SPLINE_CURVE((1.,1.000183442697,1.001988389136,1.)) 
REPRESENTATION_ITEM('') );
#4661 = CARTESIAN_POINT('',(-5.004138127145,-5.961876333343));
#4662 = CARTESIAN_POINT('',(-5.046109072989,-6.177723205175));
#4663 = CARTESIAN_POINT('',(-5.21257570939,-6.395865292168));
#4664 = CARTESIAN_POINT('',(-5.366482821935,-6.550824861818));
#4665 = ( GEOMETRIC_REPRESENTATION_CONTEXT(2) 
PARAMETRIC_REPRESENTATION_CONTEXT() REPRESENTATION_CONTEXT('2D SPACE',''
  ) );
#4666 = PCURVE('',#2164,#4667);
#4667 = DEFINITIONAL_REPRESENTATION('',(#4668),#4671);
#4668 = B_SPLINE_CURVE_WITH_KNOTS('',1,(#4669,#4670),.UNSPECIFIED.,.F.,
  .F.,(2,2),(0.,1.),.PIECEWISE_BEZIER_KNOTS.);
#4669 = CARTESIAN_POINT('',(1.,0.));
#4670 = CARTESIAN_POINT('',(1.,1.));
#4671 = ( GEOMETRIC_REPRESENTATION_CONTEXT(2) 
PARAMETRIC_REPRESENTATION_CONTEXT() REPRESENTATION_CONTEXT('2D SPACE',''
  ) );
#4672 = ORIENTED_EDGE('',*,*,#4673,.T.);
#4673 = EDGE_CURVE('',#4650,#4674,#4676,.T.);
#4674 = VERTEX_POINT('',#4675);
#4675 = CARTESIAN_POINT('',(-5.74938693041,-9.283908116975,9.9));
#4676 = SURFACE_CURVE('',#4677,(#4682,#4690),.PCURVE_S1.);
#4677 = ( BOUNDED_CURVE() B_SPLINE_CURVE(3,(#4678,#4679,#4680,#4681),
.UNSPECIFIED.,.F.,.F.) B_SPLINE_CURVE_WITH_KNOTS((4,4),(0.,1.),
.PIECEWISE_BEZIER_KNOTS.) CURVE() GEOMETRIC_REPRESENTATION_ITEM() 
RATIONAL_B_SPLINE_CURVE((1.,0.93042703827,1.070034384224,1.)) 
REPRESENTATION_ITEM('') );
#4678 = CARTESIAN_POINT('',(-5.366482821935,-6.550824861818,9.9));
#4679 = CARTESIAN_POINT('',(-5.797002859629,-7.18063866141,9.9));
#4680 = CARTESIAN_POINT('',(-5.873184693355,-8.320731729773,9.9));
#4681 = CARTESIAN_POINT('',(-5.74938693041,-9.283908116975,9.9));
#4682 = PCURVE('',#99,#4683);
#4683 = DEFINITIONAL_REPRESENTATION('',(#4684),#4689);
#4684 = ( BOUNDED_CURVE() B_SPLINE_CURVE(3,(#4685,#4686,#4687,#4688),
.UNSPECIFIED.,.F.,.F.) B_SPLINE_CURVE_WITH_KNOTS((4,4),(0.,1.),
.PIECEWISE_BEZIER_KNOTS.) CURVE() GEOMETRIC_REPRESENTATION_ITEM() 
RATIONAL_B_SPLINE_CURVE((1.,0.93042703827,1.070034384224,1.)) 
REPRESENTATION_ITEM('') );
#4685 = CARTESIAN_POINT('',(-5.366482821935,-6.550824861818));
#4686 = CARTESIAN_POINT('',(-5.797002859629,-7.18063866141));
#4687 = CARTESIAN_POINT('',(-5.873184693355,-8.320731729773));
#4688 = CARTESIAN_POINT('',(-5.74938693041,-9.283908116975));
#4689 = ( GEOMETRIC_REPRESENTATION_CONTEXT(2) 
PARAMETRIC_REPRESENTATION_CONTEXT() REPRESENTATION_CONTEXT('2D SPACE',''
  ) );
#4690 = PCURVE('',#2197,#4691);
#4691 = DEFINITIONAL_REPRESENTATION('',(#4692),#4695);
#4692 = B_SPLINE_CURVE_WITH_KNOTS('',1,(#4693,#4694),.UNSPECIFIED.,.F.,
  .F.,(2,2),(0.,1.),.PIECEWISE_BEZIER_KNOTS.);
#4693 = CARTESIAN_POINT('',(1.,0.));
#4694 = CARTESIAN_POINT('',(1.,1.));
#4695 = ( GEOMETRIC_REPRESENTATION_CONTEXT(2) 
PARAMETRIC_REPRESENTATION_CONTEXT() REPRESENTATION_CONTEXT('2D SPACE',''
  ) );
#4696 = ORIENTED_EDGE('',*,*,#4697,.T.);
#4697 = EDGE_CURVE('',#4674,#4698,#4700,.T.);
#4698 = VERTEX_POINT('',#4699);
#4699 = CARTESIAN_POINT('',(-5.165406810496,-9.621069196408,9.9));
#4700 = SURFACE_CURVE('',#4701,(#4705,#4712),.PCURVE_S1.);
#4701 = ( BOUNDED_CURVE() B_SPLINE_CURVE(2,(#4702,#4703,#4704),
.UNSPECIFIED.,.F.,.F.) B_SPLINE_CURVE_WITH_KNOTS((3,3),(0.,1.),
.PIECEWISE_BEZIER_KNOTS.) CURVE() GEOMETRIC_REPRESENTATION_ITEM() 
RATIONAL_B_SPLINE_CURVE((1.,0.999523236347,1.)) REPRESENTATION_ITEM('') 
  );
#4702 = CARTESIAN_POINT('',(-5.74938693041,-9.283908116975,9.9));
#4703 = CARTESIAN_POINT('',(-5.462604371217,-9.461508312595,9.9));
#4704 = CARTESIAN_POINT('',(-5.165406810496,-9.621069196408,9.9));
#4705 = PCURVE('',#99,#4706);
#4706 = DEFINITIONAL_REPRESENTATION('',(#4707),#4711);
#4707 = ( BOUNDED_CURVE() B_SPLINE_CURVE(2,(#4708,#4709,#4710),
.UNSPECIFIED.,.F.,.F.) B_SPLINE_CURVE_WITH_KNOTS((3,3),(0.,1.),
.PIECEWISE_BEZIER_KNOTS.) CURVE() GEOMETRIC_REPRESENTATION_ITEM() 
RATIONAL_B_SPLINE_CURVE((1.,0.999523236347,1.)) REPRESENTATION_ITEM('') 
  );
#4708 = CARTESIAN_POINT('',(-5.74938693041,-9.283908116975));
#4709 = CARTESIAN_POINT('',(-5.462604371217,-9.461508312595));
#4710 = CARTESIAN_POINT('',(-5.165406810496,-9.621069196408));
#4711 = ( GEOMETRIC_REPRESENTATION_CONTEXT(2) 
PARAMETRIC_REPRESENTATION_CONTEXT() REPRESENTATION_CONTEXT('2D SPACE',''
  ) );
#4712 = PCURVE('',#2228,#4713);
#4713 = DEFINITIONAL_REPRESENTATION('',(#4714),#4717);
#4714 = B_SPLINE_CURVE_WITH_KNOTS('',1,(#4715,#4716),.UNSPECIFIED.,.F.,
  .F.,(2,2),(0.,1.),.PIECEWISE_BEZIER_KNOTS.);
#4715 = CARTESIAN_POINT('',(1.,0.));
#4716 = CARTESIAN_POINT('',(1.,1.));
#4717 = ( GEOMETRIC_REPRESENTATION_CONTEXT(2) 
PARAMETRIC_REPRESENTATION_CONTEXT() REPRESENTATION_CONTEXT('2D SPACE',''
  ) );
#4718 = ORIENTED_EDGE('',*,*,#4719,.T.);
#4719 = EDGE_CURVE('',#4698,#4720,#4722,.T.);
#4720 = VERTEX_POINT('',#4721);
#4721 = CARTESIAN_POINT('',(-2.98993933511,-7.922922883677,9.9));
#4722 = SURFACE_CURVE('',#4723,(#4728,#4736),.PCURVE_S1.);
#4723 = ( BOUNDED_CURVE() B_SPLINE_CURVE(3,(#4724,#4725,#4726,#4727),
.UNSPECIFIED.,.F.,.F.) B_SPLINE_CURVE_WITH_KNOTS((4,4),(0.,1.),
.PIECEWISE_BEZIER_KNOTS.) CURVE() GEOMETRIC_REPRESENTATION_ITEM() 
RATIONAL_B_SPLINE_CURVE((1.,1.070034384224,0.93042703827,1.)) 
REPRESENTATION_ITEM('') );
#4724 = CARTESIAN_POINT('',(-5.165406810496,-9.621069196408,9.9));
#4725 = CARTESIAN_POINT('',(-4.269372709381,-9.24669301045,9.9));
#4726 = CARTESIAN_POINT('',(-3.320114066363,-8.610671072955,9.9));
#4727 = CARTESIAN_POINT('',(-2.98993933511,-7.922922883677,9.9));
#4728 = PCURVE('',#99,#4729);
#4729 = DEFINITIONAL_REPRESENTATION('',(#4730),#4735);
#4730 = ( BOUNDED_CURVE() B_SPLINE_CURVE(3,(#4731,#4732,#4733,#4734),
.UNSPECIFIED.,.F.,.F.) B_SPLINE_CURVE_WITH_KNOTS((4,4),(0.,1.),
.PIECEWISE_BEZIER_KNOTS.) CURVE() GEOMETRIC_REPRESENTATION_ITEM() 
RATIONAL_B_SPLINE_CURVE((1.,1.070034384224,0.93042703827,1.)) 
REPRESENTATION_ITEM('') );
#4731 = CARTESIAN_POINT('',(-5.165406810496,-9.621069196408));
#4732 = CARTESIAN_POINT('',(-4.269372709381,-9.24669301045));
#4733 = CARTESIAN_POINT('',(-3.320114066363,-8.610671072955));
#4734 = CARTESIAN_POINT('',(-2.98993933511,-7.922922883677));
#4735 = ( GEOMETRIC_REPRESENTATION_CONTEXT(2) 
PARAMETRIC_REPRESENTATION_CONTEXT() REPRESENTATION_CONTEXT('2D SPACE',''
  ) );
#4736 = PCURVE('',#2259,#4737);
#4737 = DEFINITIONAL_REPRESENTATION('',(#4738),#4741);
#4738 = B_SPLINE_CURVE_WITH_KNOTS('',1,(#4739,#4740),.UNSPECIFIED.,.F.,
  .F.,(2,2),(0.,1.),.PIECEWISE_BEZIER_KNOTS.);
#4739 = CARTESIAN_POINT('',(1.,0.));
#4740 = CARTESIAN_POINT('',(1.,1.));
#4741 = ( GEOMETRIC_REPRESENTATION_CONTEXT(2) 
PARAMETRIC_REPRESENTATION_CONTEXT() REPRESENTATION_CONTEXT('2D SPACE',''
  ) );
#4742 = ORIENTED_EDGE('',*,*,#4743,.T.);
#4743 = EDGE_CURVE('',#4720,#4744,#4746,.T.);
#4744 = VERTEX_POINT('',#4745);
#4745 = CARTESIAN_POINT('',(-2.661067295324,-7.314648908825,9.9));
#4746 = SURFACE_CURVE('',#4747,(#4752,#4760),.PCURVE_S1.);
#4747 = ( BOUNDED_CURVE() B_SPLINE_CURVE(3,(#4748,#4749,#4750,#4751),
.UNSPECIFIED.,.F.,.F.) B_SPLINE_CURVE_WITH_KNOTS((4,4),(0.,1.),
.PIECEWISE_BEZIER_KNOTS.) CURVE() GEOMETRIC_REPRESENTATION_ITEM() 
RATIONAL_B_SPLINE_CURVE((1.,1.001988389136,1.000183442697,1.)) 
REPRESENTATION_ITEM('') );
#4748 = CARTESIAN_POINT('',(-2.98993933511,-7.922922883677,9.9));
#4749 = CARTESIAN_POINT('',(-2.932693967506,-7.712155629565,9.9));
#4750 = CARTESIAN_POINT('',(-2.827010696736,-7.458920250063,9.9));
#4751 = CARTESIAN_POINT('',(-2.661067295324,-7.314648908825,9.9));
#4752 = PCURVE('',#99,#4753);
#4753 = DEFINITIONAL_REPRESENTATION('',(#4754),#4759);
#4754 = ( BOUNDED_CURVE() B_SPLINE_CURVE(3,(#4755,#4756,#4757,#4758),
.UNSPECIFIED.,.F.,.F.) B_SPLINE_CURVE_WITH_KNOTS((4,4),(0.,1.),
.PIECEWISE_BEZIER_KNOTS.) CURVE() GEOMETRIC_REPRESENTATION_ITEM() 
RATIONAL_B_SPLINE_CURVE((1.,1.001988389136,1.000183442697,1.)) 
REPRESENTATION_ITEM('') );
#4755 = CARTESIAN_POINT('',(-2.98993933511,-7.922922883677));
#4756 = CARTESIAN_POINT('',(-2.932693967506,-7.712155629565));
#4757 = CARTESIAN_POINT('',(-2.827010696736,-7.458920250063));
#4758 = CARTESIAN_POINT('',(-2.661067295324,-7.314648908825));
#4759 = ( GEOMETRIC_REPRESENTATION_CONTEXT(2) 
PARAMETRIC_REPRESENTATION_CONTEXT() REPRESENTATION_CONTEXT('2D SPACE',''
  ) );
#4760 = PCURVE('',#2292,#4761);
#4761 = DEFINITIONAL_REPRESENTATION('',(#4762),#4765);
#4762 = B_SPLINE_CURVE_WITH_KNOTS('',1,(#4763,#4764),.UNSPECIFIED.,.F.,
  .F.,(2,2),(0.,1.),.PIECEWISE_BEZIER_KNOTS.);
#4763 = CARTESIAN_POINT('',(1.,0.));
#4764 = CARTESIAN_POINT('',(1.,1.));
#4765 = ( GEOMETRIC_REPRESENTATION_CONTEXT(2) 
PARAMETRIC_REPRESENTATION_CONTEXT() REPRESENTATION_CONTEXT('2D SPACE',''
  ) );
#4766 = ORIENTED_EDGE('',*,*,#4767,.T.);
#4767 = EDGE_CURVE('',#4744,#4768,#4770,.T.);
#4768 = VERTEX_POINT('',#4769);
#4769 = CARTESIAN_POINT('',(-2.344000050648,-7.250521620033,9.9));
#4770 = SURFACE_CURVE('',#4771,(#4775,#4782),.PCURVE_S1.);
#4771 = ( BOUNDED_CURVE() B_SPLINE_CURVE(2,(#4772,#4773,#4774),
.UNSPECIFIED.,.F.,.F.) B_SPLINE_CURVE_WITH_KNOTS((3,3),(0.,1.),
.PIECEWISE_BEZIER_KNOTS.) CURVE() GEOMETRIC_REPRESENTATION_ITEM() 
RATIONAL_B_SPLINE_CURVE((1.,0.871648182287,1.)) REPRESENTATION_ITEM('') 
  );
#4772 = CARTESIAN_POINT('',(-2.661067295324,-7.314648908825,9.9));
#4773 = CARTESIAN_POINT('',(-2.520563218309,-7.193441026991,9.9));
#4774 = CARTESIAN_POINT('',(-2.344000050648,-7.250521620033,9.9));
#4775 = PCURVE('',#99,#4776);
#4776 = DEFINITIONAL_REPRESENTATION('',(#4777),#4781);
#4777 = ( BOUNDED_CURVE() B_SPLINE_CURVE(2,(#4778,#4779,#4780),
.UNSPECIFIED.,.F.,.F.) B_SPLINE_CURVE_WITH_KNOTS((3,3),(0.,1.),
.PIECEWISE_BEZIER_KNOTS.) CURVE() GEOMETRIC_REPRESENTATION_ITEM() 
RATIONAL_B_SPLINE_CURVE((1.,0.871648182287,1.)) REPRESENTATION_ITEM('') 
  );
#4778 = CARTESIAN_POINT('',(-2.661067295324,-7.314648908825));
#4779 = CARTESIAN_POINT('',(-2.520563218309,-7.193441026991));
#4780 = CARTESIAN_POINT('',(-2.344000050648,-7.250521620033));
#4781 = ( GEOMETRIC_REPRESENTATION_CONTEXT(2) 
PARAMETRIC_REPRESENTATION_CONTEXT() REPRESENTATION_CONTEXT('2D SPACE',''
  ) );
#4782 = PCURVE('',#2323,#4783);
#4783 = DEFINITIONAL_REPRESENTATION('',(#4784),#4787);
#4784 = B_SPLINE_CURVE_WITH_KNOTS('',1,(#4785,#4786),.UNSPECIFIED.,.F.,
  .F.,(2,2),(0.,1.),.PIECEWISE_BEZIER_KNOTS.);
#4785 = CARTESIAN_POINT('',(1.,0.));
#4786 = CARTESIAN_POINT('',(1.,1.));
#4787 = ( GEOMETRIC_REPRESENTATION_CONTEXT(2) 
PARAMETRIC_REPRESENTATION_CONTEXT() REPRESENTATION_CONTEXT('2D SPACE',''
  ) );
#4788 = ORIENTED_EDGE('',*,*,#4789,.T.);
#4789 = EDGE_CURVE('',#4768,#4790,#4792,.T.);
#4790 = VERTEX_POINT('',#4791);
#4791 = CARTESIAN_POINT('',(-1.595297219683,-7.451135938961,9.9));
#4792 = SURFACE_CURVE('',#4793,(#4797,#4804),.PCURVE_S1.);
#4793 = ( BOUNDED_CURVE() B_SPLINE_CURVE(2,(#4794,#4795,#4796),
.UNSPECIFIED.,.F.,.F.) B_SPLINE_CURVE_WITH_KNOTS((3,3),(0.,1.),
.PIECEWISE_BEZIER_KNOTS.) CURVE() GEOMETRIC_REPRESENTATION_ITEM() 
RATIONAL_B_SPLINE_CURVE((1.,0.998705766625,1.)) REPRESENTATION_ITEM('') 
  );
#4794 = CARTESIAN_POINT('',(-2.344000050648,-7.250521620033,9.9));
#4795 = CARTESIAN_POINT('',(-1.974756919994,-7.369893158015,9.9));
#4796 = CARTESIAN_POINT('',(-1.595297219683,-7.451135938961,9.9));
#4797 = PCURVE('',#99,#4798);
#4798 = DEFINITIONAL_REPRESENTATION('',(#4799),#4803);
#4799 = ( BOUNDED_CURVE() B_SPLINE_CURVE(2,(#4800,#4801,#4802),
.UNSPECIFIED.,.F.,.F.) B_SPLINE_CURVE_WITH_KNOTS((3,3),(0.,1.),
.PIECEWISE_BEZIER_KNOTS.) CURVE() GEOMETRIC_REPRESENTATION_ITEM() 
RATIONAL_B_SPLINE_CURVE((1.,0.998705766625,1.)) REPRESENTATION_ITEM('') 
  );
#4800 = CARTESIAN_POINT('',(-2.344000050648,-7.250521620033));
#4801 = CARTESIAN_POINT('',(-1.974756919994,-7.369893158015));
#4802 = CARTESIAN_POINT('',(-1.595297219683,-7.451135938961));
#4803 = ( GEOMETRIC_REPRESENTATION_CONTEXT(2) 
PARAMETRIC_REPRESENTATION_CONTEXT() REPRESENTATION_CONTEXT('2D SPACE',''
  ) );
#4804 = PCURVE('',#2352,#4805);
#4805 = DEFINITIONAL_REPRESENTATION('',(#4806),#4809);
#4806 = B_SPLINE_CURVE_WITH_KNOTS('',1,(#4807,#4808),.UNSPECIFIED.,.F.,
  .F.,(2,2),(0.,1.),.PIECEWISE_BEZIER_KNOTS.);
#4807 = CARTESIAN_POINT('',(1.,0.));
#4808 = CARTESIAN_POINT('',(1.,1.));
#4809 = ( GEOMETRIC_REPRESENTATION_CONTEXT(2) 
PARAMETRIC_REPRESENTATION_CONTEXT() REPRESENTATION_CONTEXT('2D SPACE',''
  ) );
#4810 = ORIENTED_EDGE('',*,*,#4811,.T.);
#4811 = EDGE_CURVE('',#4790,#4812,#4814,.T.);
#4812 = VERTEX_POINT('',#4813);
#4813 = CARTESIAN_POINT('',(-1.352772575483,-7.665205422469,9.9));
#4814 = SURFACE_CURVE('',#4815,(#4819,#4826),.PCURVE_S1.);
#4815 = ( BOUNDED_CURVE() B_SPLINE_CURVE(2,(#4816,#4817,#4818),
.UNSPECIFIED.,.F.,.F.) B_SPLINE_CURVE_WITH_KNOTS((3,3),(0.,1.),
.PIECEWISE_BEZIER_KNOTS.) CURVE() GEOMETRIC_REPRESENTATION_ITEM() 
RATIONAL_B_SPLINE_CURVE((1.,0.871648182287,1.)) REPRESENTATION_ITEM('') 
  );
#4816 = CARTESIAN_POINT('',(-1.595297219683,-7.451135938961,9.9));
#4817 = CARTESIAN_POINT('',(-1.413848734595,-7.489984279154,9.9));
#4818 = CARTESIAN_POINT('',(-1.352772575482,-7.665205422469,9.9));
#4819 = PCURVE('',#99,#4820);
#4820 = DEFINITIONAL_REPRESENTATION('',(#4821),#4825);
#4821 = ( BOUNDED_CURVE() B_SPLINE_CURVE(2,(#4822,#4823,#4824),
.UNSPECIFIED.,.F.,.F.) B_SPLINE_CURVE_WITH_KNOTS((3,3),(0.,1.),
.PIECEWISE_BEZIER_KNOTS.) CURVE() GEOMETRIC_REPRESENTATION_ITEM() 
RATIONAL_B_SPLINE_CURVE((1.,0.871648182287,1.)) REPRESENTATION_ITEM('') 
  );
#4822 = CARTESIAN_POINT('',(-1.595297219683,-7.451135938961));
#4823 = CARTESIAN_POINT('',(-1.413848734595,-7.489984279154));
#4824 = CARTESIAN_POINT('',(-1.352772575482,-7.665205422469));
#4825 = ( GEOMETRIC_REPRESENTATION_CONTEXT(2) 
PARAMETRIC_REPRESENTATION_CONTEXT() REPRESENTATION_CONTEXT('2D SPACE',''
  ) );
#4826 = PCURVE('',#2381,#4827);
#4827 = DEFINITIONAL_REPRESENTATION('',(#4828),#4831);
#4828 = B_SPLINE_CURVE_WITH_KNOTS('',1,(#4829,#4830),.UNSPECIFIED.,.F.,
  .F.,(2,2),(0.,1.),.PIECEWISE_BEZIER_KNOTS.);
#4829 = CARTESIAN_POINT('',(1.,0.));
#4830 = CARTESIAN_POINT('',(1.,1.));
#4831 = ( GEOMETRIC_REPRESENTATION_CONTEXT(2) 
PARAMETRIC_REPRESENTATION_CONTEXT() REPRESENTATION_CONTEXT('2D SPACE',''
  ) );
#4832 = ORIENTED_EDGE('',*,*,#4833,.T.);
#4833 = EDGE_CURVE('',#4812,#4834,#4836,.T.);
#4834 = VERTEX_POINT('',#4835);
#4835 = CARTESIAN_POINT('',(-1.372098021859,-8.356422157044,9.9));
#4836 = SURFACE_CURVE('',#4837,(#4842,#4850),.PCURVE_S1.);
#4837 = ( BOUNDED_CURVE() B_SPLINE_CURVE(3,(#4838,#4839,#4840,#4841),
.UNSPECIFIED.,.F.,.F.) B_SPLINE_CURVE_WITH_KNOTS((4,4),(0.,1.),
.PIECEWISE_BEZIER_KNOTS.) CURVE() GEOMETRIC_REPRESENTATION_ITEM() 
RATIONAL_B_SPLINE_CURVE((1.,1.000183442697,1.001988389136,1.)) 
REPRESENTATION_ITEM('') );
#4838 = CARTESIAN_POINT('',(-1.352772575482,-7.665205422469,9.9));
#4839 = CARTESIAN_POINT('',(-1.281197044888,-7.873119769725,9.9));
#4840 = CARTESIAN_POINT('',(-1.316290337397,-8.145269676895,9.9));
#4841 = CARTESIAN_POINT('',(-1.372098021859,-8.356422157044,9.9));
#4842 = PCURVE('',#99,#4843);
#4843 = DEFINITIONAL_REPRESENTATION('',(#4844),#4849);
#4844 = ( BOUNDED_CURVE() B_SPLINE_CURVE(3,(#4845,#4846,#4847,#4848),
.UNSPECIFIED.,.F.,.F.) B_SPLINE_CURVE_WITH_KNOTS((4,4),(0.,1.),
.PIECEWISE_BEZIER_KNOTS.) CURVE() GEOMETRIC_REPRESENTATION_ITEM() 
RATIONAL_B_SPLINE_CURVE((1.,1.000183442697,1.001988389136,1.)) 
REPRESENTATION_ITEM('') );
#4845 = CARTESIAN_POINT('',(-1.352772575482,-7.665205422469));
#4846 = CARTESIAN_POINT('',(-1.281197044888,-7.873119769725));
#4847 = CARTESIAN_POINT('',(-1.316290337397,-8.145269676895));
#4848 = CARTESIAN_POINT('',(-1.372098021859,-8.356422157044));
#4849 = ( GEOMETRIC_REPRESENTATION_CONTEXT(2) 
PARAMETRIC_REPRESENTATION_CONTEXT() REPRESENTATION_CONTEXT('2D SPACE',''
  ) );
#4850 = PCURVE('',#2412,#4851);
#4851 = DEFINITIONAL_REPRESENTATION('',(#4852),#4855);
#4852 = B_SPLINE_CURVE_WITH_KNOTS('',1,(#4853,#4854),.UNSPECIFIED.,.F.,
  .F.,(2,2),(0.,1.),.PIECEWISE_BEZIER_KNOTS.);
#4853 = CARTESIAN_POINT('',(1.,0.));
#4854 = CARTESIAN_POINT('',(1.,1.));
#4855 = ( GEOMETRIC_REPRESENTATION_CONTEXT(2) 
PARAMETRIC_REPRESENTATION_CONTEXT() REPRESENTATION_CONTEXT('2D SPACE',''
  ) );
#4856 = ORIENTED_EDGE('',*,*,#4857,.T.);
#4857 = EDGE_CURVE('',#4834,#4858,#4860,.T.);
#4858 = VERTEX_POINT('',#4859);
#4859 = CARTESIAN_POINT('',(-0.337161079433,-10.9147937409,9.9));
#4860 = SURFACE_CURVE('',#4861,(#4866,#4874),.PCURVE_S1.);
#4861 = ( BOUNDED_CURVE() B_SPLINE_CURVE(3,(#4862,#4863,#4864,#4865),
.UNSPECIFIED.,.F.,.F.) B_SPLINE_CURVE_WITH_KNOTS((4,4),(0.,1.),
.PIECEWISE_BEZIER_KNOTS.) CURVE() GEOMETRIC_REPRESENTATION_ITEM() 
RATIONAL_B_SPLINE_CURVE((1.,0.93042703827,1.070034384224,1.)) 
REPRESENTATION_ITEM('') );
#4862 = CARTESIAN_POINT('',(-1.372098021859,-8.356422157044,9.9));
#4863 = CARTESIAN_POINT('',(-1.430032411545,-9.117116925992,9.9));
#4864 = CARTESIAN_POINT('',(-0.925961280677,-10.14255740273,9.9));
#4865 = CARTESIAN_POINT('',(-0.337161079433,-10.9147937409,9.9));
#4866 = PCURVE('',#99,#4867);
#4867 = DEFINITIONAL_REPRESENTATION('',(#4868),#4873);
#4868 = ( BOUNDED_CURVE() B_SPLINE_CURVE(3,(#4869,#4870,#4871,#4872),
.UNSPECIFIED.,.F.,.F.) B_SPLINE_CURVE_WITH_KNOTS((4,4),(0.,1.),
.PIECEWISE_BEZIER_KNOTS.) CURVE() GEOMETRIC_REPRESENTATION_ITEM() 
RATIONAL_B_SPLINE_CURVE((1.,0.93042703827,1.070034384224,1.)) 
REPRESENTATION_ITEM('') );
#4869 = CARTESIAN_POINT('',(-1.372098021859,-8.356422157044));
#4870 = CARTESIAN_POINT('',(-1.430032411545,-9.117116925992));
#4871 = CARTESIAN_POINT('',(-0.925961280677,-10.14255740273));
#4872 = CARTESIAN_POINT('',(-0.337161079433,-10.9147937409));
#4873 = ( GEOMETRIC_REPRESENTATION_CONTEXT(2) 
PARAMETRIC_REPRESENTATION_CONTEXT() REPRESENTATION_CONTEXT('2D SPACE',''
  ) );
#4874 = PCURVE('',#2445,#4875);
#4875 = DEFINITIONAL_REPRESENTATION('',(#4876),#4879);
#4876 = B_SPLINE_CURVE_WITH_KNOTS('',1,(#4877,#4878),.UNSPECIFIED.,.F.,
  .F.,(2,2),(0.,1.),.PIECEWISE_BEZIER_KNOTS.);
#4877 = CARTESIAN_POINT('',(1.,0.));
#4878 = CARTESIAN_POINT('',(1.,1.));
#4879 = ( GEOMETRIC_REPRESENTATION_CONTEXT(2) 
PARAMETRIC_REPRESENTATION_CONTEXT() REPRESENTATION_CONTEXT('2D SPACE',''
  ) );
#4880 = ORIENTED_EDGE('',*,*,#4881,.T.);
#4881 = EDGE_CURVE('',#4858,#4882,#4884,.T.);
#4882 = VERTEX_POINT('',#4883);
#4883 = CARTESIAN_POINT('',(0.337161079433,-10.9147937409,9.9));
#4884 = SURFACE_CURVE('',#4885,(#4889,#4896),.PCURVE_S1.);
#4885 = ( BOUNDED_CURVE() B_SPLINE_CURVE(2,(#4886,#4887,#4888),
.UNSPECIFIED.,.F.,.F.) B_SPLINE_CURVE_WITH_KNOTS((3,3),(0.,1.),
.PIECEWISE_BEZIER_KNOTS.) CURVE() GEOMETRIC_REPRESENTATION_ITEM() 
RATIONAL_B_SPLINE_CURVE((1.,0.999523236347,1.)) REPRESENTATION_ITEM('') 
  );
#4886 = CARTESIAN_POINT('',(-0.337161079433,-10.9147937409,9.9));
#4887 = CARTESIAN_POINT('',(-2.425883658937E-15,-10.92520874243,9.9));
#4888 = CARTESIAN_POINT('',(0.337161079433,-10.9147937409,9.9));
#4889 = PCURVE('',#99,#4890);
#4890 = DEFINITIONAL_REPRESENTATION('',(#4891),#4895);
#4891 = ( BOUNDED_CURVE() B_SPLINE_CURVE(2,(#4892,#4893,#4894),
.UNSPECIFIED.,.F.,.F.) B_SPLINE_CURVE_WITH_KNOTS((3,3),(0.,1.),
.PIECEWISE_BEZIER_KNOTS.) CURVE() GEOMETRIC_REPRESENTATION_ITEM() 
RATIONAL_B_SPLINE_CURVE((1.,0.999523236347,1.)) REPRESENTATION_ITEM('') 
  );
#4892 = CARTESIAN_POINT('',(-0.337161079433,-10.9147937409));
#4893 = CARTESIAN_POINT('',(-4.659657516941E-16,-10.92520874243));
#4894 = CARTESIAN_POINT('',(0.337161079433,-10.9147937409));
#4895 = ( GEOMETRIC_REPRESENTATION_CONTEXT(2) 
PARAMETRIC_REPRESENTATION_CONTEXT() REPRESENTATION_CONTEXT('2D SPACE',''
  ) );
#4896 = PCURVE('',#2476,#4897);
#4897 = DEFINITIONAL_REPRESENTATION('',(#4898),#4901);
#4898 = B_SPLINE_CURVE_WITH_KNOTS('',1,(#4899,#4900),.UNSPECIFIED.,.F.,
  .F.,(2,2),(0.,1.),.PIECEWISE_BEZIER_KNOTS.);
#4899 = CARTESIAN_POINT('',(1.,0.));
#4900 = CARTESIAN_POINT('',(1.,1.));
#4901 = ( GEOMETRIC_REPRESENTATION_CONTEXT(2) 
PARAMETRIC_REPRESENTATION_CONTEXT() REPRESENTATION_CONTEXT('2D SPACE',''
  ) );
#4902 = ORIENTED_EDGE('',*,*,#4903,.T.);
#4903 = EDGE_CURVE('',#4882,#4904,#4906,.T.);
#4904 = VERTEX_POINT('',#4905);
#4905 = CARTESIAN_POINT('',(1.372098021859,-8.356422157044,9.9));
#4906 = SURFACE_CURVE('',#4907,(#4912,#4920),.PCURVE_S1.);
#4907 = ( BOUNDED_CURVE() B_SPLINE_CURVE(3,(#4908,#4909,#4910,#4911),
.UNSPECIFIED.,.F.,.F.) B_SPLINE_CURVE_WITH_KNOTS((4,4),(0.,1.),
.PIECEWISE_BEZIER_KNOTS.) CURVE() GEOMETRIC_REPRESENTATION_ITEM() 
RATIONAL_B_SPLINE_CURVE((1.,1.070034384224,0.93042703827,1.)) 
REPRESENTATION_ITEM('') );
#4908 = CARTESIAN_POINT('',(0.337161079433,-10.9147937409,9.9));
#4909 = CARTESIAN_POINT('',(0.925961280677,-10.14255740273,9.9));
#4910 = CARTESIAN_POINT('',(1.430032411545,-9.117116925992,9.9));
#4911 = CARTESIAN_POINT('',(1.372098021859,-8.356422157044,9.9));
#4912 = PCURVE('',#99,#4913);
#4913 = DEFINITIONAL_REPRESENTATION('',(#4914),#4919);
#4914 = ( BOUNDED_CURVE() B_SPLINE_CURVE(3,(#4915,#4916,#4917,#4918),
.UNSPECIFIED.,.F.,.F.) B_SPLINE_CURVE_WITH_KNOTS((4,4),(0.,1.),
.PIECEWISE_BEZIER_KNOTS.) CURVE() GEOMETRIC_REPRESENTATION_ITEM() 
RATIONAL_B_SPLINE_CURVE((1.,1.070034384224,0.93042703827,1.)) 
REPRESENTATION_ITEM('') );
#4915 = CARTESIAN_POINT('',(0.337161079433,-10.9147937409));
#4916 = CARTESIAN_POINT('',(0.925961280677,-10.14255740273));
#4917 = CARTESIAN_POINT('',(1.430032411545,-9.117116925992));
#4918 = CARTESIAN_POINT('',(1.372098021859,-8.356422157044));
#4919 = ( GEOMETRIC_REPRESENTATION_CONTEXT(2) 
PARAMETRIC_REPRESENTATION_CONTEXT() REPRESENTATION_CONTEXT('2D SPACE',''
  ) );
#4920 = PCURVE('',#2507,#4921);
#4921 = DEFINITIONAL_REPRESENTATION('',(#4922),#4925);
#4922 = B_SPLINE_CURVE_WITH_KNOTS('',1,(#4923,#4924),.UNSPECIFIED.,.F.,
  .F.,(2,2),(0.,1.),.PIECEWISE_BEZIER_KNOTS.);
#4923 = CARTESIAN_POINT('',(1.,0.));
#4924 = CARTESIAN_POINT('',(1.,1.));
#4925 = ( GEOMETRIC_REPRESENTATION_CONTEXT(2) 
PARAMETRIC_REPRESENTATION_CONTEXT() REPRESENTATION_CONTEXT('2D SPACE',''
  ) );
#4926 = ORIENTED_EDGE('',*,*,#4927,.T.);
#4927 = EDGE_CURVE('',#4904,#4928,#4930,.T.);
#4928 = VERTEX_POINT('',#4929);
#4929 = CARTESIAN_POINT('',(1.352772575482,-7.665205422469,9.9));
#4930 = SURFACE_CURVE('',#4931,(#4936,#4944),.PCURVE_S1.);
#4931 = ( BOUNDED_CURVE() B_SPLINE_CURVE(3,(#4932,#4933,#4934,#4935),
.UNSPECIFIED.,.F.,.F.) B_SPLINE_CURVE_WITH_KNOTS((4,4),(0.,1.),
.PIECEWISE_BEZIER_KNOTS.) CURVE() GEOMETRIC_REPRESENTATION_ITEM() 
RATIONAL_B_SPLINE_CURVE((1.,1.001988389136,1.000183442697,1.)) 
REPRESENTATION_ITEM('') );
#4932 = CARTESIAN_POINT('',(1.372098021859,-8.356422157044,9.9));
#4933 = CARTESIAN_POINT('',(1.316290337397,-8.145269676895,9.9));
#4934 = CARTESIAN_POINT('',(1.281197044888,-7.873119769725,9.9));
#4935 = CARTESIAN_POINT('',(1.352772575482,-7.665205422469,9.9));
#4936 = PCURVE('',#99,#4937);
#4937 = DEFINITIONAL_REPRESENTATION('',(#4938),#4943);
#4938 = ( BOUNDED_CURVE() B_SPLINE_CURVE(3,(#4939,#4940,#4941,#4942),
.UNSPECIFIED.,.F.,.F.) B_SPLINE_CURVE_WITH_KNOTS((4,4),(0.,1.),
.PIECEWISE_BEZIER_KNOTS.) CURVE() GEOMETRIC_REPRESENTATION_ITEM() 
RATIONAL_B_SPLINE_CURVE((1.,1.001988389136,1.000183442697,1.)) 
REPRESENTATION_ITEM('') );
#4939 = CARTESIAN_POINT('',(1.372098021859,-8.356422157044));
#4940 = CARTESIAN_POINT('',(1.316290337397,-8.145269676895));
#4941 = CARTESIAN_POINT('',(1.281197044888,-7.873119769725));
#4942 = CARTESIAN_POINT('',(1.352772575482,-7.665205422469));
#4943 = ( GEOMETRIC_REPRESENTATION_CONTEXT(2) 
PARAMETRIC_REPRESENTATION_CONTEXT() REPRESENTATION_CONTEXT('2D SPACE',''
  ) );
#4944 = PCURVE('',#2540,#4945);
#4945 = DEFINITIONAL_REPRESENTATION('',(#4946),#4949);
#4946 = B_SPLINE_CURVE_WITH_KNOTS('',1,(#4947,#4948),.UNSPECIFIED.,.F.,
  .F.,(2,2),(0.,1.),.PIECEWISE_BEZIER_KNOTS.);
#4947 = CARTESIAN_POINT('',(1.,0.));
#4948 = CARTESIAN_POINT('',(1.,1.));
#4949 = ( GEOMETRIC_REPRESENTATION_CONTEXT(2) 
PARAMETRIC_REPRESENTATION_CONTEXT() REPRESENTATION_CONTEXT('2D SPACE',''
  ) );
#4950 = ORIENTED_EDGE('',*,*,#4951,.T.);
#4951 = EDGE_CURVE('',#4928,#4952,#4954,.T.);
#4952 = VERTEX_POINT('',#4953);
#4953 = CARTESIAN_POINT('',(1.595297219683,-7.451135938961,9.9));
#4954 = SURFACE_CURVE('',#4955,(#4959,#4966),.PCURVE_S1.);
#4955 = ( BOUNDED_CURVE() B_SPLINE_CURVE(2,(#4956,#4957,#4958),
.UNSPECIFIED.,.F.,.F.) B_SPLINE_CURVE_WITH_KNOTS((3,3),(0.,1.),
.PIECEWISE_BEZIER_KNOTS.) CURVE() GEOMETRIC_REPRESENTATION_ITEM() 
RATIONAL_B_SPLINE_CURVE((1.,0.871648182287,1.)) REPRESENTATION_ITEM('') 
  );
#4956 = CARTESIAN_POINT('',(1.352772575482,-7.665205422469,9.9));
#4957 = CARTESIAN_POINT('',(1.413848734595,-7.489984279154,9.9));
#4958 = CARTESIAN_POINT('',(1.595297219683,-7.451135938961,9.9));
#4959 = PCURVE('',#99,#4960);
#4960 = DEFINITIONAL_REPRESENTATION('',(#4961),#4965);
#4961 = ( BOUNDED_CURVE() B_SPLINE_CURVE(2,(#4962,#4963,#4964),
.UNSPECIFIED.,.F.,.F.) B_SPLINE_CURVE_WITH_KNOTS((3,3),(0.,1.),
.PIECEWISE_BEZIER_KNOTS.) CURVE() GEOMETRIC_REPRESENTATION_ITEM() 
RATIONAL_B_SPLINE_CURVE((1.,0.871648182287,1.)) REPRESENTATION_ITEM('') 
  );
#4962 = CARTESIAN_POINT('',(1.352772575482,-7.665205422469));
#4963 = CARTESIAN_POINT('',(1.413848734595,-7.489984279154));
#4964 = CARTESIAN_POINT('',(1.595297219683,-7.451135938961));
#4965 = ( GEOMETRIC_REPRESENTATION_CONTEXT(2) 
PARAMETRIC_REPRESENTATION_CONTEXT() REPRESENTATION_CONTEXT('2D SPACE',''
  ) );
#4966 = PCURVE('',#2571,#4967);
#4967 = DEFINITIONAL_REPRESENTATION('',(#4968),#4971);
#4968 = B_SPLINE_CURVE_WITH_KNOTS('',1,(#4969,#4970),.UNSPECIFIED.,.F.,
  .F.,(2,2),(0.,1.),.PIECEWISE_BEZIER_KNOTS.);
#4969 = CARTESIAN_POINT('',(1.,0.));
#4970 = CARTESIAN_POINT('',(1.,1.));
#4971 = ( GEOMETRIC_REPRESENTATION_CONTEXT(2) 
PARAMETRIC_REPRESENTATION_CONTEXT() REPRESENTATION_CONTEXT('2D SPACE',''
  ) );
#4972 = ORIENTED_EDGE('',*,*,#4973,.T.);
#4973 = EDGE_CURVE('',#4952,#4974,#4976,.T.);
#4974 = VERTEX_POINT('',#4975);
#4975 = CARTESIAN_POINT('',(2.344000050648,-7.250521620033,9.9));
#4976 = SURFACE_CURVE('',#4977,(#4981,#4988),.PCURVE_S1.);
#4977 = ( BOUNDED_CURVE() B_SPLINE_CURVE(2,(#4978,#4979,#4980),
.UNSPECIFIED.,.F.,.F.) B_SPLINE_CURVE_WITH_KNOTS((3,3),(0.,1.),
.PIECEWISE_BEZIER_KNOTS.) CURVE() GEOMETRIC_REPRESENTATION_ITEM() 
RATIONAL_B_SPLINE_CURVE((1.,0.998705766625,1.)) REPRESENTATION_ITEM('') 
  );
#4978 = CARTESIAN_POINT('',(1.595297219683,-7.451135938961,9.9));
#4979 = CARTESIAN_POINT('',(1.974756919994,-7.369893158015,9.9));
#4980 = CARTESIAN_POINT('',(2.344000050648,-7.250521620033,9.9));
#4981 = PCURVE('',#99,#4982);
#4982 = DEFINITIONAL_REPRESENTATION('',(#4983),#4987);
#4983 = ( BOUNDED_CURVE() B_SPLINE_CURVE(2,(#4984,#4985,#4986),
.UNSPECIFIED.,.F.,.F.) B_SPLINE_CURVE_WITH_KNOTS((3,3),(0.,1.),
.PIECEWISE_BEZIER_KNOTS.) CURVE() GEOMETRIC_REPRESENTATION_ITEM() 
RATIONAL_B_SPLINE_CURVE((1.,0.998705766625,1.)) REPRESENTATION_ITEM('') 
  );
#4984 = CARTESIAN_POINT('',(1.595297219683,-7.451135938961));
#4985 = CARTESIAN_POINT('',(1.974756919994,-7.369893158015));
#4986 = CARTESIAN_POINT('',(2.344000050648,-7.250521620033));
#4987 = ( GEOMETRIC_REPRESENTATION_CONTEXT(2) 
PARAMETRIC_REPRESENTATION_CONTEXT() REPRESENTATION_CONTEXT('2D SPACE',''
  ) );
#4988 = PCURVE('',#2600,#4989);
#4989 = DEFINITIONAL_REPRESENTATION('',(#4990),#4993);
#4990 = B_SPLINE_CURVE_WITH_KNOTS('',1,(#4991,#4992),.UNSPECIFIED.,.F.,
  .F.,(2,2),(0.,1.),.PIECEWISE_BEZIER_KNOTS.);
#4991 = CARTESIAN_POINT('',(1.,0.));
#4992 = CARTESIAN_POINT('',(1.,1.));
#4993 = ( GEOMETRIC_REPRESENTATION_CONTEXT(2) 
PARAMETRIC_REPRESENTATION_CONTEXT() REPRESENTATION_CONTEXT('2D SPACE',''
  ) );
#4994 = ORIENTED_EDGE('',*,*,#4995,.T.);
#4995 = EDGE_CURVE('',#4974,#4996,#4998,.T.);
#4996 = VERTEX_POINT('',#4997);
#4997 = CARTESIAN_POINT('',(2.661067295324,-7.314648908826,9.9));
#4998 = SURFACE_CURVE('',#4999,(#5003,#5010),.PCURVE_S1.);
#4999 = ( BOUNDED_CURVE() B_SPLINE_CURVE(2,(#5000,#5001,#5002),
.UNSPECIFIED.,.F.,.F.) B_SPLINE_CURVE_WITH_KNOTS((3,3),(0.,1.),
.PIECEWISE_BEZIER_KNOTS.) CURVE() GEOMETRIC_REPRESENTATION_ITEM() 
RATIONAL_B_SPLINE_CURVE((1.,0.871648182287,1.)) REPRESENTATION_ITEM('') 
  );
#5000 = CARTESIAN_POINT('',(2.344000050648,-7.250521620033,9.9));
#5001 = CARTESIAN_POINT('',(2.520563218309,-7.193441026991,9.9));
#5002 = CARTESIAN_POINT('',(2.661067295324,-7.314648908825,9.9));
#5003 = PCURVE('',#99,#5004);
#5004 = DEFINITIONAL_REPRESENTATION('',(#5005),#5009);
#5005 = ( BOUNDED_CURVE() B_SPLINE_CURVE(2,(#5006,#5007,#5008),
.UNSPECIFIED.,.F.,.F.) B_SPLINE_CURVE_WITH_KNOTS((3,3),(0.,1.),
.PIECEWISE_BEZIER_KNOTS.) CURVE() GEOMETRIC_REPRESENTATION_ITEM() 
RATIONAL_B_SPLINE_CURVE((1.,0.871648182287,1.)) REPRESENTATION_ITEM('') 
  );
#5006 = CARTESIAN_POINT('',(2.344000050648,-7.250521620033));
#5007 = CARTESIAN_POINT('',(2.520563218309,-7.193441026991));
#5008 = CARTESIAN_POINT('',(2.661067295324,-7.314648908825));
#5009 = ( GEOMETRIC_REPRESENTATION_CONTEXT(2) 
PARAMETRIC_REPRESENTATION_CONTEXT() REPRESENTATION_CONTEXT('2D SPACE',''
  ) );
#5010 = PCURVE('',#2629,#5011);
#5011 = DEFINITIONAL_REPRESENTATION('',(#5012),#5015);
#5012 = B_SPLINE_CURVE_WITH_KNOTS('',1,(#5013,#5014),.UNSPECIFIED.,.F.,
  .F.,(2,2),(0.,1.),.PIECEWISE_BEZIER_KNOTS.);
#5013 = CARTESIAN_POINT('',(1.,0.));
#5014 = CARTESIAN_POINT('',(1.,1.));
#5015 = ( GEOMETRIC_REPRESENTATION_CONTEXT(2) 
PARAMETRIC_REPRESENTATION_CONTEXT() REPRESENTATION_CONTEXT('2D SPACE',''
  ) );
#5016 = ORIENTED_EDGE('',*,*,#5017,.T.);
#5017 = EDGE_CURVE('',#4996,#5018,#5020,.T.);
#5018 = VERTEX_POINT('',#5019);
#5019 = CARTESIAN_POINT('',(2.98993933511,-7.922922883677,9.9));
#5020 = SURFACE_CURVE('',#5021,(#5026,#5034),.PCURVE_S1.);
#5021 = ( BOUNDED_CURVE() B_SPLINE_CURVE(3,(#5022,#5023,#5024,#5025),
.UNSPECIFIED.,.F.,.F.) B_SPLINE_CURVE_WITH_KNOTS((4,4),(0.,1.),
.PIECEWISE_BEZIER_KNOTS.) CURVE() GEOMETRIC_REPRESENTATION_ITEM() 
RATIONAL_B_SPLINE_CURVE((1.,1.000183442697,1.001988389136,1.)) 
REPRESENTATION_ITEM('') );
#5022 = CARTESIAN_POINT('',(2.661067295324,-7.314648908825,9.9));
#5023 = CARTESIAN_POINT('',(2.827010696736,-7.458920250063,9.9));
#5024 = CARTESIAN_POINT('',(2.932693967506,-7.712155629565,9.9));
#5025 = CARTESIAN_POINT('',(2.98993933511,-7.922922883677,9.9));
#5026 = PCURVE('',#99,#5027);
#5027 = DEFINITIONAL_REPRESENTATION('',(#5028),#5033);
#5028 = ( BOUNDED_CURVE() B_SPLINE_CURVE(3,(#5029,#5030,#5031,#5032),
.UNSPECIFIED.,.F.,.F.) B_SPLINE_CURVE_WITH_KNOTS((4,4),(0.,1.),
.PIECEWISE_BEZIER_KNOTS.) CURVE() GEOMETRIC_REPRESENTATION_ITEM() 
RATIONAL_B_SPLINE_CURVE((1.,1.000183442697,1.001988389136,1.)) 
REPRESENTATION_ITEM('') );
#5029 = CARTESIAN_POINT('',(2.661067295324,-7.314648908825));
#5030 = CARTESIAN_POINT('',(2.827010696736,-7.458920250063));
#5031 = CARTESIAN_POINT('',(2.932693967506,-7.712155629565));
#5032 = CARTESIAN_POINT('',(2.98993933511,-7.922922883677));
#5033 = ( GEOMETRIC_REPRESENTATION_CONTEXT(2) 
PARAMETRIC_REPRESENTATION_CONTEXT() REPRESENTATION_CONTEXT('2D SPACE',''
  ) );
#5034 = PCURVE('',#2660,#5035);
#5035 = DEFINITIONAL_REPRESENTATION('',(#5036),#5039);
#5036 = B_SPLINE_CURVE_WITH_KNOTS('',1,(#5037,#5038),.UNSPECIFIED.,.F.,
  .F.,(2,2),(0.,1.),.PIECEWISE_BEZIER_KNOTS.);
#5037 = CARTESIAN_POINT('',(1.,0.));
#5038 = CARTESIAN_POINT('',(1.,1.));
#5039 = ( GEOMETRIC_REPRESENTATION_CONTEXT(2) 
PARAMETRIC_REPRESENTATION_CONTEXT() REPRESENTATION_CONTEXT('2D SPACE',''
  ) );
#5040 = ORIENTED_EDGE('',*,*,#5041,.T.);
#5041 = EDGE_CURVE('',#5018,#5042,#5044,.T.);
#5042 = VERTEX_POINT('',#5043);
#5043 = CARTESIAN_POINT('',(5.165406810496,-9.621069196408,9.9));
#5044 = SURFACE_CURVE('',#5045,(#5050,#5058),.PCURVE_S1.);
#5045 = ( BOUNDED_CURVE() B_SPLINE_CURVE(3,(#5046,#5047,#5048,#5049),
.UNSPECIFIED.,.F.,.F.) B_SPLINE_CURVE_WITH_KNOTS((4,4),(0.,1.),
.PIECEWISE_BEZIER_KNOTS.) CURVE() GEOMETRIC_REPRESENTATION_ITEM() 
RATIONAL_B_SPLINE_CURVE((1.,0.93042703827,1.070034384224,1.)) 
REPRESENTATION_ITEM('') );
#5046 = CARTESIAN_POINT('',(2.98993933511,-7.922922883677,9.9));
#5047 = CARTESIAN_POINT('',(3.320114066363,-8.610671072955,9.9));
#5048 = CARTESIAN_POINT('',(4.269372709381,-9.24669301045,9.9));
#5049 = CARTESIAN_POINT('',(5.165406810496,-9.621069196408,9.9));
#5050 = PCURVE('',#99,#5051);
#5051 = DEFINITIONAL_REPRESENTATION('',(#5052),#5057);
#5052 = ( BOUNDED_CURVE() B_SPLINE_CURVE(3,(#5053,#5054,#5055,#5056),
.UNSPECIFIED.,.F.,.F.) B_SPLINE_CURVE_WITH_KNOTS((4,4),(0.,1.),
.PIECEWISE_BEZIER_KNOTS.) CURVE() GEOMETRIC_REPRESENTATION_ITEM() 
RATIONAL_B_SPLINE_CURVE((1.,0.93042703827,1.070034384224,1.)) 
REPRESENTATION_ITEM('') );
#5053 = CARTESIAN_POINT('',(2.98993933511,-7.922922883677));
#5054 = CARTESIAN_POINT('',(3.320114066363,-8.610671072955));
#5055 = CARTESIAN_POINT('',(4.269372709381,-9.24669301045));
#5056 = CARTESIAN_POINT('',(5.165406810496,-9.621069196408));
#5057 = ( GEOMETRIC_REPRESENTATION_CONTEXT(2) 
PARAMETRIC_REPRESENTATION_CONTEXT() REPRESENTATION_CONTEXT('2D SPACE',''
  ) );
#5058 = PCURVE('',#2693,#5059);
#5059 = DEFINITIONAL_REPRESENTATION('',(#5060),#5063);
#5060 = B_SPLINE_CURVE_WITH_KNOTS('',1,(#5061,#5062),.UNSPECIFIED.,.F.,
  .F.,(2,2),(0.,1.),.PIECEWISE_BEZIER_KNOTS.);
#5061 = CARTESIAN_POINT('',(1.,0.));
#5062 = CARTESIAN_POINT('',(1.,1.));
#5063 = ( GEOMETRIC_REPRESENTATION_CONTEXT(2) 
PARAMETRIC_REPRESENTATION_CONTEXT() REPRESENTATION_CONTEXT('2D SPACE',''
  ) );
#5064 = ORIENTED_EDGE('',*,*,#5065,.T.);
#5065 = EDGE_CURVE('',#5042,#5066,#5068,.T.);
#5066 = VERTEX_POINT('',#5067);
#5067 = CARTESIAN_POINT('',(5.74938693041,-9.283908116975,9.9));
#5068 = SURFACE_CURVE('',#5069,(#5073,#5080),.PCURVE_S1.);
#5069 = ( BOUNDED_CURVE() B_SPLINE_CURVE(2,(#5070,#5071,#5072),
.UNSPECIFIED.,.F.,.F.) B_SPLINE_CURVE_WITH_KNOTS((3,3),(0.,1.),
.PIECEWISE_BEZIER_KNOTS.) CURVE() GEOMETRIC_REPRESENTATION_ITEM() 
RATIONAL_B_SPLINE_CURVE((1.,0.999523236347,1.)) REPRESENTATION_ITEM('') 
  );
#5070 = CARTESIAN_POINT('',(5.165406810496,-9.621069196408,9.9));
#5071 = CARTESIAN_POINT('',(5.462604371217,-9.461508312595,9.9));
#5072 = CARTESIAN_POINT('',(5.74938693041,-9.283908116975,9.9));
#5073 = PCURVE('',#99,#5074);
#5074 = DEFINITIONAL_REPRESENTATION('',(#5075),#5079);
#5075 = ( BOUNDED_CURVE() B_SPLINE_CURVE(2,(#5076,#5077,#5078),
.UNSPECIFIED.,.F.,.F.) B_SPLINE_CURVE_WITH_KNOTS((3,3),(0.,1.),
.PIECEWISE_BEZIER_KNOTS.) CURVE() GEOMETRIC_REPRESENTATION_ITEM() 
RATIONAL_B_SPLINE_CURVE((1.,0.999523236347,1.)) REPRESENTATION_ITEM('') 
  );
#5076 = CARTESIAN_POINT('',(5.165406810496,-9.621069196408));
#5077 = CARTESIAN_POINT('',(5.462604371217,-9.461508312595));
#5078 = CARTESIAN_POINT('',(5.74938693041,-9.283908116975));
#5079 = ( GEOMETRIC_REPRESENTATION_CONTEXT(2) 
PARAMETRIC_REPRESENTATION_CONTEXT() REPRESENTATION_CONTEXT('2D SPACE',''
  ) );
#5080 = PCURVE('',#2724,#5081);
#5081 = DEFINITIONAL_REPRESENTATION('',(#5082),#5085);
#5082 = B_SPLINE_CURVE_WITH_KNOTS('',1,(#5083,#5084),.UNSPECIFIED.,.F.,
  .F.,(2,2),(0.,1.),.PIECEWISE_BEZIER_KNOTS.);
#5083 = CARTESIAN_POINT('',(1.,0.));
#5084 = CARTESIAN_POINT('',(1.,1.));
#5085 = ( GEOMETRIC_REPRESENTATION_CONTEXT(2) 
PARAMETRIC_REPRESENTATION_CONTEXT() REPRESENTATION_CONTEXT('2D SPACE',''
  ) );
#5086 = ORIENTED_EDGE('',*,*,#5087,.T.);
#5087 = EDGE_CURVE('',#5066,#5088,#5090,.T.);
#5088 = VERTEX_POINT('',#5089);
#5089 = CARTESIAN_POINT('',(5.366482821935,-6.550824861818,9.9));
#5090 = SURFACE_CURVE('',#5091,(#5096,#5104),.PCURVE_S1.);
#5091 = ( BOUNDED_CURVE() B_SPLINE_CURVE(3,(#5092,#5093,#5094,#5095),
.UNSPECIFIED.,.F.,.F.) B_SPLINE_CURVE_WITH_KNOTS((4,4),(0.,1.),
.PIECEWISE_BEZIER_KNOTS.) CURVE() GEOMETRIC_REPRESENTATION_ITEM() 
RATIONAL_B_SPLINE_CURVE((1.,1.070034384224,0.93042703827,1.)) 
REPRESENTATION_ITEM('') );
#5092 = CARTESIAN_POINT('',(5.74938693041,-9.283908116975,9.9));
#5093 = CARTESIAN_POINT('',(5.873184693355,-8.320731729773,9.9));
#5094 = CARTESIAN_POINT('',(5.797002859629,-7.18063866141,9.9));
#5095 = CARTESIAN_POINT('',(5.366482821935,-6.550824861818,9.9));
#5096 = PCURVE('',#99,#5097);
#5097 = DEFINITIONAL_REPRESENTATION('',(#5098),#5103);
#5098 = ( BOUNDED_CURVE() B_SPLINE_CURVE(3,(#5099,#5100,#5101,#5102),
.UNSPECIFIED.,.F.,.F.) B_SPLINE_CURVE_WITH_KNOTS((4,4),(0.,1.),
.PIECEWISE_BEZIER_KNOTS.) CURVE() GEOMETRIC_REPRESENTATION_ITEM() 
RATIONAL_B_SPLINE_CURVE((1.,1.070034384224,0.93042703827,1.)) 
REPRESENTATION_ITEM('') );
#5099 = CARTESIAN_POINT('',(5.74938693041,-9.283908116975));
#5100 = CARTESIAN_POINT('',(5.873184693355,-8.320731729773));
#5101 = CARTESIAN_POINT('',(5.797002859629,-7.18063866141));
#5102 = CARTESIAN_POINT('',(5.366482821935,-6.550824861818));
#5103 = ( GEOMETRIC_REPRESENTATION_CONTEXT(2) 
PARAMETRIC_REPRESENTATION_CONTEXT() REPRESENTATION_CONTEXT('2D SPACE',''
  ) );
#5104 = PCURVE('',#2755,#5105);
#5105 = DEFINITIONAL_REPRESENTATION('',(#5106),#5109);
#5106 = B_SPLINE_CURVE_WITH_KNOTS('',1,(#5107,#5108),.UNSPECIFIED.,.F.,
  .F.,(2,2),(0.,1.),.PIECEWISE_BEZIER_KNOTS.);
#5107 = CARTESIAN_POINT('',(1.,0.));
#5108 = CARTESIAN_POINT('',(1.,1.));
#5109 = ( GEOMETRIC_REPRESENTATION_CONTEXT(2) 
PARAMETRIC_REPRESENTATION_CONTEXT() REPRESENTATION_CONTEXT('2D SPACE',''
  ) );
#5110 = ORIENTED_EDGE('',*,*,#5111,.T.);
#5111 = EDGE_CURVE('',#5088,#5112,#5114,.T.);
#5112 = VERTEX_POINT('',#5113);
#5113 = CARTESIAN_POINT('',(5.004138127145,-5.961876333343,9.9));
#5114 = SURFACE_CURVE('',#5115,(#5120,#5128),.PCURVE_S1.);
#5115 = ( BOUNDED_CURVE() B_SPLINE_CURVE(3,(#5116,#5117,#5118,#5119),
.UNSPECIFIED.,.F.,.F.) B_SPLINE_CURVE_WITH_KNOTS((4,4),(0.,1.),
.PIECEWISE_BEZIER_KNOTS.) CURVE() GEOMETRIC_REPRESENTATION_ITEM() 
RATIONAL_B_SPLINE_CURVE((1.,1.001988389136,1.000183442697,1.)) 
REPRESENTATION_ITEM('') );
#5116 = CARTESIAN_POINT('',(5.366482821935,-6.550824861818,9.9));
#5117 = CARTESIAN_POINT('',(5.21257570939,-6.395865292168,9.9));
#5118 = CARTESIAN_POINT('',(5.046109072989,-6.177723205175,9.9));
#5119 = CARTESIAN_POINT('',(5.004138127145,-5.961876333343,9.9));
#5120 = PCURVE('',#99,#5121);
#5121 = DEFINITIONAL_REPRESENTATION('',(#5122),#5127);
#5122 = ( BOUNDED_CURVE() B_SPLINE_CURVE(3,(#5123,#5124,#5125,#5126),
.UNSPECIFIED.,.F.,.F.) B_SPLINE_CURVE_WITH_KNOTS((4,4),(0.,1.),
.PIECEWISE_BEZIER_KNOTS.) CURVE() GEOMETRIC_REPRESENTATION_ITEM() 
RATIONAL_B_SPLINE_CURVE((1.,1.001988389136,1.000183442697,1.)) 
REPRESENTATION_ITEM('') );
#5123 = CARTESIAN_POINT('',(5.366482821935,-6.550824861818));
#5124 = CARTESIAN_POINT('',(5.21257570939,-6.395865292168));
#5125 = CARTESIAN_POINT('',(5.046109072989,-6.177723205175));
#5126 = CARTESIAN_POINT('',(5.004138127145,-5.961876333343));
#5127 = ( GEOMETRIC_REPRESENTATION_CONTEXT(2) 
PARAMETRIC_REPRESENTATION_CONTEXT() REPRESENTATION_CONTEXT('2D SPACE',''
  ) );
#5128 = PCURVE('',#2788,#5129);
#5129 = DEFINITIONAL_REPRESENTATION('',(#5130),#5133);
#5130 = B_SPLINE_CURVE_WITH_KNOTS('',1,(#5131,#5132),.UNSPECIFIED.,.F.,
  .F.,(2,2),(0.,1.),.PIECEWISE_BEZIER_KNOTS.);
#5131 = CARTESIAN_POINT('',(1.,0.));
#5132 = CARTESIAN_POINT('',(1.,1.));
#5133 = ( GEOMETRIC_REPRESENTATION_CONTEXT(2) 
PARAMETRIC_REPRESENTATION_CONTEXT() REPRESENTATION_CONTEXT('2D SPACE',''
  ) );
#5134 = ORIENTED_EDGE('',*,*,#5135,.T.);
#5135 = EDGE_CURVE('',#5112,#5136,#5138,.T.);
#5136 = VERTEX_POINT('',#5137);
#5137 = CARTESIAN_POINT('',(5.107135888313,-5.655224400349,9.9));
#5138 = SURFACE_CURVE('',#5139,(#5143,#5150),.PCURVE_S1.);
#5139 = ( BOUNDED_CURVE() B_SPLINE_CURVE(2,(#5140,#5141,#5142),
.UNSPECIFIED.,.F.,.F.) B_SPLINE_CURVE_WITH_KNOTS((3,3),(0.,1.),
.PIECEWISE_BEZIER_KNOTS.) CURVE() GEOMETRIC_REPRESENTATION_ITEM() 
RATIONAL_B_SPLINE_CURVE((1.,0.871648182287,1.)) REPRESENTATION_ITEM('') 
  );
#5140 = CARTESIAN_POINT('',(5.004138127145,-5.961876333343,9.9));
#5141 = CARTESIAN_POINT('',(4.969421060845,-5.779592292396,9.9));
#5142 = CARTESIAN_POINT('',(5.107135888313,-5.655224400349,9.9));
#5143 = PCURVE('',#99,#5144);
#5144 = DEFINITIONAL_REPRESENTATION('',(#5145),#5149);
#5145 = ( BOUNDED_CURVE() B_SPLINE_CURVE(2,(#5146,#5147,#5148),
.UNSPECIFIED.,.F.,.F.) B_SPLINE_CURVE_WITH_KNOTS((3,3),(0.,1.),
.PIECEWISE_BEZIER_KNOTS.) CURVE() GEOMETRIC_REPRESENTATION_ITEM() 
RATIONAL_B_SPLINE_CURVE((1.,0.871648182287,1.)) REPRESENTATION_ITEM('') 
  );
#5146 = CARTESIAN_POINT('',(5.004138127145,-5.961876333343));
#5147 = CARTESIAN_POINT('',(4.969421060845,-5.779592292396));
#5148 = CARTESIAN_POINT('',(5.107135888313,-5.655224400349));
#5149 = ( GEOMETRIC_REPRESENTATION_CONTEXT(2) 
PARAMETRIC_REPRESENTATION_CONTEXT() REPRESENTATION_CONTEXT('2D SPACE',''
  ) );
#5150 = PCURVE('',#2819,#5151);
#5151 = DEFINITIONAL_REPRESENTATION('',(#5152),#5155);
#5152 = B_SPLINE_CURVE_WITH_KNOTS('',1,(#5153,#5154),.UNSPECIFIED.,.F.,
  .F.,(2,2),(0.,1.),.PIECEWISE_BEZIER_KNOTS.);
#5153 = CARTESIAN_POINT('',(1.,0.));
#5154 = CARTESIAN_POINT('',(1.,1.));
#5155 = ( GEOMETRIC_REPRESENTATION_CONTEXT(2) 
PARAMETRIC_REPRESENTATION_CONTEXT() REPRESENTATION_CONTEXT('2D SPACE',''
  ) );
#5156 = ORIENTED_EDGE('',*,*,#5157,.T.);
#5157 = EDGE_CURVE('',#5136,#5158,#5160,.T.);
#5158 = VERTEX_POINT('',#5159);
#5159 = CARTESIAN_POINT('',(5.655224400349,-5.107135888313,9.9));
#5160 = SURFACE_CURVE('',#5161,(#5165,#5172),.PCURVE_S1.);
#5161 = ( BOUNDED_CURVE() B_SPLINE_CURVE(2,(#5162,#5163,#5164),
.UNSPECIFIED.,.F.,.F.) B_SPLINE_CURVE_WITH_KNOTS((3,3),(0.,1.),
.PIECEWISE_BEZIER_KNOTS.) CURVE() GEOMETRIC_REPRESENTATION_ITEM() 
RATIONAL_B_SPLINE_CURVE((1.,0.998705766625,1.)) REPRESENTATION_ITEM('') 
  );
#5162 = CARTESIAN_POINT('',(5.107135888313,-5.655224400349,9.9));
#5163 = CARTESIAN_POINT('',(5.395136238021,-5.395136238021,9.9));
#5164 = CARTESIAN_POINT('',(5.655224400349,-5.107135888313,9.9));
#5165 = PCURVE('',#99,#5166);
#5166 = DEFINITIONAL_REPRESENTATION('',(#5167),#5171);
#5167 = ( BOUNDED_CURVE() B_SPLINE_CURVE(2,(#5168,#5169,#5170),
.UNSPECIFIED.,.F.,.F.) B_SPLINE_CURVE_WITH_KNOTS((3,3),(0.,1.),
.PIECEWISE_BEZIER_KNOTS.) CURVE() GEOMETRIC_REPRESENTATION_ITEM() 
RATIONAL_B_SPLINE_CURVE((1.,0.998705766625,1.)) REPRESENTATION_ITEM('') 
  );
#5168 = CARTESIAN_POINT('',(5.107135888313,-5.655224400349));
#5169 = CARTESIAN_POINT('',(5.395136238021,-5.395136238021));
#5170 = CARTESIAN_POINT('',(5.655224400349,-5.107135888313));
#5171 = ( GEOMETRIC_REPRESENTATION_CONTEXT(2) 
PARAMETRIC_REPRESENTATION_CONTEXT() REPRESENTATION_CONTEXT('2D SPACE',''
  ) );
#5172 = PCURVE('',#2848,#5173);
#5173 = DEFINITIONAL_REPRESENTATION('',(#5174),#5177);
#5174 = B_SPLINE_CURVE_WITH_KNOTS('',1,(#5175,#5176),.UNSPECIFIED.,.F.,
  .F.,(2,2),(0.,1.),.PIECEWISE_BEZIER_KNOTS.);
#5175 = CARTESIAN_POINT('',(1.,0.));
#5176 = CARTESIAN_POINT('',(1.,1.));
#5177 = ( GEOMETRIC_REPRESENTATION_CONTEXT(2) 
PARAMETRIC_REPRESENTATION_CONTEXT() REPRESENTATION_CONTEXT('2D SPACE',''
  ) );
#5178 = ORIENTED_EDGE('',*,*,#5179,.T.);
#5179 = EDGE_CURVE('',#5158,#5180,#5182,.T.);
#5180 = VERTEX_POINT('',#5181);
#5181 = CARTESIAN_POINT('',(5.961876333343,-5.004138127145,9.9));
#5182 = SURFACE_CURVE('',#5183,(#5187,#5194),.PCURVE_S1.);
#5183 = ( BOUNDED_CURVE() B_SPLINE_CURVE(2,(#5184,#5185,#5186),
.UNSPECIFIED.,.F.,.F.) B_SPLINE_CURVE_WITH_KNOTS((3,3),(0.,1.),
.PIECEWISE_BEZIER_KNOTS.) CURVE() GEOMETRIC_REPRESENTATION_ITEM() 
RATIONAL_B_SPLINE_CURVE((1.,0.871648182287,1.)) REPRESENTATION_ITEM('') 
  );
#5184 = CARTESIAN_POINT('',(5.655224400349,-5.107135888313,9.9));
#5185 = CARTESIAN_POINT('',(5.779592292396,-4.969421060845,9.9));
#5186 = CARTESIAN_POINT('',(5.961876333343,-5.004138127145,9.9));
#5187 = PCURVE('',#99,#5188);
#5188 = DEFINITIONAL_REPRESENTATION('',(#5189),#5193);
#5189 = ( BOUNDED_CURVE() B_SPLINE_CURVE(2,(#5190,#5191,#5192),
.UNSPECIFIED.,.F.,.F.) B_SPLINE_CURVE_WITH_KNOTS((3,3),(0.,1.),
.PIECEWISE_BEZIER_KNOTS.) CURVE() GEOMETRIC_REPRESENTATION_ITEM() 
RATIONAL_B_SPLINE_CURVE((1.,0.871648182287,1.)) REPRESENTATION_ITEM('') 
  );
#5190 = CARTESIAN_POINT('',(5.655224400349,-5.107135888313));
#5191 = CARTESIAN_POINT('',(5.779592292396,-4.969421060845));
#5192 = CARTESIAN_POINT('',(5.961876333343,-5.004138127145));
#5193 = ( GEOMETRIC_REPRESENTATION_CONTEXT(2) 
PARAMETRIC_REPRESENTATION_CONTEXT() REPRESENTATION_CONTEXT('2D SPACE',''
  ) );
#5194 = PCURVE('',#2877,#5195);
#5195 = DEFINITIONAL_REPRESENTATION('',(#5196),#5199);
#5196 = B_SPLINE_CURVE_WITH_KNOTS('',1,(#5197,#5198),.UNSPECIFIED.,.F.,
  .F.,(2,2),(0.,1.),.PIECEWISE_BEZIER_KNOTS.);
#5197 = CARTESIAN_POINT('',(1.,0.));
#5198 = CARTESIAN_POINT('',(1.,1.));
#5199 = ( GEOMETRIC_REPRESENTATION_CONTEXT(2) 
PARAMETRIC_REPRESENTATION_CONTEXT() REPRESENTATION_CONTEXT('2D SPACE',''
  ) );
#5200 = ORIENTED_EDGE('',*,*,#5201,.T.);
#5201 = EDGE_CURVE('',#5180,#5202,#5204,.T.);
#5202 = VERTEX_POINT('',#5203);
#5203 = CARTESIAN_POINT('',(6.550824861818,-5.366482821935,9.9));
#5204 = SURFACE_CURVE('',#5205,(#5210,#5218),.PCURVE_S1.);
#5205 = ( BOUNDED_CURVE() B_SPLINE_CURVE(3,(#5206,#5207,#5208,#5209),
.UNSPECIFIED.,.F.,.F.) B_SPLINE_CURVE_WITH_KNOTS((4,4),(0.,1.),
.PIECEWISE_BEZIER_KNOTS.) CURVE() GEOMETRIC_REPRESENTATION_ITEM() 
RATIONAL_B_SPLINE_CURVE((1.,1.000183442697,1.001988389136,1.)) 
REPRESENTATION_ITEM('') );
#5206 = CARTESIAN_POINT('',(5.961876333343,-5.004138127145,9.9));
#5207 = CARTESIAN_POINT('',(6.177723205175,-5.046109072989,9.9));
#5208 = CARTESIAN_POINT('',(6.395865292168,-5.21257570939,9.9));
#5209 = CARTESIAN_POINT('',(6.550824861818,-5.366482821935,9.9));
#5210 = PCURVE('',#99,#5211);
#5211 = DEFINITIONAL_REPRESENTATION('',(#5212),#5217);
#5212 = ( BOUNDED_CURVE() B_SPLINE_CURVE(3,(#5213,#5214,#5215,#5216),
.UNSPECIFIED.,.F.,.F.) B_SPLINE_CURVE_WITH_KNOTS((4,4),(0.,1.),
.PIECEWISE_BEZIER_KNOTS.) CURVE() GEOMETRIC_REPRESENTATION_ITEM() 
RATIONAL_B_SPLINE_CURVE((1.,1.000183442697,1.001988389136,1.)) 
REPRESENTATION_ITEM('') );
#5213 = CARTESIAN_POINT('',(5.961876333343,-5.004138127145));
#5214 = CARTESIAN_POINT('',(6.177723205175,-5.046109072989));
#5215 = CARTESIAN_POINT('',(6.395865292168,-5.21257570939));
#5216 = CARTESIAN_POINT('',(6.550824861818,-5.366482821935));
#5217 = ( GEOMETRIC_REPRESENTATION_CONTEXT(2) 
PARAMETRIC_REPRESENTATION_CONTEXT() REPRESENTATION_CONTEXT('2D SPACE',''
  ) );
#5218 = PCURVE('',#2908,#5219);
#5219 = DEFINITIONAL_REPRESENTATION('',(#5220),#5223);
#5220 = B_SPLINE_CURVE_WITH_KNOTS('',1,(#5221,#5222),.UNSPECIFIED.,.F.,
  .F.,(2,2),(0.,1.),.PIECEWISE_BEZIER_KNOTS.);
#5221 = CARTESIAN_POINT('',(1.,0.));
#5222 = CARTESIAN_POINT('',(1.,1.));
#5223 = ( GEOMETRIC_REPRESENTATION_CONTEXT(2) 
PARAMETRIC_REPRESENTATION_CONTEXT() REPRESENTATION_CONTEXT('2D SPACE',''
  ) );
#5224 = ORIENTED_EDGE('',*,*,#5225,.T.);
#5225 = EDGE_CURVE('',#5202,#5226,#5228,.T.);
#5226 = VERTEX_POINT('',#5227);
#5227 = CARTESIAN_POINT('',(9.283908116975,-5.74938693041,9.9));
#5228 = SURFACE_CURVE('',#5229,(#5234,#5242),.PCURVE_S1.);
#5229 = ( BOUNDED_CURVE() B_SPLINE_CURVE(3,(#5230,#5231,#5232,#5233),
.UNSPECIFIED.,.F.,.F.) B_SPLINE_CURVE_WITH_KNOTS((4,4),(0.,1.),
.PIECEWISE_BEZIER_KNOTS.) CURVE() GEOMETRIC_REPRESENTATION_ITEM() 
RATIONAL_B_SPLINE_CURVE((1.,0.93042703827,1.070034384224,1.)) 
REPRESENTATION_ITEM('') );
#5230 = CARTESIAN_POINT('',(6.550824861818,-5.366482821935,9.9));
#5231 = CARTESIAN_POINT('',(7.18063866141,-5.797002859629,9.9));
#5232 = CARTESIAN_POINT('',(8.320731729773,-5.873184693355,9.9));
#5233 = CARTESIAN_POINT('',(9.283908116975,-5.74938693041,9.9));
#5234 = PCURVE('',#99,#5235);
#5235 = DEFINITIONAL_REPRESENTATION('',(#5236),#5241);
#5236 = ( BOUNDED_CURVE() B_SPLINE_CURVE(3,(#5237,#5238,#5239,#5240),
.UNSPECIFIED.,.F.,.F.) B_SPLINE_CURVE_WITH_KNOTS((4,4),(0.,1.),
.PIECEWISE_BEZIER_KNOTS.) CURVE() GEOMETRIC_REPRESENTATION_ITEM() 
RATIONAL_B_SPLINE_CURVE((1.,0.93042703827,1.070034384224,1.)) 
REPRESENTATION_ITEM('') );
#5237 = CARTESIAN_POINT('',(6.550824861818,-5.366482821935));
#5238 = CARTESIAN_POINT('',(7.18063866141,-5.797002859629));
#5239 = CARTESIAN_POINT('',(8.320731729773,-5.873184693355));
#5240 = CARTESIAN_POINT('',(9.283908116975,-5.74938693041));
#5241 = ( GEOMETRIC_REPRESENTATION_CONTEXT(2) 
PARAMETRIC_REPRESENTATION_CONTEXT() REPRESENTATION_CONTEXT('2D SPACE',''
  ) );
#5242 = PCURVE('',#2941,#5243);
#5243 = DEFINITIONAL_REPRESENTATION('',(#5244),#5247);
#5244 = B_SPLINE_CURVE_WITH_KNOTS('',1,(#5245,#5246),.UNSPECIFIED.,.F.,
  .F.,(2,2),(0.,1.),.PIECEWISE_BEZIER_KNOTS.);
#5245 = CARTESIAN_POINT('',(1.,0.));
#5246 = CARTESIAN_POINT('',(1.,1.));
#5247 = ( GEOMETRIC_REPRESENTATION_CONTEXT(2) 
PARAMETRIC_REPRESENTATION_CONTEXT() REPRESENTATION_CONTEXT('2D SPACE',''
  ) );
#5248 = ORIENTED_EDGE('',*,*,#5249,.T.);
#5249 = EDGE_CURVE('',#5226,#5250,#5252,.T.);
#5250 = VERTEX_POINT('',#5251);
#5251 = CARTESIAN_POINT('',(9.621069196408,-5.165406810496,9.9));
#5252 = SURFACE_CURVE('',#5253,(#5257,#5264),.PCURVE_S1.);
#5253 = ( BOUNDED_CURVE() B_SPLINE_CURVE(2,(#5254,#5255,#5256),
.UNSPECIFIED.,.F.,.F.) B_SPLINE_CURVE_WITH_KNOTS((3,3),(0.,1.),
.PIECEWISE_BEZIER_KNOTS.) CURVE() GEOMETRIC_REPRESENTATION_ITEM() 
RATIONAL_B_SPLINE_CURVE((1.,0.999523236347,1.)) REPRESENTATION_ITEM('') 
  );
#5254 = CARTESIAN_POINT('',(9.283908116975,-5.74938693041,9.9));
#5255 = CARTESIAN_POINT('',(9.461508312595,-5.462604371217,9.9));
#5256 = CARTESIAN_POINT('',(9.621069196408,-5.165406810496,9.9));
#5257 = PCURVE('',#99,#5258);
#5258 = DEFINITIONAL_REPRESENTATION('',(#5259),#5263);
#5259 = ( BOUNDED_CURVE() B_SPLINE_CURVE(2,(#5260,#5261,#5262),
.UNSPECIFIED.,.F.,.F.) B_SPLINE_CURVE_WITH_KNOTS((3,3),(0.,1.),
.PIECEWISE_BEZIER_KNOTS.) CURVE() GEOMETRIC_REPRESENTATION_ITEM() 
RATIONAL_B_SPLINE_CURVE((1.,0.999523236347,1.)) REPRESENTATION_ITEM('') 
  );
#5260 = CARTESIAN_POINT('',(9.283908116975,-5.74938693041));
#5261 = CARTESIAN_POINT('',(9.461508312595,-5.462604371217));
#5262 = CARTESIAN_POINT('',(9.621069196408,-5.165406810496));
#5263 = ( GEOMETRIC_REPRESENTATION_CONTEXT(2) 
PARAMETRIC_REPRESENTATION_CONTEXT() REPRESENTATION_CONTEXT('2D SPACE',''
  ) );
#5264 = PCURVE('',#2972,#5265);
#5265 = DEFINITIONAL_REPRESENTATION('',(#5266),#5269);
#5266 = B_SPLINE_CURVE_WITH_KNOTS('',1,(#5267,#5268),.UNSPECIFIED.,.F.,
  .F.,(2,2),(0.,1.),.PIECEWISE_BEZIER_KNOTS.);
#5267 = CARTESIAN_POINT('',(1.,0.));
#5268 = CARTESIAN_POINT('',(1.,1.));
#5269 = ( GEOMETRIC_REPRESENTATION_CONTEXT(2) 
PARAMETRIC_REPRESENTATION_CONTEXT() REPRESENTATION_CONTEXT('2D SPACE',''
  ) );
#5270 = ORIENTED_EDGE('',*,*,#5271,.T.);
#5271 = EDGE_CURVE('',#5250,#5272,#5274,.T.);
#5272 = VERTEX_POINT('',#5273);
#5273 = CARTESIAN_POINT('',(7.922922883677,-2.98993933511,9.9));
#5274 = SURFACE_CURVE('',#5275,(#5280,#5288),.PCURVE_S1.);
#5275 = ( BOUNDED_CURVE() B_SPLINE_CURVE(3,(#5276,#5277,#5278,#5279),
.UNSPECIFIED.,.F.,.F.) B_SPLINE_CURVE_WITH_KNOTS((4,4),(0.,1.),
.PIECEWISE_BEZIER_KNOTS.) CURVE() GEOMETRIC_REPRESENTATION_ITEM() 
RATIONAL_B_SPLINE_CURVE((1.,1.070034384224,0.93042703827,1.)) 
REPRESENTATION_ITEM('') );
#5276 = CARTESIAN_POINT('',(9.621069196408,-5.165406810496,9.9));
#5277 = CARTESIAN_POINT('',(9.24669301045,-4.269372709381,9.9));
#5278 = CARTESIAN_POINT('',(8.610671072955,-3.320114066363,9.9));
#5279 = CARTESIAN_POINT('',(7.922922883677,-2.98993933511,9.9));
#5280 = PCURVE('',#99,#5281);
#5281 = DEFINITIONAL_REPRESENTATION('',(#5282),#5287);
#5282 = ( BOUNDED_CURVE() B_SPLINE_CURVE(3,(#5283,#5284,#5285,#5286),
.UNSPECIFIED.,.F.,.F.) B_SPLINE_CURVE_WITH_KNOTS((4,4),(0.,1.),
.PIECEWISE_BEZIER_KNOTS.) CURVE() GEOMETRIC_REPRESENTATION_ITEM() 
RATIONAL_B_SPLINE_CURVE((1.,1.070034384224,0.93042703827,1.)) 
REPRESENTATION_ITEM('') );
#5283 = CARTESIAN_POINT('',(9.621069196408,-5.165406810496));
#5284 = CARTESIAN_POINT('',(9.24669301045,-4.269372709381));
#5285 = CARTESIAN_POINT('',(8.610671072955,-3.320114066363));
#5286 = CARTESIAN_POINT('',(7.922922883677,-2.98993933511));
#5287 = ( GEOMETRIC_REPRESENTATION_CONTEXT(2) 
PARAMETRIC_REPRESENTATION_CONTEXT() REPRESENTATION_CONTEXT('2D SPACE',''
  ) );
#5288 = PCURVE('',#3003,#5289);
#5289 = DEFINITIONAL_REPRESENTATION('',(#5290),#5293);
#5290 = B_SPLINE_CURVE_WITH_KNOTS('',1,(#5291,#5292),.UNSPECIFIED.,.F.,
  .F.,(2,2),(0.,1.),.PIECEWISE_BEZIER_KNOTS.);
#5291 = CARTESIAN_POINT('',(1.,0.));
#5292 = CARTESIAN_POINT('',(1.,1.));
#5293 = ( GEOMETRIC_REPRESENTATION_CONTEXT(2) 
PARAMETRIC_REPRESENTATION_CONTEXT() REPRESENTATION_CONTEXT('2D SPACE',''
  ) );
#5294 = ORIENTED_EDGE('',*,*,#5295,.T.);
#5295 = EDGE_CURVE('',#5272,#3111,#5296,.T.);
#5296 = SURFACE_CURVE('',#5297,(#5302,#5310),.PCURVE_S1.);
#5297 = ( BOUNDED_CURVE() B_SPLINE_CURVE(3,(#5298,#5299,#5300,#5301),
.UNSPECIFIED.,.F.,.F.) B_SPLINE_CURVE_WITH_KNOTS((4,4),(0.,1.),
.PIECEWISE_BEZIER_KNOTS.) CURVE() GEOMETRIC_REPRESENTATION_ITEM() 
RATIONAL_B_SPLINE_CURVE((1.,1.001988389136,1.000183442697,1.)) 
REPRESENTATION_ITEM('') );
#5298 = CARTESIAN_POINT('',(7.922922883677,-2.98993933511,9.9));
#5299 = CARTESIAN_POINT('',(7.712155629565,-2.932693967506,9.9));
#5300 = CARTESIAN_POINT('',(7.458920250063,-2.827010696736,9.9));
#5301 = CARTESIAN_POINT('',(7.314648908825,-2.661067295324,9.9));
#5302 = PCURVE('',#99,#5303);
#5303 = DEFINITIONAL_REPRESENTATION('',(#5304),#5309);
#5304 = ( BOUNDED_CURVE() B_SPLINE_CURVE(3,(#5305,#5306,#5307,#5308),
.UNSPECIFIED.,.F.,.F.) B_SPLINE_CURVE_WITH_KNOTS((4,4),(0.,1.),
.PIECEWISE_BEZIER_KNOTS.) CURVE() GEOMETRIC_REPRESENTATION_ITEM() 
RATIONAL_B_SPLINE_CURVE((1.,1.001988389136,1.000183442697,1.)) 
REPRESENTATION_ITEM('') );
#5305 = CARTESIAN_POINT('',(7.922922883677,-2.98993933511));
#5306 = CARTESIAN_POINT('',(7.712155629565,-2.932693967506));
#5307 = CARTESIAN_POINT('',(7.458920250063,-2.827010696736));
#5308 = CARTESIAN_POINT('',(7.314648908825,-2.661067295324));
#5309 = ( GEOMETRIC_REPRESENTATION_CONTEXT(2) 
PARAMETRIC_REPRESENTATION_CONTEXT() REPRESENTATION_CONTEXT('2D SPACE',''
  ) );
#5310 = PCURVE('',#3036,#5311);
#5311 = DEFINITIONAL_REPRESENTATION('',(#5312),#5315);
#5312 = B_SPLINE_CURVE_WITH_KNOTS('',1,(#5313,#5314),.UNSPECIFIED.,.F.,
  .F.,(2,2),(0.,1.),.PIECEWISE_BEZIER_KNOTS.);
#5313 = CARTESIAN_POINT('',(1.,0.));
#5314 = CARTESIAN_POINT('',(1.,1.));
#5315 = ( GEOMETRIC_REPRESENTATION_CONTEXT(2) 
PARAMETRIC_REPRESENTATION_CONTEXT() REPRESENTATION_CONTEXT('2D SPACE',''
  ) );
#5316 = ORIENTED_EDGE('',*,*,#3130,.T.);
#5317 = FACE_BOUND('',#5318,.T.);
#5318 = EDGE_LOOP('',(#5319));
#5319 = ORIENTED_EDGE('',*,*,#5320,.T.);
#5320 = EDGE_CURVE('',#5321,#5321,#5323,.T.);
#5321 = VERTEX_POINT('',#5322);
#5322 = CARTESIAN_POINT('',(-1.9,-4.65365783676E-16,9.9));
#5323 = SURFACE_CURVE('',#5324,(#5329,#5340),.PCURVE_S1.);
#5324 = CIRCLE('',#5325,1.9);
#5325 = AXIS2_PLACEMENT_3D('',#5326,#5327,#5328);
#5326 = CARTESIAN_POINT('',(0.,0.,9.9));
#5327 = DIRECTION('',(0.,0.,-1.));
#5328 = DIRECTION('',(-1.,0.,0.));
#5329 = PCURVE('',#99,#5330);
#5330 = DEFINITIONAL_REPRESENTATION('',(#5331),#5339);
#5331 = ( BOUNDED_CURVE() B_SPLINE_CURVE(2,(#5332,#5333,#5334,#5335,
#5336,#5337,#5338),.UNSPECIFIED.,.T.,.F.) B_SPLINE_CURVE_WITH_KNOTS((1,2
    ,2,2,2,1),(-2.094395102393,0.,2.094395102393,4.188790204786,
6.28318530718,8.377580409573),.UNSPECIFIED.) CURVE() 
GEOMETRIC_REPRESENTATION_ITEM() RATIONAL_B_SPLINE_CURVE((1.,0.5,1.,0.5,
1.,0.5,1.)) REPRESENTATION_ITEM('') );
#5332 = CARTESIAN_POINT('',(-1.9,1.037570044609E-15));
#5333 = CARTESIAN_POINT('',(-1.9,3.290896534381));
#5334 = CARTESIAN_POINT('',(0.95,1.64544826719));
#5335 = CARTESIAN_POINT('',(3.8,1.502935828285E-15));
#5336 = CARTESIAN_POINT('',(0.95,-1.64544826719));
#5337 = CARTESIAN_POINT('',(-1.9,-3.290896534381));
#5338 = CARTESIAN_POINT('',(-1.9,1.037570044609E-15));
#5339 = ( GEOMETRIC_REPRESENTATION_CONTEXT(2) 
PARAMETRIC_REPRESENTATION_CONTEXT() REPRESENTATION_CONTEXT('2D SPACE',''
  ) );
#5340 = PCURVE('',#3094,#5341);
#5341 = DEFINITIONAL_REPRESENTATION('',(#5342),#5346);
#5342 = LINE('',#5343,#5344);
#5343 = CARTESIAN_POINT('',(0.,0.));
#5344 = VECTOR('',#5345,1.);
#5345 = DIRECTION('',(1.,0.));
#5346 = ( GEOMETRIC_REPRESENTATION_CONTEXT(2) 
PARAMETRIC_REPRESENTATION_CONTEXT() REPRESENTATION_CONTEXT('2D SPACE',''
  ) );
#5347 = ADVANCED_FACE('',(#5348),#123,.F.);
#5348 = FACE_BOUND('',#5349,.F.);
#5349 = EDGE_LOOP('',(#5350,#5351,#5352,#5353));
#5350 = ORIENTED_EDGE('',*,*,#140,.F.);
#5351 = ORIENTED_EDGE('',*,*,#111,.T.);
#5352 = ORIENTED_EDGE('',*,*,#3155,.T.);
#5353 = ORIENTED_EDGE('',*,*,#5354,.F.);
#5354 = EDGE_CURVE('',#141,#3156,#5355,.T.);
#5355 = SURFACE_CURVE('',#5356,(#5359,#5365),.PCURVE_S1.);
#5356 = B_SPLINE_CURVE_WITH_KNOTS('',1,(#5357,#5358),.UNSPECIFIED.,.F.,
  .F.,(2,2),(0.,1.),.PIECEWISE_BEZIER_KNOTS.);
#5357 = CARTESIAN_POINT('',(7.665205422469,-1.352772575482,0.));
#5358 = CARTESIAN_POINT('',(7.665205422469,-1.352772575482,9.9));
#5359 = PCURVE('',#123,#5360);
#5360 = DEFINITIONAL_REPRESENTATION('',(#5361),#5364);
#5361 = B_SPLINE_CURVE_WITH_KNOTS('',1,(#5362,#5363),.UNSPECIFIED.,.F.,
  .F.,(2,2),(0.,1.),.PIECEWISE_BEZIER_KNOTS.);
#5362 = CARTESIAN_POINT('',(0.,1.));
#5363 = CARTESIAN_POINT('',(1.,1.));
#5364 = ( GEOMETRIC_REPRESENTATION_CONTEXT(2) 
PARAMETRIC_REPRESENTATION_CONTEXT() REPRESENTATION_CONTEXT('2D SPACE',''
  ) );
#5365 = PCURVE('',#180,#5366);
#5366 = DEFINITIONAL_REPRESENTATION('',(#5367),#5370);
#5367 = B_SPLINE_CURVE_WITH_KNOTS('',1,(#5368,#5369),.UNSPECIFIED.,.F.,
  .F.,(2,2),(0.,1.),.PIECEWISE_BEZIER_KNOTS.);
#5368 = CARTESIAN_POINT('',(0.,0.));
#5369 = CARTESIAN_POINT('',(1.,0.));
#5370 = ( GEOMETRIC_REPRESENTATION_CONTEXT(2) 
PARAMETRIC_REPRESENTATION_CONTEXT() REPRESENTATION_CONTEXT('2D SPACE',''
  ) );
#5371 = ADVANCED_FACE('',(#5372),#3036,.F.);
#5372 = FACE_BOUND('',#5373,.F.);
#5373 = EDGE_LOOP('',(#5374,#5375,#5393,#5394));
#5374 = ORIENTED_EDGE('',*,*,#3018,.F.);
#5375 = ORIENTED_EDGE('',*,*,#5376,.T.);
#5376 = EDGE_CURVE('',#2986,#5272,#5377,.T.);
#5377 = SURFACE_CURVE('',#5378,(#5381,#5387),.PCURVE_S1.);
#5378 = B_SPLINE_CURVE_WITH_KNOTS('',1,(#5379,#5380),.UNSPECIFIED.,.F.,
  .F.,(2,2),(0.,1.),.PIECEWISE_BEZIER_KNOTS.);
#5379 = CARTESIAN_POINT('',(7.922922883677,-2.98993933511,0.));
#5380 = CARTESIAN_POINT('',(7.922922883677,-2.98993933511,9.9));
#5381 = PCURVE('',#3036,#5382);
#5382 = DEFINITIONAL_REPRESENTATION('',(#5383),#5386);
#5383 = B_SPLINE_CURVE_WITH_KNOTS('',1,(#5384,#5385),.UNSPECIFIED.,.F.,
  .F.,(2,2),(0.,1.),.PIECEWISE_BEZIER_KNOTS.);
#5384 = CARTESIAN_POINT('',(0.,0.));
#5385 = CARTESIAN_POINT('',(1.,0.));
#5386 = ( GEOMETRIC_REPRESENTATION_CONTEXT(2) 
PARAMETRIC_REPRESENTATION_CONTEXT() REPRESENTATION_CONTEXT('2D SPACE',''
  ) );
#5387 = PCURVE('',#3003,#5388);
#5388 = DEFINITIONAL_REPRESENTATION('',(#5389),#5392);
#5389 = B_SPLINE_CURVE_WITH_KNOTS('',1,(#5390,#5391),.UNSPECIFIED.,.F.,
  .F.,(2,2),(0.,1.),.PIECEWISE_BEZIER_KNOTS.);
#5390 = CARTESIAN_POINT('',(0.,1.));
#5391 = CARTESIAN_POINT('',(1.,1.));
#5392 = ( GEOMETRIC_REPRESENTATION_CONTEXT(2) 
PARAMETRIC_REPRESENTATION_CONTEXT() REPRESENTATION_CONTEXT('2D SPACE',''
  ) );
#5393 = ORIENTED_EDGE('',*,*,#5295,.T.);
#5394 = ORIENTED_EDGE('',*,*,#3110,.F.);
#5395 = ADVANCED_FACE('',(#5396),#180,.F.);
#5396 = FACE_BOUND('',#5397,.F.);
#5397 = EDGE_LOOP('',(#5398,#5399,#5400,#5401));
#5398 = ORIENTED_EDGE('',*,*,#162,.F.);
#5399 = ORIENTED_EDGE('',*,*,#5354,.T.);
#5400 = ORIENTED_EDGE('',*,*,#3177,.T.);
#5401 = ORIENTED_EDGE('',*,*,#5402,.F.);
#5402 = EDGE_CURVE('',#163,#3178,#5403,.T.);
#5403 = SURFACE_CURVE('',#5404,(#5407,#5413),.PCURVE_S1.);
#5404 = B_SPLINE_CURVE_WITH_KNOTS('',1,(#5405,#5406),.UNSPECIFIED.,.F.,
  .F.,(2,2),(0.,1.),.PIECEWISE_BEZIER_KNOTS.);
#5405 = CARTESIAN_POINT('',(8.356422157044,-1.372098021859,0.));
#5406 = CARTESIAN_POINT('',(8.356422157044,-1.372098021859,9.9));
#5407 = PCURVE('',#180,#5408);
#5408 = DEFINITIONAL_REPRESENTATION('',(#5409),#5412);
#5409 = B_SPLINE_CURVE_WITH_KNOTS('',1,(#5410,#5411),.UNSPECIFIED.,.F.,
  .F.,(2,2),(0.,1.),.PIECEWISE_BEZIER_KNOTS.);
#5410 = CARTESIAN_POINT('',(0.,1.));
#5411 = CARTESIAN_POINT('',(1.,1.));
#5412 = ( GEOMETRIC_REPRESENTATION_CONTEXT(2) 
PARAMETRIC_REPRESENTATION_CONTEXT() REPRESENTATION_CONTEXT('2D SPACE',''
  ) );
#5413 = PCURVE('',#213,#5414);
#5414 = DEFINITIONAL_REPRESENTATION('',(#5415),#5418);
#5415 = B_SPLINE_CURVE_WITH_KNOTS('',1,(#5416,#5417),.UNSPECIFIED.,.F.,
  .F.,(2,2),(0.,1.),.PIECEWISE_BEZIER_KNOTS.);
#5416 = CARTESIAN_POINT('',(0.,0.));
#5417 = CARTESIAN_POINT('',(1.,0.));
#5418 = ( GEOMETRIC_REPRESENTATION_CONTEXT(2) 
PARAMETRIC_REPRESENTATION_CONTEXT() REPRESENTATION_CONTEXT('2D SPACE',''
  ) );
#5419 = ADVANCED_FACE('',(#5420),#3003,.F.);
#5420 = FACE_BOUND('',#5421,.F.);
#5421 = EDGE_LOOP('',(#5422,#5423,#5441,#5442));
#5422 = ORIENTED_EDGE('',*,*,#2985,.F.);
#5423 = ORIENTED_EDGE('',*,*,#5424,.T.);
#5424 = EDGE_CURVE('',#2957,#5250,#5425,.T.);
#5425 = SURFACE_CURVE('',#5426,(#5429,#5435),.PCURVE_S1.);
#5426 = B_SPLINE_CURVE_WITH_KNOTS('',1,(#5427,#5428),.UNSPECIFIED.,.F.,
  .F.,(2,2),(0.,1.),.PIECEWISE_BEZIER_KNOTS.);
#5427 = CARTESIAN_POINT('',(9.621069196408,-5.165406810496,0.));
#5428 = CARTESIAN_POINT('',(9.621069196408,-5.165406810496,9.9));
#5429 = PCURVE('',#3003,#5430);
#5430 = DEFINITIONAL_REPRESENTATION('',(#5431),#5434);
#5431 = B_SPLINE_CURVE_WITH_KNOTS('',1,(#5432,#5433),.UNSPECIFIED.,.F.,
  .F.,(2,2),(0.,1.),.PIECEWISE_BEZIER_KNOTS.);
#5432 = CARTESIAN_POINT('',(0.,0.));
#5433 = CARTESIAN_POINT('',(1.,0.));
#5434 = ( GEOMETRIC_REPRESENTATION_CONTEXT(2) 
PARAMETRIC_REPRESENTATION_CONTEXT() REPRESENTATION_CONTEXT('2D SPACE',''
  ) );
#5435 = PCURVE('',#2972,#5436);
#5436 = DEFINITIONAL_REPRESENTATION('',(#5437),#5440);
#5437 = B_SPLINE_CURVE_WITH_KNOTS('',1,(#5438,#5439),.UNSPECIFIED.,.F.,
  .F.,(2,2),(0.,1.),.PIECEWISE_BEZIER_KNOTS.);
#5438 = CARTESIAN_POINT('',(0.,1.));
#5439 = CARTESIAN_POINT('',(1.,1.));
#5440 = ( GEOMETRIC_REPRESENTATION_CONTEXT(2) 
PARAMETRIC_REPRESENTATION_CONTEXT() REPRESENTATION_CONTEXT('2D SPACE',''
  ) );
#5441 = ORIENTED_EDGE('',*,*,#5271,.T.);
#5442 = ORIENTED_EDGE('',*,*,#5376,.F.);
#5443 = ADVANCED_FACE('',(#5444),#213,.F.);
#5444 = FACE_BOUND('',#5445,.F.);
#5445 = EDGE_LOOP('',(#5446,#5447,#5448,#5449));
#5446 = ORIENTED_EDGE('',*,*,#195,.F.);
#5447 = ORIENTED_EDGE('',*,*,#5402,.T.);
#5448 = ORIENTED_EDGE('',*,*,#3201,.T.);
#5449 = ORIENTED_EDGE('',*,*,#5450,.F.);
#5450 = EDGE_CURVE('',#196,#3202,#5451,.T.);
#5451 = SURFACE_CURVE('',#5452,(#5455,#5461),.PCURVE_S1.);
#5452 = B_SPLINE_CURVE_WITH_KNOTS('',1,(#5453,#5454),.UNSPECIFIED.,.F.,
  .F.,(2,2),(0.,1.),.PIECEWISE_BEZIER_KNOTS.);
#5453 = CARTESIAN_POINT('',(10.914793740906,-0.337161079433,0.));
#5454 = CARTESIAN_POINT('',(10.914793740906,-0.337161079433,9.9));
#5455 = PCURVE('',#213,#5456);
#5456 = DEFINITIONAL_REPRESENTATION('',(#5457),#5460);
#5457 = B_SPLINE_CURVE_WITH_KNOTS('',1,(#5458,#5459),.UNSPECIFIED.,.F.,
  .F.,(2,2),(0.,1.),.PIECEWISE_BEZIER_KNOTS.);
#5458 = CARTESIAN_POINT('',(0.,1.));
#5459 = CARTESIAN_POINT('',(1.,1.));
#5460 = ( GEOMETRIC_REPRESENTATION_CONTEXT(2) 
PARAMETRIC_REPRESENTATION_CONTEXT() REPRESENTATION_CONTEXT('2D SPACE',''
  ) );
#5461 = PCURVE('',#244,#5462);
#5462 = DEFINITIONAL_REPRESENTATION('',(#5463),#5466);
#5463 = B_SPLINE_CURVE_WITH_KNOTS('',1,(#5464,#5465),.UNSPECIFIED.,.F.,
  .F.,(2,2),(0.,1.),.PIECEWISE_BEZIER_KNOTS.);
#5464 = CARTESIAN_POINT('',(0.,0.));
#5465 = CARTESIAN_POINT('',(1.,0.));
#5466 = ( GEOMETRIC_REPRESENTATION_CONTEXT(2) 
PARAMETRIC_REPRESENTATION_CONTEXT() REPRESENTATION_CONTEXT('2D SPACE',''
  ) );
#5467 = ADVANCED_FACE('',(#5468),#2972,.F.);
#5468 = FACE_BOUND('',#5469,.F.);
#5469 = EDGE_LOOP('',(#5470,#5471,#5489,#5490));
#5470 = ORIENTED_EDGE('',*,*,#2956,.F.);
#5471 = ORIENTED_EDGE('',*,*,#5472,.T.);
#5472 = EDGE_CURVE('',#2924,#5226,#5473,.T.);
#5473 = SURFACE_CURVE('',#5474,(#5477,#5483),.PCURVE_S1.);
#5474 = B_SPLINE_CURVE_WITH_KNOTS('',1,(#5475,#5476),.UNSPECIFIED.,.F.,
  .F.,(2,2),(0.,1.),.PIECEWISE_BEZIER_KNOTS.);
#5475 = CARTESIAN_POINT('',(9.283908116975,-5.74938693041,0.));
#5476 = CARTESIAN_POINT('',(9.283908116975,-5.74938693041,9.9));
#5477 = PCURVE('',#2972,#5478);
#5478 = DEFINITIONAL_REPRESENTATION('',(#5479),#5482);
#5479 = B_SPLINE_CURVE_WITH_KNOTS('',1,(#5480,#5481),.UNSPECIFIED.,.F.,
  .F.,(2,2),(0.,1.),.PIECEWISE_BEZIER_KNOTS.);
#5480 = CARTESIAN_POINT('',(0.,0.));
#5481 = CARTESIAN_POINT('',(1.,0.));
#5482 = ( GEOMETRIC_REPRESENTATION_CONTEXT(2) 
PARAMETRIC_REPRESENTATION_CONTEXT() REPRESENTATION_CONTEXT('2D SPACE',''
  ) );
#5483 = PCURVE('',#2941,#5484);
#5484 = DEFINITIONAL_REPRESENTATION('',(#5485),#5488);
#5485 = B_SPLINE_CURVE_WITH_KNOTS('',1,(#5486,#5487),.UNSPECIFIED.,.F.,
  .F.,(2,2),(0.,1.),.PIECEWISE_BEZIER_KNOTS.);
#5486 = CARTESIAN_POINT('',(0.,1.));
#5487 = CARTESIAN_POINT('',(1.,1.));
#5488 = ( GEOMETRIC_REPRESENTATION_CONTEXT(2) 
PARAMETRIC_REPRESENTATION_CONTEXT() REPRESENTATION_CONTEXT('2D SPACE',''
  ) );
#5489 = ORIENTED_EDGE('',*,*,#5249,.T.);
#5490 = ORIENTED_EDGE('',*,*,#5424,.F.);
#5491 = ADVANCED_FACE('',(#5492),#244,.F.);
#5492 = FACE_BOUND('',#5493,.F.);
#5493 = EDGE_LOOP('',(#5494,#5495,#5496,#5497));
#5494 = ORIENTED_EDGE('',*,*,#228,.F.);
#5495 = ORIENTED_EDGE('',*,*,#5450,.T.);
#5496 = ORIENTED_EDGE('',*,*,#3225,.T.);
#5497 = ORIENTED_EDGE('',*,*,#5498,.F.);
#5498 = EDGE_CURVE('',#229,#3226,#5499,.T.);
#5499 = SURFACE_CURVE('',#5500,(#5503,#5509),.PCURVE_S1.);
#5500 = B_SPLINE_CURVE_WITH_KNOTS('',1,(#5501,#5502),.UNSPECIFIED.,.F.,
  .F.,(2,2),(0.,1.),.PIECEWISE_BEZIER_KNOTS.);
#5501 = CARTESIAN_POINT('',(10.914793740906,0.337161079433,0.));
#5502 = CARTESIAN_POINT('',(10.914793740906,0.337161079433,9.9));
#5503 = PCURVE('',#244,#5504);
#5504 = DEFINITIONAL_REPRESENTATION('',(#5505),#5508);
#5505 = B_SPLINE_CURVE_WITH_KNOTS('',1,(#5506,#5507),.UNSPECIFIED.,.F.,
  .F.,(2,2),(0.,1.),.PIECEWISE_BEZIER_KNOTS.);
#5506 = CARTESIAN_POINT('',(0.,1.));
#5507 = CARTESIAN_POINT('',(1.,1.));
#5508 = ( GEOMETRIC_REPRESENTATION_CONTEXT(2) 
PARAMETRIC_REPRESENTATION_CONTEXT() REPRESENTATION_CONTEXT('2D SPACE',''
  ) );
#5509 = PCURVE('',#275,#5510);
#5510 = DEFINITIONAL_REPRESENTATION('',(#5511),#5514);
#5511 = B_SPLINE_CURVE_WITH_KNOTS('',1,(#5512,#5513),.UNSPECIFIED.,.F.,
  .F.,(2,2),(0.,1.),.PIECEWISE_BEZIER_KNOTS.);
#5512 = CARTESIAN_POINT('',(0.,0.));
#5513 = CARTESIAN_POINT('',(1.,0.));
#5514 = ( GEOMETRIC_REPRESENTATION_CONTEXT(2) 
PARAMETRIC_REPRESENTATION_CONTEXT() REPRESENTATION_CONTEXT('2D SPACE',''
  ) );
#5515 = ADVANCED_FACE('',(#5516),#2941,.F.);
#5516 = FACE_BOUND('',#5517,.F.);
#5517 = EDGE_LOOP('',(#5518,#5519,#5537,#5538));
#5518 = ORIENTED_EDGE('',*,*,#2923,.F.);
#5519 = ORIENTED_EDGE('',*,*,#5520,.T.);
#5520 = EDGE_CURVE('',#2891,#5202,#5521,.T.);
#5521 = SURFACE_CURVE('',#5522,(#5525,#5531),.PCURVE_S1.);
#5522 = B_SPLINE_CURVE_WITH_KNOTS('',1,(#5523,#5524),.UNSPECIFIED.,.F.,
  .F.,(2,2),(0.,1.),.PIECEWISE_BEZIER_KNOTS.);
#5523 = CARTESIAN_POINT('',(6.550824861818,-5.366482821935,0.));
#5524 = CARTESIAN_POINT('',(6.550824861818,-5.366482821935,9.9));
#5525 = PCURVE('',#2941,#5526);
#5526 = DEFINITIONAL_REPRESENTATION('',(#5527),#5530);
#5527 = B_SPLINE_CURVE_WITH_KNOTS('',1,(#5528,#5529),.UNSPECIFIED.,.F.,
  .F.,(2,2),(0.,1.),.PIECEWISE_BEZIER_KNOTS.);
#5528 = CARTESIAN_POINT('',(0.,0.));
#5529 = CARTESIAN_POINT('',(1.,0.));
#5530 = ( GEOMETRIC_REPRESENTATION_CONTEXT(2) 
PARAMETRIC_REPRESENTATION_CONTEXT() REPRESENTATION_CONTEXT('2D SPACE',''
  ) );
#5531 = PCURVE('',#2908,#5532);
#5532 = DEFINITIONAL_REPRESENTATION('',(#5533),#5536);
#5533 = B_SPLINE_CURVE_WITH_KNOTS('',1,(#5534,#5535),.UNSPECIFIED.,.F.,
  .F.,(2,2),(0.,1.),.PIECEWISE_BEZIER_KNOTS.);
#5534 = CARTESIAN_POINT('',(0.,1.));
#5535 = CARTESIAN_POINT('',(1.,1.));
#5536 = ( GEOMETRIC_REPRESENTATION_CONTEXT(2) 
PARAMETRIC_REPRESENTATION_CONTEXT() REPRESENTATION_CONTEXT('2D SPACE',''
  ) );
#5537 = ORIENTED_EDGE('',*,*,#5225,.T.);
#5538 = ORIENTED_EDGE('',*,*,#5472,.F.);
#5539 = ADVANCED_FACE('',(#5540),#275,.F.);
#5540 = FACE_BOUND('',#5541,.F.);
#5541 = EDGE_LOOP('',(#5542,#5543,#5544,#5545));
#5542 = ORIENTED_EDGE('',*,*,#257,.F.);
#5543 = ORIENTED_EDGE('',*,*,#5498,.T.);
#5544 = ORIENTED_EDGE('',*,*,#3247,.T.);
#5545 = ORIENTED_EDGE('',*,*,#5546,.F.);
#5546 = EDGE_CURVE('',#258,#3248,#5547,.T.);
#5547 = SURFACE_CURVE('',#5548,(#5551,#5557),.PCURVE_S1.);
#5548 = B_SPLINE_CURVE_WITH_KNOTS('',1,(#5549,#5550),.UNSPECIFIED.,.F.,
  .F.,(2,2),(0.,1.),.PIECEWISE_BEZIER_KNOTS.);
#5549 = CARTESIAN_POINT('',(8.356422157044,1.372098021859,0.));
#5550 = CARTESIAN_POINT('',(8.356422157044,1.372098021859,9.9));
#5551 = PCURVE('',#275,#5552);
#5552 = DEFINITIONAL_REPRESENTATION('',(#5553),#5556);
#5553 = B_SPLINE_CURVE_WITH_KNOTS('',1,(#5554,#5555),.UNSPECIFIED.,.F.,
  .F.,(2,2),(0.,1.),.PIECEWISE_BEZIER_KNOTS.);
#5554 = CARTESIAN_POINT('',(0.,1.));
#5555 = CARTESIAN_POINT('',(1.,1.));
#5556 = ( GEOMETRIC_REPRESENTATION_CONTEXT(2) 
PARAMETRIC_REPRESENTATION_CONTEXT() REPRESENTATION_CONTEXT('2D SPACE',''
  ) );
#5557 = PCURVE('',#308,#5558);
#5558 = DEFINITIONAL_REPRESENTATION('',(#5559),#5562);
#5559 = B_SPLINE_CURVE_WITH_KNOTS('',1,(#5560,#5561),.UNSPECIFIED.,.F.,
  .F.,(2,2),(0.,1.),.PIECEWISE_BEZIER_KNOTS.);
#5560 = CARTESIAN_POINT('',(0.,0.));
#5561 = CARTESIAN_POINT('',(1.,0.));
#5562 = ( GEOMETRIC_REPRESENTATION_CONTEXT(2) 
PARAMETRIC_REPRESENTATION_CONTEXT() REPRESENTATION_CONTEXT('2D SPACE',''
  ) );
#5563 = ADVANCED_FACE('',(#5564),#2908,.F.);
#5564 = FACE_BOUND('',#5565,.F.);
#5565 = EDGE_LOOP('',(#5566,#5567,#5585,#5586));
#5566 = ORIENTED_EDGE('',*,*,#2890,.F.);
#5567 = ORIENTED_EDGE('',*,*,#5568,.T.);
#5568 = EDGE_CURVE('',#2862,#5180,#5569,.T.);
#5569 = SURFACE_CURVE('',#5570,(#5573,#5579),.PCURVE_S1.);
#5570 = B_SPLINE_CURVE_WITH_KNOTS('',1,(#5571,#5572),.UNSPECIFIED.,.F.,
  .F.,(2,2),(0.,1.),.PIECEWISE_BEZIER_KNOTS.);
#5571 = CARTESIAN_POINT('',(5.961876333343,-5.004138127145,0.));
#5572 = CARTESIAN_POINT('',(5.961876333343,-5.004138127145,9.9));
#5573 = PCURVE('',#2908,#5574);
#5574 = DEFINITIONAL_REPRESENTATION('',(#5575),#5578);
#5575 = B_SPLINE_CURVE_WITH_KNOTS('',1,(#5576,#5577),.UNSPECIFIED.,.F.,
  .F.,(2,2),(0.,1.),.PIECEWISE_BEZIER_KNOTS.);
#5576 = CARTESIAN_POINT('',(0.,0.));
#5577 = CARTESIAN_POINT('',(1.,0.));
#5578 = ( GEOMETRIC_REPRESENTATION_CONTEXT(2) 
PARAMETRIC_REPRESENTATION_CONTEXT() REPRESENTATION_CONTEXT('2D SPACE',''
  ) );
#5579 = PCURVE('',#2877,#5580);
#5580 = DEFINITIONAL_REPRESENTATION('',(#5581),#5584);
#5581 = B_SPLINE_CURVE_WITH_KNOTS('',1,(#5582,#5583),.UNSPECIFIED.,.F.,
  .F.,(2,2),(0.,1.),.PIECEWISE_BEZIER_KNOTS.);
#5582 = CARTESIAN_POINT('',(0.,1.));
#5583 = CARTESIAN_POINT('',(1.,1.));
#5584 = ( GEOMETRIC_REPRESENTATION_CONTEXT(2) 
PARAMETRIC_REPRESENTATION_CONTEXT() REPRESENTATION_CONTEXT('2D SPACE',''
  ) );
#5585 = ORIENTED_EDGE('',*,*,#5201,.T.);
#5586 = ORIENTED_EDGE('',*,*,#5520,.F.);
#5587 = ADVANCED_FACE('',(#5588),#308,.F.);
#5588 = FACE_BOUND('',#5589,.F.);
#5589 = EDGE_LOOP('',(#5590,#5591,#5592,#5593));
#5590 = ORIENTED_EDGE('',*,*,#290,.F.);
#5591 = ORIENTED_EDGE('',*,*,#5546,.T.);
#5592 = ORIENTED_EDGE('',*,*,#3271,.T.);
#5593 = ORIENTED_EDGE('',*,*,#5594,.F.);
#5594 = EDGE_CURVE('',#291,#3272,#5595,.T.);
#5595 = SURFACE_CURVE('',#5596,(#5599,#5605),.PCURVE_S1.);
#5596 = B_SPLINE_CURVE_WITH_KNOTS('',1,(#5597,#5598),.UNSPECIFIED.,.F.,
  .F.,(2,2),(0.,1.),.PIECEWISE_BEZIER_KNOTS.);
#5597 = CARTESIAN_POINT('',(7.665205422469,1.352772575482,0.));
#5598 = CARTESIAN_POINT('',(7.665205422469,1.352772575482,9.9));
#5599 = PCURVE('',#308,#5600);
#5600 = DEFINITIONAL_REPRESENTATION('',(#5601),#5604);
#5601 = B_SPLINE_CURVE_WITH_KNOTS('',1,(#5602,#5603),.UNSPECIFIED.,.F.,
  .F.,(2,2),(0.,1.),.PIECEWISE_BEZIER_KNOTS.);
#5602 = CARTESIAN_POINT('',(0.,1.));
#5603 = CARTESIAN_POINT('',(1.,1.));
#5604 = ( GEOMETRIC_REPRESENTATION_CONTEXT(2) 
PARAMETRIC_REPRESENTATION_CONTEXT() REPRESENTATION_CONTEXT('2D SPACE',''
  ) );
#5605 = PCURVE('',#339,#5606);
#5606 = DEFINITIONAL_REPRESENTATION('',(#5607),#5610);
#5607 = B_SPLINE_CURVE_WITH_KNOTS('',1,(#5608,#5609),.UNSPECIFIED.,.F.,
  .F.,(2,2),(0.,1.),.PIECEWISE_BEZIER_KNOTS.);
#5608 = CARTESIAN_POINT('',(0.,0.));
#5609 = CARTESIAN_POINT('',(1.,0.));
#5610 = ( GEOMETRIC_REPRESENTATION_CONTEXT(2) 
PARAMETRIC_REPRESENTATION_CONTEXT() REPRESENTATION_CONTEXT('2D SPACE',''
  ) );
#5611 = ADVANCED_FACE('',(#5612),#2877,.F.);
#5612 = FACE_BOUND('',#5613,.F.);
#5613 = EDGE_LOOP('',(#5614,#5615,#5633,#5634));
#5614 = ORIENTED_EDGE('',*,*,#2861,.F.);
#5615 = ORIENTED_EDGE('',*,*,#5616,.T.);
#5616 = EDGE_CURVE('',#2833,#5158,#5617,.T.);
#5617 = SURFACE_CURVE('',#5618,(#5621,#5627),.PCURVE_S1.);
#5618 = B_SPLINE_CURVE_WITH_KNOTS('',1,(#5619,#5620),.UNSPECIFIED.,.F.,
  .F.,(2,2),(0.,1.),.PIECEWISE_BEZIER_KNOTS.);
#5619 = CARTESIAN_POINT('',(5.655224400349,-5.107135888313,
    -8.460799989015E-18));
#5620 = CARTESIAN_POINT('',(5.655224400349,-5.107135888313,9.9));
#5621 = PCURVE('',#2877,#5622);
#5622 = DEFINITIONAL_REPRESENTATION('',(#5623),#5626);
#5623 = B_SPLINE_CURVE_WITH_KNOTS('',1,(#5624,#5625),.UNSPECIFIED.,.F.,
  .F.,(2,2),(0.,1.),.PIECEWISE_BEZIER_KNOTS.);
#5624 = CARTESIAN_POINT('',(0.,0.));
#5625 = CARTESIAN_POINT('',(1.,0.));
#5626 = ( GEOMETRIC_REPRESENTATION_CONTEXT(2) 
PARAMETRIC_REPRESENTATION_CONTEXT() REPRESENTATION_CONTEXT('2D SPACE',''
  ) );
#5627 = PCURVE('',#2848,#5628);
#5628 = DEFINITIONAL_REPRESENTATION('',(#5629),#5632);
#5629 = B_SPLINE_CURVE_WITH_KNOTS('',1,(#5630,#5631),.UNSPECIFIED.,.F.,
  .F.,(2,2),(0.,1.),.PIECEWISE_BEZIER_KNOTS.);
#5630 = CARTESIAN_POINT('',(0.,1.));
#5631 = CARTESIAN_POINT('',(1.,1.));
#5632 = ( GEOMETRIC_REPRESENTATION_CONTEXT(2) 
PARAMETRIC_REPRESENTATION_CONTEXT() REPRESENTATION_CONTEXT('2D SPACE',''
  ) );
#5633 = ORIENTED_EDGE('',*,*,#5179,.T.);
#5634 = ORIENTED_EDGE('',*,*,#5568,.F.);
#5635 = ADVANCED_FACE('',(#5636),#339,.F.);
#5636 = FACE_BOUND('',#5637,.F.);
#5637 = EDGE_LOOP('',(#5638,#5639,#5640,#5641));
#5638 = ORIENTED_EDGE('',*,*,#323,.F.);
#5639 = ORIENTED_EDGE('',*,*,#5594,.T.);
#5640 = ORIENTED_EDGE('',*,*,#3295,.T.);
#5641 = ORIENTED_EDGE('',*,*,#5642,.F.);
#5642 = EDGE_CURVE('',#324,#3296,#5643,.T.);
#5643 = SURFACE_CURVE('',#5644,(#5647,#5653),.PCURVE_S1.);
#5644 = B_SPLINE_CURVE_WITH_KNOTS('',1,(#5645,#5646),.UNSPECIFIED.,.F.,
  .F.,(2,2),(0.,1.),.PIECEWISE_BEZIER_KNOTS.);
#5645 = CARTESIAN_POINT('',(7.451135938961,1.595297219683,
    -8.460799989015E-18));
#5646 = CARTESIAN_POINT('',(7.451135938961,1.595297219683,9.9));
#5647 = PCURVE('',#339,#5648);
#5648 = DEFINITIONAL_REPRESENTATION('',(#5649),#5652);
#5649 = B_SPLINE_CURVE_WITH_KNOTS('',1,(#5650,#5651),.UNSPECIFIED.,.F.,
  .F.,(2,2),(0.,1.),.PIECEWISE_BEZIER_KNOTS.);
#5650 = CARTESIAN_POINT('',(0.,1.));
#5651 = CARTESIAN_POINT('',(1.,1.));
#5652 = ( GEOMETRIC_REPRESENTATION_CONTEXT(2) 
PARAMETRIC_REPRESENTATION_CONTEXT() REPRESENTATION_CONTEXT('2D SPACE',''
  ) );
#5653 = PCURVE('',#368,#5654);
#5654 = DEFINITIONAL_REPRESENTATION('',(#5655),#5658);
#5655 = B_SPLINE_CURVE_WITH_KNOTS('',1,(#5656,#5657),.UNSPECIFIED.,.F.,
  .F.,(2,2),(0.,1.),.PIECEWISE_BEZIER_KNOTS.);
#5656 = CARTESIAN_POINT('',(0.,0.));
#5657 = CARTESIAN_POINT('',(1.,0.));
#5658 = ( GEOMETRIC_REPRESENTATION_CONTEXT(2) 
PARAMETRIC_REPRESENTATION_CONTEXT() REPRESENTATION_CONTEXT('2D SPACE',''
  ) );
#5659 = ADVANCED_FACE('',(#5660),#2848,.F.);
#5660 = FACE_BOUND('',#5661,.F.);
#5661 = EDGE_LOOP('',(#5662,#5663,#5681,#5682));
#5662 = ORIENTED_EDGE('',*,*,#2832,.F.);
#5663 = ORIENTED_EDGE('',*,*,#5664,.T.);
#5664 = EDGE_CURVE('',#2804,#5136,#5665,.T.);
#5665 = SURFACE_CURVE('',#5666,(#5669,#5675),.PCURVE_S1.);
#5666 = B_SPLINE_CURVE_WITH_KNOTS('',1,(#5667,#5668),.UNSPECIFIED.,.F.,
  .F.,(2,2),(0.,1.),.PIECEWISE_BEZIER_KNOTS.);
#5667 = CARTESIAN_POINT('',(5.107135888313,-5.655224400349,
    -8.460799989015E-18));
#5668 = CARTESIAN_POINT('',(5.107135888313,-5.655224400349,9.9));
#5669 = PCURVE('',#2848,#5670);
#5670 = DEFINITIONAL_REPRESENTATION('',(#5671),#5674);
#5671 = B_SPLINE_CURVE_WITH_KNOTS('',1,(#5672,#5673),.UNSPECIFIED.,.F.,
  .F.,(2,2),(0.,1.),.PIECEWISE_BEZIER_KNOTS.);
#5672 = CARTESIAN_POINT('',(0.,0.));
#5673 = CARTESIAN_POINT('',(1.,0.));
#5674 = ( GEOMETRIC_REPRESENTATION_CONTEXT(2) 
PARAMETRIC_REPRESENTATION_CONTEXT() REPRESENTATION_CONTEXT('2D SPACE',''
  ) );
#5675 = PCURVE('',#2819,#5676);
#5676 = DEFINITIONAL_REPRESENTATION('',(#5677),#5680);
#5677 = B_SPLINE_CURVE_WITH_KNOTS('',1,(#5678,#5679),.UNSPECIFIED.,.F.,
  .F.,(2,2),(0.,1.),.PIECEWISE_BEZIER_KNOTS.);
#5678 = CARTESIAN_POINT('',(0.,1.));
#5679 = CARTESIAN_POINT('',(1.,1.));
#5680 = ( GEOMETRIC_REPRESENTATION_CONTEXT(2) 
PARAMETRIC_REPRESENTATION_CONTEXT() REPRESENTATION_CONTEXT('2D SPACE',''
  ) );
#5681 = ORIENTED_EDGE('',*,*,#5157,.T.);
#5682 = ORIENTED_EDGE('',*,*,#5616,.F.);
#5683 = ADVANCED_FACE('',(#5684),#368,.F.);
#5684 = FACE_BOUND('',#5685,.F.);
#5685 = EDGE_LOOP('',(#5686,#5687,#5688,#5689));
#5686 = ORIENTED_EDGE('',*,*,#352,.F.);
#5687 = ORIENTED_EDGE('',*,*,#5642,.T.);
#5688 = ORIENTED_EDGE('',*,*,#3317,.T.);
#5689 = ORIENTED_EDGE('',*,*,#5690,.F.);
#5690 = EDGE_CURVE('',#353,#3318,#5691,.T.);
#5691 = SURFACE_CURVE('',#5692,(#5695,#5701),.PCURVE_S1.);
#5692 = B_SPLINE_CURVE_WITH_KNOTS('',1,(#5693,#5694),.UNSPECIFIED.,.F.,
  .F.,(2,2),(0.,1.),.PIECEWISE_BEZIER_KNOTS.);
#5693 = CARTESIAN_POINT('',(7.250521620033,2.344000050648,
    -8.460799989015E-18));
#5694 = CARTESIAN_POINT('',(7.250521620033,2.344000050648,9.9));
#5695 = PCURVE('',#368,#5696);
#5696 = DEFINITIONAL_REPRESENTATION('',(#5697),#5700);
#5697 = B_SPLINE_CURVE_WITH_KNOTS('',1,(#5698,#5699),.UNSPECIFIED.,.F.,
  .F.,(2,2),(0.,1.),.PIECEWISE_BEZIER_KNOTS.);
#5698 = CARTESIAN_POINT('',(0.,1.));
#5699 = CARTESIAN_POINT('',(1.,1.));
#5700 = ( GEOMETRIC_REPRESENTATION_CONTEXT(2) 
PARAMETRIC_REPRESENTATION_CONTEXT() REPRESENTATION_CONTEXT('2D SPACE',''
  ) );
#5701 = PCURVE('',#397,#5702);
#5702 = DEFINITIONAL_REPRESENTATION('',(#5703),#5706);
#5703 = B_SPLINE_CURVE_WITH_KNOTS('',1,(#5704,#5705),.UNSPECIFIED.,.F.,
  .F.,(2,2),(0.,1.),.PIECEWISE_BEZIER_KNOTS.);
#5704 = CARTESIAN_POINT('',(0.,0.));
#5705 = CARTESIAN_POINT('',(1.,0.));
#5706 = ( GEOMETRIC_REPRESENTATION_CONTEXT(2) 
PARAMETRIC_REPRESENTATION_CONTEXT() REPRESENTATION_CONTEXT('2D SPACE',''
  ) );
#5707 = ADVANCED_FACE('',(#5708),#2819,.F.);
#5708 = FACE_BOUND('',#5709,.F.);
#5709 = EDGE_LOOP('',(#5710,#5711,#5729,#5730));
#5710 = ORIENTED_EDGE('',*,*,#2803,.F.);
#5711 = ORIENTED_EDGE('',*,*,#5712,.T.);
#5712 = EDGE_CURVE('',#2771,#5112,#5713,.T.);
#5713 = SURFACE_CURVE('',#5714,(#5717,#5723),.PCURVE_S1.);
#5714 = B_SPLINE_CURVE_WITH_KNOTS('',1,(#5715,#5716),.UNSPECIFIED.,.F.,
  .F.,(2,2),(0.,1.),.PIECEWISE_BEZIER_KNOTS.);
#5715 = CARTESIAN_POINT('',(5.004138127145,-5.961876333343,0.));
#5716 = CARTESIAN_POINT('',(5.004138127145,-5.961876333343,9.9));
#5717 = PCURVE('',#2819,#5718);
#5718 = DEFINITIONAL_REPRESENTATION('',(#5719),#5722);
#5719 = B_SPLINE_CURVE_WITH_KNOTS('',1,(#5720,#5721),.UNSPECIFIED.,.F.,
  .F.,(2,2),(0.,1.),.PIECEWISE_BEZIER_KNOTS.);
#5720 = CARTESIAN_POINT('',(0.,0.));
#5721 = CARTESIAN_POINT('',(1.,0.));
#5722 = ( GEOMETRIC_REPRESENTATION_CONTEXT(2) 
PARAMETRIC_REPRESENTATION_CONTEXT() REPRESENTATION_CONTEXT('2D SPACE',''
  ) );
#5723 = PCURVE('',#2788,#5724);
#5724 = DEFINITIONAL_REPRESENTATION('',(#5725),#5728);
#5725 = B_SPLINE_CURVE_WITH_KNOTS('',1,(#5726,#5727),.UNSPECIFIED.,.F.,
  .F.,(2,2),(0.,1.),.PIECEWISE_BEZIER_KNOTS.);
#5726 = CARTESIAN_POINT('',(0.,1.));
#5727 = CARTESIAN_POINT('',(1.,1.));
#5728 = ( GEOMETRIC_REPRESENTATION_CONTEXT(2) 
PARAMETRIC_REPRESENTATION_CONTEXT() REPRESENTATION_CONTEXT('2D SPACE',''
  ) );
#5729 = ORIENTED_EDGE('',*,*,#5135,.T.);
#5730 = ORIENTED_EDGE('',*,*,#5664,.F.);
#5731 = ADVANCED_FACE('',(#5732),#397,.F.);
#5732 = FACE_BOUND('',#5733,.F.);
#5733 = EDGE_LOOP('',(#5734,#5735,#5736,#5737));
#5734 = ORIENTED_EDGE('',*,*,#381,.F.);
#5735 = ORIENTED_EDGE('',*,*,#5690,.T.);
#5736 = ORIENTED_EDGE('',*,*,#3339,.T.);
#5737 = ORIENTED_EDGE('',*,*,#5738,.F.);
#5738 = EDGE_CURVE('',#382,#3340,#5739,.T.);
#5739 = SURFACE_CURVE('',#5740,(#5743,#5749),.PCURVE_S1.);
#5740 = B_SPLINE_CURVE_WITH_KNOTS('',1,(#5741,#5742),.UNSPECIFIED.,.F.,
  .F.,(2,2),(0.,1.),.PIECEWISE_BEZIER_KNOTS.);
#5741 = CARTESIAN_POINT('',(7.314648908825,2.661067295324,0.));
#5742 = CARTESIAN_POINT('',(7.314648908825,2.661067295324,9.9));
#5743 = PCURVE('',#397,#5744);
#5744 = DEFINITIONAL_REPRESENTATION('',(#5745),#5748);
#5745 = B_SPLINE_CURVE_WITH_KNOTS('',1,(#5746,#5747),.UNSPECIFIED.,.F.,
  .F.,(2,2),(0.,1.),.PIECEWISE_BEZIER_KNOTS.);
#5746 = CARTESIAN_POINT('',(0.,1.));
#5747 = CARTESIAN_POINT('',(1.,1.));
#5748 = ( GEOMETRIC_REPRESENTATION_CONTEXT(2) 
PARAMETRIC_REPRESENTATION_CONTEXT() REPRESENTATION_CONTEXT('2D SPACE',''
  ) );
#5749 = PCURVE('',#428,#5750);
#5750 = DEFINITIONAL_REPRESENTATION('',(#5751),#5754);
#5751 = B_SPLINE_CURVE_WITH_KNOTS('',1,(#5752,#5753),.UNSPECIFIED.,.F.,
  .F.,(2,2),(0.,1.),.PIECEWISE_BEZIER_KNOTS.);
#5752 = CARTESIAN_POINT('',(0.,0.));
#5753 = CARTESIAN_POINT('',(1.,0.));
#5754 = ( GEOMETRIC_REPRESENTATION_CONTEXT(2) 
PARAMETRIC_REPRESENTATION_CONTEXT() REPRESENTATION_CONTEXT('2D SPACE',''
  ) );
#5755 = ADVANCED_FACE('',(#5756),#2788,.F.);
#5756 = FACE_BOUND('',#5757,.F.);
#5757 = EDGE_LOOP('',(#5758,#5759,#5777,#5778));
#5758 = ORIENTED_EDGE('',*,*,#2770,.F.);
#5759 = ORIENTED_EDGE('',*,*,#5760,.T.);
#5760 = EDGE_CURVE('',#2738,#5088,#5761,.T.);
#5761 = SURFACE_CURVE('',#5762,(#5765,#5771),.PCURVE_S1.);
#5762 = B_SPLINE_CURVE_WITH_KNOTS('',1,(#5763,#5764),.UNSPECIFIED.,.F.,
  .F.,(2,2),(0.,1.),.PIECEWISE_BEZIER_KNOTS.);
#5763 = CARTESIAN_POINT('',(5.366482821935,-6.550824861818,0.));
#5764 = CARTESIAN_POINT('',(5.366482821935,-6.550824861818,9.9));
#5765 = PCURVE('',#2788,#5766);
#5766 = DEFINITIONAL_REPRESENTATION('',(#5767),#5770);
#5767 = B_SPLINE_CURVE_WITH_KNOTS('',1,(#5768,#5769),.UNSPECIFIED.,.F.,
  .F.,(2,2),(0.,1.),.PIECEWISE_BEZIER_KNOTS.);
#5768 = CARTESIAN_POINT('',(0.,0.));
#5769 = CARTESIAN_POINT('',(1.,0.));
#5770 = ( GEOMETRIC_REPRESENTATION_CONTEXT(2) 
PARAMETRIC_REPRESENTATION_CONTEXT() REPRESENTATION_CONTEXT('2D SPACE',''
  ) );
#5771 = PCURVE('',#2755,#5772);
#5772 = DEFINITIONAL_REPRESENTATION('',(#5773),#5776);
#5773 = B_SPLINE_CURVE_WITH_KNOTS('',1,(#5774,#5775),.UNSPECIFIED.,.F.,
  .F.,(2,2),(0.,1.),.PIECEWISE_BEZIER_KNOTS.);
#5774 = CARTESIAN_POINT('',(0.,1.));
#5775 = CARTESIAN_POINT('',(1.,1.));
#5776 = ( GEOMETRIC_REPRESENTATION_CONTEXT(2) 
PARAMETRIC_REPRESENTATION_CONTEXT() REPRESENTATION_CONTEXT('2D SPACE',''
  ) );
#5777 = ORIENTED_EDGE('',*,*,#5111,.T.);
#5778 = ORIENTED_EDGE('',*,*,#5712,.F.);
#5779 = ADVANCED_FACE('',(#5780),#428,.F.);
#5780 = FACE_BOUND('',#5781,.F.);
#5781 = EDGE_LOOP('',(#5782,#5783,#5784,#5785));
#5782 = ORIENTED_EDGE('',*,*,#410,.F.);
#5783 = ORIENTED_EDGE('',*,*,#5738,.T.);
#5784 = ORIENTED_EDGE('',*,*,#3361,.T.);
#5785 = ORIENTED_EDGE('',*,*,#5786,.F.);
#5786 = EDGE_CURVE('',#411,#3362,#5787,.T.);
#5787 = SURFACE_CURVE('',#5788,(#5791,#5797),.PCURVE_S1.);
#5788 = B_SPLINE_CURVE_WITH_KNOTS('',1,(#5789,#5790),.UNSPECIFIED.,.F.,
  .F.,(2,2),(0.,1.),.PIECEWISE_BEZIER_KNOTS.);
#5789 = CARTESIAN_POINT('',(7.922922883677,2.98993933511,0.));
#5790 = CARTESIAN_POINT('',(7.922922883677,2.98993933511,9.9));
#5791 = PCURVE('',#428,#5792);
#5792 = DEFINITIONAL_REPRESENTATION('',(#5793),#5796);
#5793 = B_SPLINE_CURVE_WITH_KNOTS('',1,(#5794,#5795),.UNSPECIFIED.,.F.,
  .F.,(2,2),(0.,1.),.PIECEWISE_BEZIER_KNOTS.);
#5794 = CARTESIAN_POINT('',(0.,1.));
#5795 = CARTESIAN_POINT('',(1.,1.));
#5796 = ( GEOMETRIC_REPRESENTATION_CONTEXT(2) 
PARAMETRIC_REPRESENTATION_CONTEXT() REPRESENTATION_CONTEXT('2D SPACE',''
  ) );
#5797 = PCURVE('',#461,#5798);
#5798 = DEFINITIONAL_REPRESENTATION('',(#5799),#5802);
#5799 = B_SPLINE_CURVE_WITH_KNOTS('',1,(#5800,#5801),.UNSPECIFIED.,.F.,
  .F.,(2,2),(0.,1.),.PIECEWISE_BEZIER_KNOTS.);
#5800 = CARTESIAN_POINT('',(0.,0.));
#5801 = CARTESIAN_POINT('',(1.,0.));
#5802 = ( GEOMETRIC_REPRESENTATION_CONTEXT(2) 
PARAMETRIC_REPRESENTATION_CONTEXT() REPRESENTATION_CONTEXT('2D SPACE',''
  ) );
#5803 = ADVANCED_FACE('',(#5804),#2755,.F.);
#5804 = FACE_BOUND('',#5805,.F.);
#5805 = EDGE_LOOP('',(#5806,#5807,#5825,#5826));
#5806 = ORIENTED_EDGE('',*,*,#2737,.F.);
#5807 = ORIENTED_EDGE('',*,*,#5808,.T.);
#5808 = EDGE_CURVE('',#2709,#5066,#5809,.T.);
#5809 = SURFACE_CURVE('',#5810,(#5813,#5819),.PCURVE_S1.);
#5810 = B_SPLINE_CURVE_WITH_KNOTS('',1,(#5811,#5812),.UNSPECIFIED.,.F.,
  .F.,(2,2),(0.,1.),.PIECEWISE_BEZIER_KNOTS.);
#5811 = CARTESIAN_POINT('',(5.74938693041,-9.283908116975,0.));
#5812 = CARTESIAN_POINT('',(5.74938693041,-9.283908116975,9.9));
#5813 = PCURVE('',#2755,#5814);
#5814 = DEFINITIONAL_REPRESENTATION('',(#5815),#5818);
#5815 = B_SPLINE_CURVE_WITH_KNOTS('',1,(#5816,#5817),.UNSPECIFIED.,.F.,
  .F.,(2,2),(0.,1.),.PIECEWISE_BEZIER_KNOTS.);
#5816 = CARTESIAN_POINT('',(0.,0.));
#5817 = CARTESIAN_POINT('',(1.,0.));
#5818 = ( GEOMETRIC_REPRESENTATION_CONTEXT(2) 
PARAMETRIC_REPRESENTATION_CONTEXT() REPRESENTATION_CONTEXT('2D SPACE',''
  ) );
#5819 = PCURVE('',#2724,#5820);
#5820 = DEFINITIONAL_REPRESENTATION('',(#5821),#5824);
#5821 = B_SPLINE_CURVE_WITH_KNOTS('',1,(#5822,#5823),.UNSPECIFIED.,.F.,
  .F.,(2,2),(0.,1.),.PIECEWISE_BEZIER_KNOTS.);
#5822 = CARTESIAN_POINT('',(0.,1.));
#5823 = CARTESIAN_POINT('',(1.,1.));
#5824 = ( GEOMETRIC_REPRESENTATION_CONTEXT(2) 
PARAMETRIC_REPRESENTATION_CONTEXT() REPRESENTATION_CONTEXT('2D SPACE',''
  ) );
#5825 = ORIENTED_EDGE('',*,*,#5087,.T.);
#5826 = ORIENTED_EDGE('',*,*,#5760,.F.);
#5827 = ADVANCED_FACE('',(#5828),#461,.F.);
#5828 = FACE_BOUND('',#5829,.F.);
#5829 = EDGE_LOOP('',(#5830,#5831,#5832,#5833));
#5830 = ORIENTED_EDGE('',*,*,#443,.F.);
#5831 = ORIENTED_EDGE('',*,*,#5786,.T.);
#5832 = ORIENTED_EDGE('',*,*,#3385,.T.);
#5833 = ORIENTED_EDGE('',*,*,#5834,.F.);
#5834 = EDGE_CURVE('',#444,#3386,#5835,.T.);
#5835 = SURFACE_CURVE('',#5836,(#5839,#5845),.PCURVE_S1.);
#5836 = B_SPLINE_CURVE_WITH_KNOTS('',1,(#5837,#5838),.UNSPECIFIED.,.F.,
  .F.,(2,2),(0.,1.),.PIECEWISE_BEZIER_KNOTS.);
#5837 = CARTESIAN_POINT('',(9.621069196408,5.165406810496,0.));
#5838 = CARTESIAN_POINT('',(9.621069196408,5.165406810496,9.9));
#5839 = PCURVE('',#461,#5840);
#5840 = DEFINITIONAL_REPRESENTATION('',(#5841),#5844);
#5841 = B_SPLINE_CURVE_WITH_KNOTS('',1,(#5842,#5843),.UNSPECIFIED.,.F.,
  .F.,(2,2),(0.,1.),.PIECEWISE_BEZIER_KNOTS.);
#5842 = CARTESIAN_POINT('',(0.,1.));
#5843 = CARTESIAN_POINT('',(1.,1.));
#5844 = ( GEOMETRIC_REPRESENTATION_CONTEXT(2) 
PARAMETRIC_REPRESENTATION_CONTEXT() REPRESENTATION_CONTEXT('2D SPACE',''
  ) );
#5845 = PCURVE('',#492,#5846);
#5846 = DEFINITIONAL_REPRESENTATION('',(#5847),#5850);
#5847 = B_SPLINE_CURVE_WITH_KNOTS('',1,(#5848,#5849),.UNSPECIFIED.,.F.,
  .F.,(2,2),(0.,1.),.PIECEWISE_BEZIER_KNOTS.);
#5848 = CARTESIAN_POINT('',(0.,0.));
#5849 = CARTESIAN_POINT('',(1.,0.));
#5850 = ( GEOMETRIC_REPRESENTATION_CONTEXT(2) 
PARAMETRIC_REPRESENTATION_CONTEXT() REPRESENTATION_CONTEXT('2D SPACE',''
  ) );
#5851 = ADVANCED_FACE('',(#5852),#2724,.F.);
#5852 = FACE_BOUND('',#5853,.F.);
#5853 = EDGE_LOOP('',(#5854,#5855,#5873,#5874));
#5854 = ORIENTED_EDGE('',*,*,#2708,.F.);
#5855 = ORIENTED_EDGE('',*,*,#5856,.T.);
#5856 = EDGE_CURVE('',#2676,#5042,#5857,.T.);
#5857 = SURFACE_CURVE('',#5858,(#5861,#5867),.PCURVE_S1.);
#5858 = B_SPLINE_CURVE_WITH_KNOTS('',1,(#5859,#5860),.UNSPECIFIED.,.F.,
  .F.,(2,2),(0.,1.),.PIECEWISE_BEZIER_KNOTS.);
#5859 = CARTESIAN_POINT('',(5.165406810496,-9.621069196408,0.));
#5860 = CARTESIAN_POINT('',(5.165406810496,-9.621069196408,9.9));
#5861 = PCURVE('',#2724,#5862);
#5862 = DEFINITIONAL_REPRESENTATION('',(#5863),#5866);
#5863 = B_SPLINE_CURVE_WITH_KNOTS('',1,(#5864,#5865),.UNSPECIFIED.,.F.,
  .F.,(2,2),(0.,1.),.PIECEWISE_BEZIER_KNOTS.);
#5864 = CARTESIAN_POINT('',(0.,0.));
#5865 = CARTESIAN_POINT('',(1.,0.));
#5866 = ( GEOMETRIC_REPRESENTATION_CONTEXT(2) 
PARAMETRIC_REPRESENTATION_CONTEXT() REPRESENTATION_CONTEXT('2D SPACE',''
  ) );
#5867 = PCURVE('',#2693,#5868);
#5868 = DEFINITIONAL_REPRESENTATION('',(#5869),#5872);
#5869 = B_SPLINE_CURVE_WITH_KNOTS('',1,(#5870,#5871),.UNSPECIFIED.,.F.,
  .F.,(2,2),(0.,1.),.PIECEWISE_BEZIER_KNOTS.);
#5870 = CARTESIAN_POINT('',(0.,1.));
#5871 = CARTESIAN_POINT('',(1.,1.));
#5872 = ( GEOMETRIC_REPRESENTATION_CONTEXT(2) 
PARAMETRIC_REPRESENTATION_CONTEXT() REPRESENTATION_CONTEXT('2D SPACE',''
  ) );
#5873 = ORIENTED_EDGE('',*,*,#5065,.T.);
#5874 = ORIENTED_EDGE('',*,*,#5808,.F.);
#5875 = ADVANCED_FACE('',(#5876),#492,.F.);
#5876 = FACE_BOUND('',#5877,.F.);
#5877 = EDGE_LOOP('',(#5878,#5879,#5880,#5881));
#5878 = ORIENTED_EDGE('',*,*,#476,.F.);
#5879 = ORIENTED_EDGE('',*,*,#5834,.T.);
#5880 = ORIENTED_EDGE('',*,*,#3409,.T.);
#5881 = ORIENTED_EDGE('',*,*,#5882,.F.);
#5882 = EDGE_CURVE('',#477,#3410,#5883,.T.);
#5883 = SURFACE_CURVE('',#5884,(#5887,#5893),.PCURVE_S1.);
#5884 = B_SPLINE_CURVE_WITH_KNOTS('',1,(#5885,#5886),.UNSPECIFIED.,.F.,
  .F.,(2,2),(0.,1.),.PIECEWISE_BEZIER_KNOTS.);
#5885 = CARTESIAN_POINT('',(9.283908116975,5.74938693041,0.));
#5886 = CARTESIAN_POINT('',(9.283908116975,5.74938693041,9.9));
#5887 = PCURVE('',#492,#5888);
#5888 = DEFINITIONAL_REPRESENTATION('',(#5889),#5892);
#5889 = B_SPLINE_CURVE_WITH_KNOTS('',1,(#5890,#5891),.UNSPECIFIED.,.F.,
  .F.,(2,2),(0.,1.),.PIECEWISE_BEZIER_KNOTS.);
#5890 = CARTESIAN_POINT('',(0.,1.));
#5891 = CARTESIAN_POINT('',(1.,1.));
#5892 = ( GEOMETRIC_REPRESENTATION_CONTEXT(2) 
PARAMETRIC_REPRESENTATION_CONTEXT() REPRESENTATION_CONTEXT('2D SPACE',''
  ) );
#5893 = PCURVE('',#523,#5894);
#5894 = DEFINITIONAL_REPRESENTATION('',(#5895),#5898);
#5895 = B_SPLINE_CURVE_WITH_KNOTS('',1,(#5896,#5897),.UNSPECIFIED.,.F.,
  .F.,(2,2),(0.,1.),.PIECEWISE_BEZIER_KNOTS.);
#5896 = CARTESIAN_POINT('',(0.,0.));
#5897 = CARTESIAN_POINT('',(1.,0.));
#5898 = ( GEOMETRIC_REPRESENTATION_CONTEXT(2) 
PARAMETRIC_REPRESENTATION_CONTEXT() REPRESENTATION_CONTEXT('2D SPACE',''
  ) );
#5899 = ADVANCED_FACE('',(#5900),#2693,.F.);
#5900 = FACE_BOUND('',#5901,.F.);
#5901 = EDGE_LOOP('',(#5902,#5903,#5921,#5922));
#5902 = ORIENTED_EDGE('',*,*,#2675,.F.);
#5903 = ORIENTED_EDGE('',*,*,#5904,.T.);
#5904 = EDGE_CURVE('',#2643,#5018,#5905,.T.);
#5905 = SURFACE_CURVE('',#5906,(#5909,#5915),.PCURVE_S1.);
#5906 = B_SPLINE_CURVE_WITH_KNOTS('',1,(#5907,#5908),.UNSPECIFIED.,.F.,
  .F.,(2,2),(0.,1.),.PIECEWISE_BEZIER_KNOTS.);
#5907 = CARTESIAN_POINT('',(2.98993933511,-7.922922883677,0.));
#5908 = CARTESIAN_POINT('',(2.98993933511,-7.922922883677,9.9));
#5909 = PCURVE('',#2693,#5910);
#5910 = DEFINITIONAL_REPRESENTATION('',(#5911),#5914);
#5911 = B_SPLINE_CURVE_WITH_KNOTS('',1,(#5912,#5913),.UNSPECIFIED.,.F.,
  .F.,(2,2),(0.,1.),.PIECEWISE_BEZIER_KNOTS.);
#5912 = CARTESIAN_POINT('',(0.,0.));
#5913 = CARTESIAN_POINT('',(1.,0.));
#5914 = ( GEOMETRIC_REPRESENTATION_CONTEXT(2) 
PARAMETRIC_REPRESENTATION_CONTEXT() REPRESENTATION_CONTEXT('2D SPACE',''
  ) );
#5915 = PCURVE('',#2660,#5916);
#5916 = DEFINITIONAL_REPRESENTATION('',(#5917),#5920);
#5917 = B_SPLINE_CURVE_WITH_KNOTS('',1,(#5918,#5919),.UNSPECIFIED.,.F.,
  .F.,(2,2),(0.,1.),.PIECEWISE_BEZIER_KNOTS.);
#5918 = CARTESIAN_POINT('',(0.,1.));
#5919 = CARTESIAN_POINT('',(1.,1.));
#5920 = ( GEOMETRIC_REPRESENTATION_CONTEXT(2) 
PARAMETRIC_REPRESENTATION_CONTEXT() REPRESENTATION_CONTEXT('2D SPACE',''
  ) );
#5921 = ORIENTED_EDGE('',*,*,#5041,.T.);
#5922 = ORIENTED_EDGE('',*,*,#5856,.F.);
#5923 = ADVANCED_FACE('',(#5924),#523,.F.);
#5924 = FACE_BOUND('',#5925,.F.);
#5925 = EDGE_LOOP('',(#5926,#5927,#5928,#5929));
#5926 = ORIENTED_EDGE('',*,*,#505,.F.);
#5927 = ORIENTED_EDGE('',*,*,#5882,.T.);
#5928 = ORIENTED_EDGE('',*,*,#3431,.T.);
#5929 = ORIENTED_EDGE('',*,*,#5930,.F.);
#5930 = EDGE_CURVE('',#506,#3432,#5931,.T.);
#5931 = SURFACE_CURVE('',#5932,(#5935,#5941),.PCURVE_S1.);
#5932 = B_SPLINE_CURVE_WITH_KNOTS('',1,(#5933,#5934),.UNSPECIFIED.,.F.,
  .F.,(2,2),(0.,1.),.PIECEWISE_BEZIER_KNOTS.);
#5933 = CARTESIAN_POINT('',(6.550824861818,5.366482821935,0.));
#5934 = CARTESIAN_POINT('',(6.550824861818,5.366482821935,9.9));
#5935 = PCURVE('',#523,#5936);
#5936 = DEFINITIONAL_REPRESENTATION('',(#5937),#5940);
#5937 = B_SPLINE_CURVE_WITH_KNOTS('',1,(#5938,#5939),.UNSPECIFIED.,.F.,
  .F.,(2,2),(0.,1.),.PIECEWISE_BEZIER_KNOTS.);
#5938 = CARTESIAN_POINT('',(0.,1.));
#5939 = CARTESIAN_POINT('',(1.,1.));
#5940 = ( GEOMETRIC_REPRESENTATION_CONTEXT(2) 
PARAMETRIC_REPRESENTATION_CONTEXT() REPRESENTATION_CONTEXT('2D SPACE',''
  ) );
#5941 = PCURVE('',#556,#5942);
#5942 = DEFINITIONAL_REPRESENTATION('',(#5943),#5946);
#5943 = B_SPLINE_CURVE_WITH_KNOTS('',1,(#5944,#5945),.UNSPECIFIED.,.F.,
  .F.,(2,2),(0.,1.),.PIECEWISE_BEZIER_KNOTS.);
#5944 = CARTESIAN_POINT('',(0.,0.));
#5945 = CARTESIAN_POINT('',(1.,0.));
#5946 = ( GEOMETRIC_REPRESENTATION_CONTEXT(2) 
PARAMETRIC_REPRESENTATION_CONTEXT() REPRESENTATION_CONTEXT('2D SPACE',''
  ) );
#5947 = ADVANCED_FACE('',(#5948),#2660,.F.);
#5948 = FACE_BOUND('',#5949,.F.);
#5949 = EDGE_LOOP('',(#5950,#5951,#5969,#5970));
#5950 = ORIENTED_EDGE('',*,*,#2642,.F.);
#5951 = ORIENTED_EDGE('',*,*,#5952,.T.);
#5952 = EDGE_CURVE('',#2614,#4996,#5953,.T.);
#5953 = SURFACE_CURVE('',#5954,(#5957,#5963),.PCURVE_S1.);
#5954 = B_SPLINE_CURVE_WITH_KNOTS('',1,(#5955,#5956),.UNSPECIFIED.,.F.,
  .F.,(2,2),(0.,1.),.PIECEWISE_BEZIER_KNOTS.);
#5955 = CARTESIAN_POINT('',(2.661067295324,-7.314648908825,0.));
#5956 = CARTESIAN_POINT('',(2.661067295324,-7.314648908825,9.9));
#5957 = PCURVE('',#2660,#5958);
#5958 = DEFINITIONAL_REPRESENTATION('',(#5959),#5962);
#5959 = B_SPLINE_CURVE_WITH_KNOTS('',1,(#5960,#5961),.UNSPECIFIED.,.F.,
  .F.,(2,2),(0.,1.),.PIECEWISE_BEZIER_KNOTS.);
#5960 = CARTESIAN_POINT('',(0.,0.));
#5961 = CARTESIAN_POINT('',(1.,0.));
#5962 = ( GEOMETRIC_REPRESENTATION_CONTEXT(2) 
PARAMETRIC_REPRESENTATION_CONTEXT() REPRESENTATION_CONTEXT('2D SPACE',''
  ) );
#5963 = PCURVE('',#2629,#5964);
#5964 = DEFINITIONAL_REPRESENTATION('',(#5965),#5968);
#5965 = B_SPLINE_CURVE_WITH_KNOTS('',1,(#5966,#5967),.UNSPECIFIED.,.F.,
  .F.,(2,2),(0.,1.),.PIECEWISE_BEZIER_KNOTS.);
#5966 = CARTESIAN_POINT('',(0.,1.));
#5967 = CARTESIAN_POINT('',(1.,1.));
#5968 = ( GEOMETRIC_REPRESENTATION_CONTEXT(2) 
PARAMETRIC_REPRESENTATION_CONTEXT() REPRESENTATION_CONTEXT('2D SPACE',''
  ) );
#5969 = ORIENTED_EDGE('',*,*,#5017,.T.);
#5970 = ORIENTED_EDGE('',*,*,#5904,.F.);
#5971 = ADVANCED_FACE('',(#5972),#556,.F.);
#5972 = FACE_BOUND('',#5973,.F.);
#5973 = EDGE_LOOP('',(#5974,#5975,#5976,#5977));
#5974 = ORIENTED_EDGE('',*,*,#538,.F.);
#5975 = ORIENTED_EDGE('',*,*,#5930,.T.);
#5976 = ORIENTED_EDGE('',*,*,#3455,.T.);
#5977 = ORIENTED_EDGE('',*,*,#5978,.F.);
#5978 = EDGE_CURVE('',#539,#3456,#5979,.T.);
#5979 = SURFACE_CURVE('',#5980,(#5983,#5989),.PCURVE_S1.);
#5980 = B_SPLINE_CURVE_WITH_KNOTS('',1,(#5981,#5982),.UNSPECIFIED.,.F.,
  .F.,(2,2),(0.,1.),.PIECEWISE_BEZIER_KNOTS.);
#5981 = CARTESIAN_POINT('',(5.961876333343,5.004138127145,0.));
#5982 = CARTESIAN_POINT('',(5.961876333343,5.004138127145,9.9));
#5983 = PCURVE('',#556,#5984);
#5984 = DEFINITIONAL_REPRESENTATION('',(#5985),#5988);
#5985 = B_SPLINE_CURVE_WITH_KNOTS('',1,(#5986,#5987),.UNSPECIFIED.,.F.,
  .F.,(2,2),(0.,1.),.PIECEWISE_BEZIER_KNOTS.);
#5986 = CARTESIAN_POINT('',(0.,1.));
#5987 = CARTESIAN_POINT('',(1.,1.));
#5988 = ( GEOMETRIC_REPRESENTATION_CONTEXT(2) 
PARAMETRIC_REPRESENTATION_CONTEXT() REPRESENTATION_CONTEXT('2D SPACE',''
  ) );
#5989 = PCURVE('',#587,#5990);
#5990 = DEFINITIONAL_REPRESENTATION('',(#5991),#5994);
#5991 = B_SPLINE_CURVE_WITH_KNOTS('',1,(#5992,#5993),.UNSPECIFIED.,.F.,
  .F.,(2,2),(0.,1.),.PIECEWISE_BEZIER_KNOTS.);
#5992 = CARTESIAN_POINT('',(0.,0.));
#5993 = CARTESIAN_POINT('',(1.,0.));
#5994 = ( GEOMETRIC_REPRESENTATION_CONTEXT(2) 
PARAMETRIC_REPRESENTATION_CONTEXT() REPRESENTATION_CONTEXT('2D SPACE',''
  ) );
#5995 = ADVANCED_FACE('',(#5996),#2629,.F.);
#5996 = FACE_BOUND('',#5997,.F.);
#5997 = EDGE_LOOP('',(#5998,#5999,#6017,#6018));
#5998 = ORIENTED_EDGE('',*,*,#2613,.F.);
#5999 = ORIENTED_EDGE('',*,*,#6000,.T.);
#6000 = EDGE_CURVE('',#2585,#4974,#6001,.T.);
#6001 = SURFACE_CURVE('',#6002,(#6005,#6011),.PCURVE_S1.);
#6002 = B_SPLINE_CURVE_WITH_KNOTS('',1,(#6003,#6004),.UNSPECIFIED.,.F.,
  .F.,(2,2),(0.,1.),.PIECEWISE_BEZIER_KNOTS.);
#6003 = CARTESIAN_POINT('',(2.344000050648,-7.250521620033,
    -8.460799989015E-18));
#6004 = CARTESIAN_POINT('',(2.344000050648,-7.250521620033,9.9));
#6005 = PCURVE('',#2629,#6006);
#6006 = DEFINITIONAL_REPRESENTATION('',(#6007),#6010);
#6007 = B_SPLINE_CURVE_WITH_KNOTS('',1,(#6008,#6009),.UNSPECIFIED.,.F.,
  .F.,(2,2),(0.,1.),.PIECEWISE_BEZIER_KNOTS.);
#6008 = CARTESIAN_POINT('',(0.,0.));
#6009 = CARTESIAN_POINT('',(1.,0.));
#6010 = ( GEOMETRIC_REPRESENTATION_CONTEXT(2) 
PARAMETRIC_REPRESENTATION_CONTEXT() REPRESENTATION_CONTEXT('2D SPACE',''
  ) );
#6011 = PCURVE('',#2600,#6012);
#6012 = DEFINITIONAL_REPRESENTATION('',(#6013),#6016);
#6013 = B_SPLINE_CURVE_WITH_KNOTS('',1,(#6014,#6015),.UNSPECIFIED.,.F.,
  .F.,(2,2),(0.,1.),.PIECEWISE_BEZIER_KNOTS.);
#6014 = CARTESIAN_POINT('',(0.,1.));
#6015 = CARTESIAN_POINT('',(1.,1.));
#6016 = ( GEOMETRIC_REPRESENTATION_CONTEXT(2) 
PARAMETRIC_REPRESENTATION_CONTEXT() REPRESENTATION_CONTEXT('2D SPACE',''
  ) );
#6017 = ORIENTED_EDGE('',*,*,#4995,.T.);
#6018 = ORIENTED_EDGE('',*,*,#5952,.F.);
#6019 = ADVANCED_FACE('',(#6020),#587,.F.);
#6020 = FACE_BOUND('',#6021,.F.);
#6021 = EDGE_LOOP('',(#6022,#6023,#6024,#6025));
#6022 = ORIENTED_EDGE('',*,*,#571,.F.);
#6023 = ORIENTED_EDGE('',*,*,#5978,.T.);
#6024 = ORIENTED_EDGE('',*,*,#3479,.T.);
#6025 = ORIENTED_EDGE('',*,*,#6026,.F.);
#6026 = EDGE_CURVE('',#572,#3480,#6027,.T.);
#6027 = SURFACE_CURVE('',#6028,(#6031,#6037),.PCURVE_S1.);
#6028 = B_SPLINE_CURVE_WITH_KNOTS('',1,(#6029,#6030),.UNSPECIFIED.,.F.,
  .F.,(2,2),(0.,1.),.PIECEWISE_BEZIER_KNOTS.);
#6029 = CARTESIAN_POINT('',(5.655224400349,5.107135888313,
    -8.460799989015E-18));
#6030 = CARTESIAN_POINT('',(5.655224400349,5.107135888313,9.9));
#6031 = PCURVE('',#587,#6032);
#6032 = DEFINITIONAL_REPRESENTATION('',(#6033),#6036);
#6033 = B_SPLINE_CURVE_WITH_KNOTS('',1,(#6034,#6035),.UNSPECIFIED.,.F.,
  .F.,(2,2),(0.,1.),.PIECEWISE_BEZIER_KNOTS.);
#6034 = CARTESIAN_POINT('',(0.,1.));
#6035 = CARTESIAN_POINT('',(1.,1.));
#6036 = ( GEOMETRIC_REPRESENTATION_CONTEXT(2) 
PARAMETRIC_REPRESENTATION_CONTEXT() REPRESENTATION_CONTEXT('2D SPACE',''
  ) );
#6037 = PCURVE('',#616,#6038);
#6038 = DEFINITIONAL_REPRESENTATION('',(#6039),#6042);
#6039 = B_SPLINE_CURVE_WITH_KNOTS('',1,(#6040,#6041),.UNSPECIFIED.,.F.,
  .F.,(2,2),(0.,1.),.PIECEWISE_BEZIER_KNOTS.);
#6040 = CARTESIAN_POINT('',(0.,0.));
#6041 = CARTESIAN_POINT('',(1.,0.));
#6042 = ( GEOMETRIC_REPRESENTATION_CONTEXT(2) 
PARAMETRIC_REPRESENTATION_CONTEXT() REPRESENTATION_CONTEXT('2D SPACE',''
  ) );
#6043 = ADVANCED_FACE('',(#6044),#2600,.F.);
#6044 = FACE_BOUND('',#6045,.F.);
#6045 = EDGE_LOOP('',(#6046,#6047,#6065,#6066));
#6046 = ORIENTED_EDGE('',*,*,#2584,.F.);
#6047 = ORIENTED_EDGE('',*,*,#6048,.T.);
#6048 = EDGE_CURVE('',#2556,#4952,#6049,.T.);
#6049 = SURFACE_CURVE('',#6050,(#6053,#6059),.PCURVE_S1.);
#6050 = B_SPLINE_CURVE_WITH_KNOTS('',1,(#6051,#6052),.UNSPECIFIED.,.F.,
  .F.,(2,2),(0.,1.),.PIECEWISE_BEZIER_KNOTS.);
#6051 = CARTESIAN_POINT('',(1.595297219683,-7.451135938961,
    -8.460799989015E-18));
#6052 = CARTESIAN_POINT('',(1.595297219683,-7.451135938961,9.9));
#6053 = PCURVE('',#2600,#6054);
#6054 = DEFINITIONAL_REPRESENTATION('',(#6055),#6058);
#6055 = B_SPLINE_CURVE_WITH_KNOTS('',1,(#6056,#6057),.UNSPECIFIED.,.F.,
  .F.,(2,2),(0.,1.),.PIECEWISE_BEZIER_KNOTS.);
#6056 = CARTESIAN_POINT('',(0.,0.));
#6057 = CARTESIAN_POINT('',(1.,0.));
#6058 = ( GEOMETRIC_REPRESENTATION_CONTEXT(2) 
PARAMETRIC_REPRESENTATION_CONTEXT() REPRESENTATION_CONTEXT('2D SPACE',''
  ) );
#6059 = PCURVE('',#2571,#6060);
#6060 = DEFINITIONAL_REPRESENTATION('',(#6061),#6064);
#6061 = B_SPLINE_CURVE_WITH_KNOTS('',1,(#6062,#6063),.UNSPECIFIED.,.F.,
  .F.,(2,2),(0.,1.),.PIECEWISE_BEZIER_KNOTS.);
#6062 = CARTESIAN_POINT('',(0.,1.));
#6063 = CARTESIAN_POINT('',(1.,1.));
#6064 = ( GEOMETRIC_REPRESENTATION_CONTEXT(2) 
PARAMETRIC_REPRESENTATION_CONTEXT() REPRESENTATION_CONTEXT('2D SPACE',''
  ) );
#6065 = ORIENTED_EDGE('',*,*,#4973,.T.);
#6066 = ORIENTED_EDGE('',*,*,#6000,.F.);
#6067 = ADVANCED_FACE('',(#6068),#616,.F.);
#6068 = FACE_BOUND('',#6069,.F.);
#6069 = EDGE_LOOP('',(#6070,#6071,#6072,#6073));
#6070 = ORIENTED_EDGE('',*,*,#600,.F.);
#6071 = ORIENTED_EDGE('',*,*,#6026,.T.);
#6072 = ORIENTED_EDGE('',*,*,#3501,.T.);
#6073 = ORIENTED_EDGE('',*,*,#6074,.F.);
#6074 = EDGE_CURVE('',#601,#3502,#6075,.T.);
#6075 = SURFACE_CURVE('',#6076,(#6079,#6085),.PCURVE_S1.);
#6076 = B_SPLINE_CURVE_WITH_KNOTS('',1,(#6077,#6078),.UNSPECIFIED.,.F.,
  .F.,(2,2),(0.,1.),.PIECEWISE_BEZIER_KNOTS.);
#6077 = CARTESIAN_POINT('',(5.107135888313,5.655224400349,
    -8.460799989015E-18));
#6078 = CARTESIAN_POINT('',(5.107135888313,5.655224400349,9.9));
#6079 = PCURVE('',#616,#6080);
#6080 = DEFINITIONAL_REPRESENTATION('',(#6081),#6084);
#6081 = B_SPLINE_CURVE_WITH_KNOTS('',1,(#6082,#6083),.UNSPECIFIED.,.F.,
  .F.,(2,2),(0.,1.),.PIECEWISE_BEZIER_KNOTS.);
#6082 = CARTESIAN_POINT('',(0.,1.));
#6083 = CARTESIAN_POINT('',(1.,1.));
#6084 = ( GEOMETRIC_REPRESENTATION_CONTEXT(2) 
PARAMETRIC_REPRESENTATION_CONTEXT() REPRESENTATION_CONTEXT('2D SPACE',''
  ) );
#6085 = PCURVE('',#645,#6086);
#6086 = DEFINITIONAL_REPRESENTATION('',(#6087),#6090);
#6087 = B_SPLINE_CURVE_WITH_KNOTS('',1,(#6088,#6089),.UNSPECIFIED.,.F.,
  .F.,(2,2),(0.,1.),.PIECEWISE_BEZIER_KNOTS.);
#6088 = CARTESIAN_POINT('',(0.,0.));
#6089 = CARTESIAN_POINT('',(1.,0.));
#6090 = ( GEOMETRIC_REPRESENTATION_CONTEXT(2) 
PARAMETRIC_REPRESENTATION_CONTEXT() REPRESENTATION_CONTEXT('2D SPACE',''
  ) );
#6091 = ADVANCED_FACE('',(#6092),#2571,.F.);
#6092 = FACE_BOUND('',#6093,.F.);
#6093 = EDGE_LOOP('',(#6094,#6095,#6113,#6114));
#6094 = ORIENTED_EDGE('',*,*,#2555,.F.);
#6095 = ORIENTED_EDGE('',*,*,#6096,.T.);
#6096 = EDGE_CURVE('',#2523,#4928,#6097,.T.);
#6097 = SURFACE_CURVE('',#6098,(#6101,#6107),.PCURVE_S1.);
#6098 = B_SPLINE_CURVE_WITH_KNOTS('',1,(#6099,#6100),.UNSPECIFIED.,.F.,
  .F.,(2,2),(0.,1.),.PIECEWISE_BEZIER_KNOTS.);
#6099 = CARTESIAN_POINT('',(1.352772575482,-7.665205422469,0.));
#6100 = CARTESIAN_POINT('',(1.352772575482,-7.665205422469,9.9));
#6101 = PCURVE('',#2571,#6102);
#6102 = DEFINITIONAL_REPRESENTATION('',(#6103),#6106);
#6103 = B_SPLINE_CURVE_WITH_KNOTS('',1,(#6104,#6105),.UNSPECIFIED.,.F.,
  .F.,(2,2),(0.,1.),.PIECEWISE_BEZIER_KNOTS.);
#6104 = CARTESIAN_POINT('',(0.,0.));
#6105 = CARTESIAN_POINT('',(1.,0.));
#6106 = ( GEOMETRIC_REPRESENTATION_CONTEXT(2) 
PARAMETRIC_REPRESENTATION_CONTEXT() REPRESENTATION_CONTEXT('2D SPACE',''
  ) );
#6107 = PCURVE('',#2540,#6108);
#6108 = DEFINITIONAL_REPRESENTATION('',(#6109),#6112);
#6109 = B_SPLINE_CURVE_WITH_KNOTS('',1,(#6110,#6111),.UNSPECIFIED.,.F.,
  .F.,(2,2),(0.,1.),.PIECEWISE_BEZIER_KNOTS.);
#6110 = CARTESIAN_POINT('',(0.,1.));
#6111 = CARTESIAN_POINT('',(1.,1.));
#6112 = ( GEOMETRIC_REPRESENTATION_CONTEXT(2) 
PARAMETRIC_REPRESENTATION_CONTEXT() REPRESENTATION_CONTEXT('2D SPACE',''
  ) );
#6113 = ORIENTED_EDGE('',*,*,#4951,.T.);
#6114 = ORIENTED_EDGE('',*,*,#6048,.F.);
#6115 = ADVANCED_FACE('',(#6116),#645,.F.);
#6116 = FACE_BOUND('',#6117,.F.);
#6117 = EDGE_LOOP('',(#6118,#6119,#6120,#6121));
#6118 = ORIENTED_EDGE('',*,*,#629,.F.);
#6119 = ORIENTED_EDGE('',*,*,#6074,.T.);
#6120 = ORIENTED_EDGE('',*,*,#3523,.T.);
#6121 = ORIENTED_EDGE('',*,*,#6122,.F.);
#6122 = EDGE_CURVE('',#630,#3524,#6123,.T.);
#6123 = SURFACE_CURVE('',#6124,(#6127,#6133),.PCURVE_S1.);
#6124 = B_SPLINE_CURVE_WITH_KNOTS('',1,(#6125,#6126),.UNSPECIFIED.,.F.,
  .F.,(2,2),(0.,1.),.PIECEWISE_BEZIER_KNOTS.);
#6125 = CARTESIAN_POINT('',(5.004138127145,5.961876333343,0.));
#6126 = CARTESIAN_POINT('',(5.004138127145,5.961876333343,9.9));
#6127 = PCURVE('',#645,#6128);
#6128 = DEFINITIONAL_REPRESENTATION('',(#6129),#6132);
#6129 = B_SPLINE_CURVE_WITH_KNOTS('',1,(#6130,#6131),.UNSPECIFIED.,.F.,
  .F.,(2,2),(0.,1.),.PIECEWISE_BEZIER_KNOTS.);
#6130 = CARTESIAN_POINT('',(0.,1.));
#6131 = CARTESIAN_POINT('',(1.,1.));
#6132 = ( GEOMETRIC_REPRESENTATION_CONTEXT(2) 
PARAMETRIC_REPRESENTATION_CONTEXT() REPRESENTATION_CONTEXT('2D SPACE',''
  ) );
#6133 = PCURVE('',#676,#6134);
#6134 = DEFINITIONAL_REPRESENTATION('',(#6135),#6138);
#6135 = B_SPLINE_CURVE_WITH_KNOTS('',1,(#6136,#6137),.UNSPECIFIED.,.F.,
  .F.,(2,2),(0.,1.),.PIECEWISE_BEZIER_KNOTS.);
#6136 = CARTESIAN_POINT('',(0.,0.));
#6137 = CARTESIAN_POINT('',(1.,0.));
#6138 = ( GEOMETRIC_REPRESENTATION_CONTEXT(2) 
PARAMETRIC_REPRESENTATION_CONTEXT() REPRESENTATION_CONTEXT('2D SPACE',''
  ) );
#6139 = ADVANCED_FACE('',(#6140),#2540,.F.);
#6140 = FACE_BOUND('',#6141,.F.);
#6141 = EDGE_LOOP('',(#6142,#6143,#6161,#6162));
#6142 = ORIENTED_EDGE('',*,*,#2522,.F.);
#6143 = ORIENTED_EDGE('',*,*,#6144,.T.);
#6144 = EDGE_CURVE('',#2490,#4904,#6145,.T.);
#6145 = SURFACE_CURVE('',#6146,(#6149,#6155),.PCURVE_S1.);
#6146 = B_SPLINE_CURVE_WITH_KNOTS('',1,(#6147,#6148),.UNSPECIFIED.,.F.,
  .F.,(2,2),(0.,1.),.PIECEWISE_BEZIER_KNOTS.);
#6147 = CARTESIAN_POINT('',(1.372098021859,-8.356422157044,0.));
#6148 = CARTESIAN_POINT('',(1.372098021859,-8.356422157044,9.9));
#6149 = PCURVE('',#2540,#6150);
#6150 = DEFINITIONAL_REPRESENTATION('',(#6151),#6154);
#6151 = B_SPLINE_CURVE_WITH_KNOTS('',1,(#6152,#6153),.UNSPECIFIED.,.F.,
  .F.,(2,2),(0.,1.),.PIECEWISE_BEZIER_KNOTS.);
#6152 = CARTESIAN_POINT('',(0.,0.));
#6153 = CARTESIAN_POINT('',(1.,0.));
#6154 = ( GEOMETRIC_REPRESENTATION_CONTEXT(2) 
PARAMETRIC_REPRESENTATION_CONTEXT() REPRESENTATION_CONTEXT('2D SPACE',''
  ) );
#6155 = PCURVE('',#2507,#6156);
#6156 = DEFINITIONAL_REPRESENTATION('',(#6157),#6160);
#6157 = B_SPLINE_CURVE_WITH_KNOTS('',1,(#6158,#6159),.UNSPECIFIED.,.F.,
  .F.,(2,2),(0.,1.),.PIECEWISE_BEZIER_KNOTS.);
#6158 = CARTESIAN_POINT('',(0.,1.));
#6159 = CARTESIAN_POINT('',(1.,1.));
#6160 = ( GEOMETRIC_REPRESENTATION_CONTEXT(2) 
PARAMETRIC_REPRESENTATION_CONTEXT() REPRESENTATION_CONTEXT('2D SPACE',''
  ) );
#6161 = ORIENTED_EDGE('',*,*,#4927,.T.);
#6162 = ORIENTED_EDGE('',*,*,#6096,.F.);
#6163 = ADVANCED_FACE('',(#6164),#676,.F.);
#6164 = FACE_BOUND('',#6165,.F.);
#6165 = EDGE_LOOP('',(#6166,#6167,#6168,#6169));
#6166 = ORIENTED_EDGE('',*,*,#658,.F.);
#6167 = ORIENTED_EDGE('',*,*,#6122,.T.);
#6168 = ORIENTED_EDGE('',*,*,#3545,.T.);
#6169 = ORIENTED_EDGE('',*,*,#6170,.F.);
#6170 = EDGE_CURVE('',#659,#3546,#6171,.T.);
#6171 = SURFACE_CURVE('',#6172,(#6175,#6181),.PCURVE_S1.);
#6172 = B_SPLINE_CURVE_WITH_KNOTS('',1,(#6173,#6174),.UNSPECIFIED.,.F.,
  .F.,(2,2),(0.,1.),.PIECEWISE_BEZIER_KNOTS.);
#6173 = CARTESIAN_POINT('',(5.366482821935,6.550824861818,0.));
#6174 = CARTESIAN_POINT('',(5.366482821935,6.550824861818,9.9));
#6175 = PCURVE('',#676,#6176);
#6176 = DEFINITIONAL_REPRESENTATION('',(#6177),#6180);
#6177 = B_SPLINE_CURVE_WITH_KNOTS('',1,(#6178,#6179),.UNSPECIFIED.,.F.,
  .F.,(2,2),(0.,1.),.PIECEWISE_BEZIER_KNOTS.);
#6178 = CARTESIAN_POINT('',(0.,1.));
#6179 = CARTESIAN_POINT('',(1.,1.));
#6180 = ( GEOMETRIC_REPRESENTATION_CONTEXT(2) 
PARAMETRIC_REPRESENTATION_CONTEXT() REPRESENTATION_CONTEXT('2D SPACE',''
  ) );
#6181 = PCURVE('',#709,#6182);
#6182 = DEFINITIONAL_REPRESENTATION('',(#6183),#6186);
#6183 = B_SPLINE_CURVE_WITH_KNOTS('',1,(#6184,#6185),.UNSPECIFIED.,.F.,
  .F.,(2,2),(0.,1.),.PIECEWISE_BEZIER_KNOTS.);
#6184 = CARTESIAN_POINT('',(0.,0.));
#6185 = CARTESIAN_POINT('',(1.,0.));
#6186 = ( GEOMETRIC_REPRESENTATION_CONTEXT(2) 
PARAMETRIC_REPRESENTATION_CONTEXT() REPRESENTATION_CONTEXT('2D SPACE',''
  ) );
#6187 = ADVANCED_FACE('',(#6188),#2507,.F.);
#6188 = FACE_BOUND('',#6189,.F.);
#6189 = EDGE_LOOP('',(#6190,#6191,#6209,#6210));
#6190 = ORIENTED_EDGE('',*,*,#2489,.F.);
#6191 = ORIENTED_EDGE('',*,*,#6192,.T.);
#6192 = EDGE_CURVE('',#2461,#4882,#6193,.T.);
#6193 = SURFACE_CURVE('',#6194,(#6197,#6203),.PCURVE_S1.);
#6194 = B_SPLINE_CURVE_WITH_KNOTS('',1,(#6195,#6196),.UNSPECIFIED.,.F.,
  .F.,(2,2),(0.,1.),.PIECEWISE_BEZIER_KNOTS.);
#6195 = CARTESIAN_POINT('',(0.337161079433,-10.9147937409,0.));
#6196 = CARTESIAN_POINT('',(0.337161079433,-10.9147937409,9.9));
#6197 = PCURVE('',#2507,#6198);
#6198 = DEFINITIONAL_REPRESENTATION('',(#6199),#6202);
#6199 = B_SPLINE_CURVE_WITH_KNOTS('',1,(#6200,#6201),.UNSPECIFIED.,.F.,
  .F.,(2,2),(0.,1.),.PIECEWISE_BEZIER_KNOTS.);
#6200 = CARTESIAN_POINT('',(0.,0.));
#6201 = CARTESIAN_POINT('',(1.,0.));
#6202 = ( GEOMETRIC_REPRESENTATION_CONTEXT(2) 
PARAMETRIC_REPRESENTATION_CONTEXT() REPRESENTATION_CONTEXT('2D SPACE',''
  ) );
#6203 = PCURVE('',#2476,#6204);
#6204 = DEFINITIONAL_REPRESENTATION('',(#6205),#6208);
#6205 = B_SPLINE_CURVE_WITH_KNOTS('',1,(#6206,#6207),.UNSPECIFIED.,.F.,
  .F.,(2,2),(0.,1.),.PIECEWISE_BEZIER_KNOTS.);
#6206 = CARTESIAN_POINT('',(0.,1.));
#6207 = CARTESIAN_POINT('',(1.,1.));
#6208 = ( GEOMETRIC_REPRESENTATION_CONTEXT(2) 
PARAMETRIC_REPRESENTATION_CONTEXT() REPRESENTATION_CONTEXT('2D SPACE',''
  ) );
#6209 = ORIENTED_EDGE('',*,*,#4903,.T.);
#6210 = ORIENTED_EDGE('',*,*,#6144,.F.);
#6211 = ADVANCED_FACE('',(#6212),#709,.F.);
#6212 = FACE_BOUND('',#6213,.F.);
#6213 = EDGE_LOOP('',(#6214,#6215,#6216,#6217));
#6214 = ORIENTED_EDGE('',*,*,#691,.F.);
#6215 = ORIENTED_EDGE('',*,*,#6170,.T.);
#6216 = ORIENTED_EDGE('',*,*,#3569,.T.);
#6217 = ORIENTED_EDGE('',*,*,#6218,.F.);
#6218 = EDGE_CURVE('',#692,#3570,#6219,.T.);
#6219 = SURFACE_CURVE('',#6220,(#6223,#6229),.PCURVE_S1.);
#6220 = B_SPLINE_CURVE_WITH_KNOTS('',1,(#6221,#6222),.UNSPECIFIED.,.F.,
  .F.,(2,2),(0.,1.),.PIECEWISE_BEZIER_KNOTS.);
#6221 = CARTESIAN_POINT('',(5.74938693041,9.283908116975,0.));
#6222 = CARTESIAN_POINT('',(5.74938693041,9.283908116975,9.9));
#6223 = PCURVE('',#709,#6224);
#6224 = DEFINITIONAL_REPRESENTATION('',(#6225),#6228);
#6225 = B_SPLINE_CURVE_WITH_KNOTS('',1,(#6226,#6227),.UNSPECIFIED.,.F.,
  .F.,(2,2),(0.,1.),.PIECEWISE_BEZIER_KNOTS.);
#6226 = CARTESIAN_POINT('',(0.,1.));
#6227 = CARTESIAN_POINT('',(1.,1.));
#6228 = ( GEOMETRIC_REPRESENTATION_CONTEXT(2) 
PARAMETRIC_REPRESENTATION_CONTEXT() REPRESENTATION_CONTEXT('2D SPACE',''
  ) );
#6229 = PCURVE('',#740,#6230);
#6230 = DEFINITIONAL_REPRESENTATION('',(#6231),#6234);
#6231 = B_SPLINE_CURVE_WITH_KNOTS('',1,(#6232,#6233),.UNSPECIFIED.,.F.,
  .F.,(2,2),(0.,1.),.PIECEWISE_BEZIER_KNOTS.);
#6232 = CARTESIAN_POINT('',(0.,0.));
#6233 = CARTESIAN_POINT('',(1.,0.));
#6234 = ( GEOMETRIC_REPRESENTATION_CONTEXT(2) 
PARAMETRIC_REPRESENTATION_CONTEXT() REPRESENTATION_CONTEXT('2D SPACE',''
  ) );
#6235 = ADVANCED_FACE('',(#6236),#2476,.F.);
#6236 = FACE_BOUND('',#6237,.F.);
#6237 = EDGE_LOOP('',(#6238,#6239,#6257,#6258));
#6238 = ORIENTED_EDGE('',*,*,#2460,.F.);
#6239 = ORIENTED_EDGE('',*,*,#6240,.T.);
#6240 = EDGE_CURVE('',#2428,#4858,#6241,.T.);
#6241 = SURFACE_CURVE('',#6242,(#6245,#6251),.PCURVE_S1.);
#6242 = B_SPLINE_CURVE_WITH_KNOTS('',1,(#6243,#6244),.UNSPECIFIED.,.F.,
  .F.,(2,2),(0.,1.),.PIECEWISE_BEZIER_KNOTS.);
#6243 = CARTESIAN_POINT('',(-0.337161079433,-10.9147937409,0.));
#6244 = CARTESIAN_POINT('',(-0.337161079433,-10.9147937409,9.9));
#6245 = PCURVE('',#2476,#6246);
#6246 = DEFINITIONAL_REPRESENTATION('',(#6247),#6250);
#6247 = B_SPLINE_CURVE_WITH_KNOTS('',1,(#6248,#6249),.UNSPECIFIED.,.F.,
  .F.,(2,2),(0.,1.),.PIECEWISE_BEZIER_KNOTS.);
#6248 = CARTESIAN_POINT('',(0.,0.));
#6249 = CARTESIAN_POINT('',(1.,0.));
#6250 = ( GEOMETRIC_REPRESENTATION_CONTEXT(2) 
PARAMETRIC_REPRESENTATION_CONTEXT() REPRESENTATION_CONTEXT('2D SPACE',''
  ) );
#6251 = PCURVE('',#2445,#6252);
#6252 = DEFINITIONAL_REPRESENTATION('',(#6253),#6256);
#6253 = B_SPLINE_CURVE_WITH_KNOTS('',1,(#6254,#6255),.UNSPECIFIED.,.F.,
  .F.,(2,2),(0.,1.),.PIECEWISE_BEZIER_KNOTS.);
#6254 = CARTESIAN_POINT('',(0.,1.));
#6255 = CARTESIAN_POINT('',(1.,1.));
#6256 = ( GEOMETRIC_REPRESENTATION_CONTEXT(2) 
PARAMETRIC_REPRESENTATION_CONTEXT() REPRESENTATION_CONTEXT('2D SPACE',''
  ) );
#6257 = ORIENTED_EDGE('',*,*,#4881,.T.);
#6258 = ORIENTED_EDGE('',*,*,#6192,.F.);
#6259 = ADVANCED_FACE('',(#6260),#740,.F.);
#6260 = FACE_BOUND('',#6261,.F.);
#6261 = EDGE_LOOP('',(#6262,#6263,#6264,#6265));
#6262 = ORIENTED_EDGE('',*,*,#724,.F.);
#6263 = ORIENTED_EDGE('',*,*,#6218,.T.);
#6264 = ORIENTED_EDGE('',*,*,#3593,.T.);
#6265 = ORIENTED_EDGE('',*,*,#6266,.F.);
#6266 = EDGE_CURVE('',#725,#3594,#6267,.T.);
#6267 = SURFACE_CURVE('',#6268,(#6271,#6277),.PCURVE_S1.);
#6268 = B_SPLINE_CURVE_WITH_KNOTS('',1,(#6269,#6270),.UNSPECIFIED.,.F.,
  .F.,(2,2),(0.,1.),.PIECEWISE_BEZIER_KNOTS.);
#6269 = CARTESIAN_POINT('',(5.165406810496,9.621069196408,0.));
#6270 = CARTESIAN_POINT('',(5.165406810496,9.621069196408,9.9));
#6271 = PCURVE('',#740,#6272);
#6272 = DEFINITIONAL_REPRESENTATION('',(#6273),#6276);
#6273 = B_SPLINE_CURVE_WITH_KNOTS('',1,(#6274,#6275),.UNSPECIFIED.,.F.,
  .F.,(2,2),(0.,1.),.PIECEWISE_BEZIER_KNOTS.);
#6274 = CARTESIAN_POINT('',(0.,1.));
#6275 = CARTESIAN_POINT('',(1.,1.));
#6276 = ( GEOMETRIC_REPRESENTATION_CONTEXT(2) 
PARAMETRIC_REPRESENTATION_CONTEXT() REPRESENTATION_CONTEXT('2D SPACE',''
  ) );
#6277 = PCURVE('',#771,#6278);
#6278 = DEFINITIONAL_REPRESENTATION('',(#6279),#6282);
#6279 = B_SPLINE_CURVE_WITH_KNOTS('',1,(#6280,#6281),.UNSPECIFIED.,.F.,
  .F.,(2,2),(0.,1.),.PIECEWISE_BEZIER_KNOTS.);
#6280 = CARTESIAN_POINT('',(0.,0.));
#6281 = CARTESIAN_POINT('',(1.,0.));
#6282 = ( GEOMETRIC_REPRESENTATION_CONTEXT(2) 
PARAMETRIC_REPRESENTATION_CONTEXT() REPRESENTATION_CONTEXT('2D SPACE',''
  ) );
#6283 = ADVANCED_FACE('',(#6284),#2445,.F.);
#6284 = FACE_BOUND('',#6285,.F.);
#6285 = EDGE_LOOP('',(#6286,#6287,#6305,#6306));
#6286 = ORIENTED_EDGE('',*,*,#2427,.F.);
#6287 = ORIENTED_EDGE('',*,*,#6288,.T.);
#6288 = EDGE_CURVE('',#2395,#4834,#6289,.T.);
#6289 = SURFACE_CURVE('',#6290,(#6293,#6299),.PCURVE_S1.);
#6290 = B_SPLINE_CURVE_WITH_KNOTS('',1,(#6291,#6292),.UNSPECIFIED.,.F.,
  .F.,(2,2),(0.,1.),.PIECEWISE_BEZIER_KNOTS.);
#6291 = CARTESIAN_POINT('',(-1.372098021859,-8.356422157044,0.));
#6292 = CARTESIAN_POINT('',(-1.372098021859,-8.356422157044,9.9));
#6293 = PCURVE('',#2445,#6294);
#6294 = DEFINITIONAL_REPRESENTATION('',(#6295),#6298);
#6295 = B_SPLINE_CURVE_WITH_KNOTS('',1,(#6296,#6297),.UNSPECIFIED.,.F.,
  .F.,(2,2),(0.,1.),.PIECEWISE_BEZIER_KNOTS.);
#6296 = CARTESIAN_POINT('',(0.,0.));
#6297 = CARTESIAN_POINT('',(1.,0.));
#6298 = ( GEOMETRIC_REPRESENTATION_CONTEXT(2) 
PARAMETRIC_REPRESENTATION_CONTEXT() REPRESENTATION_CONTEXT('2D SPACE',''
  ) );
#6299 = PCURVE('',#2412,#6300);
#6300 = DEFINITIONAL_REPRESENTATION('',(#6301),#6304);
#6301 = B_SPLINE_CURVE_WITH_KNOTS('',1,(#6302,#6303),.UNSPECIFIED.,.F.,
  .F.,(2,2),(0.,1.),.PIECEWISE_BEZIER_KNOTS.);
#6302 = CARTESIAN_POINT('',(0.,1.));
#6303 = CARTESIAN_POINT('',(1.,1.));
#6304 = ( GEOMETRIC_REPRESENTATION_CONTEXT(2) 
PARAMETRIC_REPRESENTATION_CONTEXT() REPRESENTATION_CONTEXT('2D SPACE',''
  ) );
#6305 = ORIENTED_EDGE('',*,*,#4857,.T.);
#6306 = ORIENTED_EDGE('',*,*,#6240,.F.);
#6307 = ADVANCED_FACE('',(#6308),#771,.F.);
#6308 = FACE_BOUND('',#6309,.F.);
#6309 = EDGE_LOOP('',(#6310,#6311,#6312,#6313));
#6310 = ORIENTED_EDGE('',*,*,#753,.F.);
#6311 = ORIENTED_EDGE('',*,*,#6266,.T.);
#6312 = ORIENTED_EDGE('',*,*,#3615,.T.);
#6313 = ORIENTED_EDGE('',*,*,#6314,.F.);
#6314 = EDGE_CURVE('',#754,#3616,#6315,.T.);
#6315 = SURFACE_CURVE('',#6316,(#6319,#6325),.PCURVE_S1.);
#6316 = B_SPLINE_CURVE_WITH_KNOTS('',1,(#6317,#6318),.UNSPECIFIED.,.F.,
  .F.,(2,2),(0.,1.),.PIECEWISE_BEZIER_KNOTS.);
#6317 = CARTESIAN_POINT('',(2.98993933511,7.922922883677,0.));
#6318 = CARTESIAN_POINT('',(2.98993933511,7.922922883677,9.9));
#6319 = PCURVE('',#771,#6320);
#6320 = DEFINITIONAL_REPRESENTATION('',(#6321),#6324);
#6321 = B_SPLINE_CURVE_WITH_KNOTS('',1,(#6322,#6323),.UNSPECIFIED.,.F.,
  .F.,(2,2),(0.,1.),.PIECEWISE_BEZIER_KNOTS.);
#6322 = CARTESIAN_POINT('',(0.,1.));
#6323 = CARTESIAN_POINT('',(1.,1.));
#6324 = ( GEOMETRIC_REPRESENTATION_CONTEXT(2) 
PARAMETRIC_REPRESENTATION_CONTEXT() REPRESENTATION_CONTEXT('2D SPACE',''
  ) );
#6325 = PCURVE('',#804,#6326);
#6326 = DEFINITIONAL_REPRESENTATION('',(#6327),#6330);
#6327 = B_SPLINE_CURVE_WITH_KNOTS('',1,(#6328,#6329),.UNSPECIFIED.,.F.,
  .F.,(2,2),(0.,1.),.PIECEWISE_BEZIER_KNOTS.);
#6328 = CARTESIAN_POINT('',(0.,0.));
#6329 = CARTESIAN_POINT('',(1.,0.));
#6330 = ( GEOMETRIC_REPRESENTATION_CONTEXT(2) 
PARAMETRIC_REPRESENTATION_CONTEXT() REPRESENTATION_CONTEXT('2D SPACE',''
  ) );
#6331 = ADVANCED_FACE('',(#6332),#2412,.F.);
#6332 = FACE_BOUND('',#6333,.F.);
#6333 = EDGE_LOOP('',(#6334,#6335,#6353,#6354));
#6334 = ORIENTED_EDGE('',*,*,#2394,.F.);
#6335 = ORIENTED_EDGE('',*,*,#6336,.T.);
#6336 = EDGE_CURVE('',#2366,#4812,#6337,.T.);
#6337 = SURFACE_CURVE('',#6338,(#6341,#6347),.PCURVE_S1.);
#6338 = B_SPLINE_CURVE_WITH_KNOTS('',1,(#6339,#6340),.UNSPECIFIED.,.F.,
  .F.,(2,2),(0.,1.),.PIECEWISE_BEZIER_KNOTS.);
#6339 = CARTESIAN_POINT('',(-1.352772575482,-7.665205422469,0.));
#6340 = CARTESIAN_POINT('',(-1.352772575482,-7.665205422469,9.9));
#6341 = PCURVE('',#2412,#6342);
#6342 = DEFINITIONAL_REPRESENTATION('',(#6343),#6346);
#6343 = B_SPLINE_CURVE_WITH_KNOTS('',1,(#6344,#6345),.UNSPECIFIED.,.F.,
  .F.,(2,2),(0.,1.),.PIECEWISE_BEZIER_KNOTS.);
#6344 = CARTESIAN_POINT('',(0.,0.));
#6345 = CARTESIAN_POINT('',(1.,0.));
#6346 = ( GEOMETRIC_REPRESENTATION_CONTEXT(2) 
PARAMETRIC_REPRESENTATION_CONTEXT() REPRESENTATION_CONTEXT('2D SPACE',''
  ) );
#6347 = PCURVE('',#2381,#6348);
#6348 = DEFINITIONAL_REPRESENTATION('',(#6349),#6352);
#6349 = B_SPLINE_CURVE_WITH_KNOTS('',1,(#6350,#6351),.UNSPECIFIED.,.F.,
  .F.,(2,2),(0.,1.),.PIECEWISE_BEZIER_KNOTS.);
#6350 = CARTESIAN_POINT('',(0.,1.));
#6351 = CARTESIAN_POINT('',(1.,1.));
#6352 = ( GEOMETRIC_REPRESENTATION_CONTEXT(2) 
PARAMETRIC_REPRESENTATION_CONTEXT() REPRESENTATION_CONTEXT('2D SPACE',''
  ) );
#6353 = ORIENTED_EDGE('',*,*,#4833,.T.);
#6354 = ORIENTED_EDGE('',*,*,#6288,.F.);
#6355 = ADVANCED_FACE('',(#6356),#804,.F.);
#6356 = FACE_BOUND('',#6357,.F.);
#6357 = EDGE_LOOP('',(#6358,#6359,#6360,#6361));
#6358 = ORIENTED_EDGE('',*,*,#786,.F.);
#6359 = ORIENTED_EDGE('',*,*,#6314,.T.);
#6360 = ORIENTED_EDGE('',*,*,#3639,.T.);
#6361 = ORIENTED_EDGE('',*,*,#6362,.F.);
#6362 = EDGE_CURVE('',#787,#3640,#6363,.T.);
#6363 = SURFACE_CURVE('',#6364,(#6367,#6373),.PCURVE_S1.);
#6364 = B_SPLINE_CURVE_WITH_KNOTS('',1,(#6365,#6366),.UNSPECIFIED.,.F.,
  .F.,(2,2),(0.,1.),.PIECEWISE_BEZIER_KNOTS.);
#6365 = CARTESIAN_POINT('',(2.661067295324,7.314648908825,0.));
#6366 = CARTESIAN_POINT('',(2.661067295324,7.314648908825,9.9));
#6367 = PCURVE('',#804,#6368);
#6368 = DEFINITIONAL_REPRESENTATION('',(#6369),#6372);
#6369 = B_SPLINE_CURVE_WITH_KNOTS('',1,(#6370,#6371),.UNSPECIFIED.,.F.,
  .F.,(2,2),(0.,1.),.PIECEWISE_BEZIER_KNOTS.);
#6370 = CARTESIAN_POINT('',(0.,1.));
#6371 = CARTESIAN_POINT('',(1.,1.));
#6372 = ( GEOMETRIC_REPRESENTATION_CONTEXT(2) 
PARAMETRIC_REPRESENTATION_CONTEXT() REPRESENTATION_CONTEXT('2D SPACE',''
  ) );
#6373 = PCURVE('',#835,#6374);
#6374 = DEFINITIONAL_REPRESENTATION('',(#6375),#6378);
#6375 = B_SPLINE_CURVE_WITH_KNOTS('',1,(#6376,#6377),.UNSPECIFIED.,.F.,
  .F.,(2,2),(0.,1.),.PIECEWISE_BEZIER_KNOTS.);
#6376 = CARTESIAN_POINT('',(0.,0.));
#6377 = CARTESIAN_POINT('',(1.,0.));
#6378 = ( GEOMETRIC_REPRESENTATION_CONTEXT(2) 
PARAMETRIC_REPRESENTATION_CONTEXT() REPRESENTATION_CONTEXT('2D SPACE',''
  ) );
#6379 = ADVANCED_FACE('',(#6380),#2381,.F.);
#6380 = FACE_BOUND('',#6381,.F.);
#6381 = EDGE_LOOP('',(#6382,#6383,#6401,#6402));
#6382 = ORIENTED_EDGE('',*,*,#2365,.F.);
#6383 = ORIENTED_EDGE('',*,*,#6384,.T.);
#6384 = EDGE_CURVE('',#2337,#4790,#6385,.T.);
#6385 = SURFACE_CURVE('',#6386,(#6389,#6395),.PCURVE_S1.);
#6386 = B_SPLINE_CURVE_WITH_KNOTS('',1,(#6387,#6388),.UNSPECIFIED.,.F.,
  .F.,(2,2),(0.,1.),.PIECEWISE_BEZIER_KNOTS.);
#6387 = CARTESIAN_POINT('',(-1.595297219683,-7.451135938961,
    -8.460799989015E-18));
#6388 = CARTESIAN_POINT('',(-1.595297219683,-7.451135938961,9.9));
#6389 = PCURVE('',#2381,#6390);
#6390 = DEFINITIONAL_REPRESENTATION('',(#6391),#6394);
#6391 = B_SPLINE_CURVE_WITH_KNOTS('',1,(#6392,#6393),.UNSPECIFIED.,.F.,
  .F.,(2,2),(0.,1.),.PIECEWISE_BEZIER_KNOTS.);
#6392 = CARTESIAN_POINT('',(0.,0.));
#6393 = CARTESIAN_POINT('',(1.,0.));
#6394 = ( GEOMETRIC_REPRESENTATION_CONTEXT(2) 
PARAMETRIC_REPRESENTATION_CONTEXT() REPRESENTATION_CONTEXT('2D SPACE',''
  ) );
#6395 = PCURVE('',#2352,#6396);
#6396 = DEFINITIONAL_REPRESENTATION('',(#6397),#6400);
#6397 = B_SPLINE_CURVE_WITH_KNOTS('',1,(#6398,#6399),.UNSPECIFIED.,.F.,
  .F.,(2,2),(0.,1.),.PIECEWISE_BEZIER_KNOTS.);
#6398 = CARTESIAN_POINT('',(0.,1.));
#6399 = CARTESIAN_POINT('',(1.,1.));
#6400 = ( GEOMETRIC_REPRESENTATION_CONTEXT(2) 
PARAMETRIC_REPRESENTATION_CONTEXT() REPRESENTATION_CONTEXT('2D SPACE',''
  ) );
#6401 = ORIENTED_EDGE('',*,*,#4811,.T.);
#6402 = ORIENTED_EDGE('',*,*,#6336,.F.);
#6403 = ADVANCED_FACE('',(#6404),#835,.F.);
#6404 = FACE_BOUND('',#6405,.F.);
#6405 = EDGE_LOOP('',(#6406,#6407,#6408,#6409));
#6406 = ORIENTED_EDGE('',*,*,#819,.F.);
#6407 = ORIENTED_EDGE('',*,*,#6362,.T.);
#6408 = ORIENTED_EDGE('',*,*,#3663,.T.);
#6409 = ORIENTED_EDGE('',*,*,#6410,.F.);
#6410 = EDGE_CURVE('',#820,#3664,#6411,.T.);
#6411 = SURFACE_CURVE('',#6412,(#6415,#6421),.PCURVE_S1.);
#6412 = B_SPLINE_CURVE_WITH_KNOTS('',1,(#6413,#6414),.UNSPECIFIED.,.F.,
  .F.,(2,2),(0.,1.),.PIECEWISE_BEZIER_KNOTS.);
#6413 = CARTESIAN_POINT('',(2.344000050648,7.250521620033,
    -8.460799989015E-18));
#6414 = CARTESIAN_POINT('',(2.344000050648,7.250521620033,9.9));
#6415 = PCURVE('',#835,#6416);
#6416 = DEFINITIONAL_REPRESENTATION('',(#6417),#6420);
#6417 = B_SPLINE_CURVE_WITH_KNOTS('',1,(#6418,#6419),.UNSPECIFIED.,.F.,
  .F.,(2,2),(0.,1.),.PIECEWISE_BEZIER_KNOTS.);
#6418 = CARTESIAN_POINT('',(0.,1.));
#6419 = CARTESIAN_POINT('',(1.,1.));
#6420 = ( GEOMETRIC_REPRESENTATION_CONTEXT(2) 
PARAMETRIC_REPRESENTATION_CONTEXT() REPRESENTATION_CONTEXT('2D SPACE',''
  ) );
#6421 = PCURVE('',#864,#6422);
#6422 = DEFINITIONAL_REPRESENTATION('',(#6423),#6426);
#6423 = B_SPLINE_CURVE_WITH_KNOTS('',1,(#6424,#6425),.UNSPECIFIED.,.F.,
  .F.,(2,2),(0.,1.),.PIECEWISE_BEZIER_KNOTS.);
#6424 = CARTESIAN_POINT('',(0.,0.));
#6425 = CARTESIAN_POINT('',(1.,0.));
#6426 = ( GEOMETRIC_REPRESENTATION_CONTEXT(2) 
PARAMETRIC_REPRESENTATION_CONTEXT() REPRESENTATION_CONTEXT('2D SPACE',''
  ) );
#6427 = ADVANCED_FACE('',(#6428),#2352,.F.);
#6428 = FACE_BOUND('',#6429,.F.);
#6429 = EDGE_LOOP('',(#6430,#6431,#6449,#6450));
#6430 = ORIENTED_EDGE('',*,*,#2336,.F.);
#6431 = ORIENTED_EDGE('',*,*,#6432,.T.);
#6432 = EDGE_CURVE('',#2308,#4768,#6433,.T.);
#6433 = SURFACE_CURVE('',#6434,(#6437,#6443),.PCURVE_S1.);
#6434 = B_SPLINE_CURVE_WITH_KNOTS('',1,(#6435,#6436),.UNSPECIFIED.,.F.,
  .F.,(2,2),(0.,1.),.PIECEWISE_BEZIER_KNOTS.);
#6435 = CARTESIAN_POINT('',(-2.344000050648,-7.250521620033,
    -8.460799989015E-18));
#6436 = CARTESIAN_POINT('',(-2.344000050648,-7.250521620033,9.9));
#6437 = PCURVE('',#2352,#6438);
#6438 = DEFINITIONAL_REPRESENTATION('',(#6439),#6442);
#6439 = B_SPLINE_CURVE_WITH_KNOTS('',1,(#6440,#6441),.UNSPECIFIED.,.F.,
  .F.,(2,2),(0.,1.),.PIECEWISE_BEZIER_KNOTS.);
#6440 = CARTESIAN_POINT('',(0.,0.));
#6441 = CARTESIAN_POINT('',(1.,0.));
#6442 = ( GEOMETRIC_REPRESENTATION_CONTEXT(2) 
PARAMETRIC_REPRESENTATION_CONTEXT() REPRESENTATION_CONTEXT('2D SPACE',''
  ) );
#6443 = PCURVE('',#2323,#6444);
#6444 = DEFINITIONAL_REPRESENTATION('',(#6445),#6448);
#6445 = B_SPLINE_CURVE_WITH_KNOTS('',1,(#6446,#6447),.UNSPECIFIED.,.F.,
  .F.,(2,2),(0.,1.),.PIECEWISE_BEZIER_KNOTS.);
#6446 = CARTESIAN_POINT('',(0.,1.));
#6447 = CARTESIAN_POINT('',(1.,1.));
#6448 = ( GEOMETRIC_REPRESENTATION_CONTEXT(2) 
PARAMETRIC_REPRESENTATION_CONTEXT() REPRESENTATION_CONTEXT('2D SPACE',''
  ) );
#6449 = ORIENTED_EDGE('',*,*,#4789,.T.);
#6450 = ORIENTED_EDGE('',*,*,#6384,.F.);
#6451 = ADVANCED_FACE('',(#6452),#864,.F.);
#6452 = FACE_BOUND('',#6453,.F.);
#6453 = EDGE_LOOP('',(#6454,#6455,#6456,#6457));
#6454 = ORIENTED_EDGE('',*,*,#848,.F.);
#6455 = ORIENTED_EDGE('',*,*,#6410,.T.);
#6456 = ORIENTED_EDGE('',*,*,#3685,.T.);
#6457 = ORIENTED_EDGE('',*,*,#6458,.F.);
#6458 = EDGE_CURVE('',#849,#3686,#6459,.T.);
#6459 = SURFACE_CURVE('',#6460,(#6463,#6469),.PCURVE_S1.);
#6460 = B_SPLINE_CURVE_WITH_KNOTS('',1,(#6461,#6462),.UNSPECIFIED.,.F.,
  .F.,(2,2),(0.,1.),.PIECEWISE_BEZIER_KNOTS.);
#6461 = CARTESIAN_POINT('',(1.595297219683,7.451135938961,
    -8.460799989015E-18));
#6462 = CARTESIAN_POINT('',(1.595297219683,7.451135938961,9.9));
#6463 = PCURVE('',#864,#6464);
#6464 = DEFINITIONAL_REPRESENTATION('',(#6465),#6468);
#6465 = B_SPLINE_CURVE_WITH_KNOTS('',1,(#6466,#6467),.UNSPECIFIED.,.F.,
  .F.,(2,2),(0.,1.),.PIECEWISE_BEZIER_KNOTS.);
#6466 = CARTESIAN_POINT('',(0.,1.));
#6467 = CARTESIAN_POINT('',(1.,1.));
#6468 = ( GEOMETRIC_REPRESENTATION_CONTEXT(2) 
PARAMETRIC_REPRESENTATION_CONTEXT() REPRESENTATION_CONTEXT('2D SPACE',''
  ) );
#6469 = PCURVE('',#893,#6470);
#6470 = DEFINITIONAL_REPRESENTATION('',(#6471),#6474);
#6471 = B_SPLINE_CURVE_WITH_KNOTS('',1,(#6472,#6473),.UNSPECIFIED.,.F.,
  .F.,(2,2),(0.,1.),.PIECEWISE_BEZIER_KNOTS.);
#6472 = CARTESIAN_POINT('',(0.,0.));
#6473 = CARTESIAN_POINT('',(1.,0.));
#6474 = ( GEOMETRIC_REPRESENTATION_CONTEXT(2) 
PARAMETRIC_REPRESENTATION_CONTEXT() REPRESENTATION_CONTEXT('2D SPACE',''
  ) );
#6475 = ADVANCED_FACE('',(#6476),#2323,.F.);
#6476 = FACE_BOUND('',#6477,.F.);
#6477 = EDGE_LOOP('',(#6478,#6479,#6497,#6498));
#6478 = ORIENTED_EDGE('',*,*,#2307,.F.);
#6479 = ORIENTED_EDGE('',*,*,#6480,.T.);
#6480 = EDGE_CURVE('',#2275,#4744,#6481,.T.);
#6481 = SURFACE_CURVE('',#6482,(#6485,#6491),.PCURVE_S1.);
#6482 = B_SPLINE_CURVE_WITH_KNOTS('',1,(#6483,#6484),.UNSPECIFIED.,.F.,
  .F.,(2,2),(0.,1.),.PIECEWISE_BEZIER_KNOTS.);
#6483 = CARTESIAN_POINT('',(-2.661067295324,-7.314648908825,0.));
#6484 = CARTESIAN_POINT('',(-2.661067295324,-7.314648908825,9.9));
#6485 = PCURVE('',#2323,#6486);
#6486 = DEFINITIONAL_REPRESENTATION('',(#6487),#6490);
#6487 = B_SPLINE_CURVE_WITH_KNOTS('',1,(#6488,#6489),.UNSPECIFIED.,.F.,
  .F.,(2,2),(0.,1.),.PIECEWISE_BEZIER_KNOTS.);
#6488 = CARTESIAN_POINT('',(0.,0.));
#6489 = CARTESIAN_POINT('',(1.,0.));
#6490 = ( GEOMETRIC_REPRESENTATION_CONTEXT(2) 
PARAMETRIC_REPRESENTATION_CONTEXT() REPRESENTATION_CONTEXT('2D SPACE',''
  ) );
#6491 = PCURVE('',#2292,#6492);
#6492 = DEFINITIONAL_REPRESENTATION('',(#6493),#6496);
#6493 = B_SPLINE_CURVE_WITH_KNOTS('',1,(#6494,#6495),.UNSPECIFIED.,.F.,
  .F.,(2,2),(0.,1.),.PIECEWISE_BEZIER_KNOTS.);
#6494 = CARTESIAN_POINT('',(0.,1.));
#6495 = CARTESIAN_POINT('',(1.,1.));
#6496 = ( GEOMETRIC_REPRESENTATION_CONTEXT(2) 
PARAMETRIC_REPRESENTATION_CONTEXT() REPRESENTATION_CONTEXT('2D SPACE',''
  ) );
#6497 = ORIENTED_EDGE('',*,*,#4767,.T.);
#6498 = ORIENTED_EDGE('',*,*,#6432,.F.);
#6499 = ADVANCED_FACE('',(#6500),#893,.F.);
#6500 = FACE_BOUND('',#6501,.F.);
#6501 = EDGE_LOOP('',(#6502,#6503,#6504,#6505));
#6502 = ORIENTED_EDGE('',*,*,#877,.F.);
#6503 = ORIENTED_EDGE('',*,*,#6458,.T.);
#6504 = ORIENTED_EDGE('',*,*,#3707,.T.);
#6505 = ORIENTED_EDGE('',*,*,#6506,.F.);
#6506 = EDGE_CURVE('',#878,#3708,#6507,.T.);
#6507 = SURFACE_CURVE('',#6508,(#6511,#6517),.PCURVE_S1.);
#6508 = B_SPLINE_CURVE_WITH_KNOTS('',1,(#6509,#6510),.UNSPECIFIED.,.F.,
  .F.,(2,2),(0.,1.),.PIECEWISE_BEZIER_KNOTS.);
#6509 = CARTESIAN_POINT('',(1.352772575482,7.665205422469,0.));
#6510 = CARTESIAN_POINT('',(1.352772575482,7.665205422469,9.9));
#6511 = PCURVE('',#893,#6512);
#6512 = DEFINITIONAL_REPRESENTATION('',(#6513),#6516);
#6513 = B_SPLINE_CURVE_WITH_KNOTS('',1,(#6514,#6515),.UNSPECIFIED.,.F.,
  .F.,(2,2),(0.,1.),.PIECEWISE_BEZIER_KNOTS.);
#6514 = CARTESIAN_POINT('',(0.,1.));
#6515 = CARTESIAN_POINT('',(1.,1.));
#6516 = ( GEOMETRIC_REPRESENTATION_CONTEXT(2) 
PARAMETRIC_REPRESENTATION_CONTEXT() REPRESENTATION_CONTEXT('2D SPACE',''
  ) );
#6517 = PCURVE('',#924,#6518);
#6518 = DEFINITIONAL_REPRESENTATION('',(#6519),#6522);
#6519 = B_SPLINE_CURVE_WITH_KNOTS('',1,(#6520,#6521),.UNSPECIFIED.,.F.,
  .F.,(2,2),(0.,1.),.PIECEWISE_BEZIER_KNOTS.);
#6520 = CARTESIAN_POINT('',(0.,0.));
#6521 = CARTESIAN_POINT('',(1.,0.));
#6522 = ( GEOMETRIC_REPRESENTATION_CONTEXT(2) 
PARAMETRIC_REPRESENTATION_CONTEXT() REPRESENTATION_CONTEXT('2D SPACE',''
  ) );
#6523 = ADVANCED_FACE('',(#6524),#2292,.F.);
#6524 = FACE_BOUND('',#6525,.F.);
#6525 = EDGE_LOOP('',(#6526,#6527,#6545,#6546));
#6526 = ORIENTED_EDGE('',*,*,#2274,.F.);
#6527 = ORIENTED_EDGE('',*,*,#6528,.T.);
#6528 = EDGE_CURVE('',#2242,#4720,#6529,.T.);
#6529 = SURFACE_CURVE('',#6530,(#6533,#6539),.PCURVE_S1.);
#6530 = B_SPLINE_CURVE_WITH_KNOTS('',1,(#6531,#6532),.UNSPECIFIED.,.F.,
  .F.,(2,2),(0.,1.),.PIECEWISE_BEZIER_KNOTS.);
#6531 = CARTESIAN_POINT('',(-2.98993933511,-7.922922883677,0.));
#6532 = CARTESIAN_POINT('',(-2.98993933511,-7.922922883677,9.9));
#6533 = PCURVE('',#2292,#6534);
#6534 = DEFINITIONAL_REPRESENTATION('',(#6535),#6538);
#6535 = B_SPLINE_CURVE_WITH_KNOTS('',1,(#6536,#6537),.UNSPECIFIED.,.F.,
  .F.,(2,2),(0.,1.),.PIECEWISE_BEZIER_KNOTS.);
#6536 = CARTESIAN_POINT('',(0.,0.));
#6537 = CARTESIAN_POINT('',(1.,0.));
#6538 = ( GEOMETRIC_REPRESENTATION_CONTEXT(2) 
PARAMETRIC_REPRESENTATION_CONTEXT() REPRESENTATION_CONTEXT('2D SPACE',''
  ) );
#6539 = PCURVE('',#2259,#6540);
#6540 = DEFINITIONAL_REPRESENTATION('',(#6541),#6544);
#6541 = B_SPLINE_CURVE_WITH_KNOTS('',1,(#6542,#6543),.UNSPECIFIED.,.F.,
  .F.,(2,2),(0.,1.),.PIECEWISE_BEZIER_KNOTS.);
#6542 = CARTESIAN_POINT('',(0.,1.));
#6543 = CARTESIAN_POINT('',(1.,1.));
#6544 = ( GEOMETRIC_REPRESENTATION_CONTEXT(2) 
PARAMETRIC_REPRESENTATION_CONTEXT() REPRESENTATION_CONTEXT('2D SPACE',''
  ) );
#6545 = ORIENTED_EDGE('',*,*,#4743,.T.);
#6546 = ORIENTED_EDGE('',*,*,#6480,.F.);
#6547 = ADVANCED_FACE('',(#6548),#924,.F.);
#6548 = FACE_BOUND('',#6549,.F.);
#6549 = EDGE_LOOP('',(#6550,#6551,#6552,#6553));
#6550 = ORIENTED_EDGE('',*,*,#906,.F.);
#6551 = ORIENTED_EDGE('',*,*,#6506,.T.);
#6552 = ORIENTED_EDGE('',*,*,#3729,.T.);
#6553 = ORIENTED_EDGE('',*,*,#6554,.F.);
#6554 = EDGE_CURVE('',#907,#3730,#6555,.T.);
#6555 = SURFACE_CURVE('',#6556,(#6559,#6565),.PCURVE_S1.);
#6556 = B_SPLINE_CURVE_WITH_KNOTS('',1,(#6557,#6558),.UNSPECIFIED.,.F.,
  .F.,(2,2),(0.,1.),.PIECEWISE_BEZIER_KNOTS.);
#6557 = CARTESIAN_POINT('',(1.372098021859,8.356422157044,0.));
#6558 = CARTESIAN_POINT('',(1.372098021859,8.356422157044,9.9));
#6559 = PCURVE('',#924,#6560);
#6560 = DEFINITIONAL_REPRESENTATION('',(#6561),#6564);
#6561 = B_SPLINE_CURVE_WITH_KNOTS('',1,(#6562,#6563),.UNSPECIFIED.,.F.,
  .F.,(2,2),(0.,1.),.PIECEWISE_BEZIER_KNOTS.);
#6562 = CARTESIAN_POINT('',(0.,1.));
#6563 = CARTESIAN_POINT('',(1.,1.));
#6564 = ( GEOMETRIC_REPRESENTATION_CONTEXT(2) 
PARAMETRIC_REPRESENTATION_CONTEXT() REPRESENTATION_CONTEXT('2D SPACE',''
  ) );
#6565 = PCURVE('',#957,#6566);
#6566 = DEFINITIONAL_REPRESENTATION('',(#6567),#6570);
#6567 = B_SPLINE_CURVE_WITH_KNOTS('',1,(#6568,#6569),.UNSPECIFIED.,.F.,
  .F.,(2,2),(0.,1.),.PIECEWISE_BEZIER_KNOTS.);
#6568 = CARTESIAN_POINT('',(0.,0.));
#6569 = CARTESIAN_POINT('',(1.,0.));
#6570 = ( GEOMETRIC_REPRESENTATION_CONTEXT(2) 
PARAMETRIC_REPRESENTATION_CONTEXT() REPRESENTATION_CONTEXT('2D SPACE',''
  ) );
#6571 = ADVANCED_FACE('',(#6572),#2259,.F.);
#6572 = FACE_BOUND('',#6573,.F.);
#6573 = EDGE_LOOP('',(#6574,#6575,#6593,#6594));
#6574 = ORIENTED_EDGE('',*,*,#2241,.F.);
#6575 = ORIENTED_EDGE('',*,*,#6576,.T.);
#6576 = EDGE_CURVE('',#2213,#4698,#6577,.T.);
#6577 = SURFACE_CURVE('',#6578,(#6581,#6587),.PCURVE_S1.);
#6578 = B_SPLINE_CURVE_WITH_KNOTS('',1,(#6579,#6580),.UNSPECIFIED.,.F.,
  .F.,(2,2),(0.,1.),.PIECEWISE_BEZIER_KNOTS.);
#6579 = CARTESIAN_POINT('',(-5.165406810496,-9.621069196408,0.));
#6580 = CARTESIAN_POINT('',(-5.165406810496,-9.621069196408,9.9));
#6581 = PCURVE('',#2259,#6582);
#6582 = DEFINITIONAL_REPRESENTATION('',(#6583),#6586);
#6583 = B_SPLINE_CURVE_WITH_KNOTS('',1,(#6584,#6585),.UNSPECIFIED.,.F.,
  .F.,(2,2),(0.,1.),.PIECEWISE_BEZIER_KNOTS.);
#6584 = CARTESIAN_POINT('',(0.,0.));
#6585 = CARTESIAN_POINT('',(1.,0.));
#6586 = ( GEOMETRIC_REPRESENTATION_CONTEXT(2) 
PARAMETRIC_REPRESENTATION_CONTEXT() REPRESENTATION_CONTEXT('2D SPACE',''
  ) );
#6587 = PCURVE('',#2228,#6588);
#6588 = DEFINITIONAL_REPRESENTATION('',(#6589),#6592);
#6589 = B_SPLINE_CURVE_WITH_KNOTS('',1,(#6590,#6591),.UNSPECIFIED.,.F.,
  .F.,(2,2),(0.,1.),.PIECEWISE_BEZIER_KNOTS.);
#6590 = CARTESIAN_POINT('',(0.,1.));
#6591 = CARTESIAN_POINT('',(1.,1.));
#6592 = ( GEOMETRIC_REPRESENTATION_CONTEXT(2) 
PARAMETRIC_REPRESENTATION_CONTEXT() REPRESENTATION_CONTEXT('2D SPACE',''
  ) );
#6593 = ORIENTED_EDGE('',*,*,#4719,.T.);
#6594 = ORIENTED_EDGE('',*,*,#6528,.F.);
#6595 = ADVANCED_FACE('',(#6596),#957,.F.);
#6596 = FACE_BOUND('',#6597,.F.);
#6597 = EDGE_LOOP('',(#6598,#6599,#6600,#6601));
#6598 = ORIENTED_EDGE('',*,*,#939,.F.);
#6599 = ORIENTED_EDGE('',*,*,#6554,.T.);
#6600 = ORIENTED_EDGE('',*,*,#3753,.T.);
#6601 = ORIENTED_EDGE('',*,*,#6602,.F.);
#6602 = EDGE_CURVE('',#940,#3754,#6603,.T.);
#6603 = SURFACE_CURVE('',#6604,(#6607,#6613),.PCURVE_S1.);
#6604 = B_SPLINE_CURVE_WITH_KNOTS('',1,(#6605,#6606),.UNSPECIFIED.,.F.,
  .F.,(2,2),(0.,1.),.PIECEWISE_BEZIER_KNOTS.);
#6605 = CARTESIAN_POINT('',(0.337161079433,10.914793740906,0.));
#6606 = CARTESIAN_POINT('',(0.337161079433,10.914793740906,9.9));
#6607 = PCURVE('',#957,#6608);
#6608 = DEFINITIONAL_REPRESENTATION('',(#6609),#6612);
#6609 = B_SPLINE_CURVE_WITH_KNOTS('',1,(#6610,#6611),.UNSPECIFIED.,.F.,
  .F.,(2,2),(0.,1.),.PIECEWISE_BEZIER_KNOTS.);
#6610 = CARTESIAN_POINT('',(0.,1.));
#6611 = CARTESIAN_POINT('',(1.,1.));
#6612 = ( GEOMETRIC_REPRESENTATION_CONTEXT(2) 
PARAMETRIC_REPRESENTATION_CONTEXT() REPRESENTATION_CONTEXT('2D SPACE',''
  ) );
#6613 = PCURVE('',#988,#6614);
#6614 = DEFINITIONAL_REPRESENTATION('',(#6615),#6618);
#6615 = B_SPLINE_CURVE_WITH_KNOTS('',1,(#6616,#6617),.UNSPECIFIED.,.F.,
  .F.,(2,2),(0.,1.),.PIECEWISE_BEZIER_KNOTS.);
#6616 = CARTESIAN_POINT('',(0.,0.));
#6617 = CARTESIAN_POINT('',(1.,0.));
#6618 = ( GEOMETRIC_REPRESENTATION_CONTEXT(2) 
PARAMETRIC_REPRESENTATION_CONTEXT() REPRESENTATION_CONTEXT('2D SPACE',''
  ) );
#6619 = ADVANCED_FACE('',(#6620),#2228,.F.);
#6620 = FACE_BOUND('',#6621,.F.);
#6621 = EDGE_LOOP('',(#6622,#6623,#6641,#6642));
#6622 = ORIENTED_EDGE('',*,*,#2212,.F.);
#6623 = ORIENTED_EDGE('',*,*,#6624,.T.);
#6624 = EDGE_CURVE('',#2180,#4674,#6625,.T.);
#6625 = SURFACE_CURVE('',#6626,(#6629,#6635),.PCURVE_S1.);
#6626 = B_SPLINE_CURVE_WITH_KNOTS('',1,(#6627,#6628),.UNSPECIFIED.,.F.,
  .F.,(2,2),(0.,1.),.PIECEWISE_BEZIER_KNOTS.);
#6627 = CARTESIAN_POINT('',(-5.74938693041,-9.283908116975,0.));
#6628 = CARTESIAN_POINT('',(-5.74938693041,-9.283908116975,9.9));
#6629 = PCURVE('',#2228,#6630);
#6630 = DEFINITIONAL_REPRESENTATION('',(#6631),#6634);
#6631 = B_SPLINE_CURVE_WITH_KNOTS('',1,(#6632,#6633),.UNSPECIFIED.,.F.,
  .F.,(2,2),(0.,1.),.PIECEWISE_BEZIER_KNOTS.);
#6632 = CARTESIAN_POINT('',(0.,0.));
#6633 = CARTESIAN_POINT('',(1.,0.));
#6634 = ( GEOMETRIC_REPRESENTATION_CONTEXT(2) 
PARAMETRIC_REPRESENTATION_CONTEXT() REPRESENTATION_CONTEXT('2D SPACE',''
  ) );
#6635 = PCURVE('',#2197,#6636);
#6636 = DEFINITIONAL_REPRESENTATION('',(#6637),#6640);
#6637 = B_SPLINE_CURVE_WITH_KNOTS('',1,(#6638,#6639),.UNSPECIFIED.,.F.,
  .F.,(2,2),(0.,1.),.PIECEWISE_BEZIER_KNOTS.);
#6638 = CARTESIAN_POINT('',(0.,1.));
#6639 = CARTESIAN_POINT('',(1.,1.));
#6640 = ( GEOMETRIC_REPRESENTATION_CONTEXT(2) 
PARAMETRIC_REPRESENTATION_CONTEXT() REPRESENTATION_CONTEXT('2D SPACE',''
  ) );
#6641 = ORIENTED_EDGE('',*,*,#4697,.T.);
#6642 = ORIENTED_EDGE('',*,*,#6576,.F.);
#6643 = ADVANCED_FACE('',(#6644),#988,.F.);
#6644 = FACE_BOUND('',#6645,.F.);
#6645 = EDGE_LOOP('',(#6646,#6647,#6648,#6649));
#6646 = ORIENTED_EDGE('',*,*,#972,.F.);
#6647 = ORIENTED_EDGE('',*,*,#6602,.T.);
#6648 = ORIENTED_EDGE('',*,*,#3777,.T.);
#6649 = ORIENTED_EDGE('',*,*,#6650,.F.);
#6650 = EDGE_CURVE('',#973,#3778,#6651,.T.);
#6651 = SURFACE_CURVE('',#6652,(#6655,#6661),.PCURVE_S1.);
#6652 = B_SPLINE_CURVE_WITH_KNOTS('',1,(#6653,#6654),.UNSPECIFIED.,.F.,
  .F.,(2,2),(0.,1.),.PIECEWISE_BEZIER_KNOTS.);
#6653 = CARTESIAN_POINT('',(-0.337161079433,10.914793740906,0.));
#6654 = CARTESIAN_POINT('',(-0.337161079433,10.914793740906,9.9));
#6655 = PCURVE('',#988,#6656);
#6656 = DEFINITIONAL_REPRESENTATION('',(#6657),#6660);
#6657 = B_SPLINE_CURVE_WITH_KNOTS('',1,(#6658,#6659),.UNSPECIFIED.,.F.,
  .F.,(2,2),(0.,1.),.PIECEWISE_BEZIER_KNOTS.);
#6658 = CARTESIAN_POINT('',(0.,1.));
#6659 = CARTESIAN_POINT('',(1.,1.));
#6660 = ( GEOMETRIC_REPRESENTATION_CONTEXT(2) 
PARAMETRIC_REPRESENTATION_CONTEXT() REPRESENTATION_CONTEXT('2D SPACE',''
  ) );
#6661 = PCURVE('',#1019,#6662);
#6662 = DEFINITIONAL_REPRESENTATION('',(#6663),#6666);
#6663 = B_SPLINE_CURVE_WITH_KNOTS('',1,(#6664,#6665),.UNSPECIFIED.,.F.,
  .F.,(2,2),(0.,1.),.PIECEWISE_BEZIER_KNOTS.);
#6664 = CARTESIAN_POINT('',(0.,0.));
#6665 = CARTESIAN_POINT('',(1.,0.));
#6666 = ( GEOMETRIC_REPRESENTATION_CONTEXT(2) 
PARAMETRIC_REPRESENTATION_CONTEXT() REPRESENTATION_CONTEXT('2D SPACE',''
  ) );
#6667 = ADVANCED_FACE('',(#6668),#2197,.F.);
#6668 = FACE_BOUND('',#6669,.F.);
#6669 = EDGE_LOOP('',(#6670,#6671,#6689,#6690));
#6670 = ORIENTED_EDGE('',*,*,#2179,.F.);
#6671 = ORIENTED_EDGE('',*,*,#6672,.T.);
#6672 = EDGE_CURVE('',#2147,#4650,#6673,.T.);
#6673 = SURFACE_CURVE('',#6674,(#6677,#6683),.PCURVE_S1.);
#6674 = B_SPLINE_CURVE_WITH_KNOTS('',1,(#6675,#6676),.UNSPECIFIED.,.F.,
  .F.,(2,2),(0.,1.),.PIECEWISE_BEZIER_KNOTS.);
#6675 = CARTESIAN_POINT('',(-5.366482821935,-6.550824861818,0.));
#6676 = CARTESIAN_POINT('',(-5.366482821935,-6.550824861818,9.9));
#6677 = PCURVE('',#2197,#6678);
#6678 = DEFINITIONAL_REPRESENTATION('',(#6679),#6682);
#6679 = B_SPLINE_CURVE_WITH_KNOTS('',1,(#6680,#6681),.UNSPECIFIED.,.F.,
  .F.,(2,2),(0.,1.),.PIECEWISE_BEZIER_KNOTS.);
#6680 = CARTESIAN_POINT('',(0.,0.));
#6681 = CARTESIAN_POINT('',(1.,0.));
#6682 = ( GEOMETRIC_REPRESENTATION_CONTEXT(2) 
PARAMETRIC_REPRESENTATION_CONTEXT() REPRESENTATION_CONTEXT('2D SPACE',''
  ) );
#6683 = PCURVE('',#2164,#6684);
#6684 = DEFINITIONAL_REPRESENTATION('',(#6685),#6688);
#6685 = B_SPLINE_CURVE_WITH_KNOTS('',1,(#6686,#6687),.UNSPECIFIED.,.F.,
  .F.,(2,2),(0.,1.),.PIECEWISE_BEZIER_KNOTS.);
#6686 = CARTESIAN_POINT('',(0.,1.));
#6687 = CARTESIAN_POINT('',(1.,1.));
#6688 = ( GEOMETRIC_REPRESENTATION_CONTEXT(2) 
PARAMETRIC_REPRESENTATION_CONTEXT() REPRESENTATION_CONTEXT('2D SPACE',''
  ) );
#6689 = ORIENTED_EDGE('',*,*,#4673,.T.);
#6690 = ORIENTED_EDGE('',*,*,#6624,.F.);
#6691 = ADVANCED_FACE('',(#6692),#1019,.F.);
#6692 = FACE_BOUND('',#6693,.F.);
#6693 = EDGE_LOOP('',(#6694,#6695,#6696,#6697));
#6694 = ORIENTED_EDGE('',*,*,#1001,.F.);
#6695 = ORIENTED_EDGE('',*,*,#6650,.T.);
#6696 = ORIENTED_EDGE('',*,*,#3799,.T.);
#6697 = ORIENTED_EDGE('',*,*,#6698,.F.);
#6698 = EDGE_CURVE('',#1002,#3800,#6699,.T.);
#6699 = SURFACE_CURVE('',#6700,(#6703,#6709),.PCURVE_S1.);
#6700 = B_SPLINE_CURVE_WITH_KNOTS('',1,(#6701,#6702),.UNSPECIFIED.,.F.,
  .F.,(2,2),(0.,1.),.PIECEWISE_BEZIER_KNOTS.);
#6701 = CARTESIAN_POINT('',(-1.372098021859,8.356422157044,0.));
#6702 = CARTESIAN_POINT('',(-1.372098021859,8.356422157044,9.9));
#6703 = PCURVE('',#1019,#6704);
#6704 = DEFINITIONAL_REPRESENTATION('',(#6705),#6708);
#6705 = B_SPLINE_CURVE_WITH_KNOTS('',1,(#6706,#6707),.UNSPECIFIED.,.F.,
  .F.,(2,2),(0.,1.),.PIECEWISE_BEZIER_KNOTS.);
#6706 = CARTESIAN_POINT('',(0.,1.));
#6707 = CARTESIAN_POINT('',(1.,1.));
#6708 = ( GEOMETRIC_REPRESENTATION_CONTEXT(2) 
PARAMETRIC_REPRESENTATION_CONTEXT() REPRESENTATION_CONTEXT('2D SPACE',''
  ) );
#6709 = PCURVE('',#1052,#6710);
#6710 = DEFINITIONAL_REPRESENTATION('',(#6711),#6714);
#6711 = B_SPLINE_CURVE_WITH_KNOTS('',1,(#6712,#6713),.UNSPECIFIED.,.F.,
  .F.,(2,2),(0.,1.),.PIECEWISE_BEZIER_KNOTS.);
#6712 = CARTESIAN_POINT('',(0.,0.));
#6713 = CARTESIAN_POINT('',(1.,0.));
#6714 = ( GEOMETRIC_REPRESENTATION_CONTEXT(2) 
PARAMETRIC_REPRESENTATION_CONTEXT() REPRESENTATION_CONTEXT('2D SPACE',''
  ) );
#6715 = ADVANCED_FACE('',(#6716),#2164,.F.);
#6716 = FACE_BOUND('',#6717,.F.);
#6717 = EDGE_LOOP('',(#6718,#6719,#6737,#6738));
#6718 = ORIENTED_EDGE('',*,*,#2146,.F.);
#6719 = ORIENTED_EDGE('',*,*,#6720,.T.);
#6720 = EDGE_CURVE('',#2118,#4628,#6721,.T.);
#6721 = SURFACE_CURVE('',#6722,(#6725,#6731),.PCURVE_S1.);
#6722 = B_SPLINE_CURVE_WITH_KNOTS('',1,(#6723,#6724),.UNSPECIFIED.,.F.,
  .F.,(2,2),(0.,1.),.PIECEWISE_BEZIER_KNOTS.);
#6723 = CARTESIAN_POINT('',(-5.004138127145,-5.961876333343,0.));
#6724 = CARTESIAN_POINT('',(-5.004138127145,-5.961876333343,9.9));
#6725 = PCURVE('',#2164,#6726);
#6726 = DEFINITIONAL_REPRESENTATION('',(#6727),#6730);
#6727 = B_SPLINE_CURVE_WITH_KNOTS('',1,(#6728,#6729),.UNSPECIFIED.,.F.,
  .F.,(2,2),(0.,1.),.PIECEWISE_BEZIER_KNOTS.);
#6728 = CARTESIAN_POINT('',(0.,0.));
#6729 = CARTESIAN_POINT('',(1.,0.));
#6730 = ( GEOMETRIC_REPRESENTATION_CONTEXT(2) 
PARAMETRIC_REPRESENTATION_CONTEXT() REPRESENTATION_CONTEXT('2D SPACE',''
  ) );
#6731 = PCURVE('',#2133,#6732);
#6732 = DEFINITIONAL_REPRESENTATION('',(#6733),#6736);
#6733 = B_SPLINE_CURVE_WITH_KNOTS('',1,(#6734,#6735),.UNSPECIFIED.,.F.,
  .F.,(2,2),(0.,1.),.PIECEWISE_BEZIER_KNOTS.);
#6734 = CARTESIAN_POINT('',(0.,1.));
#6735 = CARTESIAN_POINT('',(1.,1.));
#6736 = ( GEOMETRIC_REPRESENTATION_CONTEXT(2) 
PARAMETRIC_REPRESENTATION_CONTEXT() REPRESENTATION_CONTEXT('2D SPACE',''
  ) );
#6737 = ORIENTED_EDGE('',*,*,#4649,.T.);
#6738 = ORIENTED_EDGE('',*,*,#6672,.F.);
#6739 = ADVANCED_FACE('',(#6740),#1052,.F.);
#6740 = FACE_BOUND('',#6741,.F.);
#6741 = EDGE_LOOP('',(#6742,#6743,#6744,#6745));
#6742 = ORIENTED_EDGE('',*,*,#1034,.F.);
#6743 = ORIENTED_EDGE('',*,*,#6698,.T.);
#6744 = ORIENTED_EDGE('',*,*,#3823,.T.);
#6745 = ORIENTED_EDGE('',*,*,#6746,.F.);
#6746 = EDGE_CURVE('',#1035,#3824,#6747,.T.);
#6747 = SURFACE_CURVE('',#6748,(#6751,#6757),.PCURVE_S1.);
#6748 = B_SPLINE_CURVE_WITH_KNOTS('',1,(#6749,#6750),.UNSPECIFIED.,.F.,
  .F.,(2,2),(0.,1.),.PIECEWISE_BEZIER_KNOTS.);
#6749 = CARTESIAN_POINT('',(-1.352772575482,7.665205422469,0.));
#6750 = CARTESIAN_POINT('',(-1.352772575482,7.665205422469,9.9));
#6751 = PCURVE('',#1052,#6752);
#6752 = DEFINITIONAL_REPRESENTATION('',(#6753),#6756);
#6753 = B_SPLINE_CURVE_WITH_KNOTS('',1,(#6754,#6755),.UNSPECIFIED.,.F.,
  .F.,(2,2),(0.,1.),.PIECEWISE_BEZIER_KNOTS.);
#6754 = CARTESIAN_POINT('',(0.,1.));
#6755 = CARTESIAN_POINT('',(1.,1.));
#6756 = ( GEOMETRIC_REPRESENTATION_CONTEXT(2) 
PARAMETRIC_REPRESENTATION_CONTEXT() REPRESENTATION_CONTEXT('2D SPACE',''
  ) );
#6757 = PCURVE('',#1083,#6758);
#6758 = DEFINITIONAL_REPRESENTATION('',(#6759),#6762);
#6759 = B_SPLINE_CURVE_WITH_KNOTS('',1,(#6760,#6761),.UNSPECIFIED.,.F.,
  .F.,(2,2),(0.,1.),.PIECEWISE_BEZIER_KNOTS.);
#6760 = CARTESIAN_POINT('',(0.,0.));
#6761 = CARTESIAN_POINT('',(1.,0.));
#6762 = ( GEOMETRIC_REPRESENTATION_CONTEXT(2) 
PARAMETRIC_REPRESENTATION_CONTEXT() REPRESENTATION_CONTEXT('2D SPACE',''
  ) );
#6763 = ADVANCED_FACE('',(#6764),#2133,.F.);
#6764 = FACE_BOUND('',#6765,.F.);
#6765 = EDGE_LOOP('',(#6766,#6767,#6785,#6786));
#6766 = ORIENTED_EDGE('',*,*,#2117,.F.);
#6767 = ORIENTED_EDGE('',*,*,#6768,.T.);
#6768 = EDGE_CURVE('',#2089,#4606,#6769,.T.);
#6769 = SURFACE_CURVE('',#6770,(#6773,#6779),.PCURVE_S1.);
#6770 = B_SPLINE_CURVE_WITH_KNOTS('',1,(#6771,#6772),.UNSPECIFIED.,.F.,
  .F.,(2,2),(0.,1.),.PIECEWISE_BEZIER_KNOTS.);
#6771 = CARTESIAN_POINT('',(-5.107135888313,-5.655224400349,
    -8.460799989015E-18));
#6772 = CARTESIAN_POINT('',(-5.107135888313,-5.655224400349,9.9));
#6773 = PCURVE('',#2133,#6774);
#6774 = DEFINITIONAL_REPRESENTATION('',(#6775),#6778);
#6775 = B_SPLINE_CURVE_WITH_KNOTS('',1,(#6776,#6777),.UNSPECIFIED.,.F.,
  .F.,(2,2),(0.,1.),.PIECEWISE_BEZIER_KNOTS.);
#6776 = CARTESIAN_POINT('',(0.,0.));
#6777 = CARTESIAN_POINT('',(1.,0.));
#6778 = ( GEOMETRIC_REPRESENTATION_CONTEXT(2) 
PARAMETRIC_REPRESENTATION_CONTEXT() REPRESENTATION_CONTEXT('2D SPACE',''
  ) );
#6779 = PCURVE('',#2104,#6780);
#6780 = DEFINITIONAL_REPRESENTATION('',(#6781),#6784);
#6781 = B_SPLINE_CURVE_WITH_KNOTS('',1,(#6782,#6783),.UNSPECIFIED.,.F.,
  .F.,(2,2),(0.,1.),.PIECEWISE_BEZIER_KNOTS.);
#6782 = CARTESIAN_POINT('',(0.,1.));
#6783 = CARTESIAN_POINT('',(1.,1.));
#6784 = ( GEOMETRIC_REPRESENTATION_CONTEXT(2) 
PARAMETRIC_REPRESENTATION_CONTEXT() REPRESENTATION_CONTEXT('2D SPACE',''
  ) );
#6785 = ORIENTED_EDGE('',*,*,#4627,.T.);
#6786 = ORIENTED_EDGE('',*,*,#6720,.F.);
#6787 = ADVANCED_FACE('',(#6788),#1083,.F.);
#6788 = FACE_BOUND('',#6789,.F.);
#6789 = EDGE_LOOP('',(#6790,#6791,#6792,#6793));
#6790 = ORIENTED_EDGE('',*,*,#1067,.F.);
#6791 = ORIENTED_EDGE('',*,*,#6746,.T.);
#6792 = ORIENTED_EDGE('',*,*,#3847,.T.);
#6793 = ORIENTED_EDGE('',*,*,#6794,.F.);
#6794 = EDGE_CURVE('',#1068,#3848,#6795,.T.);
#6795 = SURFACE_CURVE('',#6796,(#6799,#6805),.PCURVE_S1.);
#6796 = B_SPLINE_CURVE_WITH_KNOTS('',1,(#6797,#6798),.UNSPECIFIED.,.F.,
  .F.,(2,2),(0.,1.),.PIECEWISE_BEZIER_KNOTS.);
#6797 = CARTESIAN_POINT('',(-1.595297219683,7.451135938961,
    -8.460799989015E-18));
#6798 = CARTESIAN_POINT('',(-1.595297219683,7.451135938961,9.9));
#6799 = PCURVE('',#1083,#6800);
#6800 = DEFINITIONAL_REPRESENTATION('',(#6801),#6804);
#6801 = B_SPLINE_CURVE_WITH_KNOTS('',1,(#6802,#6803),.UNSPECIFIED.,.F.,
  .F.,(2,2),(0.,1.),.PIECEWISE_BEZIER_KNOTS.);
#6802 = CARTESIAN_POINT('',(0.,1.));
#6803 = CARTESIAN_POINT('',(1.,1.));
#6804 = ( GEOMETRIC_REPRESENTATION_CONTEXT(2) 
PARAMETRIC_REPRESENTATION_CONTEXT() REPRESENTATION_CONTEXT('2D SPACE',''
  ) );
#6805 = PCURVE('',#1112,#6806);
#6806 = DEFINITIONAL_REPRESENTATION('',(#6807),#6810);
#6807 = B_SPLINE_CURVE_WITH_KNOTS('',1,(#6808,#6809),.UNSPECIFIED.,.F.,
  .F.,(2,2),(0.,1.),.PIECEWISE_BEZIER_KNOTS.);
#6808 = CARTESIAN_POINT('',(0.,0.));
#6809 = CARTESIAN_POINT('',(1.,0.));
#6810 = ( GEOMETRIC_REPRESENTATION_CONTEXT(2) 
PARAMETRIC_REPRESENTATION_CONTEXT() REPRESENTATION_CONTEXT('2D SPACE',''
  ) );
#6811 = ADVANCED_FACE('',(#6812),#2104,.F.);
#6812 = FACE_BOUND('',#6813,.F.);
#6813 = EDGE_LOOP('',(#6814,#6815,#6833,#6834));
#6814 = ORIENTED_EDGE('',*,*,#2088,.F.);
#6815 = ORIENTED_EDGE('',*,*,#6816,.T.);
#6816 = EDGE_CURVE('',#2060,#4584,#6817,.T.);
#6817 = SURFACE_CURVE('',#6818,(#6821,#6827),.PCURVE_S1.);
#6818 = B_SPLINE_CURVE_WITH_KNOTS('',1,(#6819,#6820),.UNSPECIFIED.,.F.,
  .F.,(2,2),(0.,1.),.PIECEWISE_BEZIER_KNOTS.);
#6819 = CARTESIAN_POINT('',(-5.655224400349,-5.107135888313,
    -8.460799989015E-18));
#6820 = CARTESIAN_POINT('',(-5.655224400349,-5.107135888313,9.9));
#6821 = PCURVE('',#2104,#6822);
#6822 = DEFINITIONAL_REPRESENTATION('',(#6823),#6826);
#6823 = B_SPLINE_CURVE_WITH_KNOTS('',1,(#6824,#6825),.UNSPECIFIED.,.F.,
  .F.,(2,2),(0.,1.),.PIECEWISE_BEZIER_KNOTS.);
#6824 = CARTESIAN_POINT('',(0.,0.));
#6825 = CARTESIAN_POINT('',(1.,0.));
#6826 = ( GEOMETRIC_REPRESENTATION_CONTEXT(2) 
PARAMETRIC_REPRESENTATION_CONTEXT() REPRESENTATION_CONTEXT('2D SPACE',''
  ) );
#6827 = PCURVE('',#2075,#6828);
#6828 = DEFINITIONAL_REPRESENTATION('',(#6829),#6832);
#6829 = B_SPLINE_CURVE_WITH_KNOTS('',1,(#6830,#6831),.UNSPECIFIED.,.F.,
  .F.,(2,2),(0.,1.),.PIECEWISE_BEZIER_KNOTS.);
#6830 = CARTESIAN_POINT('',(0.,1.));
#6831 = CARTESIAN_POINT('',(1.,1.));
#6832 = ( GEOMETRIC_REPRESENTATION_CONTEXT(2) 
PARAMETRIC_REPRESENTATION_CONTEXT() REPRESENTATION_CONTEXT('2D SPACE',''
  ) );
#6833 = ORIENTED_EDGE('',*,*,#4605,.T.);
#6834 = ORIENTED_EDGE('',*,*,#6768,.F.);
#6835 = ADVANCED_FACE('',(#6836),#1112,.F.);
#6836 = FACE_BOUND('',#6837,.F.);
#6837 = EDGE_LOOP('',(#6838,#6839,#6840,#6841));
#6838 = ORIENTED_EDGE('',*,*,#1096,.F.);
#6839 = ORIENTED_EDGE('',*,*,#6794,.T.);
#6840 = ORIENTED_EDGE('',*,*,#3869,.T.);
#6841 = ORIENTED_EDGE('',*,*,#6842,.F.);
#6842 = EDGE_CURVE('',#1097,#3870,#6843,.T.);
#6843 = SURFACE_CURVE('',#6844,(#6847,#6853),.PCURVE_S1.);
#6844 = B_SPLINE_CURVE_WITH_KNOTS('',1,(#6845,#6846),.UNSPECIFIED.,.F.,
  .F.,(2,2),(0.,1.),.PIECEWISE_BEZIER_KNOTS.);
#6845 = CARTESIAN_POINT('',(-2.344000050648,7.250521620033,
    -8.460799989015E-18));
#6846 = CARTESIAN_POINT('',(-2.344000050648,7.250521620033,9.9));
#6847 = PCURVE('',#1112,#6848);
#6848 = DEFINITIONAL_REPRESENTATION('',(#6849),#6852);
#6849 = B_SPLINE_CURVE_WITH_KNOTS('',1,(#6850,#6851),.UNSPECIFIED.,.F.,
  .F.,(2,2),(0.,1.),.PIECEWISE_BEZIER_KNOTS.);
#6850 = CARTESIAN_POINT('',(0.,1.));
#6851 = CARTESIAN_POINT('',(1.,1.));
#6852 = ( GEOMETRIC_REPRESENTATION_CONTEXT(2) 
PARAMETRIC_REPRESENTATION_CONTEXT() REPRESENTATION_CONTEXT('2D SPACE',''
  ) );
#6853 = PCURVE('',#1141,#6854);
#6854 = DEFINITIONAL_REPRESENTATION('',(#6855),#6858);
#6855 = B_SPLINE_CURVE_WITH_KNOTS('',1,(#6856,#6857),.UNSPECIFIED.,.F.,
  .F.,(2,2),(0.,1.),.PIECEWISE_BEZIER_KNOTS.);
#6856 = CARTESIAN_POINT('',(0.,0.));
#6857 = CARTESIAN_POINT('',(1.,0.));
#6858 = ( GEOMETRIC_REPRESENTATION_CONTEXT(2) 
PARAMETRIC_REPRESENTATION_CONTEXT() REPRESENTATION_CONTEXT('2D SPACE',''
  ) );
#6859 = ADVANCED_FACE('',(#6860),#2075,.F.);
#6860 = FACE_BOUND('',#6861,.F.);
#6861 = EDGE_LOOP('',(#6862,#6863,#6881,#6882));
#6862 = ORIENTED_EDGE('',*,*,#2059,.F.);
#6863 = ORIENTED_EDGE('',*,*,#6864,.T.);
#6864 = EDGE_CURVE('',#2027,#4560,#6865,.T.);
#6865 = SURFACE_CURVE('',#6866,(#6869,#6875),.PCURVE_S1.);
#6866 = B_SPLINE_CURVE_WITH_KNOTS('',1,(#6867,#6868),.UNSPECIFIED.,.F.,
  .F.,(2,2),(0.,1.),.PIECEWISE_BEZIER_KNOTS.);
#6867 = CARTESIAN_POINT('',(-5.961876333343,-5.004138127145,0.));
#6868 = CARTESIAN_POINT('',(-5.961876333343,-5.004138127145,9.9));
#6869 = PCURVE('',#2075,#6870);
#6870 = DEFINITIONAL_REPRESENTATION('',(#6871),#6874);
#6871 = B_SPLINE_CURVE_WITH_KNOTS('',1,(#6872,#6873),.UNSPECIFIED.,.F.,
  .F.,(2,2),(0.,1.),.PIECEWISE_BEZIER_KNOTS.);
#6872 = CARTESIAN_POINT('',(0.,0.));
#6873 = CARTESIAN_POINT('',(1.,0.));
#6874 = ( GEOMETRIC_REPRESENTATION_CONTEXT(2) 
PARAMETRIC_REPRESENTATION_CONTEXT() REPRESENTATION_CONTEXT('2D SPACE',''
  ) );
#6875 = PCURVE('',#2044,#6876);
#6876 = DEFINITIONAL_REPRESENTATION('',(#6877),#6880);
#6877 = B_SPLINE_CURVE_WITH_KNOTS('',1,(#6878,#6879),.UNSPECIFIED.,.F.,
  .F.,(2,2),(0.,1.),.PIECEWISE_BEZIER_KNOTS.);
#6878 = CARTESIAN_POINT('',(0.,1.));
#6879 = CARTESIAN_POINT('',(1.,1.));
#6880 = ( GEOMETRIC_REPRESENTATION_CONTEXT(2) 
PARAMETRIC_REPRESENTATION_CONTEXT() REPRESENTATION_CONTEXT('2D SPACE',''
  ) );
#6881 = ORIENTED_EDGE('',*,*,#4583,.T.);
#6882 = ORIENTED_EDGE('',*,*,#6816,.F.);
#6883 = ADVANCED_FACE('',(#6884),#1141,.F.);
#6884 = FACE_BOUND('',#6885,.F.);
#6885 = EDGE_LOOP('',(#6886,#6887,#6888,#6889));
#6886 = ORIENTED_EDGE('',*,*,#1125,.F.);
#6887 = ORIENTED_EDGE('',*,*,#6842,.T.);
#6888 = ORIENTED_EDGE('',*,*,#3891,.T.);
#6889 = ORIENTED_EDGE('',*,*,#6890,.F.);
#6890 = EDGE_CURVE('',#1126,#3892,#6891,.T.);
#6891 = SURFACE_CURVE('',#6892,(#6895,#6901),.PCURVE_S1.);
#6892 = B_SPLINE_CURVE_WITH_KNOTS('',1,(#6893,#6894),.UNSPECIFIED.,.F.,
  .F.,(2,2),(0.,1.),.PIECEWISE_BEZIER_KNOTS.);
#6893 = CARTESIAN_POINT('',(-2.661067295324,7.314648908825,0.));
#6894 = CARTESIAN_POINT('',(-2.661067295324,7.314648908825,9.9));
#6895 = PCURVE('',#1141,#6896);
#6896 = DEFINITIONAL_REPRESENTATION('',(#6897),#6900);
#6897 = B_SPLINE_CURVE_WITH_KNOTS('',1,(#6898,#6899),.UNSPECIFIED.,.F.,
  .F.,(2,2),(0.,1.),.PIECEWISE_BEZIER_KNOTS.);
#6898 = CARTESIAN_POINT('',(0.,1.));
#6899 = CARTESIAN_POINT('',(1.,1.));
#6900 = ( GEOMETRIC_REPRESENTATION_CONTEXT(2) 
PARAMETRIC_REPRESENTATION_CONTEXT() REPRESENTATION_CONTEXT('2D SPACE',''
  ) );
#6901 = PCURVE('',#1172,#6902);
#6902 = DEFINITIONAL_REPRESENTATION('',(#6903),#6906);
#6903 = B_SPLINE_CURVE_WITH_KNOTS('',1,(#6904,#6905),.UNSPECIFIED.,.F.,
  .F.,(2,2),(0.,1.),.PIECEWISE_BEZIER_KNOTS.);
#6904 = CARTESIAN_POINT('',(0.,0.));
#6905 = CARTESIAN_POINT('',(1.,0.));
#6906 = ( GEOMETRIC_REPRESENTATION_CONTEXT(2) 
PARAMETRIC_REPRESENTATION_CONTEXT() REPRESENTATION_CONTEXT('2D SPACE',''
  ) );
#6907 = ADVANCED_FACE('',(#6908),#2044,.F.);
#6908 = FACE_BOUND('',#6909,.F.);
#6909 = EDGE_LOOP('',(#6910,#6911,#6929,#6930));
#6910 = ORIENTED_EDGE('',*,*,#2026,.F.);
#6911 = ORIENTED_EDGE('',*,*,#6912,.T.);
#6912 = EDGE_CURVE('',#1994,#4536,#6913,.T.);
#6913 = SURFACE_CURVE('',#6914,(#6917,#6923),.PCURVE_S1.);
#6914 = B_SPLINE_CURVE_WITH_KNOTS('',1,(#6915,#6916),.UNSPECIFIED.,.F.,
  .F.,(2,2),(0.,1.),.PIECEWISE_BEZIER_KNOTS.);
#6915 = CARTESIAN_POINT('',(-6.550824861818,-5.366482821935,0.));
#6916 = CARTESIAN_POINT('',(-6.550824861818,-5.366482821935,9.9));
#6917 = PCURVE('',#2044,#6918);
#6918 = DEFINITIONAL_REPRESENTATION('',(#6919),#6922);
#6919 = B_SPLINE_CURVE_WITH_KNOTS('',1,(#6920,#6921),.UNSPECIFIED.,.F.,
  .F.,(2,2),(0.,1.),.PIECEWISE_BEZIER_KNOTS.);
#6920 = CARTESIAN_POINT('',(0.,0.));
#6921 = CARTESIAN_POINT('',(1.,0.));
#6922 = ( GEOMETRIC_REPRESENTATION_CONTEXT(2) 
PARAMETRIC_REPRESENTATION_CONTEXT() REPRESENTATION_CONTEXT('2D SPACE',''
  ) );
#6923 = PCURVE('',#2011,#6924);
#6924 = DEFINITIONAL_REPRESENTATION('',(#6925),#6928);
#6925 = B_SPLINE_CURVE_WITH_KNOTS('',1,(#6926,#6927),.UNSPECIFIED.,.F.,
  .F.,(2,2),(0.,1.),.PIECEWISE_BEZIER_KNOTS.);
#6926 = CARTESIAN_POINT('',(0.,1.));
#6927 = CARTESIAN_POINT('',(1.,1.));
#6928 = ( GEOMETRIC_REPRESENTATION_CONTEXT(2) 
PARAMETRIC_REPRESENTATION_CONTEXT() REPRESENTATION_CONTEXT('2D SPACE',''
  ) );
#6929 = ORIENTED_EDGE('',*,*,#4559,.T.);
#6930 = ORIENTED_EDGE('',*,*,#6864,.F.);
#6931 = ADVANCED_FACE('',(#6932),#1172,.F.);
#6932 = FACE_BOUND('',#6933,.F.);
#6933 = EDGE_LOOP('',(#6934,#6935,#6936,#6937));
#6934 = ORIENTED_EDGE('',*,*,#1154,.F.);
#6935 = ORIENTED_EDGE('',*,*,#6890,.T.);
#6936 = ORIENTED_EDGE('',*,*,#3913,.T.);
#6937 = ORIENTED_EDGE('',*,*,#6938,.F.);
#6938 = EDGE_CURVE('',#1155,#3914,#6939,.T.);
#6939 = SURFACE_CURVE('',#6940,(#6943,#6949),.PCURVE_S1.);
#6940 = B_SPLINE_CURVE_WITH_KNOTS('',1,(#6941,#6942),.UNSPECIFIED.,.F.,
  .F.,(2,2),(0.,1.),.PIECEWISE_BEZIER_KNOTS.);
#6941 = CARTESIAN_POINT('',(-2.98993933511,7.922922883677,0.));
#6942 = CARTESIAN_POINT('',(-2.98993933511,7.922922883677,9.9));
#6943 = PCURVE('',#1172,#6944);
#6944 = DEFINITIONAL_REPRESENTATION('',(#6945),#6948);
#6945 = B_SPLINE_CURVE_WITH_KNOTS('',1,(#6946,#6947),.UNSPECIFIED.,.F.,
  .F.,(2,2),(0.,1.),.PIECEWISE_BEZIER_KNOTS.);
#6946 = CARTESIAN_POINT('',(0.,1.));
#6947 = CARTESIAN_POINT('',(1.,1.));
#6948 = ( GEOMETRIC_REPRESENTATION_CONTEXT(2) 
PARAMETRIC_REPRESENTATION_CONTEXT() REPRESENTATION_CONTEXT('2D SPACE',''
  ) );
#6949 = PCURVE('',#1205,#6950);
#6950 = DEFINITIONAL_REPRESENTATION('',(#6951),#6954);
#6951 = B_SPLINE_CURVE_WITH_KNOTS('',1,(#6952,#6953),.UNSPECIFIED.,.F.,
  .F.,(2,2),(0.,1.),.PIECEWISE_BEZIER_KNOTS.);
#6952 = CARTESIAN_POINT('',(0.,0.));
#6953 = CARTESIAN_POINT('',(1.,0.));
#6954 = ( GEOMETRIC_REPRESENTATION_CONTEXT(2) 
PARAMETRIC_REPRESENTATION_CONTEXT() REPRESENTATION_CONTEXT('2D SPACE',''
  ) );
#6955 = ADVANCED_FACE('',(#6956),#2011,.F.);
#6956 = FACE_BOUND('',#6957,.F.);
#6957 = EDGE_LOOP('',(#6958,#6959,#6977,#6978));
#6958 = ORIENTED_EDGE('',*,*,#1993,.F.);
#6959 = ORIENTED_EDGE('',*,*,#6960,.T.);
#6960 = EDGE_CURVE('',#1965,#4514,#6961,.T.);
#6961 = SURFACE_CURVE('',#6962,(#6965,#6971),.PCURVE_S1.);
#6962 = B_SPLINE_CURVE_WITH_KNOTS('',1,(#6963,#6964),.UNSPECIFIED.,.F.,
  .F.,(2,2),(0.,1.),.PIECEWISE_BEZIER_KNOTS.);
#6963 = CARTESIAN_POINT('',(-9.283908116975,-5.74938693041,0.));
#6964 = CARTESIAN_POINT('',(-9.283908116975,-5.74938693041,9.9));
#6965 = PCURVE('',#2011,#6966);
#6966 = DEFINITIONAL_REPRESENTATION('',(#6967),#6970);
#6967 = B_SPLINE_CURVE_WITH_KNOTS('',1,(#6968,#6969),.UNSPECIFIED.,.F.,
  .F.,(2,2),(0.,1.),.PIECEWISE_BEZIER_KNOTS.);
#6968 = CARTESIAN_POINT('',(0.,0.));
#6969 = CARTESIAN_POINT('',(1.,0.));
#6970 = ( GEOMETRIC_REPRESENTATION_CONTEXT(2) 
PARAMETRIC_REPRESENTATION_CONTEXT() REPRESENTATION_CONTEXT('2D SPACE',''
  ) );
#6971 = PCURVE('',#1980,#6972);
#6972 = DEFINITIONAL_REPRESENTATION('',(#6973),#6976);
#6973 = B_SPLINE_CURVE_WITH_KNOTS('',1,(#6974,#6975),.UNSPECIFIED.,.F.,
  .F.,(2,2),(0.,1.),.PIECEWISE_BEZIER_KNOTS.);
#6974 = CARTESIAN_POINT('',(0.,1.));
#6975 = CARTESIAN_POINT('',(1.,1.));
#6976 = ( GEOMETRIC_REPRESENTATION_CONTEXT(2) 
PARAMETRIC_REPRESENTATION_CONTEXT() REPRESENTATION_CONTEXT('2D SPACE',''
  ) );
#6977 = ORIENTED_EDGE('',*,*,#4535,.T.);
#6978 = ORIENTED_EDGE('',*,*,#6912,.F.);
#6979 = ADVANCED_FACE('',(#6980),#1205,.F.);
#6980 = FACE_BOUND('',#6981,.F.);
#6981 = EDGE_LOOP('',(#6982,#6983,#6984,#6985));
#6982 = ORIENTED_EDGE('',*,*,#1187,.F.);
#6983 = ORIENTED_EDGE('',*,*,#6938,.T.);
#6984 = ORIENTED_EDGE('',*,*,#3937,.T.);
#6985 = ORIENTED_EDGE('',*,*,#6986,.F.);
#6986 = EDGE_CURVE('',#1188,#3938,#6987,.T.);
#6987 = SURFACE_CURVE('',#6988,(#6991,#6997),.PCURVE_S1.);
#6988 = B_SPLINE_CURVE_WITH_KNOTS('',1,(#6989,#6990),.UNSPECIFIED.,.F.,
  .F.,(2,2),(0.,1.),.PIECEWISE_BEZIER_KNOTS.);
#6989 = CARTESIAN_POINT('',(-5.165406810496,9.621069196408,0.));
#6990 = CARTESIAN_POINT('',(-5.165406810496,9.621069196408,9.9));
#6991 = PCURVE('',#1205,#6992);
#6992 = DEFINITIONAL_REPRESENTATION('',(#6993),#6996);
#6993 = B_SPLINE_CURVE_WITH_KNOTS('',1,(#6994,#6995),.UNSPECIFIED.,.F.,
  .F.,(2,2),(0.,1.),.PIECEWISE_BEZIER_KNOTS.);
#6994 = CARTESIAN_POINT('',(0.,1.));
#6995 = CARTESIAN_POINT('',(1.,1.));
#6996 = ( GEOMETRIC_REPRESENTATION_CONTEXT(2) 
PARAMETRIC_REPRESENTATION_CONTEXT() REPRESENTATION_CONTEXT('2D SPACE',''
  ) );
#6997 = PCURVE('',#1236,#6998);
#6998 = DEFINITIONAL_REPRESENTATION('',(#6999),#7002);
#6999 = B_SPLINE_CURVE_WITH_KNOTS('',1,(#7000,#7001),.UNSPECIFIED.,.F.,
  .F.,(2,2),(0.,1.),.PIECEWISE_BEZIER_KNOTS.);
#7000 = CARTESIAN_POINT('',(0.,0.));
#7001 = CARTESIAN_POINT('',(1.,0.));
#7002 = ( GEOMETRIC_REPRESENTATION_CONTEXT(2) 
PARAMETRIC_REPRESENTATION_CONTEXT() REPRESENTATION_CONTEXT('2D SPACE',''
  ) );
#7003 = ADVANCED_FACE('',(#7004),#1980,.F.);
#7004 = FACE_BOUND('',#7005,.F.);
#7005 = EDGE_LOOP('',(#7006,#7007,#7025,#7026));
#7006 = ORIENTED_EDGE('',*,*,#1964,.F.);
#7007 = ORIENTED_EDGE('',*,*,#7008,.T.);
#7008 = EDGE_CURVE('',#1932,#4490,#7009,.T.);
#7009 = SURFACE_CURVE('',#7010,(#7013,#7019),.PCURVE_S1.);
#7010 = B_SPLINE_CURVE_WITH_KNOTS('',1,(#7011,#7012),.UNSPECIFIED.,.F.,
  .F.,(2,2),(0.,1.),.PIECEWISE_BEZIER_KNOTS.);
#7011 = CARTESIAN_POINT('',(-9.621069196408,-5.165406810496,0.));
#7012 = CARTESIAN_POINT('',(-9.621069196408,-5.165406810496,9.9));
#7013 = PCURVE('',#1980,#7014);
#7014 = DEFINITIONAL_REPRESENTATION('',(#7015),#7018);
#7015 = B_SPLINE_CURVE_WITH_KNOTS('',1,(#7016,#7017),.UNSPECIFIED.,.F.,
  .F.,(2,2),(0.,1.),.PIECEWISE_BEZIER_KNOTS.);
#7016 = CARTESIAN_POINT('',(0.,0.));
#7017 = CARTESIAN_POINT('',(1.,0.));
#7018 = ( GEOMETRIC_REPRESENTATION_CONTEXT(2) 
PARAMETRIC_REPRESENTATION_CONTEXT() REPRESENTATION_CONTEXT('2D SPACE',''
  ) );
#7019 = PCURVE('',#1949,#7020);
#7020 = DEFINITIONAL_REPRESENTATION('',(#7021),#7024);
#7021 = B_SPLINE_CURVE_WITH_KNOTS('',1,(#7022,#7023),.UNSPECIFIED.,.F.,
  .F.,(2,2),(0.,1.),.PIECEWISE_BEZIER_KNOTS.);
#7022 = CARTESIAN_POINT('',(0.,1.));
#7023 = CARTESIAN_POINT('',(1.,1.));
#7024 = ( GEOMETRIC_REPRESENTATION_CONTEXT(2) 
PARAMETRIC_REPRESENTATION_CONTEXT() REPRESENTATION_CONTEXT('2D SPACE',''
  ) );
#7025 = ORIENTED_EDGE('',*,*,#4513,.T.);
#7026 = ORIENTED_EDGE('',*,*,#6960,.F.);
#7027 = ADVANCED_FACE('',(#7028),#1236,.F.);
#7028 = FACE_BOUND('',#7029,.F.);
#7029 = EDGE_LOOP('',(#7030,#7031,#7032,#7033));
#7030 = ORIENTED_EDGE('',*,*,#1220,.F.);
#7031 = ORIENTED_EDGE('',*,*,#6986,.T.);
#7032 = ORIENTED_EDGE('',*,*,#3961,.T.);
#7033 = ORIENTED_EDGE('',*,*,#7034,.F.);
#7034 = EDGE_CURVE('',#1221,#3962,#7035,.T.);
#7035 = SURFACE_CURVE('',#7036,(#7039,#7045),.PCURVE_S1.);
#7036 = B_SPLINE_CURVE_WITH_KNOTS('',1,(#7037,#7038),.UNSPECIFIED.,.F.,
  .F.,(2,2),(0.,1.),.PIECEWISE_BEZIER_KNOTS.);
#7037 = CARTESIAN_POINT('',(-5.74938693041,9.283908116975,0.));
#7038 = CARTESIAN_POINT('',(-5.74938693041,9.283908116975,9.9));
#7039 = PCURVE('',#1236,#7040);
#7040 = DEFINITIONAL_REPRESENTATION('',(#7041),#7044);
#7041 = B_SPLINE_CURVE_WITH_KNOTS('',1,(#7042,#7043),.UNSPECIFIED.,.F.,
  .F.,(2,2),(0.,1.),.PIECEWISE_BEZIER_KNOTS.);
#7042 = CARTESIAN_POINT('',(0.,1.));
#7043 = CARTESIAN_POINT('',(1.,1.));
#7044 = ( GEOMETRIC_REPRESENTATION_CONTEXT(2) 
PARAMETRIC_REPRESENTATION_CONTEXT() REPRESENTATION_CONTEXT('2D SPACE',''
  ) );
#7045 = PCURVE('',#1267,#7046);
#7046 = DEFINITIONAL_REPRESENTATION('',(#7047),#7050);
#7047 = B_SPLINE_CURVE_WITH_KNOTS('',1,(#7048,#7049),.UNSPECIFIED.,.F.,
  .F.,(2,2),(0.,1.),.PIECEWISE_BEZIER_KNOTS.);
#7048 = CARTESIAN_POINT('',(0.,0.));
#7049 = CARTESIAN_POINT('',(1.,0.));
#7050 = ( GEOMETRIC_REPRESENTATION_CONTEXT(2) 
PARAMETRIC_REPRESENTATION_CONTEXT() REPRESENTATION_CONTEXT('2D SPACE',''
  ) );
#7051 = ADVANCED_FACE('',(#7052),#1949,.F.);
#7052 = FACE_BOUND('',#7053,.F.);
#7053 = EDGE_LOOP('',(#7054,#7055,#7073,#7074));
#7054 = ORIENTED_EDGE('',*,*,#1931,.F.);
#7055 = ORIENTED_EDGE('',*,*,#7056,.T.);
#7056 = EDGE_CURVE('',#1899,#4466,#7057,.T.);
#7057 = SURFACE_CURVE('',#7058,(#7061,#7067),.PCURVE_S1.);
#7058 = B_SPLINE_CURVE_WITH_KNOTS('',1,(#7059,#7060),.UNSPECIFIED.,.F.,
  .F.,(2,2),(0.,1.),.PIECEWISE_BEZIER_KNOTS.);
#7059 = CARTESIAN_POINT('',(-7.922922883677,-2.98993933511,0.));
#7060 = CARTESIAN_POINT('',(-7.922922883677,-2.98993933511,9.9));
#7061 = PCURVE('',#1949,#7062);
#7062 = DEFINITIONAL_REPRESENTATION('',(#7063),#7066);
#7063 = B_SPLINE_CURVE_WITH_KNOTS('',1,(#7064,#7065),.UNSPECIFIED.,.F.,
  .F.,(2,2),(0.,1.),.PIECEWISE_BEZIER_KNOTS.);
#7064 = CARTESIAN_POINT('',(0.,0.));
#7065 = CARTESIAN_POINT('',(1.,0.));
#7066 = ( GEOMETRIC_REPRESENTATION_CONTEXT(2) 
PARAMETRIC_REPRESENTATION_CONTEXT() REPRESENTATION_CONTEXT('2D SPACE',''
  ) );
#7067 = PCURVE('',#1916,#7068);
#7068 = DEFINITIONAL_REPRESENTATION('',(#7069),#7072);
#7069 = B_SPLINE_CURVE_WITH_KNOTS('',1,(#7070,#7071),.UNSPECIFIED.,.F.,
  .F.,(2,2),(0.,1.),.PIECEWISE_BEZIER_KNOTS.);
#7070 = CARTESIAN_POINT('',(0.,1.));
#7071 = CARTESIAN_POINT('',(1.,1.));
#7072 = ( GEOMETRIC_REPRESENTATION_CONTEXT(2) 
PARAMETRIC_REPRESENTATION_CONTEXT() REPRESENTATION_CONTEXT('2D SPACE',''
  ) );
#7073 = ORIENTED_EDGE('',*,*,#4489,.T.);
#7074 = ORIENTED_EDGE('',*,*,#7008,.F.);
#7075 = ADVANCED_FACE('',(#7076),#1267,.F.);
#7076 = FACE_BOUND('',#7077,.F.);
#7077 = EDGE_LOOP('',(#7078,#7079,#7080,#7081));
#7078 = ORIENTED_EDGE('',*,*,#1249,.F.);
#7079 = ORIENTED_EDGE('',*,*,#7034,.T.);
#7080 = ORIENTED_EDGE('',*,*,#3983,.T.);
#7081 = ORIENTED_EDGE('',*,*,#7082,.F.);
#7082 = EDGE_CURVE('',#1250,#3984,#7083,.T.);
#7083 = SURFACE_CURVE('',#7084,(#7087,#7093),.PCURVE_S1.);
#7084 = B_SPLINE_CURVE_WITH_KNOTS('',1,(#7085,#7086),.UNSPECIFIED.,.F.,
  .F.,(2,2),(0.,1.),.PIECEWISE_BEZIER_KNOTS.);
#7085 = CARTESIAN_POINT('',(-5.366482821935,6.550824861818,0.));
#7086 = CARTESIAN_POINT('',(-5.366482821935,6.550824861818,9.9));
#7087 = PCURVE('',#1267,#7088);
#7088 = DEFINITIONAL_REPRESENTATION('',(#7089),#7092);
#7089 = B_SPLINE_CURVE_WITH_KNOTS('',1,(#7090,#7091),.UNSPECIFIED.,.F.,
  .F.,(2,2),(0.,1.),.PIECEWISE_BEZIER_KNOTS.);
#7090 = CARTESIAN_POINT('',(0.,1.));
#7091 = CARTESIAN_POINT('',(1.,1.));
#7092 = ( GEOMETRIC_REPRESENTATION_CONTEXT(2) 
PARAMETRIC_REPRESENTATION_CONTEXT() REPRESENTATION_CONTEXT('2D SPACE',''
  ) );
#7093 = PCURVE('',#1300,#7094);
#7094 = DEFINITIONAL_REPRESENTATION('',(#7095),#7098);
#7095 = B_SPLINE_CURVE_WITH_KNOTS('',1,(#7096,#7097),.UNSPECIFIED.,.F.,
  .F.,(2,2),(0.,1.),.PIECEWISE_BEZIER_KNOTS.);
#7096 = CARTESIAN_POINT('',(0.,0.));
#7097 = CARTESIAN_POINT('',(1.,0.));
#7098 = ( GEOMETRIC_REPRESENTATION_CONTEXT(2) 
PARAMETRIC_REPRESENTATION_CONTEXT() REPRESENTATION_CONTEXT('2D SPACE',''
  ) );
#7099 = ADVANCED_FACE('',(#7100),#1916,.F.);
#7100 = FACE_BOUND('',#7101,.F.);
#7101 = EDGE_LOOP('',(#7102,#7103,#7121,#7122));
#7102 = ORIENTED_EDGE('',*,*,#1898,.F.);
#7103 = ORIENTED_EDGE('',*,*,#7104,.T.);
#7104 = EDGE_CURVE('',#1870,#4444,#7105,.T.);
#7105 = SURFACE_CURVE('',#7106,(#7109,#7115),.PCURVE_S1.);
#7106 = B_SPLINE_CURVE_WITH_KNOTS('',1,(#7107,#7108),.UNSPECIFIED.,.F.,
  .F.,(2,2),(0.,1.),.PIECEWISE_BEZIER_KNOTS.);
#7107 = CARTESIAN_POINT('',(-7.314648908825,-2.661067295324,0.));
#7108 = CARTESIAN_POINT('',(-7.314648908825,-2.661067295324,9.9));
#7109 = PCURVE('',#1916,#7110);
#7110 = DEFINITIONAL_REPRESENTATION('',(#7111),#7114);
#7111 = B_SPLINE_CURVE_WITH_KNOTS('',1,(#7112,#7113),.UNSPECIFIED.,.F.,
  .F.,(2,2),(0.,1.),.PIECEWISE_BEZIER_KNOTS.);
#7112 = CARTESIAN_POINT('',(0.,0.));
#7113 = CARTESIAN_POINT('',(1.,0.));
#7114 = ( GEOMETRIC_REPRESENTATION_CONTEXT(2) 
PARAMETRIC_REPRESENTATION_CONTEXT() REPRESENTATION_CONTEXT('2D SPACE',''
  ) );
#7115 = PCURVE('',#1885,#7116);
#7116 = DEFINITIONAL_REPRESENTATION('',(#7117),#7120);
#7117 = B_SPLINE_CURVE_WITH_KNOTS('',1,(#7118,#7119),.UNSPECIFIED.,.F.,
  .F.,(2,2),(0.,1.),.PIECEWISE_BEZIER_KNOTS.);
#7118 = CARTESIAN_POINT('',(0.,1.));
#7119 = CARTESIAN_POINT('',(1.,1.));
#7120 = ( GEOMETRIC_REPRESENTATION_CONTEXT(2) 
PARAMETRIC_REPRESENTATION_CONTEXT() REPRESENTATION_CONTEXT('2D SPACE',''
  ) );
#7121 = ORIENTED_EDGE('',*,*,#4465,.T.);
#7122 = ORIENTED_EDGE('',*,*,#7056,.F.);
#7123 = ADVANCED_FACE('',(#7124),#1300,.F.);
#7124 = FACE_BOUND('',#7125,.F.);
#7125 = EDGE_LOOP('',(#7126,#7127,#7128,#7129));
#7126 = ORIENTED_EDGE('',*,*,#1282,.F.);
#7127 = ORIENTED_EDGE('',*,*,#7082,.T.);
#7128 = ORIENTED_EDGE('',*,*,#4007,.T.);
#7129 = ORIENTED_EDGE('',*,*,#7130,.F.);
#7130 = EDGE_CURVE('',#1283,#4008,#7131,.T.);
#7131 = SURFACE_CURVE('',#7132,(#7135,#7141),.PCURVE_S1.);
#7132 = B_SPLINE_CURVE_WITH_KNOTS('',1,(#7133,#7134),.UNSPECIFIED.,.F.,
  .F.,(2,2),(0.,1.),.PIECEWISE_BEZIER_KNOTS.);
#7133 = CARTESIAN_POINT('',(-5.004138127145,5.961876333343,0.));
#7134 = CARTESIAN_POINT('',(-5.004138127145,5.961876333343,9.9));
#7135 = PCURVE('',#1300,#7136);
#7136 = DEFINITIONAL_REPRESENTATION('',(#7137),#7140);
#7137 = B_SPLINE_CURVE_WITH_KNOTS('',1,(#7138,#7139),.UNSPECIFIED.,.F.,
  .F.,(2,2),(0.,1.),.PIECEWISE_BEZIER_KNOTS.);
#7138 = CARTESIAN_POINT('',(0.,1.));
#7139 = CARTESIAN_POINT('',(1.,1.));
#7140 = ( GEOMETRIC_REPRESENTATION_CONTEXT(2) 
PARAMETRIC_REPRESENTATION_CONTEXT() REPRESENTATION_CONTEXT('2D SPACE',''
  ) );
#7141 = PCURVE('',#1331,#7142);
#7142 = DEFINITIONAL_REPRESENTATION('',(#7143),#7146);
#7143 = B_SPLINE_CURVE_WITH_KNOTS('',1,(#7144,#7145),.UNSPECIFIED.,.F.,
  .F.,(2,2),(0.,1.),.PIECEWISE_BEZIER_KNOTS.);
#7144 = CARTESIAN_POINT('',(0.,0.));
#7145 = CARTESIAN_POINT('',(1.,0.));
#7146 = ( GEOMETRIC_REPRESENTATION_CONTEXT(2) 
PARAMETRIC_REPRESENTATION_CONTEXT() REPRESENTATION_CONTEXT('2D SPACE',''
  ) );
#7147 = ADVANCED_FACE('',(#7148),#1885,.F.);
#7148 = FACE_BOUND('',#7149,.F.);
#7149 = EDGE_LOOP('',(#7150,#7151,#7169,#7170));
#7150 = ORIENTED_EDGE('',*,*,#1869,.F.);
#7151 = ORIENTED_EDGE('',*,*,#7152,.T.);
#7152 = EDGE_CURVE('',#1841,#4422,#7153,.T.);
#7153 = SURFACE_CURVE('',#7154,(#7157,#7163),.PCURVE_S1.);
#7154 = B_SPLINE_CURVE_WITH_KNOTS('',1,(#7155,#7156),.UNSPECIFIED.,.F.,
  .F.,(2,2),(0.,1.),.PIECEWISE_BEZIER_KNOTS.);
#7155 = CARTESIAN_POINT('',(-7.250521620033,-2.344000050648,
    -8.460799989015E-18));
#7156 = CARTESIAN_POINT('',(-7.250521620033,-2.344000050648,9.9));
#7157 = PCURVE('',#1885,#7158);
#7158 = DEFINITIONAL_REPRESENTATION('',(#7159),#7162);
#7159 = B_SPLINE_CURVE_WITH_KNOTS('',1,(#7160,#7161),.UNSPECIFIED.,.F.,
  .F.,(2,2),(0.,1.),.PIECEWISE_BEZIER_KNOTS.);
#7160 = CARTESIAN_POINT('',(0.,0.));
#7161 = CARTESIAN_POINT('',(1.,0.));
#7162 = ( GEOMETRIC_REPRESENTATION_CONTEXT(2) 
PARAMETRIC_REPRESENTATION_CONTEXT() REPRESENTATION_CONTEXT('2D SPACE',''
  ) );
#7163 = PCURVE('',#1856,#7164);
#7164 = DEFINITIONAL_REPRESENTATION('',(#7165),#7168);
#7165 = B_SPLINE_CURVE_WITH_KNOTS('',1,(#7166,#7167),.UNSPECIFIED.,.F.,
  .F.,(2,2),(0.,1.),.PIECEWISE_BEZIER_KNOTS.);
#7166 = CARTESIAN_POINT('',(0.,1.));
#7167 = CARTESIAN_POINT('',(1.,1.));
#7168 = ( GEOMETRIC_REPRESENTATION_CONTEXT(2) 
PARAMETRIC_REPRESENTATION_CONTEXT() REPRESENTATION_CONTEXT('2D SPACE',''
  ) );
#7169 = ORIENTED_EDGE('',*,*,#4443,.T.);
#7170 = ORIENTED_EDGE('',*,*,#7104,.F.);
#7171 = ADVANCED_FACE('',(#7172),#1331,.F.);
#7172 = FACE_BOUND('',#7173,.F.);
#7173 = EDGE_LOOP('',(#7174,#7175,#7176,#7177));
#7174 = ORIENTED_EDGE('',*,*,#1315,.F.);
#7175 = ORIENTED_EDGE('',*,*,#7130,.T.);
#7176 = ORIENTED_EDGE('',*,*,#4031,.T.);
#7177 = ORIENTED_EDGE('',*,*,#7178,.F.);
#7178 = EDGE_CURVE('',#1316,#4032,#7179,.T.);
#7179 = SURFACE_CURVE('',#7180,(#7183,#7189),.PCURVE_S1.);
#7180 = B_SPLINE_CURVE_WITH_KNOTS('',1,(#7181,#7182),.UNSPECIFIED.,.F.,
  .F.,(2,2),(0.,1.),.PIECEWISE_BEZIER_KNOTS.);
#7181 = CARTESIAN_POINT('',(-5.107135888313,5.655224400349,
    -8.460799989015E-18));
#7182 = CARTESIAN_POINT('',(-5.107135888313,5.655224400349,9.9));
#7183 = PCURVE('',#1331,#7184);
#7184 = DEFINITIONAL_REPRESENTATION('',(#7185),#7188);
#7185 = B_SPLINE_CURVE_WITH_KNOTS('',1,(#7186,#7187),.UNSPECIFIED.,.F.,
  .F.,(2,2),(0.,1.),.PIECEWISE_BEZIER_KNOTS.);
#7186 = CARTESIAN_POINT('',(0.,1.));
#7187 = CARTESIAN_POINT('',(1.,1.));
#7188 = ( GEOMETRIC_REPRESENTATION_CONTEXT(2) 
PARAMETRIC_REPRESENTATION_CONTEXT() REPRESENTATION_CONTEXT('2D SPACE',''
  ) );
#7189 = PCURVE('',#1360,#7190);
#7190 = DEFINITIONAL_REPRESENTATION('',(#7191),#7194);
#7191 = B_SPLINE_CURVE_WITH_KNOTS('',1,(#7192,#7193),.UNSPECIFIED.,.F.,
  .F.,(2,2),(0.,1.),.PIECEWISE_BEZIER_KNOTS.);
#7192 = CARTESIAN_POINT('',(0.,0.));
#7193 = CARTESIAN_POINT('',(1.,0.));
#7194 = ( GEOMETRIC_REPRESENTATION_CONTEXT(2) 
PARAMETRIC_REPRESENTATION_CONTEXT() REPRESENTATION_CONTEXT('2D SPACE',''
  ) );
#7195 = ADVANCED_FACE('',(#7196),#1856,.F.);
#7196 = FACE_BOUND('',#7197,.F.);
#7197 = EDGE_LOOP('',(#7198,#7199,#7217,#7218));
#7198 = ORIENTED_EDGE('',*,*,#1840,.F.);
#7199 = ORIENTED_EDGE('',*,*,#7200,.T.);
#7200 = EDGE_CURVE('',#1812,#4400,#7201,.T.);
#7201 = SURFACE_CURVE('',#7202,(#7205,#7211),.PCURVE_S1.);
#7202 = B_SPLINE_CURVE_WITH_KNOTS('',1,(#7203,#7204),.UNSPECIFIED.,.F.,
  .F.,(2,2),(0.,1.),.PIECEWISE_BEZIER_KNOTS.);
#7203 = CARTESIAN_POINT('',(-7.451135938961,-1.595297219683,
    -8.460799989015E-18));
#7204 = CARTESIAN_POINT('',(-7.451135938961,-1.595297219683,9.9));
#7205 = PCURVE('',#1856,#7206);
#7206 = DEFINITIONAL_REPRESENTATION('',(#7207),#7210);
#7207 = B_SPLINE_CURVE_WITH_KNOTS('',1,(#7208,#7209),.UNSPECIFIED.,.F.,
  .F.,(2,2),(0.,1.),.PIECEWISE_BEZIER_KNOTS.);
#7208 = CARTESIAN_POINT('',(0.,0.));
#7209 = CARTESIAN_POINT('',(1.,0.));
#7210 = ( GEOMETRIC_REPRESENTATION_CONTEXT(2) 
PARAMETRIC_REPRESENTATION_CONTEXT() REPRESENTATION_CONTEXT('2D SPACE',''
  ) );
#7211 = PCURVE('',#1827,#7212);
#7212 = DEFINITIONAL_REPRESENTATION('',(#7213),#7216);
#7213 = B_SPLINE_CURVE_WITH_KNOTS('',1,(#7214,#7215),.UNSPECIFIED.,.F.,
  .F.,(2,2),(0.,1.),.PIECEWISE_BEZIER_KNOTS.);
#7214 = CARTESIAN_POINT('',(0.,1.));
#7215 = CARTESIAN_POINT('',(1.,1.));
#7216 = ( GEOMETRIC_REPRESENTATION_CONTEXT(2) 
PARAMETRIC_REPRESENTATION_CONTEXT() REPRESENTATION_CONTEXT('2D SPACE',''
  ) );
#7217 = ORIENTED_EDGE('',*,*,#4421,.T.);
#7218 = ORIENTED_EDGE('',*,*,#7152,.F.);
#7219 = ADVANCED_FACE('',(#7220),#1360,.F.);
#7220 = FACE_BOUND('',#7221,.F.);
#7221 = EDGE_LOOP('',(#7222,#7223,#7224,#7225));
#7222 = ORIENTED_EDGE('',*,*,#1344,.F.);
#7223 = ORIENTED_EDGE('',*,*,#7178,.T.);
#7224 = ORIENTED_EDGE('',*,*,#4053,.T.);
#7225 = ORIENTED_EDGE('',*,*,#7226,.F.);
#7226 = EDGE_CURVE('',#1345,#4054,#7227,.T.);
#7227 = SURFACE_CURVE('',#7228,(#7231,#7237),.PCURVE_S1.);
#7228 = B_SPLINE_CURVE_WITH_KNOTS('',1,(#7229,#7230),.UNSPECIFIED.,.F.,
  .F.,(2,2),(0.,1.),.PIECEWISE_BEZIER_KNOTS.);
#7229 = CARTESIAN_POINT('',(-5.655224400349,5.107135888313,
    -8.460799989015E-18));
#7230 = CARTESIAN_POINT('',(-5.655224400349,5.107135888313,9.9));
#7231 = PCURVE('',#1360,#7232);
#7232 = DEFINITIONAL_REPRESENTATION('',(#7233),#7236);
#7233 = B_SPLINE_CURVE_WITH_KNOTS('',1,(#7234,#7235),.UNSPECIFIED.,.F.,
  .F.,(2,2),(0.,1.),.PIECEWISE_BEZIER_KNOTS.);
#7234 = CARTESIAN_POINT('',(0.,1.));
#7235 = CARTESIAN_POINT('',(1.,1.));
#7236 = ( GEOMETRIC_REPRESENTATION_CONTEXT(2) 
PARAMETRIC_REPRESENTATION_CONTEXT() REPRESENTATION_CONTEXT('2D SPACE',''
  ) );
#7237 = PCURVE('',#1389,#7238);
#7238 = DEFINITIONAL_REPRESENTATION('',(#7239),#7242);
#7239 = B_SPLINE_CURVE_WITH_KNOTS('',1,(#7240,#7241),.UNSPECIFIED.,.F.,
  .F.,(2,2),(0.,1.),.PIECEWISE_BEZIER_KNOTS.);
#7240 = CARTESIAN_POINT('',(0.,0.));
#7241 = CARTESIAN_POINT('',(1.,0.));
#7242 = ( GEOMETRIC_REPRESENTATION_CONTEXT(2) 
PARAMETRIC_REPRESENTATION_CONTEXT() REPRESENTATION_CONTEXT('2D SPACE',''
  ) );
#7243 = ADVANCED_FACE('',(#7244),#1827,.F.);
#7244 = FACE_BOUND('',#7245,.F.);
#7245 = EDGE_LOOP('',(#7246,#7247,#7265,#7266));
#7246 = ORIENTED_EDGE('',*,*,#1811,.F.);
#7247 = ORIENTED_EDGE('',*,*,#7248,.T.);
#7248 = EDGE_CURVE('',#1779,#4376,#7249,.T.);
#7249 = SURFACE_CURVE('',#7250,(#7253,#7259),.PCURVE_S1.);
#7250 = B_SPLINE_CURVE_WITH_KNOTS('',1,(#7251,#7252),.UNSPECIFIED.,.F.,
  .F.,(2,2),(0.,1.),.PIECEWISE_BEZIER_KNOTS.);
#7251 = CARTESIAN_POINT('',(-7.665205422469,-1.352772575482,0.));
#7252 = CARTESIAN_POINT('',(-7.665205422469,-1.352772575482,9.9));
#7253 = PCURVE('',#1827,#7254);
#7254 = DEFINITIONAL_REPRESENTATION('',(#7255),#7258);
#7255 = B_SPLINE_CURVE_WITH_KNOTS('',1,(#7256,#7257),.UNSPECIFIED.,.F.,
  .F.,(2,2),(0.,1.),.PIECEWISE_BEZIER_KNOTS.);
#7256 = CARTESIAN_POINT('',(0.,0.));
#7257 = CARTESIAN_POINT('',(1.,0.));
#7258 = ( GEOMETRIC_REPRESENTATION_CONTEXT(2) 
PARAMETRIC_REPRESENTATION_CONTEXT() REPRESENTATION_CONTEXT('2D SPACE',''
  ) );
#7259 = PCURVE('',#1796,#7260);
#7260 = DEFINITIONAL_REPRESENTATION('',(#7261),#7264);
#7261 = B_SPLINE_CURVE_WITH_KNOTS('',1,(#7262,#7263),.UNSPECIFIED.,.F.,
  .F.,(2,2),(0.,1.),.PIECEWISE_BEZIER_KNOTS.);
#7262 = CARTESIAN_POINT('',(0.,1.));
#7263 = CARTESIAN_POINT('',(1.,1.));
#7264 = ( GEOMETRIC_REPRESENTATION_CONTEXT(2) 
PARAMETRIC_REPRESENTATION_CONTEXT() REPRESENTATION_CONTEXT('2D SPACE',''
  ) );
#7265 = ORIENTED_EDGE('',*,*,#4399,.T.);
#7266 = ORIENTED_EDGE('',*,*,#7200,.F.);
#7267 = ADVANCED_FACE('',(#7268),#1389,.F.);
#7268 = FACE_BOUND('',#7269,.F.);
#7269 = EDGE_LOOP('',(#7270,#7271,#7272,#7273));
#7270 = ORIENTED_EDGE('',*,*,#1373,.F.);
#7271 = ORIENTED_EDGE('',*,*,#7226,.T.);
#7272 = ORIENTED_EDGE('',*,*,#4075,.T.);
#7273 = ORIENTED_EDGE('',*,*,#7274,.F.);
#7274 = EDGE_CURVE('',#1374,#4076,#7275,.T.);
#7275 = SURFACE_CURVE('',#7276,(#7279,#7285),.PCURVE_S1.);
#7276 = B_SPLINE_CURVE_WITH_KNOTS('',1,(#7277,#7278),.UNSPECIFIED.,.F.,
  .F.,(2,2),(0.,1.),.PIECEWISE_BEZIER_KNOTS.);
#7277 = CARTESIAN_POINT('',(-5.961876333343,5.004138127145,0.));
#7278 = CARTESIAN_POINT('',(-5.961876333343,5.004138127145,9.9));
#7279 = PCURVE('',#1389,#7280);
#7280 = DEFINITIONAL_REPRESENTATION('',(#7281),#7284);
#7281 = B_SPLINE_CURVE_WITH_KNOTS('',1,(#7282,#7283),.UNSPECIFIED.,.F.,
  .F.,(2,2),(0.,1.),.PIECEWISE_BEZIER_KNOTS.);
#7282 = CARTESIAN_POINT('',(0.,1.));
#7283 = CARTESIAN_POINT('',(1.,1.));
#7284 = ( GEOMETRIC_REPRESENTATION_CONTEXT(2) 
PARAMETRIC_REPRESENTATION_CONTEXT() REPRESENTATION_CONTEXT('2D SPACE',''
  ) );
#7285 = PCURVE('',#1420,#7286);
#7286 = DEFINITIONAL_REPRESENTATION('',(#7287),#7290);
#7287 = B_SPLINE_CURVE_WITH_KNOTS('',1,(#7288,#7289),.UNSPECIFIED.,.F.,
  .F.,(2,2),(0.,1.),.PIECEWISE_BEZIER_KNOTS.);
#7288 = CARTESIAN_POINT('',(0.,0.));
#7289 = CARTESIAN_POINT('',(1.,0.));
#7290 = ( GEOMETRIC_REPRESENTATION_CONTEXT(2) 
PARAMETRIC_REPRESENTATION_CONTEXT() REPRESENTATION_CONTEXT('2D SPACE',''
  ) );
#7291 = ADVANCED_FACE('',(#7292),#1796,.F.);
#7292 = FACE_BOUND('',#7293,.F.);
#7293 = EDGE_LOOP('',(#7294,#7295,#7313,#7314));
#7294 = ORIENTED_EDGE('',*,*,#1778,.F.);
#7295 = ORIENTED_EDGE('',*,*,#7296,.T.);
#7296 = EDGE_CURVE('',#1746,#4352,#7297,.T.);
#7297 = SURFACE_CURVE('',#7298,(#7301,#7307),.PCURVE_S1.);
#7298 = B_SPLINE_CURVE_WITH_KNOTS('',1,(#7299,#7300),.UNSPECIFIED.,.F.,
  .F.,(2,2),(0.,1.),.PIECEWISE_BEZIER_KNOTS.);
#7299 = CARTESIAN_POINT('',(-8.356422157044,-1.372098021859,0.));
#7300 = CARTESIAN_POINT('',(-8.356422157044,-1.372098021859,9.9));
#7301 = PCURVE('',#1796,#7302);
#7302 = DEFINITIONAL_REPRESENTATION('',(#7303),#7306);
#7303 = B_SPLINE_CURVE_WITH_KNOTS('',1,(#7304,#7305),.UNSPECIFIED.,.F.,
  .F.,(2,2),(0.,1.),.PIECEWISE_BEZIER_KNOTS.);
#7304 = CARTESIAN_POINT('',(0.,0.));
#7305 = CARTESIAN_POINT('',(1.,0.));
#7306 = ( GEOMETRIC_REPRESENTATION_CONTEXT(2) 
PARAMETRIC_REPRESENTATION_CONTEXT() REPRESENTATION_CONTEXT('2D SPACE',''
  ) );
#7307 = PCURVE('',#1763,#7308);
#7308 = DEFINITIONAL_REPRESENTATION('',(#7309),#7312);
#7309 = B_SPLINE_CURVE_WITH_KNOTS('',1,(#7310,#7311),.UNSPECIFIED.,.F.,
  .F.,(2,2),(0.,1.),.PIECEWISE_BEZIER_KNOTS.);
#7310 = CARTESIAN_POINT('',(0.,1.));
#7311 = CARTESIAN_POINT('',(1.,1.));
#7312 = ( GEOMETRIC_REPRESENTATION_CONTEXT(2) 
PARAMETRIC_REPRESENTATION_CONTEXT() REPRESENTATION_CONTEXT('2D SPACE',''
  ) );
#7313 = ORIENTED_EDGE('',*,*,#4375,.T.);
#7314 = ORIENTED_EDGE('',*,*,#7248,.F.);
#7315 = ADVANCED_FACE('',(#7316),#1420,.F.);
#7316 = FACE_BOUND('',#7317,.F.);
#7317 = EDGE_LOOP('',(#7318,#7319,#7320,#7321));
#7318 = ORIENTED_EDGE('',*,*,#1402,.F.);
#7319 = ORIENTED_EDGE('',*,*,#7274,.T.);
#7320 = ORIENTED_EDGE('',*,*,#4097,.T.);
#7321 = ORIENTED_EDGE('',*,*,#7322,.F.);
#7322 = EDGE_CURVE('',#1403,#4098,#7323,.T.);
#7323 = SURFACE_CURVE('',#7324,(#7327,#7333),.PCURVE_S1.);
#7324 = B_SPLINE_CURVE_WITH_KNOTS('',1,(#7325,#7326),.UNSPECIFIED.,.F.,
  .F.,(2,2),(0.,1.),.PIECEWISE_BEZIER_KNOTS.);
#7325 = CARTESIAN_POINT('',(-6.550824861818,5.366482821935,0.));
#7326 = CARTESIAN_POINT('',(-6.550824861818,5.366482821935,9.9));
#7327 = PCURVE('',#1420,#7328);
#7328 = DEFINITIONAL_REPRESENTATION('',(#7329),#7332);
#7329 = B_SPLINE_CURVE_WITH_KNOTS('',1,(#7330,#7331),.UNSPECIFIED.,.F.,
  .F.,(2,2),(0.,1.),.PIECEWISE_BEZIER_KNOTS.);
#7330 = CARTESIAN_POINT('',(0.,1.));
#7331 = CARTESIAN_POINT('',(1.,1.));
#7332 = ( GEOMETRIC_REPRESENTATION_CONTEXT(2) 
PARAMETRIC_REPRESENTATION_CONTEXT() REPRESENTATION_CONTEXT('2D SPACE',''
  ) );
#7333 = PCURVE('',#1453,#7334);
#7334 = DEFINITIONAL_REPRESENTATION('',(#7335),#7338);
#7335 = B_SPLINE_CURVE_WITH_KNOTS('',1,(#7336,#7337),.UNSPECIFIED.,.F.,
  .F.,(2,2),(0.,1.),.PIECEWISE_BEZIER_KNOTS.);
#7336 = CARTESIAN_POINT('',(0.,0.));
#7337 = CARTESIAN_POINT('',(1.,0.));
#7338 = ( GEOMETRIC_REPRESENTATION_CONTEXT(2) 
PARAMETRIC_REPRESENTATION_CONTEXT() REPRESENTATION_CONTEXT('2D SPACE',''
  ) );
#7339 = ADVANCED_FACE('',(#7340),#1763,.F.);
#7340 = FACE_BOUND('',#7341,.F.);
#7341 = EDGE_LOOP('',(#7342,#7343,#7361,#7362));
#7342 = ORIENTED_EDGE('',*,*,#1745,.F.);
#7343 = ORIENTED_EDGE('',*,*,#7344,.T.);
#7344 = EDGE_CURVE('',#1717,#4330,#7345,.T.);
#7345 = SURFACE_CURVE('',#7346,(#7349,#7355),.PCURVE_S1.);
#7346 = B_SPLINE_CURVE_WITH_KNOTS('',1,(#7347,#7348),.UNSPECIFIED.,.F.,
  .F.,(2,2),(0.,1.),.PIECEWISE_BEZIER_KNOTS.);
#7347 = CARTESIAN_POINT('',(-10.9147937409,-0.337161079433,0.));
#7348 = CARTESIAN_POINT('',(-10.9147937409,-0.337161079433,9.9));
#7349 = PCURVE('',#1763,#7350);
#7350 = DEFINITIONAL_REPRESENTATION('',(#7351),#7354);
#7351 = B_SPLINE_CURVE_WITH_KNOTS('',1,(#7352,#7353),.UNSPECIFIED.,.F.,
  .F.,(2,2),(0.,1.),.PIECEWISE_BEZIER_KNOTS.);
#7352 = CARTESIAN_POINT('',(0.,0.));
#7353 = CARTESIAN_POINT('',(1.,0.));
#7354 = ( GEOMETRIC_REPRESENTATION_CONTEXT(2) 
PARAMETRIC_REPRESENTATION_CONTEXT() REPRESENTATION_CONTEXT('2D SPACE',''
  ) );
#7355 = PCURVE('',#1732,#7356);
#7356 = DEFINITIONAL_REPRESENTATION('',(#7357),#7360);
#7357 = B_SPLINE_CURVE_WITH_KNOTS('',1,(#7358,#7359),.UNSPECIFIED.,.F.,
  .F.,(2,2),(0.,1.),.PIECEWISE_BEZIER_KNOTS.);
#7358 = CARTESIAN_POINT('',(0.,1.));
#7359 = CARTESIAN_POINT('',(1.,1.));
#7360 = ( GEOMETRIC_REPRESENTATION_CONTEXT(2) 
PARAMETRIC_REPRESENTATION_CONTEXT() REPRESENTATION_CONTEXT('2D SPACE',''
  ) );
#7361 = ORIENTED_EDGE('',*,*,#4351,.T.);
#7362 = ORIENTED_EDGE('',*,*,#7296,.F.);
#7363 = ADVANCED_FACE('',(#7364),#1453,.F.);
#7364 = FACE_BOUND('',#7365,.F.);
#7365 = EDGE_LOOP('',(#7366,#7367,#7368,#7369));
#7366 = ORIENTED_EDGE('',*,*,#1435,.F.);
#7367 = ORIENTED_EDGE('',*,*,#7322,.T.);
#7368 = ORIENTED_EDGE('',*,*,#4121,.T.);
#7369 = ORIENTED_EDGE('',*,*,#7370,.F.);
#7370 = EDGE_CURVE('',#1436,#4122,#7371,.T.);
#7371 = SURFACE_CURVE('',#7372,(#7375,#7381),.PCURVE_S1.);
#7372 = B_SPLINE_CURVE_WITH_KNOTS('',1,(#7373,#7374),.UNSPECIFIED.,.F.,
  .F.,(2,2),(0.,1.),.PIECEWISE_BEZIER_KNOTS.);
#7373 = CARTESIAN_POINT('',(-9.283908116975,5.74938693041,0.));
#7374 = CARTESIAN_POINT('',(-9.283908116975,5.74938693041,9.9));
#7375 = PCURVE('',#1453,#7376);
#7376 = DEFINITIONAL_REPRESENTATION('',(#7377),#7380);
#7377 = B_SPLINE_CURVE_WITH_KNOTS('',1,(#7378,#7379),.UNSPECIFIED.,.F.,
  .F.,(2,2),(0.,1.),.PIECEWISE_BEZIER_KNOTS.);
#7378 = CARTESIAN_POINT('',(0.,1.));
#7379 = CARTESIAN_POINT('',(1.,1.));
#7380 = ( GEOMETRIC_REPRESENTATION_CONTEXT(2) 
PARAMETRIC_REPRESENTATION_CONTEXT() REPRESENTATION_CONTEXT('2D SPACE',''
  ) );
#7381 = PCURVE('',#1484,#7382);
#7382 = DEFINITIONAL_REPRESENTATION('',(#7383),#7386);
#7383 = B_SPLINE_CURVE_WITH_KNOTS('',1,(#7384,#7385),.UNSPECIFIED.,.F.,
  .F.,(2,2),(0.,1.),.PIECEWISE_BEZIER_KNOTS.);
#7384 = CARTESIAN_POINT('',(0.,0.));
#7385 = CARTESIAN_POINT('',(1.,0.));
#7386 = ( GEOMETRIC_REPRESENTATION_CONTEXT(2) 
PARAMETRIC_REPRESENTATION_CONTEXT() REPRESENTATION_CONTEXT('2D SPACE',''
  ) );
#7387 = ADVANCED_FACE('',(#7388),#1732,.F.);
#7388 = FACE_BOUND('',#7389,.F.);
#7389 = EDGE_LOOP('',(#7390,#7391,#7409,#7410));
#7390 = ORIENTED_EDGE('',*,*,#1716,.F.);
#7391 = ORIENTED_EDGE('',*,*,#7392,.T.);
#7392 = EDGE_CURVE('',#1684,#4306,#7393,.T.);
#7393 = SURFACE_CURVE('',#7394,(#7397,#7403),.PCURVE_S1.);
#7394 = B_SPLINE_CURVE_WITH_KNOTS('',1,(#7395,#7396),.UNSPECIFIED.,.F.,
  .F.,(2,2),(0.,1.),.PIECEWISE_BEZIER_KNOTS.);
#7395 = CARTESIAN_POINT('',(-10.9147937409,0.337161079433,0.));
#7396 = CARTESIAN_POINT('',(-10.9147937409,0.337161079433,9.9));
#7397 = PCURVE('',#1732,#7398);
#7398 = DEFINITIONAL_REPRESENTATION('',(#7399),#7402);
#7399 = B_SPLINE_CURVE_WITH_KNOTS('',1,(#7400,#7401),.UNSPECIFIED.,.F.,
  .F.,(2,2),(0.,1.),.PIECEWISE_BEZIER_KNOTS.);
#7400 = CARTESIAN_POINT('',(0.,0.));
#7401 = CARTESIAN_POINT('',(1.,0.));
#7402 = ( GEOMETRIC_REPRESENTATION_CONTEXT(2) 
PARAMETRIC_REPRESENTATION_CONTEXT() REPRESENTATION_CONTEXT('2D SPACE',''
  ) );
#7403 = PCURVE('',#1701,#7404);
#7404 = DEFINITIONAL_REPRESENTATION('',(#7405),#7408);
#7405 = B_SPLINE_CURVE_WITH_KNOTS('',1,(#7406,#7407),.UNSPECIFIED.,.F.,
  .F.,(2,2),(0.,1.),.PIECEWISE_BEZIER_KNOTS.);
#7406 = CARTESIAN_POINT('',(0.,1.));
#7407 = CARTESIAN_POINT('',(1.,1.));
#7408 = ( GEOMETRIC_REPRESENTATION_CONTEXT(2) 
PARAMETRIC_REPRESENTATION_CONTEXT() REPRESENTATION_CONTEXT('2D SPACE',''
  ) );
#7409 = ORIENTED_EDGE('',*,*,#4329,.T.);
#7410 = ORIENTED_EDGE('',*,*,#7344,.F.);
#7411 = ADVANCED_FACE('',(#7412),#1484,.F.);
#7412 = FACE_BOUND('',#7413,.F.);
#7413 = EDGE_LOOP('',(#7414,#7415,#7416,#7417));
#7414 = ORIENTED_EDGE('',*,*,#1468,.F.);
#7415 = ORIENTED_EDGE('',*,*,#7370,.T.);
#7416 = ORIENTED_EDGE('',*,*,#4145,.T.);
#7417 = ORIENTED_EDGE('',*,*,#7418,.F.);
#7418 = EDGE_CURVE('',#1469,#4146,#7419,.T.);
#7419 = SURFACE_CURVE('',#7420,(#7423,#7429),.PCURVE_S1.);
#7420 = B_SPLINE_CURVE_WITH_KNOTS('',1,(#7421,#7422),.UNSPECIFIED.,.F.,
  .F.,(2,2),(0.,1.),.PIECEWISE_BEZIER_KNOTS.);
#7421 = CARTESIAN_POINT('',(-9.621069196408,5.165406810496,0.));
#7422 = CARTESIAN_POINT('',(-9.621069196408,5.165406810496,9.9));
#7423 = PCURVE('',#1484,#7424);
#7424 = DEFINITIONAL_REPRESENTATION('',(#7425),#7428);
#7425 = B_SPLINE_CURVE_WITH_KNOTS('',1,(#7426,#7427),.UNSPECIFIED.,.F.,
  .F.,(2,2),(0.,1.),.PIECEWISE_BEZIER_KNOTS.);
#7426 = CARTESIAN_POINT('',(0.,1.));
#7427 = CARTESIAN_POINT('',(1.,1.));
#7428 = ( GEOMETRIC_REPRESENTATION_CONTEXT(2) 
PARAMETRIC_REPRESENTATION_CONTEXT() REPRESENTATION_CONTEXT('2D SPACE',''
  ) );
#7429 = PCURVE('',#1515,#7430);
#7430 = DEFINITIONAL_REPRESENTATION('',(#7431),#7434);
#7431 = B_SPLINE_CURVE_WITH_KNOTS('',1,(#7432,#7433),.UNSPECIFIED.,.F.,
  .F.,(2,2),(0.,1.),.PIECEWISE_BEZIER_KNOTS.);
#7432 = CARTESIAN_POINT('',(0.,0.));
#7433 = CARTESIAN_POINT('',(1.,0.));
#7434 = ( GEOMETRIC_REPRESENTATION_CONTEXT(2) 
PARAMETRIC_REPRESENTATION_CONTEXT() REPRESENTATION_CONTEXT('2D SPACE',''
  ) );
#7435 = ADVANCED_FACE('',(#7436),#1701,.F.);
#7436 = FACE_BOUND('',#7437,.F.);
#7437 = EDGE_LOOP('',(#7438,#7439,#7457,#7458));
#7438 = ORIENTED_EDGE('',*,*,#1683,.F.);
#7439 = ORIENTED_EDGE('',*,*,#7440,.T.);
#7440 = EDGE_CURVE('',#1651,#4282,#7441,.T.);
#7441 = SURFACE_CURVE('',#7442,(#7445,#7451),.PCURVE_S1.);
#7442 = B_SPLINE_CURVE_WITH_KNOTS('',1,(#7443,#7444),.UNSPECIFIED.,.F.,
  .F.,(2,2),(0.,1.),.PIECEWISE_BEZIER_KNOTS.);
#7443 = CARTESIAN_POINT('',(-8.356422157044,1.372098021859,0.));
#7444 = CARTESIAN_POINT('',(-8.356422157044,1.372098021859,9.9));
#7445 = PCURVE('',#1701,#7446);
#7446 = DEFINITIONAL_REPRESENTATION('',(#7447),#7450);
#7447 = B_SPLINE_CURVE_WITH_KNOTS('',1,(#7448,#7449),.UNSPECIFIED.,.F.,
  .F.,(2,2),(0.,1.),.PIECEWISE_BEZIER_KNOTS.);
#7448 = CARTESIAN_POINT('',(0.,0.));
#7449 = CARTESIAN_POINT('',(1.,0.));
#7450 = ( GEOMETRIC_REPRESENTATION_CONTEXT(2) 
PARAMETRIC_REPRESENTATION_CONTEXT() REPRESENTATION_CONTEXT('2D SPACE',''
  ) );
#7451 = PCURVE('',#1668,#7452);
#7452 = DEFINITIONAL_REPRESENTATION('',(#7453),#7456);
#7453 = B_SPLINE_CURVE_WITH_KNOTS('',1,(#7454,#7455),.UNSPECIFIED.,.F.,
  .F.,(2,2),(0.,1.),.PIECEWISE_BEZIER_KNOTS.);
#7454 = CARTESIAN_POINT('',(0.,1.));
#7455 = CARTESIAN_POINT('',(1.,1.));
#7456 = ( GEOMETRIC_REPRESENTATION_CONTEXT(2) 
PARAMETRIC_REPRESENTATION_CONTEXT() REPRESENTATION_CONTEXT('2D SPACE',''
  ) );
#7457 = ORIENTED_EDGE('',*,*,#4305,.T.);
#7458 = ORIENTED_EDGE('',*,*,#7392,.F.);
#7459 = ADVANCED_FACE('',(#7460),#1515,.F.);
#7460 = FACE_BOUND('',#7461,.F.);
#7461 = EDGE_LOOP('',(#7462,#7463,#7464,#7465));
#7462 = ORIENTED_EDGE('',*,*,#1497,.F.);
#7463 = ORIENTED_EDGE('',*,*,#7418,.T.);
#7464 = ORIENTED_EDGE('',*,*,#4167,.T.);
#7465 = ORIENTED_EDGE('',*,*,#7466,.F.);
#7466 = EDGE_CURVE('',#1498,#4168,#7467,.T.);
#7467 = SURFACE_CURVE('',#7468,(#7471,#7477),.PCURVE_S1.);
#7468 = B_SPLINE_CURVE_WITH_KNOTS('',1,(#7469,#7470),.UNSPECIFIED.,.F.,
  .F.,(2,2),(0.,1.),.PIECEWISE_BEZIER_KNOTS.);
#7469 = CARTESIAN_POINT('',(-7.922922883677,2.98993933511,0.));
#7470 = CARTESIAN_POINT('',(-7.922922883677,2.98993933511,9.9));
#7471 = PCURVE('',#1515,#7472);
#7472 = DEFINITIONAL_REPRESENTATION('',(#7473),#7476);
#7473 = B_SPLINE_CURVE_WITH_KNOTS('',1,(#7474,#7475),.UNSPECIFIED.,.F.,
  .F.,(2,2),(0.,1.),.PIECEWISE_BEZIER_KNOTS.);
#7474 = CARTESIAN_POINT('',(0.,1.));
#7475 = CARTESIAN_POINT('',(1.,1.));
#7476 = ( GEOMETRIC_REPRESENTATION_CONTEXT(2) 
PARAMETRIC_REPRESENTATION_CONTEXT() REPRESENTATION_CONTEXT('2D SPACE',''
  ) );
#7477 = PCURVE('',#1548,#7478);
#7478 = DEFINITIONAL_REPRESENTATION('',(#7479),#7482);
#7479 = B_SPLINE_CURVE_WITH_KNOTS('',1,(#7480,#7481),.UNSPECIFIED.,.F.,
  .F.,(2,2),(0.,1.),.PIECEWISE_BEZIER_KNOTS.);
#7480 = CARTESIAN_POINT('',(0.,0.));
#7481 = CARTESIAN_POINT('',(1.,0.));
#7482 = ( GEOMETRIC_REPRESENTATION_CONTEXT(2) 
PARAMETRIC_REPRESENTATION_CONTEXT() REPRESENTATION_CONTEXT('2D SPACE',''
  ) );
#7483 = ADVANCED_FACE('',(#7484),#1668,.F.);
#7484 = FACE_BOUND('',#7485,.F.);
#7485 = EDGE_LOOP('',(#7486,#7487,#7505,#7506));
#7486 = ORIENTED_EDGE('',*,*,#1650,.F.);
#7487 = ORIENTED_EDGE('',*,*,#7488,.T.);
#7488 = EDGE_CURVE('',#1622,#4260,#7489,.T.);
#7489 = SURFACE_CURVE('',#7490,(#7493,#7499),.PCURVE_S1.);
#7490 = B_SPLINE_CURVE_WITH_KNOTS('',1,(#7491,#7492),.UNSPECIFIED.,.F.,
  .F.,(2,2),(0.,1.),.PIECEWISE_BEZIER_KNOTS.);
#7491 = CARTESIAN_POINT('',(-7.665205422469,1.352772575482,0.));
#7492 = CARTESIAN_POINT('',(-7.665205422469,1.352772575482,9.9));
#7493 = PCURVE('',#1668,#7494);
#7494 = DEFINITIONAL_REPRESENTATION('',(#7495),#7498);
#7495 = B_SPLINE_CURVE_WITH_KNOTS('',1,(#7496,#7497),.UNSPECIFIED.,.F.,
  .F.,(2,2),(0.,1.),.PIECEWISE_BEZIER_KNOTS.);
#7496 = CARTESIAN_POINT('',(0.,0.));
#7497 = CARTESIAN_POINT('',(1.,0.));
#7498 = ( GEOMETRIC_REPRESENTATION_CONTEXT(2) 
PARAMETRIC_REPRESENTATION_CONTEXT() REPRESENTATION_CONTEXT('2D SPACE',''
  ) );
#7499 = PCURVE('',#1637,#7500);
#7500 = DEFINITIONAL_REPRESENTATION('',(#7501),#7504);
#7501 = B_SPLINE_CURVE_WITH_KNOTS('',1,(#7502,#7503),.UNSPECIFIED.,.F.,
  .F.,(2,2),(0.,1.),.PIECEWISE_BEZIER_KNOTS.);
#7502 = CARTESIAN_POINT('',(0.,1.));
#7503 = CARTESIAN_POINT('',(1.,1.));
#7504 = ( GEOMETRIC_REPRESENTATION_CONTEXT(2) 
PARAMETRIC_REPRESENTATION_CONTEXT() REPRESENTATION_CONTEXT('2D SPACE',''
  ) );
#7505 = ORIENTED_EDGE('',*,*,#4281,.T.);
#7506 = ORIENTED_EDGE('',*,*,#7440,.F.);
#7507 = ADVANCED_FACE('',(#7508),#1548,.F.);
#7508 = FACE_BOUND('',#7509,.F.);
#7509 = EDGE_LOOP('',(#7510,#7511,#7512,#7513));
#7510 = ORIENTED_EDGE('',*,*,#1530,.F.);
#7511 = ORIENTED_EDGE('',*,*,#7466,.T.);
#7512 = ORIENTED_EDGE('',*,*,#4191,.T.);
#7513 = ORIENTED_EDGE('',*,*,#7514,.F.);
#7514 = EDGE_CURVE('',#1531,#4192,#7515,.T.);
#7515 = SURFACE_CURVE('',#7516,(#7519,#7525),.PCURVE_S1.);
#7516 = B_SPLINE_CURVE_WITH_KNOTS('',1,(#7517,#7518),.UNSPECIFIED.,.F.,
  .F.,(2,2),(0.,1.),.PIECEWISE_BEZIER_KNOTS.);
#7517 = CARTESIAN_POINT('',(-7.314648908825,2.661067295324,0.));
#7518 = CARTESIAN_POINT('',(-7.314648908825,2.661067295324,9.9));
#7519 = PCURVE('',#1548,#7520);
#7520 = DEFINITIONAL_REPRESENTATION('',(#7521),#7524);
#7521 = B_SPLINE_CURVE_WITH_KNOTS('',1,(#7522,#7523),.UNSPECIFIED.,.F.,
  .F.,(2,2),(0.,1.),.PIECEWISE_BEZIER_KNOTS.);
#7522 = CARTESIAN_POINT('',(0.,1.));
#7523 = CARTESIAN_POINT('',(1.,1.));
#7524 = ( GEOMETRIC_REPRESENTATION_CONTEXT(2) 
PARAMETRIC_REPRESENTATION_CONTEXT() REPRESENTATION_CONTEXT('2D SPACE',''
  ) );
#7525 = PCURVE('',#1579,#7526);
#7526 = DEFINITIONAL_REPRESENTATION('',(#7527),#7530);
#7527 = B_SPLINE_CURVE_WITH_KNOTS('',1,(#7528,#7529),.UNSPECIFIED.,.F.,
  .F.,(2,2),(0.,1.),.PIECEWISE_BEZIER_KNOTS.);
#7528 = CARTESIAN_POINT('',(0.,0.));
#7529 = CARTESIAN_POINT('',(1.,0.));
#7530 = ( GEOMETRIC_REPRESENTATION_CONTEXT(2) 
PARAMETRIC_REPRESENTATION_CONTEXT() REPRESENTATION_CONTEXT('2D SPACE',''
  ) );
#7531 = ADVANCED_FACE('',(#7532),#1637,.F.);
#7532 = FACE_BOUND('',#7533,.F.);
#7533 = EDGE_LOOP('',(#7534,#7535,#7553,#7554));
#7534 = ORIENTED_EDGE('',*,*,#1621,.F.);
#7535 = ORIENTED_EDGE('',*,*,#7536,.T.);
#7536 = EDGE_CURVE('',#1593,#4238,#7537,.T.);
#7537 = SURFACE_CURVE('',#7538,(#7541,#7547),.PCURVE_S1.);
#7538 = B_SPLINE_CURVE_WITH_KNOTS('',1,(#7539,#7540),.UNSPECIFIED.,.F.,
  .F.,(2,2),(0.,1.),.PIECEWISE_BEZIER_KNOTS.);
#7539 = CARTESIAN_POINT('',(-7.451135938961,1.595297219683,
    -8.460799989015E-18));
#7540 = CARTESIAN_POINT('',(-7.451135938961,1.595297219683,9.9));
#7541 = PCURVE('',#1637,#7542);
#7542 = DEFINITIONAL_REPRESENTATION('',(#7543),#7546);
#7543 = B_SPLINE_CURVE_WITH_KNOTS('',1,(#7544,#7545),.UNSPECIFIED.,.F.,
  .F.,(2,2),(0.,1.),.PIECEWISE_BEZIER_KNOTS.);
#7544 = CARTESIAN_POINT('',(0.,0.));
#7545 = CARTESIAN_POINT('',(1.,0.));
#7546 = ( GEOMETRIC_REPRESENTATION_CONTEXT(2) 
PARAMETRIC_REPRESENTATION_CONTEXT() REPRESENTATION_CONTEXT('2D SPACE',''
  ) );
#7547 = PCURVE('',#1608,#7548);
#7548 = DEFINITIONAL_REPRESENTATION('',(#7549),#7552);
#7549 = B_SPLINE_CURVE_WITH_KNOTS('',1,(#7550,#7551),.UNSPECIFIED.,.F.,
  .F.,(2,2),(0.,1.),.PIECEWISE_BEZIER_KNOTS.);
#7550 = CARTESIAN_POINT('',(0.,1.));
#7551 = CARTESIAN_POINT('',(1.,1.));
#7552 = ( GEOMETRIC_REPRESENTATION_CONTEXT(2) 
PARAMETRIC_REPRESENTATION_CONTEXT() REPRESENTATION_CONTEXT('2D SPACE',''
  ) );
#7553 = ORIENTED_EDGE('',*,*,#4259,.T.);
#7554 = ORIENTED_EDGE('',*,*,#7488,.F.);
#7555 = ADVANCED_FACE('',(#7556),#1579,.F.);
#7556 = FACE_BOUND('',#7557,.F.);
#7557 = EDGE_LOOP('',(#7558,#7559,#7560,#7561));
#7558 = ORIENTED_EDGE('',*,*,#1563,.F.);
#7559 = ORIENTED_EDGE('',*,*,#7514,.T.);
#7560 = ORIENTED_EDGE('',*,*,#4215,.T.);
#7561 = ORIENTED_EDGE('',*,*,#7562,.F.);
#7562 = EDGE_CURVE('',#1564,#4216,#7563,.T.);
#7563 = SURFACE_CURVE('',#7564,(#7567,#7573),.PCURVE_S1.);
#7564 = B_SPLINE_CURVE_WITH_KNOTS('',1,(#7565,#7566),.UNSPECIFIED.,.F.,
  .F.,(2,2),(0.,1.),.PIECEWISE_BEZIER_KNOTS.);
#7565 = CARTESIAN_POINT('',(-7.250521620033,2.344000050648,
    -8.460799989015E-18));
#7566 = CARTESIAN_POINT('',(-7.250521620033,2.344000050648,9.9));
#7567 = PCURVE('',#1579,#7568);
#7568 = DEFINITIONAL_REPRESENTATION('',(#7569),#7572);
#7569 = B_SPLINE_CURVE_WITH_KNOTS('',1,(#7570,#7571),.UNSPECIFIED.,.F.,
  .F.,(2,2),(0.,1.),.PIECEWISE_BEZIER_KNOTS.);
#7570 = CARTESIAN_POINT('',(0.,1.));
#7571 = CARTESIAN_POINT('',(1.,1.));
#7572 = ( GEOMETRIC_REPRESENTATION_CONTEXT(2) 
PARAMETRIC_REPRESENTATION_CONTEXT() REPRESENTATION_CONTEXT('2D SPACE',''
  ) );
#7573 = PCURVE('',#1608,#7574);
#7574 = DEFINITIONAL_REPRESENTATION('',(#7575),#7578);
#7575 = B_SPLINE_CURVE_WITH_KNOTS('',1,(#7576,#7577),.UNSPECIFIED.,.F.,
  .F.,(2,2),(0.,1.),.PIECEWISE_BEZIER_KNOTS.);
#7576 = CARTESIAN_POINT('',(0.,0.));
#7577 = CARTESIAN_POINT('',(1.,0.));
#7578 = ( GEOMETRIC_REPRESENTATION_CONTEXT(2) 
PARAMETRIC_REPRESENTATION_CONTEXT() REPRESENTATION_CONTEXT('2D SPACE',''
  ) );
#7579 = ADVANCED_FACE('',(#7580),#1608,.F.);
#7580 = FACE_BOUND('',#7581,.F.);
#7581 = EDGE_LOOP('',(#7582,#7583,#7584,#7585));
#7582 = ORIENTED_EDGE('',*,*,#1592,.F.);
#7583 = ORIENTED_EDGE('',*,*,#7562,.T.);
#7584 = ORIENTED_EDGE('',*,*,#4237,.T.);
#7585 = ORIENTED_EDGE('',*,*,#7536,.F.);
#7586 = ADVANCED_FACE('',(#7587),#3094,.F.);
#7587 = FACE_BOUND('',#7588,.F.);
#7588 = EDGE_LOOP('',(#7589,#7590,#7611,#7612));
#7589 = ORIENTED_EDGE('',*,*,#3073,.F.);
#7590 = ORIENTED_EDGE('',*,*,#7591,.F.);
#7591 = EDGE_CURVE('',#5321,#3074,#7592,.T.);
#7592 = SEAM_CURVE('',#7593,(#7597,#7604),.PCURVE_S1.);
#7593 = LINE('',#7594,#7595);
#7594 = CARTESIAN_POINT('',(-1.9,-4.65365783676E-16,9.9));
#7595 = VECTOR('',#7596,1.);
#7596 = DIRECTION('',(0.,0.,-1.));
#7597 = PCURVE('',#3094,#7598);
#7598 = DEFINITIONAL_REPRESENTATION('',(#7599),#7603);
#7599 = LINE('',#7600,#7601);
#7600 = CARTESIAN_POINT('',(6.28318530718,-0.));
#7601 = VECTOR('',#7602,1.);
#7602 = DIRECTION('',(0.,1.));
#7603 = ( GEOMETRIC_REPRESENTATION_CONTEXT(2) 
PARAMETRIC_REPRESENTATION_CONTEXT() REPRESENTATION_CONTEXT('2D SPACE',''
  ) );
#7604 = PCURVE('',#3094,#7605);
#7605 = DEFINITIONAL_REPRESENTATION('',(#7606),#7610);
#7606 = LINE('',#7607,#7608);
#7607 = CARTESIAN_POINT('',(0.,-0.));
#7608 = VECTOR('',#7609,1.);
#7609 = DIRECTION('',(0.,1.));
#7610 = ( GEOMETRIC_REPRESENTATION_CONTEXT(2) 
PARAMETRIC_REPRESENTATION_CONTEXT() REPRESENTATION_CONTEXT('2D SPACE',''
  ) );
#7611 = ORIENTED_EDGE('',*,*,#5320,.T.);
#7612 = ORIENTED_EDGE('',*,*,#7591,.T.);
#7613 = ( GEOMETRIC_REPRESENTATION_CONTEXT(3) 
GLOBAL_UNCERTAINTY_ASSIGNED_CONTEXT((#7617)) 
GLOBAL_UNIT_ASSIGNED_CONTEXT((#7614,#7615,#7616)) REPRESENTATION_CONTEXT
('Context #1','3D Context with UNIT and UNCERTAINTY') );
#7614 = ( LENGTH_UNIT() NAMED_UNIT(*) SI_UNIT(.MILLI.,.METRE.) );
#7615 = ( NAMED_UNIT(*) PLANE_ANGLE_UNIT() SI_UNIT($,.RADIAN.) );
#7616 = ( NAMED_UNIT(*) SI_UNIT($,.STERADIAN.) SOLID_ANGLE_UNIT() );
#7617 = UNCERTAINTY_MEASURE_WITH_UNIT(LENGTH_MEASURE(2.E-07),#7614,
  'distance_accuracy_value','confusion accuracy');
#7618 = PRODUCT_RELATED_PRODUCT_CATEGORY('part',$,(#7));
ENDSEC;
END-ISO-10303-21;
