ISO-10303-21;
HEADER;
FILE_DESCRIPTION(('Open CASCADE Model'),'2;1');
FILE_NAME('Open CASCADE Shape Model','2026-06-04T19:58:31',('Author'),(
    'Open CASCADE'),'Open CASCADE STEP processor 7.8','Open CASCADE 7.8'
  ,'Unknown');
FILE_SCHEMA(('AUTOMOTIVE_DESIGN { 1 0 10303 214 1 1 1 1 }'));
ENDSEC;
DATA;
#1 = APPLICATION_PROTOCOL_DEFINITION('international standard',
  'automotive_design',2000,#2);
#2 = APPLICATION_CONTEXT(
  'core data for automotive mechanical design processes');
#3 = SHAPE_DEFINITION_REPRESENTATION(#4,#10);
#4 = PRODUCT_DEFINITION_SHAPE('','',#5);
#5 = PRODUCT_DEFINITION('design','',#6,#9);
#6 = PRODUCT_DEFINITION_FORMATION('','',#7);
#7 = PRODUCT('Open CASCADE STEP translator 7.8 39',
  'Open CASCADE STEP translator 7.8 39','',(#8));
#8 = PRODUCT_CONTEXT('',#2,'mechanical');
#9 = PRODUCT_DEFINITION_CONTEXT('part definition',#2,'design');
#10 = ADVANCED_BREP_SHAPE_REPRESENTATION('',(#11,#15),#4489);
#11 = AXIS2_PLACEMENT_3D('',#12,#13,#14);
#12 = CARTESIAN_POINT('',(0.,0.,0.));
#13 = DIRECTION('',(0.,0.,1.));
#14 = DIRECTION('',(1.,0.,-0.));
#15 = MANIFOLD_SOLID_BREP('',#16);
#16 = CLOSED_SHELL('',(#17,#137,#549,#603,#958,#1125,#1152,#1233,#1397,
    #1478,#1530,#1611,#1663,#1744,#1796,#1877,#2097,#2178,#2205,#2310,
    #2359,#2435,#2511,#2587,#2663,#2739,#2862,#2963,#3086,#3182,#3232,
    #3259,#3337,#3364,#3414,#3487,#3514,#3592,#3665,#3692,#3770,#3843,
    #3870,#3948,#4021,#4048,#4098,#4125,#4175,#4248,#4275,#4302,#4315,
    #4342,#4369,#4396,#4423,#4450,#4461,#4468,#4475,#4482));
#17 = ADVANCED_FACE('',(#18),#32,.F.);
#18 = FACE_BOUND('',#19,.F.);
#19 = EDGE_LOOP('',(#20,#55,#83,#111));
#20 = ORIENTED_EDGE('',*,*,#21,.F.);
#21 = EDGE_CURVE('',#22,#24,#26,.T.);
#22 = VERTEX_POINT('',#23);
#23 = CARTESIAN_POINT('',(-47.5,-25.1,-5.));
#24 = VERTEX_POINT('',#25);
#25 = CARTESIAN_POINT('',(-47.5,-25.1,5.));
#26 = SURFACE_CURVE('',#27,(#31,#43),.PCURVE_S1.);
#27 = LINE('',#28,#29);
#28 = CARTESIAN_POINT('',(-47.5,-25.1,-5.));
#29 = VECTOR('',#30,1.);
#30 = DIRECTION('',(0.,0.,1.));
#31 = PCURVE('',#32,#37);
#32 = PLANE('',#33);
#33 = AXIS2_PLACEMENT_3D('',#34,#35,#36);
#34 = CARTESIAN_POINT('',(-47.5,-25.1,-5.));
#35 = DIRECTION('',(1.,0.,0.));
#36 = DIRECTION('',(0.,0.,1.));
#37 = DEFINITIONAL_REPRESENTATION('',(#38),#42);
#38 = LINE('',#39,#40);
#39 = CARTESIAN_POINT('',(0.,0.));
#40 = VECTOR('',#41,1.);
#41 = DIRECTION('',(1.,0.));
#42 = ( GEOMETRIC_REPRESENTATION_CONTEXT(2) 
PARAMETRIC_REPRESENTATION_CONTEXT() REPRESENTATION_CONTEXT('2D SPACE',''
  ) );
#43 = PCURVE('',#44,#49);
#44 = PLANE('',#45);
#45 = AXIS2_PLACEMENT_3D('',#46,#47,#48);
#46 = CARTESIAN_POINT('',(-47.5,-25.1,-5.));
#47 = DIRECTION('',(0.,1.,0.));
#48 = DIRECTION('',(0.,0.,1.));
#49 = DEFINITIONAL_REPRESENTATION('',(#50),#54);
#50 = LINE('',#51,#52);
#51 = CARTESIAN_POINT('',(0.,0.));
#52 = VECTOR('',#53,1.);
#53 = DIRECTION('',(1.,0.));
#54 = ( GEOMETRIC_REPRESENTATION_CONTEXT(2) 
PARAMETRIC_REPRESENTATION_CONTEXT() REPRESENTATION_CONTEXT('2D SPACE',''
  ) );
#55 = ORIENTED_EDGE('',*,*,#56,.T.);
#56 = EDGE_CURVE('',#22,#57,#59,.T.);
#57 = VERTEX_POINT('',#58);
#58 = CARTESIAN_POINT('',(-47.5,25.1,-5.));
#59 = SURFACE_CURVE('',#60,(#64,#71),.PCURVE_S1.);
#60 = LINE('',#61,#62);
#61 = CARTESIAN_POINT('',(-47.5,-25.1,-5.));
#62 = VECTOR('',#63,1.);
#63 = DIRECTION('',(0.,1.,0.));
#64 = PCURVE('',#32,#65);
#65 = DEFINITIONAL_REPRESENTATION('',(#66),#70);
#66 = LINE('',#67,#68);
#67 = CARTESIAN_POINT('',(0.,0.));
#68 = VECTOR('',#69,1.);
#69 = DIRECTION('',(0.,-1.));
#70 = ( GEOMETRIC_REPRESENTATION_CONTEXT(2) 
PARAMETRIC_REPRESENTATION_CONTEXT() REPRESENTATION_CONTEXT('2D SPACE',''
  ) );
#71 = PCURVE('',#72,#77);
#72 = PLANE('',#73);
#73 = AXIS2_PLACEMENT_3D('',#74,#75,#76);
#74 = CARTESIAN_POINT('',(-47.5,-25.1,-5.));
#75 = DIRECTION('',(0.,0.,1.));
#76 = DIRECTION('',(1.,0.,0.));
#77 = DEFINITIONAL_REPRESENTATION('',(#78),#82);
#78 = LINE('',#79,#80);
#79 = CARTESIAN_POINT('',(0.,0.));
#80 = VECTOR('',#81,1.);
#81 = DIRECTION('',(0.,1.));
#82 = ( GEOMETRIC_REPRESENTATION_CONTEXT(2) 
PARAMETRIC_REPRESENTATION_CONTEXT() REPRESENTATION_CONTEXT('2D SPACE',''
  ) );
#83 = ORIENTED_EDGE('',*,*,#84,.T.);
#84 = EDGE_CURVE('',#57,#85,#87,.T.);
#85 = VERTEX_POINT('',#86);
#86 = CARTESIAN_POINT('',(-47.5,25.1,5.));
#87 = SURFACE_CURVE('',#88,(#92,#99),.PCURVE_S1.);
#88 = LINE('',#89,#90);
#89 = CARTESIAN_POINT('',(-47.5,25.1,-5.));
#90 = VECTOR('',#91,1.);
#91 = DIRECTION('',(0.,0.,1.));
#92 = PCURVE('',#32,#93);
#93 = DEFINITIONAL_REPRESENTATION('',(#94),#98);
#94 = LINE('',#95,#96);
#95 = CARTESIAN_POINT('',(0.,-50.2));
#96 = VECTOR('',#97,1.);
#97 = DIRECTION('',(1.,0.));
#98 = ( GEOMETRIC_REPRESENTATION_CONTEXT(2) 
PARAMETRIC_REPRESENTATION_CONTEXT() REPRESENTATION_CONTEXT('2D SPACE',''
  ) );
#99 = PCURVE('',#100,#105);
#100 = PLANE('',#101);
#101 = AXIS2_PLACEMENT_3D('',#102,#103,#104);
#102 = CARTESIAN_POINT('',(-47.5,25.1,-5.));
#103 = DIRECTION('',(0.,1.,0.));
#104 = DIRECTION('',(0.,0.,1.));
#105 = DEFINITIONAL_REPRESENTATION('',(#106),#110);
#106 = LINE('',#107,#108);
#107 = CARTESIAN_POINT('',(0.,0.));
#108 = VECTOR('',#109,1.);
#109 = DIRECTION('',(1.,0.));
#110 = ( GEOMETRIC_REPRESENTATION_CONTEXT(2) 
PARAMETRIC_REPRESENTATION_CONTEXT() REPRESENTATION_CONTEXT('2D SPACE',''
  ) );
#111 = ORIENTED_EDGE('',*,*,#112,.F.);
#112 = EDGE_CURVE('',#24,#85,#113,.T.);
#113 = SURFACE_CURVE('',#114,(#118,#125),.PCURVE_S1.);
#114 = LINE('',#115,#116);
#115 = CARTESIAN_POINT('',(-47.5,-25.1,5.));
#116 = VECTOR('',#117,1.);
#117 = DIRECTION('',(0.,1.,0.));
#118 = PCURVE('',#32,#119);
#119 = DEFINITIONAL_REPRESENTATION('',(#120),#124);
#120 = LINE('',#121,#122);
#121 = CARTESIAN_POINT('',(10.,0.));
#122 = VECTOR('',#123,1.);
#123 = DIRECTION('',(0.,-1.));
#124 = ( GEOMETRIC_REPRESENTATION_CONTEXT(2) 
PARAMETRIC_REPRESENTATION_CONTEXT() REPRESENTATION_CONTEXT('2D SPACE',''
  ) );
#125 = PCURVE('',#126,#131);
#126 = PLANE('',#127);
#127 = AXIS2_PLACEMENT_3D('',#128,#129,#130);
#128 = CARTESIAN_POINT('',(-47.5,-25.1,5.));
#129 = DIRECTION('',(0.,0.,1.));
#130 = DIRECTION('',(1.,0.,0.));
#131 = DEFINITIONAL_REPRESENTATION('',(#132),#136);
#132 = LINE('',#133,#134);
#133 = CARTESIAN_POINT('',(0.,0.));
#134 = VECTOR('',#135,1.);
#135 = DIRECTION('',(0.,1.));
#136 = ( GEOMETRIC_REPRESENTATION_CONTEXT(2) 
PARAMETRIC_REPRESENTATION_CONTEXT() REPRESENTATION_CONTEXT('2D SPACE',''
  ) );
#137 = ADVANCED_FACE('',(#138),#44,.F.);
#138 = FACE_BOUND('',#139,.F.);
#139 = EDGE_LOOP('',(#140,#163,#164,#187,#215,#243,#271,#299,#327,#355,
    #383,#411,#439,#467,#495,#523));
#140 = ORIENTED_EDGE('',*,*,#141,.F.);
#141 = EDGE_CURVE('',#22,#142,#144,.T.);
#142 = VERTEX_POINT('',#143);
#143 = CARTESIAN_POINT('',(47.5,-25.1,-5.));
#144 = SURFACE_CURVE('',#145,(#149,#156),.PCURVE_S1.);
#145 = LINE('',#146,#147);
#146 = CARTESIAN_POINT('',(-47.5,-25.1,-5.));
#147 = VECTOR('',#148,1.);
#148 = DIRECTION('',(1.,0.,0.));
#149 = PCURVE('',#44,#150);
#150 = DEFINITIONAL_REPRESENTATION('',(#151),#155);
#151 = LINE('',#152,#153);
#152 = CARTESIAN_POINT('',(0.,0.));
#153 = VECTOR('',#154,1.);
#154 = DIRECTION('',(0.,1.));
#155 = ( GEOMETRIC_REPRESENTATION_CONTEXT(2) 
PARAMETRIC_REPRESENTATION_CONTEXT() REPRESENTATION_CONTEXT('2D SPACE',''
  ) );
#156 = PCURVE('',#72,#157);
#157 = DEFINITIONAL_REPRESENTATION('',(#158),#162);
#158 = LINE('',#159,#160);
#159 = CARTESIAN_POINT('',(0.,0.));
#160 = VECTOR('',#161,1.);
#161 = DIRECTION('',(1.,0.));
#162 = ( GEOMETRIC_REPRESENTATION_CONTEXT(2) 
PARAMETRIC_REPRESENTATION_CONTEXT() REPRESENTATION_CONTEXT('2D SPACE',''
  ) );
#163 = ORIENTED_EDGE('',*,*,#21,.T.);
#164 = ORIENTED_EDGE('',*,*,#165,.T.);
#165 = EDGE_CURVE('',#24,#166,#168,.T.);
#166 = VERTEX_POINT('',#167);
#167 = CARTESIAN_POINT('',(-40.8,-25.1,5.));
#168 = SURFACE_CURVE('',#169,(#173,#180),.PCURVE_S1.);
#169 = LINE('',#170,#171);
#170 = CARTESIAN_POINT('',(-47.5,-25.1,5.));
#171 = VECTOR('',#172,1.);
#172 = DIRECTION('',(1.,0.,0.));
#173 = PCURVE('',#44,#174);
#174 = DEFINITIONAL_REPRESENTATION('',(#175),#179);
#175 = LINE('',#176,#177);
#176 = CARTESIAN_POINT('',(10.,0.));
#177 = VECTOR('',#178,1.);
#178 = DIRECTION('',(0.,1.));
#179 = ( GEOMETRIC_REPRESENTATION_CONTEXT(2) 
PARAMETRIC_REPRESENTATION_CONTEXT() REPRESENTATION_CONTEXT('2D SPACE',''
  ) );
#180 = PCURVE('',#126,#181);
#181 = DEFINITIONAL_REPRESENTATION('',(#182),#186);
#182 = LINE('',#183,#184);
#183 = CARTESIAN_POINT('',(0.,0.));
#184 = VECTOR('',#185,1.);
#185 = DIRECTION('',(1.,0.));
#186 = ( GEOMETRIC_REPRESENTATION_CONTEXT(2) 
PARAMETRIC_REPRESENTATION_CONTEXT() REPRESENTATION_CONTEXT('2D SPACE',''
  ) );
#187 = ORIENTED_EDGE('',*,*,#188,.T.);
#188 = EDGE_CURVE('',#166,#189,#191,.T.);
#189 = VERTEX_POINT('',#190);
#190 = CARTESIAN_POINT('',(-35.2,-25.1,5.));
#191 = SURFACE_CURVE('',#192,(#196,#203),.PCURVE_S1.);
#192 = LINE('',#193,#194);
#193 = CARTESIAN_POINT('',(-47.5,-25.1,5.));
#194 = VECTOR('',#195,1.);
#195 = DIRECTION('',(1.,0.,0.));
#196 = PCURVE('',#44,#197);
#197 = DEFINITIONAL_REPRESENTATION('',(#198),#202);
#198 = LINE('',#199,#200);
#199 = CARTESIAN_POINT('',(10.,0.));
#200 = VECTOR('',#201,1.);
#201 = DIRECTION('',(0.,1.));
#202 = ( GEOMETRIC_REPRESENTATION_CONTEXT(2) 
PARAMETRIC_REPRESENTATION_CONTEXT() REPRESENTATION_CONTEXT('2D SPACE',''
  ) );
#203 = PCURVE('',#204,#209);
#204 = PLANE('',#205);
#205 = AXIS2_PLACEMENT_3D('',#206,#207,#208);
#206 = CARTESIAN_POINT('',(-38.,0.,5.));
#207 = DIRECTION('',(0.,0.,1.));
#208 = DIRECTION('',(1.,0.,-0.));
#209 = DEFINITIONAL_REPRESENTATION('',(#210),#214);
#210 = LINE('',#211,#212);
#211 = CARTESIAN_POINT('',(-9.5,-25.1));
#212 = VECTOR('',#213,1.);
#213 = DIRECTION('',(1.,0.));
#214 = ( GEOMETRIC_REPRESENTATION_CONTEXT(2) 
PARAMETRIC_REPRESENTATION_CONTEXT() REPRESENTATION_CONTEXT('2D SPACE',''
  ) );
#215 = ORIENTED_EDGE('',*,*,#216,.T.);
#216 = EDGE_CURVE('',#189,#217,#219,.T.);
#217 = VERTEX_POINT('',#218);
#218 = CARTESIAN_POINT('',(-25.6,-25.1,5.));
#219 = SURFACE_CURVE('',#220,(#224,#231),.PCURVE_S1.);
#220 = LINE('',#221,#222);
#221 = CARTESIAN_POINT('',(-47.5,-25.1,5.));
#222 = VECTOR('',#223,1.);
#223 = DIRECTION('',(1.,0.,0.));
#224 = PCURVE('',#44,#225);
#225 = DEFINITIONAL_REPRESENTATION('',(#226),#230);
#226 = LINE('',#227,#228);
#227 = CARTESIAN_POINT('',(10.,0.));
#228 = VECTOR('',#229,1.);
#229 = DIRECTION('',(0.,1.));
#230 = ( GEOMETRIC_REPRESENTATION_CONTEXT(2) 
PARAMETRIC_REPRESENTATION_CONTEXT() REPRESENTATION_CONTEXT('2D SPACE',''
  ) );
#231 = PCURVE('',#232,#237);
#232 = PLANE('',#233);
#233 = AXIS2_PLACEMENT_3D('',#234,#235,#236);
#234 = CARTESIAN_POINT('',(-47.5,-25.1,5.));
#235 = DIRECTION('',(0.,0.,1.));
#236 = DIRECTION('',(1.,0.,0.));
#237 = DEFINITIONAL_REPRESENTATION('',(#238),#242);
#238 = LINE('',#239,#240);
#239 = CARTESIAN_POINT('',(0.,0.));
#240 = VECTOR('',#241,1.);
#241 = DIRECTION('',(1.,0.));
#242 = ( GEOMETRIC_REPRESENTATION_CONTEXT(2) 
PARAMETRIC_REPRESENTATION_CONTEXT() REPRESENTATION_CONTEXT('2D SPACE',''
  ) );
#243 = ORIENTED_EDGE('',*,*,#244,.T.);
#244 = EDGE_CURVE('',#217,#245,#247,.T.);
#245 = VERTEX_POINT('',#246);
#246 = CARTESIAN_POINT('',(-20.,-25.1,5.));
#247 = SURFACE_CURVE('',#248,(#252,#259),.PCURVE_S1.);
#248 = LINE('',#249,#250);
#249 = CARTESIAN_POINT('',(-47.5,-25.1,5.));
#250 = VECTOR('',#251,1.);
#251 = DIRECTION('',(1.,0.,0.));
#252 = PCURVE('',#44,#253);
#253 = DEFINITIONAL_REPRESENTATION('',(#254),#258);
#254 = LINE('',#255,#256);
#255 = CARTESIAN_POINT('',(10.,0.));
#256 = VECTOR('',#257,1.);
#257 = DIRECTION('',(0.,1.));
#258 = ( GEOMETRIC_REPRESENTATION_CONTEXT(2) 
PARAMETRIC_REPRESENTATION_CONTEXT() REPRESENTATION_CONTEXT('2D SPACE',''
  ) );
#259 = PCURVE('',#260,#265);
#260 = PLANE('',#261);
#261 = AXIS2_PLACEMENT_3D('',#262,#263,#264);
#262 = CARTESIAN_POINT('',(-38.,0.,5.));
#263 = DIRECTION('',(0.,0.,1.));
#264 = DIRECTION('',(1.,0.,-0.));
#265 = DEFINITIONAL_REPRESENTATION('',(#266),#270);
#266 = LINE('',#267,#268);
#267 = CARTESIAN_POINT('',(-9.5,-25.1));
#268 = VECTOR('',#269,1.);
#269 = DIRECTION('',(1.,0.));
#270 = ( GEOMETRIC_REPRESENTATION_CONTEXT(2) 
PARAMETRIC_REPRESENTATION_CONTEXT() REPRESENTATION_CONTEXT('2D SPACE',''
  ) );
#271 = ORIENTED_EDGE('',*,*,#272,.T.);
#272 = EDGE_CURVE('',#245,#273,#275,.T.);
#273 = VERTEX_POINT('',#274);
#274 = CARTESIAN_POINT('',(-10.4,-25.1,5.));
#275 = SURFACE_CURVE('',#276,(#280,#287),.PCURVE_S1.);
#276 = LINE('',#277,#278);
#277 = CARTESIAN_POINT('',(-47.5,-25.1,5.));
#278 = VECTOR('',#279,1.);
#279 = DIRECTION('',(1.,0.,0.));
#280 = PCURVE('',#44,#281);
#281 = DEFINITIONAL_REPRESENTATION('',(#282),#286);
#282 = LINE('',#283,#284);
#283 = CARTESIAN_POINT('',(10.,0.));
#284 = VECTOR('',#285,1.);
#285 = DIRECTION('',(0.,1.));
#286 = ( GEOMETRIC_REPRESENTATION_CONTEXT(2) 
PARAMETRIC_REPRESENTATION_CONTEXT() REPRESENTATION_CONTEXT('2D SPACE',''
  ) );
#287 = PCURVE('',#288,#293);
#288 = PLANE('',#289);
#289 = AXIS2_PLACEMENT_3D('',#290,#291,#292);
#290 = CARTESIAN_POINT('',(-47.5,-25.1,5.));
#291 = DIRECTION('',(0.,0.,1.));
#292 = DIRECTION('',(1.,0.,0.));
#293 = DEFINITIONAL_REPRESENTATION('',(#294),#298);
#294 = LINE('',#295,#296);
#295 = CARTESIAN_POINT('',(0.,0.));
#296 = VECTOR('',#297,1.);
#297 = DIRECTION('',(1.,0.));
#298 = ( GEOMETRIC_REPRESENTATION_CONTEXT(2) 
PARAMETRIC_REPRESENTATION_CONTEXT() REPRESENTATION_CONTEXT('2D SPACE',''
  ) );
#299 = ORIENTED_EDGE('',*,*,#300,.T.);
#300 = EDGE_CURVE('',#273,#301,#303,.T.);
#301 = VERTEX_POINT('',#302);
#302 = CARTESIAN_POINT('',(-4.8,-25.1,5.));
#303 = SURFACE_CURVE('',#304,(#308,#315),.PCURVE_S1.);
#304 = LINE('',#305,#306);
#305 = CARTESIAN_POINT('',(-47.5,-25.1,5.));
#306 = VECTOR('',#307,1.);
#307 = DIRECTION('',(1.,0.,0.));
#308 = PCURVE('',#44,#309);
#309 = DEFINITIONAL_REPRESENTATION('',(#310),#314);
#310 = LINE('',#311,#312);
#311 = CARTESIAN_POINT('',(10.,0.));
#312 = VECTOR('',#313,1.);
#313 = DIRECTION('',(0.,1.));
#314 = ( GEOMETRIC_REPRESENTATION_CONTEXT(2) 
PARAMETRIC_REPRESENTATION_CONTEXT() REPRESENTATION_CONTEXT('2D SPACE',''
  ) );
#315 = PCURVE('',#316,#321);
#316 = PLANE('',#317);
#317 = AXIS2_PLACEMENT_3D('',#318,#319,#320);
#318 = CARTESIAN_POINT('',(-38.,0.,5.));
#319 = DIRECTION('',(0.,0.,1.));
#320 = DIRECTION('',(1.,0.,-0.));
#321 = DEFINITIONAL_REPRESENTATION('',(#322),#326);
#322 = LINE('',#323,#324);
#323 = CARTESIAN_POINT('',(-9.5,-25.1));
#324 = VECTOR('',#325,1.);
#325 = DIRECTION('',(1.,0.));
#326 = ( GEOMETRIC_REPRESENTATION_CONTEXT(2) 
PARAMETRIC_REPRESENTATION_CONTEXT() REPRESENTATION_CONTEXT('2D SPACE',''
  ) );
#327 = ORIENTED_EDGE('',*,*,#328,.T.);
#328 = EDGE_CURVE('',#301,#329,#331,.T.);
#329 = VERTEX_POINT('',#330);
#330 = CARTESIAN_POINT('',(4.8,-25.1,5.));
#331 = SURFACE_CURVE('',#332,(#336,#343),.PCURVE_S1.);
#332 = LINE('',#333,#334);
#333 = CARTESIAN_POINT('',(-47.5,-25.1,5.));
#334 = VECTOR('',#335,1.);
#335 = DIRECTION('',(1.,0.,0.));
#336 = PCURVE('',#44,#337);
#337 = DEFINITIONAL_REPRESENTATION('',(#338),#342);
#338 = LINE('',#339,#340);
#339 = CARTESIAN_POINT('',(10.,0.));
#340 = VECTOR('',#341,1.);
#341 = DIRECTION('',(0.,1.));
#342 = ( GEOMETRIC_REPRESENTATION_CONTEXT(2) 
PARAMETRIC_REPRESENTATION_CONTEXT() REPRESENTATION_CONTEXT('2D SPACE',''
  ) );
#343 = PCURVE('',#344,#349);
#344 = PLANE('',#345);
#345 = AXIS2_PLACEMENT_3D('',#346,#347,#348);
#346 = CARTESIAN_POINT('',(-47.5,-25.1,5.));
#347 = DIRECTION('',(0.,0.,1.));
#348 = DIRECTION('',(1.,0.,0.));
#349 = DEFINITIONAL_REPRESENTATION('',(#350),#354);
#350 = LINE('',#351,#352);
#351 = CARTESIAN_POINT('',(0.,0.));
#352 = VECTOR('',#353,1.);
#353 = DIRECTION('',(1.,0.));
#354 = ( GEOMETRIC_REPRESENTATION_CONTEXT(2) 
PARAMETRIC_REPRESENTATION_CONTEXT() REPRESENTATION_CONTEXT('2D SPACE',''
  ) );
#355 = ORIENTED_EDGE('',*,*,#356,.T.);
#356 = EDGE_CURVE('',#329,#357,#359,.T.);
#357 = VERTEX_POINT('',#358);
#358 = CARTESIAN_POINT('',(10.4,-25.1,5.));
#359 = SURFACE_CURVE('',#360,(#364,#371),.PCURVE_S1.);
#360 = LINE('',#361,#362);
#361 = CARTESIAN_POINT('',(-47.5,-25.1,5.));
#362 = VECTOR('',#363,1.);
#363 = DIRECTION('',(1.,0.,0.));
#364 = PCURVE('',#44,#365);
#365 = DEFINITIONAL_REPRESENTATION('',(#366),#370);
#366 = LINE('',#367,#368);
#367 = CARTESIAN_POINT('',(10.,0.));
#368 = VECTOR('',#369,1.);
#369 = DIRECTION('',(0.,1.));
#370 = ( GEOMETRIC_REPRESENTATION_CONTEXT(2) 
PARAMETRIC_REPRESENTATION_CONTEXT() REPRESENTATION_CONTEXT('2D SPACE',''
  ) );
#371 = PCURVE('',#372,#377);
#372 = PLANE('',#373);
#373 = AXIS2_PLACEMENT_3D('',#374,#375,#376);
#374 = CARTESIAN_POINT('',(-38.,0.,5.));
#375 = DIRECTION('',(0.,0.,1.));
#376 = DIRECTION('',(1.,0.,-0.));
#377 = DEFINITIONAL_REPRESENTATION('',(#378),#382);
#378 = LINE('',#379,#380);
#379 = CARTESIAN_POINT('',(-9.5,-25.1));
#380 = VECTOR('',#381,1.);
#381 = DIRECTION('',(1.,0.));
#382 = ( GEOMETRIC_REPRESENTATION_CONTEXT(2) 
PARAMETRIC_REPRESENTATION_CONTEXT() REPRESENTATION_CONTEXT('2D SPACE',''
  ) );
#383 = ORIENTED_EDGE('',*,*,#384,.T.);
#384 = EDGE_CURVE('',#357,#385,#387,.T.);
#385 = VERTEX_POINT('',#386);
#386 = CARTESIAN_POINT('',(20.,-25.1,5.));
#387 = SURFACE_CURVE('',#388,(#392,#399),.PCURVE_S1.);
#388 = LINE('',#389,#390);
#389 = CARTESIAN_POINT('',(-47.5,-25.1,5.));
#390 = VECTOR('',#391,1.);
#391 = DIRECTION('',(1.,0.,0.));
#392 = PCURVE('',#44,#393);
#393 = DEFINITIONAL_REPRESENTATION('',(#394),#398);
#394 = LINE('',#395,#396);
#395 = CARTESIAN_POINT('',(10.,0.));
#396 = VECTOR('',#397,1.);
#397 = DIRECTION('',(0.,1.));
#398 = ( GEOMETRIC_REPRESENTATION_CONTEXT(2) 
PARAMETRIC_REPRESENTATION_CONTEXT() REPRESENTATION_CONTEXT('2D SPACE',''
  ) );
#399 = PCURVE('',#400,#405);
#400 = PLANE('',#401);
#401 = AXIS2_PLACEMENT_3D('',#402,#403,#404);
#402 = CARTESIAN_POINT('',(-47.5,-25.1,5.));
#403 = DIRECTION('',(0.,0.,1.));
#404 = DIRECTION('',(1.,0.,0.));
#405 = DEFINITIONAL_REPRESENTATION('',(#406),#410);
#406 = LINE('',#407,#408);
#407 = CARTESIAN_POINT('',(0.,0.));
#408 = VECTOR('',#409,1.);
#409 = DIRECTION('',(1.,0.));
#410 = ( GEOMETRIC_REPRESENTATION_CONTEXT(2) 
PARAMETRIC_REPRESENTATION_CONTEXT() REPRESENTATION_CONTEXT('2D SPACE',''
  ) );
#411 = ORIENTED_EDGE('',*,*,#412,.T.);
#412 = EDGE_CURVE('',#385,#413,#415,.T.);
#413 = VERTEX_POINT('',#414);
#414 = CARTESIAN_POINT('',(25.6,-25.1,5.));
#415 = SURFACE_CURVE('',#416,(#420,#427),.PCURVE_S1.);
#416 = LINE('',#417,#418);
#417 = CARTESIAN_POINT('',(-47.5,-25.1,5.));
#418 = VECTOR('',#419,1.);
#419 = DIRECTION('',(1.,0.,0.));
#420 = PCURVE('',#44,#421);
#421 = DEFINITIONAL_REPRESENTATION('',(#422),#426);
#422 = LINE('',#423,#424);
#423 = CARTESIAN_POINT('',(10.,0.));
#424 = VECTOR('',#425,1.);
#425 = DIRECTION('',(0.,1.));
#426 = ( GEOMETRIC_REPRESENTATION_CONTEXT(2) 
PARAMETRIC_REPRESENTATION_CONTEXT() REPRESENTATION_CONTEXT('2D SPACE',''
  ) );
#427 = PCURVE('',#428,#433);
#428 = PLANE('',#429);
#429 = AXIS2_PLACEMENT_3D('',#430,#431,#432);
#430 = CARTESIAN_POINT('',(-38.,0.,5.));
#431 = DIRECTION('',(0.,0.,1.));
#432 = DIRECTION('',(1.,0.,-0.));
#433 = DEFINITIONAL_REPRESENTATION('',(#434),#438);
#434 = LINE('',#435,#436);
#435 = CARTESIAN_POINT('',(-9.5,-25.1));
#436 = VECTOR('',#437,1.);
#437 = DIRECTION('',(1.,0.));
#438 = ( GEOMETRIC_REPRESENTATION_CONTEXT(2) 
PARAMETRIC_REPRESENTATION_CONTEXT() REPRESENTATION_CONTEXT('2D SPACE',''
  ) );
#439 = ORIENTED_EDGE('',*,*,#440,.T.);
#440 = EDGE_CURVE('',#413,#441,#443,.T.);
#441 = VERTEX_POINT('',#442);
#442 = CARTESIAN_POINT('',(35.2,-25.1,5.));
#443 = SURFACE_CURVE('',#444,(#448,#455),.PCURVE_S1.);
#444 = LINE('',#445,#446);
#445 = CARTESIAN_POINT('',(-47.5,-25.1,5.));
#446 = VECTOR('',#447,1.);
#447 = DIRECTION('',(1.,0.,0.));
#448 = PCURVE('',#44,#449);
#449 = DEFINITIONAL_REPRESENTATION('',(#450),#454);
#450 = LINE('',#451,#452);
#451 = CARTESIAN_POINT('',(10.,0.));
#452 = VECTOR('',#453,1.);
#453 = DIRECTION('',(0.,1.));
#454 = ( GEOMETRIC_REPRESENTATION_CONTEXT(2) 
PARAMETRIC_REPRESENTATION_CONTEXT() REPRESENTATION_CONTEXT('2D SPACE',''
  ) );
#455 = PCURVE('',#456,#461);
#456 = PLANE('',#457);
#457 = AXIS2_PLACEMENT_3D('',#458,#459,#460);
#458 = CARTESIAN_POINT('',(-47.5,-25.1,5.));
#459 = DIRECTION('',(0.,0.,1.));
#460 = DIRECTION('',(1.,0.,0.));
#461 = DEFINITIONAL_REPRESENTATION('',(#462),#466);
#462 = LINE('',#463,#464);
#463 = CARTESIAN_POINT('',(0.,0.));
#464 = VECTOR('',#465,1.);
#465 = DIRECTION('',(1.,0.));
#466 = ( GEOMETRIC_REPRESENTATION_CONTEXT(2) 
PARAMETRIC_REPRESENTATION_CONTEXT() REPRESENTATION_CONTEXT('2D SPACE',''
  ) );
#467 = ORIENTED_EDGE('',*,*,#468,.T.);
#468 = EDGE_CURVE('',#441,#469,#471,.T.);
#469 = VERTEX_POINT('',#470);
#470 = CARTESIAN_POINT('',(40.8,-25.1,5.));
#471 = SURFACE_CURVE('',#472,(#476,#483),.PCURVE_S1.);
#472 = LINE('',#473,#474);
#473 = CARTESIAN_POINT('',(-47.5,-25.1,5.));
#474 = VECTOR('',#475,1.);
#475 = DIRECTION('',(1.,0.,0.));
#476 = PCURVE('',#44,#477);
#477 = DEFINITIONAL_REPRESENTATION('',(#478),#482);
#478 = LINE('',#479,#480);
#479 = CARTESIAN_POINT('',(10.,0.));
#480 = VECTOR('',#481,1.);
#481 = DIRECTION('',(0.,1.));
#482 = ( GEOMETRIC_REPRESENTATION_CONTEXT(2) 
PARAMETRIC_REPRESENTATION_CONTEXT() REPRESENTATION_CONTEXT('2D SPACE',''
  ) );
#483 = PCURVE('',#484,#489);
#484 = PLANE('',#485);
#485 = AXIS2_PLACEMENT_3D('',#486,#487,#488);
#486 = CARTESIAN_POINT('',(-38.,0.,5.));
#487 = DIRECTION('',(0.,0.,1.));
#488 = DIRECTION('',(1.,0.,-0.));
#489 = DEFINITIONAL_REPRESENTATION('',(#490),#494);
#490 = LINE('',#491,#492);
#491 = CARTESIAN_POINT('',(-9.5,-25.1));
#492 = VECTOR('',#493,1.);
#493 = DIRECTION('',(1.,0.));
#494 = ( GEOMETRIC_REPRESENTATION_CONTEXT(2) 
PARAMETRIC_REPRESENTATION_CONTEXT() REPRESENTATION_CONTEXT('2D SPACE',''
  ) );
#495 = ORIENTED_EDGE('',*,*,#496,.T.);
#496 = EDGE_CURVE('',#469,#497,#499,.T.);
#497 = VERTEX_POINT('',#498);
#498 = CARTESIAN_POINT('',(47.5,-25.1,5.));
#499 = SURFACE_CURVE('',#500,(#504,#511),.PCURVE_S1.);
#500 = LINE('',#501,#502);
#501 = CARTESIAN_POINT('',(-47.5,-25.1,5.));
#502 = VECTOR('',#503,1.);
#503 = DIRECTION('',(1.,0.,0.));
#504 = PCURVE('',#44,#505);
#505 = DEFINITIONAL_REPRESENTATION('',(#506),#510);
#506 = LINE('',#507,#508);
#507 = CARTESIAN_POINT('',(10.,0.));
#508 = VECTOR('',#509,1.);
#509 = DIRECTION('',(0.,1.));
#510 = ( GEOMETRIC_REPRESENTATION_CONTEXT(2) 
PARAMETRIC_REPRESENTATION_CONTEXT() REPRESENTATION_CONTEXT('2D SPACE',''
  ) );
#511 = PCURVE('',#512,#517);
#512 = PLANE('',#513);
#513 = AXIS2_PLACEMENT_3D('',#514,#515,#516);
#514 = CARTESIAN_POINT('',(-47.5,-25.1,5.));
#515 = DIRECTION('',(0.,0.,1.));
#516 = DIRECTION('',(1.,0.,0.));
#517 = DEFINITIONAL_REPRESENTATION('',(#518),#522);
#518 = LINE('',#519,#520);
#519 = CARTESIAN_POINT('',(0.,0.));
#520 = VECTOR('',#521,1.);
#521 = DIRECTION('',(1.,0.));
#522 = ( GEOMETRIC_REPRESENTATION_CONTEXT(2) 
PARAMETRIC_REPRESENTATION_CONTEXT() REPRESENTATION_CONTEXT('2D SPACE',''
  ) );
#523 = ORIENTED_EDGE('',*,*,#524,.F.);
#524 = EDGE_CURVE('',#142,#497,#525,.T.);
#525 = SURFACE_CURVE('',#526,(#530,#537),.PCURVE_S1.);
#526 = LINE('',#527,#528);
#527 = CARTESIAN_POINT('',(47.5,-25.1,-5.));
#528 = VECTOR('',#529,1.);
#529 = DIRECTION('',(0.,0.,1.));
#530 = PCURVE('',#44,#531);
#531 = DEFINITIONAL_REPRESENTATION('',(#532),#536);
#532 = LINE('',#533,#534);
#533 = CARTESIAN_POINT('',(0.,95.));
#534 = VECTOR('',#535,1.);
#535 = DIRECTION('',(1.,0.));
#536 = ( GEOMETRIC_REPRESENTATION_CONTEXT(2) 
PARAMETRIC_REPRESENTATION_CONTEXT() REPRESENTATION_CONTEXT('2D SPACE',''
  ) );
#537 = PCURVE('',#538,#543);
#538 = PLANE('',#539);
#539 = AXIS2_PLACEMENT_3D('',#540,#541,#542);
#540 = CARTESIAN_POINT('',(47.5,-25.1,-5.));
#541 = DIRECTION('',(1.,0.,0.));
#542 = DIRECTION('',(0.,0.,1.));
#543 = DEFINITIONAL_REPRESENTATION('',(#544),#548);
#544 = LINE('',#545,#546);
#545 = CARTESIAN_POINT('',(0.,0.));
#546 = VECTOR('',#547,1.);
#547 = DIRECTION('',(1.,0.));
#548 = ( GEOMETRIC_REPRESENTATION_CONTEXT(2) 
PARAMETRIC_REPRESENTATION_CONTEXT() REPRESENTATION_CONTEXT('2D SPACE',''
  ) );
#549 = ADVANCED_FACE('',(#550),#126,.T.);
#550 = FACE_BOUND('',#551,.T.);
#551 = EDGE_LOOP('',(#552,#575,#576,#577));
#552 = ORIENTED_EDGE('',*,*,#553,.F.);
#553 = EDGE_CURVE('',#85,#554,#556,.T.);
#554 = VERTEX_POINT('',#555);
#555 = CARTESIAN_POINT('',(-40.8,25.1,5.));
#556 = SURFACE_CURVE('',#557,(#561,#568),.PCURVE_S1.);
#557 = LINE('',#558,#559);
#558 = CARTESIAN_POINT('',(-47.5,25.1,5.));
#559 = VECTOR('',#560,1.);
#560 = DIRECTION('',(1.,0.,0.));
#561 = PCURVE('',#126,#562);
#562 = DEFINITIONAL_REPRESENTATION('',(#563),#567);
#563 = LINE('',#564,#565);
#564 = CARTESIAN_POINT('',(0.,50.2));
#565 = VECTOR('',#566,1.);
#566 = DIRECTION('',(1.,0.));
#567 = ( GEOMETRIC_REPRESENTATION_CONTEXT(2) 
PARAMETRIC_REPRESENTATION_CONTEXT() REPRESENTATION_CONTEXT('2D SPACE',''
  ) );
#568 = PCURVE('',#100,#569);
#569 = DEFINITIONAL_REPRESENTATION('',(#570),#574);
#570 = LINE('',#571,#572);
#571 = CARTESIAN_POINT('',(10.,0.));
#572 = VECTOR('',#573,1.);
#573 = DIRECTION('',(0.,1.));
#574 = ( GEOMETRIC_REPRESENTATION_CONTEXT(2) 
PARAMETRIC_REPRESENTATION_CONTEXT() REPRESENTATION_CONTEXT('2D SPACE',''
  ) );
#575 = ORIENTED_EDGE('',*,*,#112,.F.);
#576 = ORIENTED_EDGE('',*,*,#165,.T.);
#577 = ORIENTED_EDGE('',*,*,#578,.F.);
#578 = EDGE_CURVE('',#554,#166,#579,.T.);
#579 = SURFACE_CURVE('',#580,(#584,#591),.PCURVE_S1.);
#580 = LINE('',#581,#582);
#581 = CARTESIAN_POINT('',(-40.8,38.,5.));
#582 = VECTOR('',#583,1.);
#583 = DIRECTION('',(0.,-1.,0.));
#584 = PCURVE('',#126,#585);
#585 = DEFINITIONAL_REPRESENTATION('',(#586),#590);
#586 = LINE('',#587,#588);
#587 = CARTESIAN_POINT('',(6.7,63.1));
#588 = VECTOR('',#589,1.);
#589 = DIRECTION('',(0.,-1.));
#590 = ( GEOMETRIC_REPRESENTATION_CONTEXT(2) 
PARAMETRIC_REPRESENTATION_CONTEXT() REPRESENTATION_CONTEXT('2D SPACE',''
  ) );
#591 = PCURVE('',#592,#597);
#592 = PLANE('',#593);
#593 = AXIS2_PLACEMENT_3D('',#594,#595,#596);
#594 = CARTESIAN_POINT('',(-40.8,38.,5.));
#595 = DIRECTION('',(1.,0.,-0.));
#596 = DIRECTION('',(0.,-1.,0.));
#597 = DEFINITIONAL_REPRESENTATION('',(#598),#602);
#598 = LINE('',#599,#600);
#599 = CARTESIAN_POINT('',(0.,0.));
#600 = VECTOR('',#601,1.);
#601 = DIRECTION('',(1.,0.));
#602 = ( GEOMETRIC_REPRESENTATION_CONTEXT(2) 
PARAMETRIC_REPRESENTATION_CONTEXT() REPRESENTATION_CONTEXT('2D SPACE',''
  ) );
#603 = ADVANCED_FACE('',(#604),#100,.T.);
#604 = FACE_BOUND('',#605,.T.);
#605 = EDGE_LOOP('',(#606,#629,#630,#631,#659,#682,#710,#733,#761,#784,
    #812,#835,#863,#886,#914,#937));
#606 = ORIENTED_EDGE('',*,*,#607,.F.);
#607 = EDGE_CURVE('',#57,#608,#610,.T.);
#608 = VERTEX_POINT('',#609);
#609 = CARTESIAN_POINT('',(47.5,25.1,-5.));
#610 = SURFACE_CURVE('',#611,(#615,#622),.PCURVE_S1.);
#611 = LINE('',#612,#613);
#612 = CARTESIAN_POINT('',(-47.5,25.1,-5.));
#613 = VECTOR('',#614,1.);
#614 = DIRECTION('',(1.,0.,0.));
#615 = PCURVE('',#100,#616);
#616 = DEFINITIONAL_REPRESENTATION('',(#617),#621);
#617 = LINE('',#618,#619);
#618 = CARTESIAN_POINT('',(0.,0.));
#619 = VECTOR('',#620,1.);
#620 = DIRECTION('',(0.,1.));
#621 = ( GEOMETRIC_REPRESENTATION_CONTEXT(2) 
PARAMETRIC_REPRESENTATION_CONTEXT() REPRESENTATION_CONTEXT('2D SPACE',''
  ) );
#622 = PCURVE('',#72,#623);
#623 = DEFINITIONAL_REPRESENTATION('',(#624),#628);
#624 = LINE('',#625,#626);
#625 = CARTESIAN_POINT('',(0.,50.2));
#626 = VECTOR('',#627,1.);
#627 = DIRECTION('',(1.,0.));
#628 = ( GEOMETRIC_REPRESENTATION_CONTEXT(2) 
PARAMETRIC_REPRESENTATION_CONTEXT() REPRESENTATION_CONTEXT('2D SPACE',''
  ) );
#629 = ORIENTED_EDGE('',*,*,#84,.T.);
#630 = ORIENTED_EDGE('',*,*,#553,.T.);
#631 = ORIENTED_EDGE('',*,*,#632,.T.);
#632 = EDGE_CURVE('',#554,#633,#635,.T.);
#633 = VERTEX_POINT('',#634);
#634 = CARTESIAN_POINT('',(-35.2,25.1,5.));
#635 = SURFACE_CURVE('',#636,(#640,#647),.PCURVE_S1.);
#636 = LINE('',#637,#638);
#637 = CARTESIAN_POINT('',(-47.5,25.1,5.));
#638 = VECTOR('',#639,1.);
#639 = DIRECTION('',(1.,0.,0.));
#640 = PCURVE('',#100,#641);
#641 = DEFINITIONAL_REPRESENTATION('',(#642),#646);
#642 = LINE('',#643,#644);
#643 = CARTESIAN_POINT('',(10.,0.));
#644 = VECTOR('',#645,1.);
#645 = DIRECTION('',(0.,1.));
#646 = ( GEOMETRIC_REPRESENTATION_CONTEXT(2) 
PARAMETRIC_REPRESENTATION_CONTEXT() REPRESENTATION_CONTEXT('2D SPACE',''
  ) );
#647 = PCURVE('',#648,#653);
#648 = PLANE('',#649);
#649 = AXIS2_PLACEMENT_3D('',#650,#651,#652);
#650 = CARTESIAN_POINT('',(-38.,0.,5.));
#651 = DIRECTION('',(0.,0.,1.));
#652 = DIRECTION('',(1.,0.,-0.));
#653 = DEFINITIONAL_REPRESENTATION('',(#654),#658);
#654 = LINE('',#655,#656);
#655 = CARTESIAN_POINT('',(-9.5,25.1));
#656 = VECTOR('',#657,1.);
#657 = DIRECTION('',(1.,0.));
#658 = ( GEOMETRIC_REPRESENTATION_CONTEXT(2) 
PARAMETRIC_REPRESENTATION_CONTEXT() REPRESENTATION_CONTEXT('2D SPACE',''
  ) );
#659 = ORIENTED_EDGE('',*,*,#660,.T.);
#660 = EDGE_CURVE('',#633,#661,#663,.T.);
#661 = VERTEX_POINT('',#662);
#662 = CARTESIAN_POINT('',(-25.6,25.1,5.));
#663 = SURFACE_CURVE('',#664,(#668,#675),.PCURVE_S1.);
#664 = LINE('',#665,#666);
#665 = CARTESIAN_POINT('',(-47.5,25.1,5.));
#666 = VECTOR('',#667,1.);
#667 = DIRECTION('',(1.,0.,0.));
#668 = PCURVE('',#100,#669);
#669 = DEFINITIONAL_REPRESENTATION('',(#670),#674);
#670 = LINE('',#671,#672);
#671 = CARTESIAN_POINT('',(10.,0.));
#672 = VECTOR('',#673,1.);
#673 = DIRECTION('',(0.,1.));
#674 = ( GEOMETRIC_REPRESENTATION_CONTEXT(2) 
PARAMETRIC_REPRESENTATION_CONTEXT() REPRESENTATION_CONTEXT('2D SPACE',''
  ) );
#675 = PCURVE('',#232,#676);
#676 = DEFINITIONAL_REPRESENTATION('',(#677),#681);
#677 = LINE('',#678,#679);
#678 = CARTESIAN_POINT('',(0.,50.2));
#679 = VECTOR('',#680,1.);
#680 = DIRECTION('',(1.,0.));
#681 = ( GEOMETRIC_REPRESENTATION_CONTEXT(2) 
PARAMETRIC_REPRESENTATION_CONTEXT() REPRESENTATION_CONTEXT('2D SPACE',''
  ) );
#682 = ORIENTED_EDGE('',*,*,#683,.T.);
#683 = EDGE_CURVE('',#661,#684,#686,.T.);
#684 = VERTEX_POINT('',#685);
#685 = CARTESIAN_POINT('',(-20.,25.1,5.));
#686 = SURFACE_CURVE('',#687,(#691,#698),.PCURVE_S1.);
#687 = LINE('',#688,#689);
#688 = CARTESIAN_POINT('',(-47.5,25.1,5.));
#689 = VECTOR('',#690,1.);
#690 = DIRECTION('',(1.,0.,0.));
#691 = PCURVE('',#100,#692);
#692 = DEFINITIONAL_REPRESENTATION('',(#693),#697);
#693 = LINE('',#694,#695);
#694 = CARTESIAN_POINT('',(10.,0.));
#695 = VECTOR('',#696,1.);
#696 = DIRECTION('',(0.,1.));
#697 = ( GEOMETRIC_REPRESENTATION_CONTEXT(2) 
PARAMETRIC_REPRESENTATION_CONTEXT() REPRESENTATION_CONTEXT('2D SPACE',''
  ) );
#698 = PCURVE('',#699,#704);
#699 = PLANE('',#700);
#700 = AXIS2_PLACEMENT_3D('',#701,#702,#703);
#701 = CARTESIAN_POINT('',(-38.,0.,5.));
#702 = DIRECTION('',(0.,0.,1.));
#703 = DIRECTION('',(1.,0.,-0.));
#704 = DEFINITIONAL_REPRESENTATION('',(#705),#709);
#705 = LINE('',#706,#707);
#706 = CARTESIAN_POINT('',(-9.5,25.1));
#707 = VECTOR('',#708,1.);
#708 = DIRECTION('',(1.,0.));
#709 = ( GEOMETRIC_REPRESENTATION_CONTEXT(2) 
PARAMETRIC_REPRESENTATION_CONTEXT() REPRESENTATION_CONTEXT('2D SPACE',''
  ) );
#710 = ORIENTED_EDGE('',*,*,#711,.T.);
#711 = EDGE_CURVE('',#684,#712,#714,.T.);
#712 = VERTEX_POINT('',#713);
#713 = CARTESIAN_POINT('',(-10.4,25.1,5.));
#714 = SURFACE_CURVE('',#715,(#719,#726),.PCURVE_S1.);
#715 = LINE('',#716,#717);
#716 = CARTESIAN_POINT('',(-47.5,25.1,5.));
#717 = VECTOR('',#718,1.);
#718 = DIRECTION('',(1.,0.,0.));
#719 = PCURVE('',#100,#720);
#720 = DEFINITIONAL_REPRESENTATION('',(#721),#725);
#721 = LINE('',#722,#723);
#722 = CARTESIAN_POINT('',(10.,0.));
#723 = VECTOR('',#724,1.);
#724 = DIRECTION('',(0.,1.));
#725 = ( GEOMETRIC_REPRESENTATION_CONTEXT(2) 
PARAMETRIC_REPRESENTATION_CONTEXT() REPRESENTATION_CONTEXT('2D SPACE',''
  ) );
#726 = PCURVE('',#288,#727);
#727 = DEFINITIONAL_REPRESENTATION('',(#728),#732);
#728 = LINE('',#729,#730);
#729 = CARTESIAN_POINT('',(0.,50.2));
#730 = VECTOR('',#731,1.);
#731 = DIRECTION('',(1.,0.));
#732 = ( GEOMETRIC_REPRESENTATION_CONTEXT(2) 
PARAMETRIC_REPRESENTATION_CONTEXT() REPRESENTATION_CONTEXT('2D SPACE',''
  ) );
#733 = ORIENTED_EDGE('',*,*,#734,.T.);
#734 = EDGE_CURVE('',#712,#735,#737,.T.);
#735 = VERTEX_POINT('',#736);
#736 = CARTESIAN_POINT('',(-4.8,25.1,5.));
#737 = SURFACE_CURVE('',#738,(#742,#749),.PCURVE_S1.);
#738 = LINE('',#739,#740);
#739 = CARTESIAN_POINT('',(-47.5,25.1,5.));
#740 = VECTOR('',#741,1.);
#741 = DIRECTION('',(1.,0.,0.));
#742 = PCURVE('',#100,#743);
#743 = DEFINITIONAL_REPRESENTATION('',(#744),#748);
#744 = LINE('',#745,#746);
#745 = CARTESIAN_POINT('',(10.,0.));
#746 = VECTOR('',#747,1.);
#747 = DIRECTION('',(0.,1.));
#748 = ( GEOMETRIC_REPRESENTATION_CONTEXT(2) 
PARAMETRIC_REPRESENTATION_CONTEXT() REPRESENTATION_CONTEXT('2D SPACE',''
  ) );
#749 = PCURVE('',#750,#755);
#750 = PLANE('',#751);
#751 = AXIS2_PLACEMENT_3D('',#752,#753,#754);
#752 = CARTESIAN_POINT('',(-38.,0.,5.));
#753 = DIRECTION('',(0.,0.,1.));
#754 = DIRECTION('',(1.,0.,-0.));
#755 = DEFINITIONAL_REPRESENTATION('',(#756),#760);
#756 = LINE('',#757,#758);
#757 = CARTESIAN_POINT('',(-9.5,25.1));
#758 = VECTOR('',#759,1.);
#759 = DIRECTION('',(1.,0.));
#760 = ( GEOMETRIC_REPRESENTATION_CONTEXT(2) 
PARAMETRIC_REPRESENTATION_CONTEXT() REPRESENTATION_CONTEXT('2D SPACE',''
  ) );
#761 = ORIENTED_EDGE('',*,*,#762,.T.);
#762 = EDGE_CURVE('',#735,#763,#765,.T.);
#763 = VERTEX_POINT('',#764);
#764 = CARTESIAN_POINT('',(4.8,25.1,5.));
#765 = SURFACE_CURVE('',#766,(#770,#777),.PCURVE_S1.);
#766 = LINE('',#767,#768);
#767 = CARTESIAN_POINT('',(-47.5,25.1,5.));
#768 = VECTOR('',#769,1.);
#769 = DIRECTION('',(1.,0.,0.));
#770 = PCURVE('',#100,#771);
#771 = DEFINITIONAL_REPRESENTATION('',(#772),#776);
#772 = LINE('',#773,#774);
#773 = CARTESIAN_POINT('',(10.,0.));
#774 = VECTOR('',#775,1.);
#775 = DIRECTION('',(0.,1.));
#776 = ( GEOMETRIC_REPRESENTATION_CONTEXT(2) 
PARAMETRIC_REPRESENTATION_CONTEXT() REPRESENTATION_CONTEXT('2D SPACE',''
  ) );
#777 = PCURVE('',#344,#778);
#778 = DEFINITIONAL_REPRESENTATION('',(#779),#783);
#779 = LINE('',#780,#781);
#780 = CARTESIAN_POINT('',(0.,50.2));
#781 = VECTOR('',#782,1.);
#782 = DIRECTION('',(1.,0.));
#783 = ( GEOMETRIC_REPRESENTATION_CONTEXT(2) 
PARAMETRIC_REPRESENTATION_CONTEXT() REPRESENTATION_CONTEXT('2D SPACE',''
  ) );
#784 = ORIENTED_EDGE('',*,*,#785,.T.);
#785 = EDGE_CURVE('',#763,#786,#788,.T.);
#786 = VERTEX_POINT('',#787);
#787 = CARTESIAN_POINT('',(10.4,25.1,5.));
#788 = SURFACE_CURVE('',#789,(#793,#800),.PCURVE_S1.);
#789 = LINE('',#790,#791);
#790 = CARTESIAN_POINT('',(-47.5,25.1,5.));
#791 = VECTOR('',#792,1.);
#792 = DIRECTION('',(1.,0.,0.));
#793 = PCURVE('',#100,#794);
#794 = DEFINITIONAL_REPRESENTATION('',(#795),#799);
#795 = LINE('',#796,#797);
#796 = CARTESIAN_POINT('',(10.,0.));
#797 = VECTOR('',#798,1.);
#798 = DIRECTION('',(0.,1.));
#799 = ( GEOMETRIC_REPRESENTATION_CONTEXT(2) 
PARAMETRIC_REPRESENTATION_CONTEXT() REPRESENTATION_CONTEXT('2D SPACE',''
  ) );
#800 = PCURVE('',#801,#806);
#801 = PLANE('',#802);
#802 = AXIS2_PLACEMENT_3D('',#803,#804,#805);
#803 = CARTESIAN_POINT('',(-38.,0.,5.));
#804 = DIRECTION('',(0.,0.,1.));
#805 = DIRECTION('',(1.,0.,-0.));
#806 = DEFINITIONAL_REPRESENTATION('',(#807),#811);
#807 = LINE('',#808,#809);
#808 = CARTESIAN_POINT('',(-9.5,25.1));
#809 = VECTOR('',#810,1.);
#810 = DIRECTION('',(1.,0.));
#811 = ( GEOMETRIC_REPRESENTATION_CONTEXT(2) 
PARAMETRIC_REPRESENTATION_CONTEXT() REPRESENTATION_CONTEXT('2D SPACE',''
  ) );
#812 = ORIENTED_EDGE('',*,*,#813,.T.);
#813 = EDGE_CURVE('',#786,#814,#816,.T.);
#814 = VERTEX_POINT('',#815);
#815 = CARTESIAN_POINT('',(20.,25.1,5.));
#816 = SURFACE_CURVE('',#817,(#821,#828),.PCURVE_S1.);
#817 = LINE('',#818,#819);
#818 = CARTESIAN_POINT('',(-47.5,25.1,5.));
#819 = VECTOR('',#820,1.);
#820 = DIRECTION('',(1.,0.,0.));
#821 = PCURVE('',#100,#822);
#822 = DEFINITIONAL_REPRESENTATION('',(#823),#827);
#823 = LINE('',#824,#825);
#824 = CARTESIAN_POINT('',(10.,0.));
#825 = VECTOR('',#826,1.);
#826 = DIRECTION('',(0.,1.));
#827 = ( GEOMETRIC_REPRESENTATION_CONTEXT(2) 
PARAMETRIC_REPRESENTATION_CONTEXT() REPRESENTATION_CONTEXT('2D SPACE',''
  ) );
#828 = PCURVE('',#400,#829);
#829 = DEFINITIONAL_REPRESENTATION('',(#830),#834);
#830 = LINE('',#831,#832);
#831 = CARTESIAN_POINT('',(0.,50.2));
#832 = VECTOR('',#833,1.);
#833 = DIRECTION('',(1.,0.));
#834 = ( GEOMETRIC_REPRESENTATION_CONTEXT(2) 
PARAMETRIC_REPRESENTATION_CONTEXT() REPRESENTATION_CONTEXT('2D SPACE',''
  ) );
#835 = ORIENTED_EDGE('',*,*,#836,.T.);
#836 = EDGE_CURVE('',#814,#837,#839,.T.);
#837 = VERTEX_POINT('',#838);
#838 = CARTESIAN_POINT('',(25.6,25.1,5.));
#839 = SURFACE_CURVE('',#840,(#844,#851),.PCURVE_S1.);
#840 = LINE('',#841,#842);
#841 = CARTESIAN_POINT('',(-47.5,25.1,5.));
#842 = VECTOR('',#843,1.);
#843 = DIRECTION('',(1.,0.,0.));
#844 = PCURVE('',#100,#845);
#845 = DEFINITIONAL_REPRESENTATION('',(#846),#850);
#846 = LINE('',#847,#848);
#847 = CARTESIAN_POINT('',(10.,0.));
#848 = VECTOR('',#849,1.);
#849 = DIRECTION('',(0.,1.));
#850 = ( GEOMETRIC_REPRESENTATION_CONTEXT(2) 
PARAMETRIC_REPRESENTATION_CONTEXT() REPRESENTATION_CONTEXT('2D SPACE',''
  ) );
#851 = PCURVE('',#852,#857);
#852 = PLANE('',#853);
#853 = AXIS2_PLACEMENT_3D('',#854,#855,#856);
#854 = CARTESIAN_POINT('',(-38.,0.,5.));
#855 = DIRECTION('',(0.,0.,1.));
#856 = DIRECTION('',(1.,0.,-0.));
#857 = DEFINITIONAL_REPRESENTATION('',(#858),#862);
#858 = LINE('',#859,#860);
#859 = CARTESIAN_POINT('',(-9.5,25.1));
#860 = VECTOR('',#861,1.);
#861 = DIRECTION('',(1.,0.));
#862 = ( GEOMETRIC_REPRESENTATION_CONTEXT(2) 
PARAMETRIC_REPRESENTATION_CONTEXT() REPRESENTATION_CONTEXT('2D SPACE',''
  ) );
#863 = ORIENTED_EDGE('',*,*,#864,.T.);
#864 = EDGE_CURVE('',#837,#865,#867,.T.);
#865 = VERTEX_POINT('',#866);
#866 = CARTESIAN_POINT('',(35.2,25.1,5.));
#867 = SURFACE_CURVE('',#868,(#872,#879),.PCURVE_S1.);
#868 = LINE('',#869,#870);
#869 = CARTESIAN_POINT('',(-47.5,25.1,5.));
#870 = VECTOR('',#871,1.);
#871 = DIRECTION('',(1.,0.,0.));
#872 = PCURVE('',#100,#873);
#873 = DEFINITIONAL_REPRESENTATION('',(#874),#878);
#874 = LINE('',#875,#876);
#875 = CARTESIAN_POINT('',(10.,0.));
#876 = VECTOR('',#877,1.);
#877 = DIRECTION('',(0.,1.));
#878 = ( GEOMETRIC_REPRESENTATION_CONTEXT(2) 
PARAMETRIC_REPRESENTATION_CONTEXT() REPRESENTATION_CONTEXT('2D SPACE',''
  ) );
#879 = PCURVE('',#456,#880);
#880 = DEFINITIONAL_REPRESENTATION('',(#881),#885);
#881 = LINE('',#882,#883);
#882 = CARTESIAN_POINT('',(0.,50.2));
#883 = VECTOR('',#884,1.);
#884 = DIRECTION('',(1.,0.));
#885 = ( GEOMETRIC_REPRESENTATION_CONTEXT(2) 
PARAMETRIC_REPRESENTATION_CONTEXT() REPRESENTATION_CONTEXT('2D SPACE',''
  ) );
#886 = ORIENTED_EDGE('',*,*,#887,.T.);
#887 = EDGE_CURVE('',#865,#888,#890,.T.);
#888 = VERTEX_POINT('',#889);
#889 = CARTESIAN_POINT('',(40.8,25.1,5.));
#890 = SURFACE_CURVE('',#891,(#895,#902),.PCURVE_S1.);
#891 = LINE('',#892,#893);
#892 = CARTESIAN_POINT('',(-47.5,25.1,5.));
#893 = VECTOR('',#894,1.);
#894 = DIRECTION('',(1.,0.,0.));
#895 = PCURVE('',#100,#896);
#896 = DEFINITIONAL_REPRESENTATION('',(#897),#901);
#897 = LINE('',#898,#899);
#898 = CARTESIAN_POINT('',(10.,0.));
#899 = VECTOR('',#900,1.);
#900 = DIRECTION('',(0.,1.));
#901 = ( GEOMETRIC_REPRESENTATION_CONTEXT(2) 
PARAMETRIC_REPRESENTATION_CONTEXT() REPRESENTATION_CONTEXT('2D SPACE',''
  ) );
#902 = PCURVE('',#903,#908);
#903 = PLANE('',#904);
#904 = AXIS2_PLACEMENT_3D('',#905,#906,#907);
#905 = CARTESIAN_POINT('',(-38.,0.,5.));
#906 = DIRECTION('',(0.,0.,1.));
#907 = DIRECTION('',(1.,0.,-0.));
#908 = DEFINITIONAL_REPRESENTATION('',(#909),#913);
#909 = LINE('',#910,#911);
#910 = CARTESIAN_POINT('',(-9.5,25.1));
#911 = VECTOR('',#912,1.);
#912 = DIRECTION('',(1.,0.));
#913 = ( GEOMETRIC_REPRESENTATION_CONTEXT(2) 
PARAMETRIC_REPRESENTATION_CONTEXT() REPRESENTATION_CONTEXT('2D SPACE',''
  ) );
#914 = ORIENTED_EDGE('',*,*,#915,.T.);
#915 = EDGE_CURVE('',#888,#916,#918,.T.);
#916 = VERTEX_POINT('',#917);
#917 = CARTESIAN_POINT('',(47.5,25.1,5.));
#918 = SURFACE_CURVE('',#919,(#923,#930),.PCURVE_S1.);
#919 = LINE('',#920,#921);
#920 = CARTESIAN_POINT('',(-47.5,25.1,5.));
#921 = VECTOR('',#922,1.);
#922 = DIRECTION('',(1.,0.,0.));
#923 = PCURVE('',#100,#924);
#924 = DEFINITIONAL_REPRESENTATION('',(#925),#929);
#925 = LINE('',#926,#927);
#926 = CARTESIAN_POINT('',(10.,0.));
#927 = VECTOR('',#928,1.);
#928 = DIRECTION('',(0.,1.));
#929 = ( GEOMETRIC_REPRESENTATION_CONTEXT(2) 
PARAMETRIC_REPRESENTATION_CONTEXT() REPRESENTATION_CONTEXT('2D SPACE',''
  ) );
#930 = PCURVE('',#512,#931);
#931 = DEFINITIONAL_REPRESENTATION('',(#932),#936);
#932 = LINE('',#933,#934);
#933 = CARTESIAN_POINT('',(0.,50.2));
#934 = VECTOR('',#935,1.);
#935 = DIRECTION('',(1.,0.));
#936 = ( GEOMETRIC_REPRESENTATION_CONTEXT(2) 
PARAMETRIC_REPRESENTATION_CONTEXT() REPRESENTATION_CONTEXT('2D SPACE',''
  ) );
#937 = ORIENTED_EDGE('',*,*,#938,.F.);
#938 = EDGE_CURVE('',#608,#916,#939,.T.);
#939 = SURFACE_CURVE('',#940,(#944,#951),.PCURVE_S1.);
#940 = LINE('',#941,#942);
#941 = CARTESIAN_POINT('',(47.5,25.1,-5.));
#942 = VECTOR('',#943,1.);
#943 = DIRECTION('',(0.,0.,1.));
#944 = PCURVE('',#100,#945);
#945 = DEFINITIONAL_REPRESENTATION('',(#946),#950);
#946 = LINE('',#947,#948);
#947 = CARTESIAN_POINT('',(0.,95.));
#948 = VECTOR('',#949,1.);
#949 = DIRECTION('',(1.,0.));
#950 = ( GEOMETRIC_REPRESENTATION_CONTEXT(2) 
PARAMETRIC_REPRESENTATION_CONTEXT() REPRESENTATION_CONTEXT('2D SPACE',''
  ) );
#951 = PCURVE('',#538,#952);
#952 = DEFINITIONAL_REPRESENTATION('',(#953),#957);
#953 = LINE('',#954,#955);
#954 = CARTESIAN_POINT('',(0.,-50.2));
#955 = VECTOR('',#956,1.);
#956 = DIRECTION('',(1.,0.));
#957 = ( GEOMETRIC_REPRESENTATION_CONTEXT(2) 
PARAMETRIC_REPRESENTATION_CONTEXT() REPRESENTATION_CONTEXT('2D SPACE',''
  ) );
#958 = ADVANCED_FACE('',(#959,#985,#1020,#1055,#1090),#72,.F.);
#959 = FACE_BOUND('',#960,.F.);
#960 = EDGE_LOOP('',(#961,#962,#963,#984));
#961 = ORIENTED_EDGE('',*,*,#56,.F.);
#962 = ORIENTED_EDGE('',*,*,#141,.T.);
#963 = ORIENTED_EDGE('',*,*,#964,.T.);
#964 = EDGE_CURVE('',#142,#608,#965,.T.);
#965 = SURFACE_CURVE('',#966,(#970,#977),.PCURVE_S1.);
#966 = LINE('',#967,#968);
#967 = CARTESIAN_POINT('',(47.5,-25.1,-5.));
#968 = VECTOR('',#969,1.);
#969 = DIRECTION('',(0.,1.,0.));
#970 = PCURVE('',#72,#971);
#971 = DEFINITIONAL_REPRESENTATION('',(#972),#976);
#972 = LINE('',#973,#974);
#973 = CARTESIAN_POINT('',(95.,0.));
#974 = VECTOR('',#975,1.);
#975 = DIRECTION('',(0.,1.));
#976 = ( GEOMETRIC_REPRESENTATION_CONTEXT(2) 
PARAMETRIC_REPRESENTATION_CONTEXT() REPRESENTATION_CONTEXT('2D SPACE',''
  ) );
#977 = PCURVE('',#538,#978);
#978 = DEFINITIONAL_REPRESENTATION('',(#979),#983);
#979 = LINE('',#980,#981);
#980 = CARTESIAN_POINT('',(0.,0.));
#981 = VECTOR('',#982,1.);
#982 = DIRECTION('',(0.,-1.));
#983 = ( GEOMETRIC_REPRESENTATION_CONTEXT(2) 
PARAMETRIC_REPRESENTATION_CONTEXT() REPRESENTATION_CONTEXT('2D SPACE',''
  ) );
#984 = ORIENTED_EDGE('',*,*,#607,.F.);
#985 = FACE_BOUND('',#986,.F.);
#986 = EDGE_LOOP('',(#987));
#987 = ORIENTED_EDGE('',*,*,#988,.T.);
#988 = EDGE_CURVE('',#989,#989,#991,.T.);
#989 = VERTEX_POINT('',#990);
#990 = CARTESIAN_POINT('',(-36.45,-17.57,-5.));
#991 = SURFACE_CURVE('',#992,(#997,#1008),.PCURVE_S1.);
#992 = CIRCLE('',#993,3.2);
#993 = AXIS2_PLACEMENT_3D('',#994,#995,#996);
#994 = CARTESIAN_POINT('',(-33.25,-17.57,-5.));
#995 = DIRECTION('',(0.,0.,-1.));
#996 = DIRECTION('',(-1.,0.,0.));
#997 = PCURVE('',#72,#998);
#998 = DEFINITIONAL_REPRESENTATION('',(#999),#1007);
#999 = ( BOUNDED_CURVE() B_SPLINE_CURVE(2,(#1000,#1001,#1002,#1003,#1004
,#1005,#1006),.UNSPECIFIED.,.T.,.F.) B_SPLINE_CURVE_WITH_KNOTS((1,2,2,2,
    2,1),(-2.094395102393,0.,2.094395102393,4.188790204786,6.28318530718
,8.377580409573),.UNSPECIFIED.) CURVE() GEOMETRIC_REPRESENTATION_ITEM() 
RATIONAL_B_SPLINE_CURVE((1.,0.5,1.,0.5,1.,0.5,1.)) REPRESENTATION_ITEM(
  '') );
#1000 = CARTESIAN_POINT('',(11.05,7.53));
#1001 = CARTESIAN_POINT('',(11.05,13.07256258422));
#1002 = CARTESIAN_POINT('',(15.85,10.30128129211));
#1003 = CARTESIAN_POINT('',(20.65,7.53));
#1004 = CARTESIAN_POINT('',(15.85,4.75871870789));
#1005 = CARTESIAN_POINT('',(11.05,1.98743741578));
#1006 = CARTESIAN_POINT('',(11.05,7.53));
#1007 = ( GEOMETRIC_REPRESENTATION_CONTEXT(2) 
PARAMETRIC_REPRESENTATION_CONTEXT() REPRESENTATION_CONTEXT('2D SPACE',''
  ) );
#1008 = PCURVE('',#1009,#1014);
#1009 = CYLINDRICAL_SURFACE('',#1010,3.2);
#1010 = AXIS2_PLACEMENT_3D('',#1011,#1012,#1013);
#1011 = CARTESIAN_POINT('',(-33.25,-17.57,13.5));
#1012 = DIRECTION('',(0.,0.,-1.));
#1013 = DIRECTION('',(-1.,0.,0.));
#1014 = DEFINITIONAL_REPRESENTATION('',(#1015),#1019);
#1015 = LINE('',#1016,#1017);
#1016 = CARTESIAN_POINT('',(0.,18.5));
#1017 = VECTOR('',#1018,1.);
#1018 = DIRECTION('',(1.,0.));
#1019 = ( GEOMETRIC_REPRESENTATION_CONTEXT(2) 
PARAMETRIC_REPRESENTATION_CONTEXT() REPRESENTATION_CONTEXT('2D SPACE',''
  ) );
#1020 = FACE_BOUND('',#1021,.F.);
#1021 = EDGE_LOOP('',(#1022));
#1022 = ORIENTED_EDGE('',*,*,#1023,.T.);
#1023 = EDGE_CURVE('',#1024,#1024,#1026,.T.);
#1024 = VERTEX_POINT('',#1025);
#1025 = CARTESIAN_POINT('',(30.05,-17.57,-5.));
#1026 = SURFACE_CURVE('',#1027,(#1032,#1043),.PCURVE_S1.);
#1027 = CIRCLE('',#1028,3.2);
#1028 = AXIS2_PLACEMENT_3D('',#1029,#1030,#1031);
#1029 = CARTESIAN_POINT('',(33.25,-17.57,-5.));
#1030 = DIRECTION('',(0.,0.,-1.));
#1031 = DIRECTION('',(-1.,0.,0.));
#1032 = PCURVE('',#72,#1033);
#1033 = DEFINITIONAL_REPRESENTATION('',(#1034),#1042);
#1034 = ( BOUNDED_CURVE() B_SPLINE_CURVE(2,(#1035,#1036,#1037,#1038,
#1039,#1040,#1041),.UNSPECIFIED.,.T.,.F.) B_SPLINE_CURVE_WITH_KNOTS((1,2
    ,2,2,2,1),(-2.094395102393,0.,2.094395102393,4.188790204786,
6.28318530718,8.377580409573),.UNSPECIFIED.) CURVE() 
GEOMETRIC_REPRESENTATION_ITEM() RATIONAL_B_SPLINE_CURVE((1.,0.5,1.,0.5,
1.,0.5,1.)) REPRESENTATION_ITEM('') );
#1035 = CARTESIAN_POINT('',(77.55,7.53));
#1036 = CARTESIAN_POINT('',(77.55,13.07256258422));
#1037 = CARTESIAN_POINT('',(82.35,10.30128129211));
#1038 = CARTESIAN_POINT('',(87.15,7.53));
#1039 = CARTESIAN_POINT('',(82.35,4.75871870789));
#1040 = CARTESIAN_POINT('',(77.55,1.98743741578));
#1041 = CARTESIAN_POINT('',(77.55,7.53));
#1042 = ( GEOMETRIC_REPRESENTATION_CONTEXT(2) 
PARAMETRIC_REPRESENTATION_CONTEXT() REPRESENTATION_CONTEXT('2D SPACE',''
  ) );
#1043 = PCURVE('',#1044,#1049);
#1044 = CYLINDRICAL_SURFACE('',#1045,3.2);
#1045 = AXIS2_PLACEMENT_3D('',#1046,#1047,#1048);
#1046 = CARTESIAN_POINT('',(33.25,-17.57,13.5));
#1047 = DIRECTION('',(0.,0.,-1.));
#1048 = DIRECTION('',(-1.,0.,0.));
#1049 = DEFINITIONAL_REPRESENTATION('',(#1050),#1054);
#1050 = LINE('',#1051,#1052);
#1051 = CARTESIAN_POINT('',(0.,18.5));
#1052 = VECTOR('',#1053,1.);
#1053 = DIRECTION('',(1.,0.));
#1054 = ( GEOMETRIC_REPRESENTATION_CONTEXT(2) 
PARAMETRIC_REPRESENTATION_CONTEXT() REPRESENTATION_CONTEXT('2D SPACE',''
  ) );
#1055 = FACE_BOUND('',#1056,.F.);
#1056 = EDGE_LOOP('',(#1057));
#1057 = ORIENTED_EDGE('',*,*,#1058,.T.);
#1058 = EDGE_CURVE('',#1059,#1059,#1061,.T.);
#1059 = VERTEX_POINT('',#1060);
#1060 = CARTESIAN_POINT('',(-36.45,17.57,-5.));
#1061 = SURFACE_CURVE('',#1062,(#1067,#1078),.PCURVE_S1.);
#1062 = CIRCLE('',#1063,3.2);
#1063 = AXIS2_PLACEMENT_3D('',#1064,#1065,#1066);
#1064 = CARTESIAN_POINT('',(-33.25,17.57,-5.));
#1065 = DIRECTION('',(0.,0.,-1.));
#1066 = DIRECTION('',(-1.,0.,0.));
#1067 = PCURVE('',#72,#1068);
#1068 = DEFINITIONAL_REPRESENTATION('',(#1069),#1077);
#1069 = ( BOUNDED_CURVE() B_SPLINE_CURVE(2,(#1070,#1071,#1072,#1073,
#1074,#1075,#1076),.UNSPECIFIED.,.T.,.F.) B_SPLINE_CURVE_WITH_KNOTS((1,2
    ,2,2,2,1),(-2.094395102393,0.,2.094395102393,4.188790204786,
6.28318530718,8.377580409573),.UNSPECIFIED.) CURVE() 
GEOMETRIC_REPRESENTATION_ITEM() RATIONAL_B_SPLINE_CURVE((1.,0.5,1.,0.5,
1.,0.5,1.)) REPRESENTATION_ITEM('') );
#1070 = CARTESIAN_POINT('',(11.05,42.67));
#1071 = CARTESIAN_POINT('',(11.05,48.21256258422));
#1072 = CARTESIAN_POINT('',(15.85,45.44128129211));
#1073 = CARTESIAN_POINT('',(20.65,42.67));
#1074 = CARTESIAN_POINT('',(15.85,39.89871870789));
#1075 = CARTESIAN_POINT('',(11.05,37.12743741578));
#1076 = CARTESIAN_POINT('',(11.05,42.67));
#1077 = ( GEOMETRIC_REPRESENTATION_CONTEXT(2) 
PARAMETRIC_REPRESENTATION_CONTEXT() REPRESENTATION_CONTEXT('2D SPACE',''
  ) );
#1078 = PCURVE('',#1079,#1084);
#1079 = CYLINDRICAL_SURFACE('',#1080,3.2);
#1080 = AXIS2_PLACEMENT_3D('',#1081,#1082,#1083);
#1081 = CARTESIAN_POINT('',(-33.25,17.57,13.5));
#1082 = DIRECTION('',(0.,0.,-1.));
#1083 = DIRECTION('',(-1.,0.,0.));
#1084 = DEFINITIONAL_REPRESENTATION('',(#1085),#1089);
#1085 = LINE('',#1086,#1087);
#1086 = CARTESIAN_POINT('',(0.,18.5));
#1087 = VECTOR('',#1088,1.);
#1088 = DIRECTION('',(1.,0.));
#1089 = ( GEOMETRIC_REPRESENTATION_CONTEXT(2) 
PARAMETRIC_REPRESENTATION_CONTEXT() REPRESENTATION_CONTEXT('2D SPACE',''
  ) );
#1090 = FACE_BOUND('',#1091,.F.);
#1091 = EDGE_LOOP('',(#1092));
#1092 = ORIENTED_EDGE('',*,*,#1093,.T.);
#1093 = EDGE_CURVE('',#1094,#1094,#1096,.T.);
#1094 = VERTEX_POINT('',#1095);
#1095 = CARTESIAN_POINT('',(30.05,17.57,-5.));
#1096 = SURFACE_CURVE('',#1097,(#1102,#1113),.PCURVE_S1.);
#1097 = CIRCLE('',#1098,3.2);
#1098 = AXIS2_PLACEMENT_3D('',#1099,#1100,#1101);
#1099 = CARTESIAN_POINT('',(33.25,17.57,-5.));
#1100 = DIRECTION('',(0.,0.,-1.));
#1101 = DIRECTION('',(-1.,0.,0.));
#1102 = PCURVE('',#72,#1103);
#1103 = DEFINITIONAL_REPRESENTATION('',(#1104),#1112);
#1104 = ( BOUNDED_CURVE() B_SPLINE_CURVE(2,(#1105,#1106,#1107,#1108,
#1109,#1110,#1111),.UNSPECIFIED.,.T.,.F.) B_SPLINE_CURVE_WITH_KNOTS((1,2
    ,2,2,2,1),(-2.094395102393,0.,2.094395102393,4.188790204786,
6.28318530718,8.377580409573),.UNSPECIFIED.) CURVE() 
GEOMETRIC_REPRESENTATION_ITEM() RATIONAL_B_SPLINE_CURVE((1.,0.5,1.,0.5,
1.,0.5,1.)) REPRESENTATION_ITEM('') );
#1105 = CARTESIAN_POINT('',(77.55,42.67));
#1106 = CARTESIAN_POINT('',(77.55,48.21256258422));
#1107 = CARTESIAN_POINT('',(82.35,45.44128129211));
#1108 = CARTESIAN_POINT('',(87.15,42.67));
#1109 = CARTESIAN_POINT('',(82.35,39.89871870789));
#1110 = CARTESIAN_POINT('',(77.55,37.12743741578));
#1111 = CARTESIAN_POINT('',(77.55,42.67));
#1112 = ( GEOMETRIC_REPRESENTATION_CONTEXT(2) 
PARAMETRIC_REPRESENTATION_CONTEXT() REPRESENTATION_CONTEXT('2D SPACE',''
  ) );
#1113 = PCURVE('',#1114,#1119);
#1114 = CYLINDRICAL_SURFACE('',#1115,3.2);
#1115 = AXIS2_PLACEMENT_3D('',#1116,#1117,#1118);
#1116 = CARTESIAN_POINT('',(33.25,17.57,13.5));
#1117 = DIRECTION('',(0.,0.,-1.));
#1118 = DIRECTION('',(-1.,0.,0.));
#1119 = DEFINITIONAL_REPRESENTATION('',(#1120),#1124);
#1120 = LINE('',#1121,#1122);
#1121 = CARTESIAN_POINT('',(0.,18.5));
#1122 = VECTOR('',#1123,1.);
#1123 = DIRECTION('',(1.,0.));
#1124 = ( GEOMETRIC_REPRESENTATION_CONTEXT(2) 
PARAMETRIC_REPRESENTATION_CONTEXT() REPRESENTATION_CONTEXT('2D SPACE',''
  ) );
#1125 = ADVANCED_FACE('',(#1126),#538,.T.);
#1126 = FACE_BOUND('',#1127,.T.);
#1127 = EDGE_LOOP('',(#1128,#1129,#1130,#1131));
#1128 = ORIENTED_EDGE('',*,*,#524,.F.);
#1129 = ORIENTED_EDGE('',*,*,#964,.T.);
#1130 = ORIENTED_EDGE('',*,*,#938,.T.);
#1131 = ORIENTED_EDGE('',*,*,#1132,.F.);
#1132 = EDGE_CURVE('',#497,#916,#1133,.T.);
#1133 = SURFACE_CURVE('',#1134,(#1138,#1145),.PCURVE_S1.);
#1134 = LINE('',#1135,#1136);
#1135 = CARTESIAN_POINT('',(47.5,-25.1,5.));
#1136 = VECTOR('',#1137,1.);
#1137 = DIRECTION('',(0.,1.,0.));
#1138 = PCURVE('',#538,#1139);
#1139 = DEFINITIONAL_REPRESENTATION('',(#1140),#1144);
#1140 = LINE('',#1141,#1142);
#1141 = CARTESIAN_POINT('',(10.,0.));
#1142 = VECTOR('',#1143,1.);
#1143 = DIRECTION('',(0.,-1.));
#1144 = ( GEOMETRIC_REPRESENTATION_CONTEXT(2) 
PARAMETRIC_REPRESENTATION_CONTEXT() REPRESENTATION_CONTEXT('2D SPACE',''
  ) );
#1145 = PCURVE('',#512,#1146);
#1146 = DEFINITIONAL_REPRESENTATION('',(#1147),#1151);
#1147 = LINE('',#1148,#1149);
#1148 = CARTESIAN_POINT('',(95.,0.));
#1149 = VECTOR('',#1150,1.);
#1150 = DIRECTION('',(0.,1.));
#1151 = ( GEOMETRIC_REPRESENTATION_CONTEXT(2) 
PARAMETRIC_REPRESENTATION_CONTEXT() REPRESENTATION_CONTEXT('2D SPACE',''
  ) );
#1152 = ADVANCED_FACE('',(#1153),#204,.F.);
#1153 = FACE_BOUND('',#1154,.F.);
#1154 = EDGE_LOOP('',(#1155,#1178,#1206,#1232));
#1155 = ORIENTED_EDGE('',*,*,#1156,.T.);
#1156 = EDGE_CURVE('',#166,#1157,#1159,.T.);
#1157 = VERTEX_POINT('',#1158);
#1158 = CARTESIAN_POINT('',(-40.8,-38.,5.));
#1159 = SURFACE_CURVE('',#1160,(#1164,#1171),.PCURVE_S1.);
#1160 = LINE('',#1161,#1162);
#1161 = CARTESIAN_POINT('',(-40.8,38.,5.));
#1162 = VECTOR('',#1163,1.);
#1163 = DIRECTION('',(0.,-1.,0.));
#1164 = PCURVE('',#204,#1165);
#1165 = DEFINITIONAL_REPRESENTATION('',(#1166),#1170);
#1166 = LINE('',#1167,#1168);
#1167 = CARTESIAN_POINT('',(-2.8,38.));
#1168 = VECTOR('',#1169,1.);
#1169 = DIRECTION('',(0.,-1.));
#1170 = ( GEOMETRIC_REPRESENTATION_CONTEXT(2) 
PARAMETRIC_REPRESENTATION_CONTEXT() REPRESENTATION_CONTEXT('2D SPACE',''
  ) );
#1171 = PCURVE('',#592,#1172);
#1172 = DEFINITIONAL_REPRESENTATION('',(#1173),#1177);
#1173 = LINE('',#1174,#1175);
#1174 = CARTESIAN_POINT('',(0.,0.));
#1175 = VECTOR('',#1176,1.);
#1176 = DIRECTION('',(1.,0.));
#1177 = ( GEOMETRIC_REPRESENTATION_CONTEXT(2) 
PARAMETRIC_REPRESENTATION_CONTEXT() REPRESENTATION_CONTEXT('2D SPACE',''
  ) );
#1178 = ORIENTED_EDGE('',*,*,#1179,.T.);
#1179 = EDGE_CURVE('',#1157,#1180,#1182,.T.);
#1180 = VERTEX_POINT('',#1181);
#1181 = CARTESIAN_POINT('',(-35.2,-38.,5.));
#1182 = SURFACE_CURVE('',#1183,(#1187,#1194),.PCURVE_S1.);
#1183 = LINE('',#1184,#1185);
#1184 = CARTESIAN_POINT('',(-40.8,-38.,5.));
#1185 = VECTOR('',#1186,1.);
#1186 = DIRECTION('',(1.,0.,0.));
#1187 = PCURVE('',#204,#1188);
#1188 = DEFINITIONAL_REPRESENTATION('',(#1189),#1193);
#1189 = LINE('',#1190,#1191);
#1190 = CARTESIAN_POINT('',(-2.8,-38.));
#1191 = VECTOR('',#1192,1.);
#1192 = DIRECTION('',(1.,0.));
#1193 = ( GEOMETRIC_REPRESENTATION_CONTEXT(2) 
PARAMETRIC_REPRESENTATION_CONTEXT() REPRESENTATION_CONTEXT('2D SPACE',''
  ) );
#1194 = PCURVE('',#1195,#1200);
#1195 = PLANE('',#1196);
#1196 = AXIS2_PLACEMENT_3D('',#1197,#1198,#1199);
#1197 = CARTESIAN_POINT('',(-40.8,-38.,5.));
#1198 = DIRECTION('',(0.,1.,0.));
#1199 = DIRECTION('',(1.,0.,0.));
#1200 = DEFINITIONAL_REPRESENTATION('',(#1201),#1205);
#1201 = LINE('',#1202,#1203);
#1202 = CARTESIAN_POINT('',(0.,0.));
#1203 = VECTOR('',#1204,1.);
#1204 = DIRECTION('',(1.,0.));
#1205 = ( GEOMETRIC_REPRESENTATION_CONTEXT(2) 
PARAMETRIC_REPRESENTATION_CONTEXT() REPRESENTATION_CONTEXT('2D SPACE',''
  ) );
#1206 = ORIENTED_EDGE('',*,*,#1207,.T.);
#1207 = EDGE_CURVE('',#1180,#189,#1208,.T.);
#1208 = SURFACE_CURVE('',#1209,(#1213,#1220),.PCURVE_S1.);
#1209 = LINE('',#1210,#1211);
#1210 = CARTESIAN_POINT('',(-35.2,-38.,5.));
#1211 = VECTOR('',#1212,1.);
#1212 = DIRECTION('',(0.,1.,0.));
#1213 = PCURVE('',#204,#1214);
#1214 = DEFINITIONAL_REPRESENTATION('',(#1215),#1219);
#1215 = LINE('',#1216,#1217);
#1216 = CARTESIAN_POINT('',(2.8,-38.));
#1217 = VECTOR('',#1218,1.);
#1218 = DIRECTION('',(0.,1.));
#1219 = ( GEOMETRIC_REPRESENTATION_CONTEXT(2) 
PARAMETRIC_REPRESENTATION_CONTEXT() REPRESENTATION_CONTEXT('2D SPACE',''
  ) );
#1220 = PCURVE('',#1221,#1226);
#1221 = PLANE('',#1222);
#1222 = AXIS2_PLACEMENT_3D('',#1223,#1224,#1225);
#1223 = CARTESIAN_POINT('',(-35.2,-38.,5.));
#1224 = DIRECTION('',(-1.,0.,0.));
#1225 = DIRECTION('',(0.,1.,0.));
#1226 = DEFINITIONAL_REPRESENTATION('',(#1227),#1231);
#1227 = LINE('',#1228,#1229);
#1228 = CARTESIAN_POINT('',(0.,0.));
#1229 = VECTOR('',#1230,1.);
#1230 = DIRECTION('',(1.,0.));
#1231 = ( GEOMETRIC_REPRESENTATION_CONTEXT(2) 
PARAMETRIC_REPRESENTATION_CONTEXT() REPRESENTATION_CONTEXT('2D SPACE',''
  ) );
#1232 = ORIENTED_EDGE('',*,*,#188,.F.);
#1233 = ADVANCED_FACE('',(#1234),#232,.T.);
#1234 = FACE_BOUND('',#1235,.T.);
#1235 = EDGE_LOOP('',(#1236,#1237,#1265,#1293,#1321,#1349,#1370,#1371));
#1236 = ORIENTED_EDGE('',*,*,#660,.F.);
#1237 = ORIENTED_EDGE('',*,*,#1238,.F.);
#1238 = EDGE_CURVE('',#1239,#633,#1241,.T.);
#1239 = VERTEX_POINT('',#1240);
#1240 = CARTESIAN_POINT('',(-35.2,20.107222891273,5.));
#1241 = SURFACE_CURVE('',#1242,(#1246,#1253),.PCURVE_S1.);
#1242 = LINE('',#1243,#1244);
#1243 = CARTESIAN_POINT('',(-35.2,-38.,5.));
#1244 = VECTOR('',#1245,1.);
#1245 = DIRECTION('',(0.,1.,0.));
#1246 = PCURVE('',#232,#1247);
#1247 = DEFINITIONAL_REPRESENTATION('',(#1248),#1252);
#1248 = LINE('',#1249,#1250);
#1249 = CARTESIAN_POINT('',(12.3,-12.9));
#1250 = VECTOR('',#1251,1.);
#1251 = DIRECTION('',(0.,1.));
#1252 = ( GEOMETRIC_REPRESENTATION_CONTEXT(2) 
PARAMETRIC_REPRESENTATION_CONTEXT() REPRESENTATION_CONTEXT('2D SPACE',''
  ) );
#1253 = PCURVE('',#1254,#1259);
#1254 = PLANE('',#1255);
#1255 = AXIS2_PLACEMENT_3D('',#1256,#1257,#1258);
#1256 = CARTESIAN_POINT('',(-35.2,-38.,5.));
#1257 = DIRECTION('',(-1.,0.,0.));
#1258 = DIRECTION('',(0.,1.,0.));
#1259 = DEFINITIONAL_REPRESENTATION('',(#1260),#1264);
#1260 = LINE('',#1261,#1262);
#1261 = CARTESIAN_POINT('',(0.,0.));
#1262 = VECTOR('',#1263,1.);
#1263 = DIRECTION('',(1.,0.));
#1264 = ( GEOMETRIC_REPRESENTATION_CONTEXT(2) 
PARAMETRIC_REPRESENTATION_CONTEXT() REPRESENTATION_CONTEXT('2D SPACE',''
  ) );
#1265 = ORIENTED_EDGE('',*,*,#1266,.T.);
#1266 = EDGE_CURVE('',#1239,#1267,#1269,.T.);
#1267 = VERTEX_POINT('',#1268);
#1268 = CARTESIAN_POINT('',(-35.2,15.032777108727,5.));
#1269 = SURFACE_CURVE('',#1270,(#1275,#1286),.PCURVE_S1.);
#1270 = CIRCLE('',#1271,3.2);
#1271 = AXIS2_PLACEMENT_3D('',#1272,#1273,#1274);
#1272 = CARTESIAN_POINT('',(-33.25,17.57,5.));
#1273 = DIRECTION('',(0.,0.,-1.));
#1274 = DIRECTION('',(-1.,0.,0.));
#1275 = PCURVE('',#232,#1276);
#1276 = DEFINITIONAL_REPRESENTATION('',(#1277),#1285);
#1277 = ( BOUNDED_CURVE() B_SPLINE_CURVE(2,(#1278,#1279,#1280,#1281,
#1282,#1283,#1284),.UNSPECIFIED.,.T.,.F.) B_SPLINE_CURVE_WITH_KNOTS((1,2
    ,2,2,2,1),(-2.094395102393,0.,2.094395102393,4.188790204786,
6.28318530718,8.377580409573),.UNSPECIFIED.) CURVE() 
GEOMETRIC_REPRESENTATION_ITEM() RATIONAL_B_SPLINE_CURVE((1.,0.5,1.,0.5,
1.,0.5,1.)) REPRESENTATION_ITEM('') );
#1278 = CARTESIAN_POINT('',(11.05,42.67));
#1279 = CARTESIAN_POINT('',(11.05,48.21256258422));
#1280 = CARTESIAN_POINT('',(15.85,45.44128129211));
#1281 = CARTESIAN_POINT('',(20.65,42.67));
#1282 = CARTESIAN_POINT('',(15.85,39.89871870789));
#1283 = CARTESIAN_POINT('',(11.05,37.12743741578));
#1284 = CARTESIAN_POINT('',(11.05,42.67));
#1285 = ( GEOMETRIC_REPRESENTATION_CONTEXT(2) 
PARAMETRIC_REPRESENTATION_CONTEXT() REPRESENTATION_CONTEXT('2D SPACE',''
  ) );
#1286 = PCURVE('',#1079,#1287);
#1287 = DEFINITIONAL_REPRESENTATION('',(#1288),#1292);
#1288 = LINE('',#1289,#1290);
#1289 = CARTESIAN_POINT('',(0.,8.5));
#1290 = VECTOR('',#1291,1.);
#1291 = DIRECTION('',(1.,0.));
#1292 = ( GEOMETRIC_REPRESENTATION_CONTEXT(2) 
PARAMETRIC_REPRESENTATION_CONTEXT() REPRESENTATION_CONTEXT('2D SPACE',''
  ) );
#1293 = ORIENTED_EDGE('',*,*,#1294,.F.);
#1294 = EDGE_CURVE('',#1295,#1267,#1297,.T.);
#1295 = VERTEX_POINT('',#1296);
#1296 = CARTESIAN_POINT('',(-35.2,-15.03277710872,5.));
#1297 = SURFACE_CURVE('',#1298,(#1302,#1309),.PCURVE_S1.);
#1298 = LINE('',#1299,#1300);
#1299 = CARTESIAN_POINT('',(-35.2,-38.,5.));
#1300 = VECTOR('',#1301,1.);
#1301 = DIRECTION('',(0.,1.,0.));
#1302 = PCURVE('',#232,#1303);
#1303 = DEFINITIONAL_REPRESENTATION('',(#1304),#1308);
#1304 = LINE('',#1305,#1306);
#1305 = CARTESIAN_POINT('',(12.3,-12.9));
#1306 = VECTOR('',#1307,1.);
#1307 = DIRECTION('',(0.,1.));
#1308 = ( GEOMETRIC_REPRESENTATION_CONTEXT(2) 
PARAMETRIC_REPRESENTATION_CONTEXT() REPRESENTATION_CONTEXT('2D SPACE',''
  ) );
#1309 = PCURVE('',#1310,#1315);
#1310 = PLANE('',#1311);
#1311 = AXIS2_PLACEMENT_3D('',#1312,#1313,#1314);
#1312 = CARTESIAN_POINT('',(-35.2,-38.,5.));
#1313 = DIRECTION('',(-1.,0.,0.));
#1314 = DIRECTION('',(0.,1.,0.));
#1315 = DEFINITIONAL_REPRESENTATION('',(#1316),#1320);
#1316 = LINE('',#1317,#1318);
#1317 = CARTESIAN_POINT('',(0.,0.));
#1318 = VECTOR('',#1319,1.);
#1319 = DIRECTION('',(1.,0.));
#1320 = ( GEOMETRIC_REPRESENTATION_CONTEXT(2) 
PARAMETRIC_REPRESENTATION_CONTEXT() REPRESENTATION_CONTEXT('2D SPACE',''
  ) );
#1321 = ORIENTED_EDGE('',*,*,#1322,.T.);
#1322 = EDGE_CURVE('',#1295,#1323,#1325,.T.);
#1323 = VERTEX_POINT('',#1324);
#1324 = CARTESIAN_POINT('',(-35.2,-20.10722289127,5.));
#1325 = SURFACE_CURVE('',#1326,(#1331,#1342),.PCURVE_S1.);
#1326 = CIRCLE('',#1327,3.2);
#1327 = AXIS2_PLACEMENT_3D('',#1328,#1329,#1330);
#1328 = CARTESIAN_POINT('',(-33.25,-17.57,5.));
#1329 = DIRECTION('',(0.,0.,-1.));
#1330 = DIRECTION('',(-1.,0.,0.));
#1331 = PCURVE('',#232,#1332);
#1332 = DEFINITIONAL_REPRESENTATION('',(#1333),#1341);
#1333 = ( BOUNDED_CURVE() B_SPLINE_CURVE(2,(#1334,#1335,#1336,#1337,
#1338,#1339,#1340),.UNSPECIFIED.,.T.,.F.) B_SPLINE_CURVE_WITH_KNOTS((1,2
    ,2,2,2,1),(-2.094395102393,0.,2.094395102393,4.188790204786,
6.28318530718,8.377580409573),.UNSPECIFIED.) CURVE() 
GEOMETRIC_REPRESENTATION_ITEM() RATIONAL_B_SPLINE_CURVE((1.,0.5,1.,0.5,
1.,0.5,1.)) REPRESENTATION_ITEM('') );
#1334 = CARTESIAN_POINT('',(11.05,7.53));
#1335 = CARTESIAN_POINT('',(11.05,13.07256258422));
#1336 = CARTESIAN_POINT('',(15.85,10.30128129211));
#1337 = CARTESIAN_POINT('',(20.65,7.53));
#1338 = CARTESIAN_POINT('',(15.85,4.75871870789));
#1339 = CARTESIAN_POINT('',(11.05,1.98743741578));
#1340 = CARTESIAN_POINT('',(11.05,7.53));
#1341 = ( GEOMETRIC_REPRESENTATION_CONTEXT(2) 
PARAMETRIC_REPRESENTATION_CONTEXT() REPRESENTATION_CONTEXT('2D SPACE',''
  ) );
#1342 = PCURVE('',#1009,#1343);
#1343 = DEFINITIONAL_REPRESENTATION('',(#1344),#1348);
#1344 = LINE('',#1345,#1346);
#1345 = CARTESIAN_POINT('',(0.,8.5));
#1346 = VECTOR('',#1347,1.);
#1347 = DIRECTION('',(1.,0.));
#1348 = ( GEOMETRIC_REPRESENTATION_CONTEXT(2) 
PARAMETRIC_REPRESENTATION_CONTEXT() REPRESENTATION_CONTEXT('2D SPACE',''
  ) );
#1349 = ORIENTED_EDGE('',*,*,#1350,.F.);
#1350 = EDGE_CURVE('',#189,#1323,#1351,.T.);
#1351 = SURFACE_CURVE('',#1352,(#1356,#1363),.PCURVE_S1.);
#1352 = LINE('',#1353,#1354);
#1353 = CARTESIAN_POINT('',(-35.2,-38.,5.));
#1354 = VECTOR('',#1355,1.);
#1355 = DIRECTION('',(0.,1.,0.));
#1356 = PCURVE('',#232,#1357);
#1357 = DEFINITIONAL_REPRESENTATION('',(#1358),#1362);
#1358 = LINE('',#1359,#1360);
#1359 = CARTESIAN_POINT('',(12.3,-12.9));
#1360 = VECTOR('',#1361,1.);
#1361 = DIRECTION('',(0.,1.));
#1362 = ( GEOMETRIC_REPRESENTATION_CONTEXT(2) 
PARAMETRIC_REPRESENTATION_CONTEXT() REPRESENTATION_CONTEXT('2D SPACE',''
  ) );
#1363 = PCURVE('',#1221,#1364);
#1364 = DEFINITIONAL_REPRESENTATION('',(#1365),#1369);
#1365 = LINE('',#1366,#1367);
#1366 = CARTESIAN_POINT('',(0.,0.));
#1367 = VECTOR('',#1368,1.);
#1368 = DIRECTION('',(1.,0.));
#1369 = ( GEOMETRIC_REPRESENTATION_CONTEXT(2) 
PARAMETRIC_REPRESENTATION_CONTEXT() REPRESENTATION_CONTEXT('2D SPACE',''
  ) );
#1370 = ORIENTED_EDGE('',*,*,#216,.T.);
#1371 = ORIENTED_EDGE('',*,*,#1372,.F.);
#1372 = EDGE_CURVE('',#661,#217,#1373,.T.);
#1373 = SURFACE_CURVE('',#1374,(#1378,#1385),.PCURVE_S1.);
#1374 = LINE('',#1375,#1376);
#1375 = CARTESIAN_POINT('',(-25.6,38.,5.));
#1376 = VECTOR('',#1377,1.);
#1377 = DIRECTION('',(0.,-1.,0.));
#1378 = PCURVE('',#232,#1379);
#1379 = DEFINITIONAL_REPRESENTATION('',(#1380),#1384);
#1380 = LINE('',#1381,#1382);
#1381 = CARTESIAN_POINT('',(21.9,63.1));
#1382 = VECTOR('',#1383,1.);
#1383 = DIRECTION('',(0.,-1.));
#1384 = ( GEOMETRIC_REPRESENTATION_CONTEXT(2) 
PARAMETRIC_REPRESENTATION_CONTEXT() REPRESENTATION_CONTEXT('2D SPACE',''
  ) );
#1385 = PCURVE('',#1386,#1391);
#1386 = PLANE('',#1387);
#1387 = AXIS2_PLACEMENT_3D('',#1388,#1389,#1390);
#1388 = CARTESIAN_POINT('',(-25.6,38.,5.));
#1389 = DIRECTION('',(1.,0.,-0.));
#1390 = DIRECTION('',(0.,-1.,0.));
#1391 = DEFINITIONAL_REPRESENTATION('',(#1392),#1396);
#1392 = LINE('',#1393,#1394);
#1393 = CARTESIAN_POINT('',(0.,0.));
#1394 = VECTOR('',#1395,1.);
#1395 = DIRECTION('',(1.,0.));
#1396 = ( GEOMETRIC_REPRESENTATION_CONTEXT(2) 
PARAMETRIC_REPRESENTATION_CONTEXT() REPRESENTATION_CONTEXT('2D SPACE',''
  ) );
#1397 = ADVANCED_FACE('',(#1398),#260,.F.);
#1398 = FACE_BOUND('',#1399,.F.);
#1399 = EDGE_LOOP('',(#1400,#1423,#1451,#1477));
#1400 = ORIENTED_EDGE('',*,*,#1401,.T.);
#1401 = EDGE_CURVE('',#217,#1402,#1404,.T.);
#1402 = VERTEX_POINT('',#1403);
#1403 = CARTESIAN_POINT('',(-25.6,-38.,5.));
#1404 = SURFACE_CURVE('',#1405,(#1409,#1416),.PCURVE_S1.);
#1405 = LINE('',#1406,#1407);
#1406 = CARTESIAN_POINT('',(-25.6,38.,5.));
#1407 = VECTOR('',#1408,1.);
#1408 = DIRECTION('',(0.,-1.,0.));
#1409 = PCURVE('',#260,#1410);
#1410 = DEFINITIONAL_REPRESENTATION('',(#1411),#1415);
#1411 = LINE('',#1412,#1413);
#1412 = CARTESIAN_POINT('',(12.4,38.));
#1413 = VECTOR('',#1414,1.);
#1414 = DIRECTION('',(0.,-1.));
#1415 = ( GEOMETRIC_REPRESENTATION_CONTEXT(2) 
PARAMETRIC_REPRESENTATION_CONTEXT() REPRESENTATION_CONTEXT('2D SPACE',''
  ) );
#1416 = PCURVE('',#1386,#1417);
#1417 = DEFINITIONAL_REPRESENTATION('',(#1418),#1422);
#1418 = LINE('',#1419,#1420);
#1419 = CARTESIAN_POINT('',(0.,0.));
#1420 = VECTOR('',#1421,1.);
#1421 = DIRECTION('',(1.,0.));
#1422 = ( GEOMETRIC_REPRESENTATION_CONTEXT(2) 
PARAMETRIC_REPRESENTATION_CONTEXT() REPRESENTATION_CONTEXT('2D SPACE',''
  ) );
#1423 = ORIENTED_EDGE('',*,*,#1424,.T.);
#1424 = EDGE_CURVE('',#1402,#1425,#1427,.T.);
#1425 = VERTEX_POINT('',#1426);
#1426 = CARTESIAN_POINT('',(-20.,-38.,5.));
#1427 = SURFACE_CURVE('',#1428,(#1432,#1439),.PCURVE_S1.);
#1428 = LINE('',#1429,#1430);
#1429 = CARTESIAN_POINT('',(-25.6,-38.,5.));
#1430 = VECTOR('',#1431,1.);
#1431 = DIRECTION('',(1.,0.,0.));
#1432 = PCURVE('',#260,#1433);
#1433 = DEFINITIONAL_REPRESENTATION('',(#1434),#1438);
#1434 = LINE('',#1435,#1436);
#1435 = CARTESIAN_POINT('',(12.4,-38.));
#1436 = VECTOR('',#1437,1.);
#1437 = DIRECTION('',(1.,0.));
#1438 = ( GEOMETRIC_REPRESENTATION_CONTEXT(2) 
PARAMETRIC_REPRESENTATION_CONTEXT() REPRESENTATION_CONTEXT('2D SPACE',''
  ) );
#1439 = PCURVE('',#1440,#1445);
#1440 = PLANE('',#1441);
#1441 = AXIS2_PLACEMENT_3D('',#1442,#1443,#1444);
#1442 = CARTESIAN_POINT('',(-25.6,-38.,5.));
#1443 = DIRECTION('',(0.,1.,0.));
#1444 = DIRECTION('',(1.,0.,0.));
#1445 = DEFINITIONAL_REPRESENTATION('',(#1446),#1450);
#1446 = LINE('',#1447,#1448);
#1447 = CARTESIAN_POINT('',(0.,0.));
#1448 = VECTOR('',#1449,1.);
#1449 = DIRECTION('',(1.,0.));
#1450 = ( GEOMETRIC_REPRESENTATION_CONTEXT(2) 
PARAMETRIC_REPRESENTATION_CONTEXT() REPRESENTATION_CONTEXT('2D SPACE',''
  ) );
#1451 = ORIENTED_EDGE('',*,*,#1452,.T.);
#1452 = EDGE_CURVE('',#1425,#245,#1453,.T.);
#1453 = SURFACE_CURVE('',#1454,(#1458,#1465),.PCURVE_S1.);
#1454 = LINE('',#1455,#1456);
#1455 = CARTESIAN_POINT('',(-20.,-38.,5.));
#1456 = VECTOR('',#1457,1.);
#1457 = DIRECTION('',(0.,1.,0.));
#1458 = PCURVE('',#260,#1459);
#1459 = DEFINITIONAL_REPRESENTATION('',(#1460),#1464);
#1460 = LINE('',#1461,#1462);
#1461 = CARTESIAN_POINT('',(18.,-38.));
#1462 = VECTOR('',#1463,1.);
#1463 = DIRECTION('',(0.,1.));
#1464 = ( GEOMETRIC_REPRESENTATION_CONTEXT(2) 
PARAMETRIC_REPRESENTATION_CONTEXT() REPRESENTATION_CONTEXT('2D SPACE',''
  ) );
#1465 = PCURVE('',#1466,#1471);
#1466 = PLANE('',#1467);
#1467 = AXIS2_PLACEMENT_3D('',#1468,#1469,#1470);
#1468 = CARTESIAN_POINT('',(-20.,-38.,5.));
#1469 = DIRECTION('',(-1.,0.,0.));
#1470 = DIRECTION('',(0.,1.,0.));
#1471 = DEFINITIONAL_REPRESENTATION('',(#1472),#1476);
#1472 = LINE('',#1473,#1474);
#1473 = CARTESIAN_POINT('',(0.,0.));
#1474 = VECTOR('',#1475,1.);
#1475 = DIRECTION('',(1.,0.));
#1476 = ( GEOMETRIC_REPRESENTATION_CONTEXT(2) 
PARAMETRIC_REPRESENTATION_CONTEXT() REPRESENTATION_CONTEXT('2D SPACE',''
  ) );
#1477 = ORIENTED_EDGE('',*,*,#244,.F.);
#1478 = ADVANCED_FACE('',(#1479),#288,.T.);
#1479 = FACE_BOUND('',#1480,.T.);
#1480 = EDGE_LOOP('',(#1481,#1482,#1503,#1504));
#1481 = ORIENTED_EDGE('',*,*,#711,.F.);
#1482 = ORIENTED_EDGE('',*,*,#1483,.F.);
#1483 = EDGE_CURVE('',#245,#684,#1484,.T.);
#1484 = SURFACE_CURVE('',#1485,(#1489,#1496),.PCURVE_S1.);
#1485 = LINE('',#1486,#1487);
#1486 = CARTESIAN_POINT('',(-20.,-38.,5.));
#1487 = VECTOR('',#1488,1.);
#1488 = DIRECTION('',(0.,1.,0.));
#1489 = PCURVE('',#288,#1490);
#1490 = DEFINITIONAL_REPRESENTATION('',(#1491),#1495);
#1491 = LINE('',#1492,#1493);
#1492 = CARTESIAN_POINT('',(27.5,-12.9));
#1493 = VECTOR('',#1494,1.);
#1494 = DIRECTION('',(0.,1.));
#1495 = ( GEOMETRIC_REPRESENTATION_CONTEXT(2) 
PARAMETRIC_REPRESENTATION_CONTEXT() REPRESENTATION_CONTEXT('2D SPACE',''
  ) );
#1496 = PCURVE('',#1466,#1497);
#1497 = DEFINITIONAL_REPRESENTATION('',(#1498),#1502);
#1498 = LINE('',#1499,#1500);
#1499 = CARTESIAN_POINT('',(0.,0.));
#1500 = VECTOR('',#1501,1.);
#1501 = DIRECTION('',(1.,0.));
#1502 = ( GEOMETRIC_REPRESENTATION_CONTEXT(2) 
PARAMETRIC_REPRESENTATION_CONTEXT() REPRESENTATION_CONTEXT('2D SPACE',''
  ) );
#1503 = ORIENTED_EDGE('',*,*,#272,.T.);
#1504 = ORIENTED_EDGE('',*,*,#1505,.F.);
#1505 = EDGE_CURVE('',#712,#273,#1506,.T.);
#1506 = SURFACE_CURVE('',#1507,(#1511,#1518),.PCURVE_S1.);
#1507 = LINE('',#1508,#1509);
#1508 = CARTESIAN_POINT('',(-10.4,38.,5.));
#1509 = VECTOR('',#1510,1.);
#1510 = DIRECTION('',(0.,-1.,0.));
#1511 = PCURVE('',#288,#1512);
#1512 = DEFINITIONAL_REPRESENTATION('',(#1513),#1517);
#1513 = LINE('',#1514,#1515);
#1514 = CARTESIAN_POINT('',(37.1,63.1));
#1515 = VECTOR('',#1516,1.);
#1516 = DIRECTION('',(0.,-1.));
#1517 = ( GEOMETRIC_REPRESENTATION_CONTEXT(2) 
PARAMETRIC_REPRESENTATION_CONTEXT() REPRESENTATION_CONTEXT('2D SPACE',''
  ) );
#1518 = PCURVE('',#1519,#1524);
#1519 = PLANE('',#1520);
#1520 = AXIS2_PLACEMENT_3D('',#1521,#1522,#1523);
#1521 = CARTESIAN_POINT('',(-10.4,38.,5.));
#1522 = DIRECTION('',(1.,0.,-0.));
#1523 = DIRECTION('',(0.,-1.,0.));
#1524 = DEFINITIONAL_REPRESENTATION('',(#1525),#1529);
#1525 = LINE('',#1526,#1527);
#1526 = CARTESIAN_POINT('',(0.,0.));
#1527 = VECTOR('',#1528,1.);
#1528 = DIRECTION('',(1.,0.));
#1529 = ( GEOMETRIC_REPRESENTATION_CONTEXT(2) 
PARAMETRIC_REPRESENTATION_CONTEXT() REPRESENTATION_CONTEXT('2D SPACE',''
  ) );
#1530 = ADVANCED_FACE('',(#1531),#316,.F.);
#1531 = FACE_BOUND('',#1532,.F.);
#1532 = EDGE_LOOP('',(#1533,#1556,#1584,#1610));
#1533 = ORIENTED_EDGE('',*,*,#1534,.T.);
#1534 = EDGE_CURVE('',#273,#1535,#1537,.T.);
#1535 = VERTEX_POINT('',#1536);
#1536 = CARTESIAN_POINT('',(-10.4,-38.,5.));
#1537 = SURFACE_CURVE('',#1538,(#1542,#1549),.PCURVE_S1.);
#1538 = LINE('',#1539,#1540);
#1539 = CARTESIAN_POINT('',(-10.4,38.,5.));
#1540 = VECTOR('',#1541,1.);
#1541 = DIRECTION('',(0.,-1.,0.));
#1542 = PCURVE('',#316,#1543);
#1543 = DEFINITIONAL_REPRESENTATION('',(#1544),#1548);
#1544 = LINE('',#1545,#1546);
#1545 = CARTESIAN_POINT('',(27.6,38.));
#1546 = VECTOR('',#1547,1.);
#1547 = DIRECTION('',(0.,-1.));
#1548 = ( GEOMETRIC_REPRESENTATION_CONTEXT(2) 
PARAMETRIC_REPRESENTATION_CONTEXT() REPRESENTATION_CONTEXT('2D SPACE',''
  ) );
#1549 = PCURVE('',#1519,#1550);
#1550 = DEFINITIONAL_REPRESENTATION('',(#1551),#1555);
#1551 = LINE('',#1552,#1553);
#1552 = CARTESIAN_POINT('',(0.,0.));
#1553 = VECTOR('',#1554,1.);
#1554 = DIRECTION('',(1.,0.));
#1555 = ( GEOMETRIC_REPRESENTATION_CONTEXT(2) 
PARAMETRIC_REPRESENTATION_CONTEXT() REPRESENTATION_CONTEXT('2D SPACE',''
  ) );
#1556 = ORIENTED_EDGE('',*,*,#1557,.T.);
#1557 = EDGE_CURVE('',#1535,#1558,#1560,.T.);
#1558 = VERTEX_POINT('',#1559);
#1559 = CARTESIAN_POINT('',(-4.8,-38.,5.));
#1560 = SURFACE_CURVE('',#1561,(#1565,#1572),.PCURVE_S1.);
#1561 = LINE('',#1562,#1563);
#1562 = CARTESIAN_POINT('',(-10.4,-38.,5.));
#1563 = VECTOR('',#1564,1.);
#1564 = DIRECTION('',(1.,0.,0.));
#1565 = PCURVE('',#316,#1566);
#1566 = DEFINITIONAL_REPRESENTATION('',(#1567),#1571);
#1567 = LINE('',#1568,#1569);
#1568 = CARTESIAN_POINT('',(27.6,-38.));
#1569 = VECTOR('',#1570,1.);
#1570 = DIRECTION('',(1.,0.));
#1571 = ( GEOMETRIC_REPRESENTATION_CONTEXT(2) 
PARAMETRIC_REPRESENTATION_CONTEXT() REPRESENTATION_CONTEXT('2D SPACE',''
  ) );
#1572 = PCURVE('',#1573,#1578);
#1573 = PLANE('',#1574);
#1574 = AXIS2_PLACEMENT_3D('',#1575,#1576,#1577);
#1575 = CARTESIAN_POINT('',(-10.4,-38.,5.));
#1576 = DIRECTION('',(0.,1.,0.));
#1577 = DIRECTION('',(1.,0.,0.));
#1578 = DEFINITIONAL_REPRESENTATION('',(#1579),#1583);
#1579 = LINE('',#1580,#1581);
#1580 = CARTESIAN_POINT('',(0.,0.));
#1581 = VECTOR('',#1582,1.);
#1582 = DIRECTION('',(1.,0.));
#1583 = ( GEOMETRIC_REPRESENTATION_CONTEXT(2) 
PARAMETRIC_REPRESENTATION_CONTEXT() REPRESENTATION_CONTEXT('2D SPACE',''
  ) );
#1584 = ORIENTED_EDGE('',*,*,#1585,.T.);
#1585 = EDGE_CURVE('',#1558,#301,#1586,.T.);
#1586 = SURFACE_CURVE('',#1587,(#1591,#1598),.PCURVE_S1.);
#1587 = LINE('',#1588,#1589);
#1588 = CARTESIAN_POINT('',(-4.8,-38.,5.));
#1589 = VECTOR('',#1590,1.);
#1590 = DIRECTION('',(0.,1.,0.));
#1591 = PCURVE('',#316,#1592);
#1592 = DEFINITIONAL_REPRESENTATION('',(#1593),#1597);
#1593 = LINE('',#1594,#1595);
#1594 = CARTESIAN_POINT('',(33.2,-38.));
#1595 = VECTOR('',#1596,1.);
#1596 = DIRECTION('',(0.,1.));
#1597 = ( GEOMETRIC_REPRESENTATION_CONTEXT(2) 
PARAMETRIC_REPRESENTATION_CONTEXT() REPRESENTATION_CONTEXT('2D SPACE',''
  ) );
#1598 = PCURVE('',#1599,#1604);
#1599 = PLANE('',#1600);
#1600 = AXIS2_PLACEMENT_3D('',#1601,#1602,#1603);
#1601 = CARTESIAN_POINT('',(-4.8,-38.,5.));
#1602 = DIRECTION('',(-1.,0.,0.));
#1603 = DIRECTION('',(0.,1.,0.));
#1604 = DEFINITIONAL_REPRESENTATION('',(#1605),#1609);
#1605 = LINE('',#1606,#1607);
#1606 = CARTESIAN_POINT('',(0.,0.));
#1607 = VECTOR('',#1608,1.);
#1608 = DIRECTION('',(1.,0.));
#1609 = ( GEOMETRIC_REPRESENTATION_CONTEXT(2) 
PARAMETRIC_REPRESENTATION_CONTEXT() REPRESENTATION_CONTEXT('2D SPACE',''
  ) );
#1610 = ORIENTED_EDGE('',*,*,#300,.F.);
#1611 = ADVANCED_FACE('',(#1612),#344,.T.);
#1612 = FACE_BOUND('',#1613,.T.);
#1613 = EDGE_LOOP('',(#1614,#1615,#1636,#1637));
#1614 = ORIENTED_EDGE('',*,*,#762,.F.);
#1615 = ORIENTED_EDGE('',*,*,#1616,.F.);
#1616 = EDGE_CURVE('',#301,#735,#1617,.T.);
#1617 = SURFACE_CURVE('',#1618,(#1622,#1629),.PCURVE_S1.);
#1618 = LINE('',#1619,#1620);
#1619 = CARTESIAN_POINT('',(-4.8,-38.,5.));
#1620 = VECTOR('',#1621,1.);
#1621 = DIRECTION('',(0.,1.,0.));
#1622 = PCURVE('',#344,#1623);
#1623 = DEFINITIONAL_REPRESENTATION('',(#1624),#1628);
#1624 = LINE('',#1625,#1626);
#1625 = CARTESIAN_POINT('',(42.7,-12.9));
#1626 = VECTOR('',#1627,1.);
#1627 = DIRECTION('',(0.,1.));
#1628 = ( GEOMETRIC_REPRESENTATION_CONTEXT(2) 
PARAMETRIC_REPRESENTATION_CONTEXT() REPRESENTATION_CONTEXT('2D SPACE',''
  ) );
#1629 = PCURVE('',#1599,#1630);
#1630 = DEFINITIONAL_REPRESENTATION('',(#1631),#1635);
#1631 = LINE('',#1632,#1633);
#1632 = CARTESIAN_POINT('',(0.,0.));
#1633 = VECTOR('',#1634,1.);
#1634 = DIRECTION('',(1.,0.));
#1635 = ( GEOMETRIC_REPRESENTATION_CONTEXT(2) 
PARAMETRIC_REPRESENTATION_CONTEXT() REPRESENTATION_CONTEXT('2D SPACE',''
  ) );
#1636 = ORIENTED_EDGE('',*,*,#328,.T.);
#1637 = ORIENTED_EDGE('',*,*,#1638,.F.);
#1638 = EDGE_CURVE('',#763,#329,#1639,.T.);
#1639 = SURFACE_CURVE('',#1640,(#1644,#1651),.PCURVE_S1.);
#1640 = LINE('',#1641,#1642);
#1641 = CARTESIAN_POINT('',(4.8,38.,5.));
#1642 = VECTOR('',#1643,1.);
#1643 = DIRECTION('',(0.,-1.,0.));
#1644 = PCURVE('',#344,#1645);
#1645 = DEFINITIONAL_REPRESENTATION('',(#1646),#1650);
#1646 = LINE('',#1647,#1648);
#1647 = CARTESIAN_POINT('',(52.3,63.1));
#1648 = VECTOR('',#1649,1.);
#1649 = DIRECTION('',(0.,-1.));
#1650 = ( GEOMETRIC_REPRESENTATION_CONTEXT(2) 
PARAMETRIC_REPRESENTATION_CONTEXT() REPRESENTATION_CONTEXT('2D SPACE',''
  ) );
#1651 = PCURVE('',#1652,#1657);
#1652 = PLANE('',#1653);
#1653 = AXIS2_PLACEMENT_3D('',#1654,#1655,#1656);
#1654 = CARTESIAN_POINT('',(4.8,38.,5.));
#1655 = DIRECTION('',(1.,0.,-0.));
#1656 = DIRECTION('',(0.,-1.,0.));
#1657 = DEFINITIONAL_REPRESENTATION('',(#1658),#1662);
#1658 = LINE('',#1659,#1660);
#1659 = CARTESIAN_POINT('',(0.,0.));
#1660 = VECTOR('',#1661,1.);
#1661 = DIRECTION('',(1.,0.));
#1662 = ( GEOMETRIC_REPRESENTATION_CONTEXT(2) 
PARAMETRIC_REPRESENTATION_CONTEXT() REPRESENTATION_CONTEXT('2D SPACE',''
  ) );
#1663 = ADVANCED_FACE('',(#1664),#372,.F.);
#1664 = FACE_BOUND('',#1665,.F.);
#1665 = EDGE_LOOP('',(#1666,#1689,#1717,#1743));
#1666 = ORIENTED_EDGE('',*,*,#1667,.T.);
#1667 = EDGE_CURVE('',#329,#1668,#1670,.T.);
#1668 = VERTEX_POINT('',#1669);
#1669 = CARTESIAN_POINT('',(4.8,-38.,5.));
#1670 = SURFACE_CURVE('',#1671,(#1675,#1682),.PCURVE_S1.);
#1671 = LINE('',#1672,#1673);
#1672 = CARTESIAN_POINT('',(4.8,38.,5.));
#1673 = VECTOR('',#1674,1.);
#1674 = DIRECTION('',(0.,-1.,0.));
#1675 = PCURVE('',#372,#1676);
#1676 = DEFINITIONAL_REPRESENTATION('',(#1677),#1681);
#1677 = LINE('',#1678,#1679);
#1678 = CARTESIAN_POINT('',(42.8,38.));
#1679 = VECTOR('',#1680,1.);
#1680 = DIRECTION('',(0.,-1.));
#1681 = ( GEOMETRIC_REPRESENTATION_CONTEXT(2) 
PARAMETRIC_REPRESENTATION_CONTEXT() REPRESENTATION_CONTEXT('2D SPACE',''
  ) );
#1682 = PCURVE('',#1652,#1683);
#1683 = DEFINITIONAL_REPRESENTATION('',(#1684),#1688);
#1684 = LINE('',#1685,#1686);
#1685 = CARTESIAN_POINT('',(0.,0.));
#1686 = VECTOR('',#1687,1.);
#1687 = DIRECTION('',(1.,0.));
#1688 = ( GEOMETRIC_REPRESENTATION_CONTEXT(2) 
PARAMETRIC_REPRESENTATION_CONTEXT() REPRESENTATION_CONTEXT('2D SPACE',''
  ) );
#1689 = ORIENTED_EDGE('',*,*,#1690,.T.);
#1690 = EDGE_CURVE('',#1668,#1691,#1693,.T.);
#1691 = VERTEX_POINT('',#1692);
#1692 = CARTESIAN_POINT('',(10.4,-38.,5.));
#1693 = SURFACE_CURVE('',#1694,(#1698,#1705),.PCURVE_S1.);
#1694 = LINE('',#1695,#1696);
#1695 = CARTESIAN_POINT('',(4.8,-38.,5.));
#1696 = VECTOR('',#1697,1.);
#1697 = DIRECTION('',(1.,0.,0.));
#1698 = PCURVE('',#372,#1699);
#1699 = DEFINITIONAL_REPRESENTATION('',(#1700),#1704);
#1700 = LINE('',#1701,#1702);
#1701 = CARTESIAN_POINT('',(42.8,-38.));
#1702 = VECTOR('',#1703,1.);
#1703 = DIRECTION('',(1.,0.));
#1704 = ( GEOMETRIC_REPRESENTATION_CONTEXT(2) 
PARAMETRIC_REPRESENTATION_CONTEXT() REPRESENTATION_CONTEXT('2D SPACE',''
  ) );
#1705 = PCURVE('',#1706,#1711);
#1706 = PLANE('',#1707);
#1707 = AXIS2_PLACEMENT_3D('',#1708,#1709,#1710);
#1708 = CARTESIAN_POINT('',(4.8,-38.,5.));
#1709 = DIRECTION('',(0.,1.,0.));
#1710 = DIRECTION('',(1.,0.,0.));
#1711 = DEFINITIONAL_REPRESENTATION('',(#1712),#1716);
#1712 = LINE('',#1713,#1714);
#1713 = CARTESIAN_POINT('',(0.,0.));
#1714 = VECTOR('',#1715,1.);
#1715 = DIRECTION('',(1.,0.));
#1716 = ( GEOMETRIC_REPRESENTATION_CONTEXT(2) 
PARAMETRIC_REPRESENTATION_CONTEXT() REPRESENTATION_CONTEXT('2D SPACE',''
  ) );
#1717 = ORIENTED_EDGE('',*,*,#1718,.T.);
#1718 = EDGE_CURVE('',#1691,#357,#1719,.T.);
#1719 = SURFACE_CURVE('',#1720,(#1724,#1731),.PCURVE_S1.);
#1720 = LINE('',#1721,#1722);
#1721 = CARTESIAN_POINT('',(10.4,-38.,5.));
#1722 = VECTOR('',#1723,1.);
#1723 = DIRECTION('',(0.,1.,0.));
#1724 = PCURVE('',#372,#1725);
#1725 = DEFINITIONAL_REPRESENTATION('',(#1726),#1730);
#1726 = LINE('',#1727,#1728);
#1727 = CARTESIAN_POINT('',(48.4,-38.));
#1728 = VECTOR('',#1729,1.);
#1729 = DIRECTION('',(0.,1.));
#1730 = ( GEOMETRIC_REPRESENTATION_CONTEXT(2) 
PARAMETRIC_REPRESENTATION_CONTEXT() REPRESENTATION_CONTEXT('2D SPACE',''
  ) );
#1731 = PCURVE('',#1732,#1737);
#1732 = PLANE('',#1733);
#1733 = AXIS2_PLACEMENT_3D('',#1734,#1735,#1736);
#1734 = CARTESIAN_POINT('',(10.4,-38.,5.));
#1735 = DIRECTION('',(-1.,0.,0.));
#1736 = DIRECTION('',(0.,1.,0.));
#1737 = DEFINITIONAL_REPRESENTATION('',(#1738),#1742);
#1738 = LINE('',#1739,#1740);
#1739 = CARTESIAN_POINT('',(0.,0.));
#1740 = VECTOR('',#1741,1.);
#1741 = DIRECTION('',(1.,0.));
#1742 = ( GEOMETRIC_REPRESENTATION_CONTEXT(2) 
PARAMETRIC_REPRESENTATION_CONTEXT() REPRESENTATION_CONTEXT('2D SPACE',''
  ) );
#1743 = ORIENTED_EDGE('',*,*,#356,.F.);
#1744 = ADVANCED_FACE('',(#1745),#400,.T.);
#1745 = FACE_BOUND('',#1746,.T.);
#1746 = EDGE_LOOP('',(#1747,#1748,#1769,#1770));
#1747 = ORIENTED_EDGE('',*,*,#813,.F.);
#1748 = ORIENTED_EDGE('',*,*,#1749,.F.);
#1749 = EDGE_CURVE('',#357,#786,#1750,.T.);
#1750 = SURFACE_CURVE('',#1751,(#1755,#1762),.PCURVE_S1.);
#1751 = LINE('',#1752,#1753);
#1752 = CARTESIAN_POINT('',(10.4,-38.,5.));
#1753 = VECTOR('',#1754,1.);
#1754 = DIRECTION('',(0.,1.,0.));
#1755 = PCURVE('',#400,#1756);
#1756 = DEFINITIONAL_REPRESENTATION('',(#1757),#1761);
#1757 = LINE('',#1758,#1759);
#1758 = CARTESIAN_POINT('',(57.9,-12.9));
#1759 = VECTOR('',#1760,1.);
#1760 = DIRECTION('',(0.,1.));
#1761 = ( GEOMETRIC_REPRESENTATION_CONTEXT(2) 
PARAMETRIC_REPRESENTATION_CONTEXT() REPRESENTATION_CONTEXT('2D SPACE',''
  ) );
#1762 = PCURVE('',#1732,#1763);
#1763 = DEFINITIONAL_REPRESENTATION('',(#1764),#1768);
#1764 = LINE('',#1765,#1766);
#1765 = CARTESIAN_POINT('',(0.,0.));
#1766 = VECTOR('',#1767,1.);
#1767 = DIRECTION('',(1.,0.));
#1768 = ( GEOMETRIC_REPRESENTATION_CONTEXT(2) 
PARAMETRIC_REPRESENTATION_CONTEXT() REPRESENTATION_CONTEXT('2D SPACE',''
  ) );
#1769 = ORIENTED_EDGE('',*,*,#384,.T.);
#1770 = ORIENTED_EDGE('',*,*,#1771,.F.);
#1771 = EDGE_CURVE('',#814,#385,#1772,.T.);
#1772 = SURFACE_CURVE('',#1773,(#1777,#1784),.PCURVE_S1.);
#1773 = LINE('',#1774,#1775);
#1774 = CARTESIAN_POINT('',(20.,38.,5.));
#1775 = VECTOR('',#1776,1.);
#1776 = DIRECTION('',(0.,-1.,0.));
#1777 = PCURVE('',#400,#1778);
#1778 = DEFINITIONAL_REPRESENTATION('',(#1779),#1783);
#1779 = LINE('',#1780,#1781);
#1780 = CARTESIAN_POINT('',(67.5,63.1));
#1781 = VECTOR('',#1782,1.);
#1782 = DIRECTION('',(0.,-1.));
#1783 = ( GEOMETRIC_REPRESENTATION_CONTEXT(2) 
PARAMETRIC_REPRESENTATION_CONTEXT() REPRESENTATION_CONTEXT('2D SPACE',''
  ) );
#1784 = PCURVE('',#1785,#1790);
#1785 = PLANE('',#1786);
#1786 = AXIS2_PLACEMENT_3D('',#1787,#1788,#1789);
#1787 = CARTESIAN_POINT('',(20.,38.,5.));
#1788 = DIRECTION('',(1.,0.,-0.));
#1789 = DIRECTION('',(0.,-1.,0.));
#1790 = DEFINITIONAL_REPRESENTATION('',(#1791),#1795);
#1791 = LINE('',#1792,#1793);
#1792 = CARTESIAN_POINT('',(0.,0.));
#1793 = VECTOR('',#1794,1.);
#1794 = DIRECTION('',(1.,0.));
#1795 = ( GEOMETRIC_REPRESENTATION_CONTEXT(2) 
PARAMETRIC_REPRESENTATION_CONTEXT() REPRESENTATION_CONTEXT('2D SPACE',''
  ) );
#1796 = ADVANCED_FACE('',(#1797),#428,.F.);
#1797 = FACE_BOUND('',#1798,.F.);
#1798 = EDGE_LOOP('',(#1799,#1822,#1850,#1876));
#1799 = ORIENTED_EDGE('',*,*,#1800,.T.);
#1800 = EDGE_CURVE('',#385,#1801,#1803,.T.);
#1801 = VERTEX_POINT('',#1802);
#1802 = CARTESIAN_POINT('',(20.,-38.,5.));
#1803 = SURFACE_CURVE('',#1804,(#1808,#1815),.PCURVE_S1.);
#1804 = LINE('',#1805,#1806);
#1805 = CARTESIAN_POINT('',(20.,38.,5.));
#1806 = VECTOR('',#1807,1.);
#1807 = DIRECTION('',(0.,-1.,0.));
#1808 = PCURVE('',#428,#1809);
#1809 = DEFINITIONAL_REPRESENTATION('',(#1810),#1814);
#1810 = LINE('',#1811,#1812);
#1811 = CARTESIAN_POINT('',(58.,38.));
#1812 = VECTOR('',#1813,1.);
#1813 = DIRECTION('',(0.,-1.));
#1814 = ( GEOMETRIC_REPRESENTATION_CONTEXT(2) 
PARAMETRIC_REPRESENTATION_CONTEXT() REPRESENTATION_CONTEXT('2D SPACE',''
  ) );
#1815 = PCURVE('',#1785,#1816);
#1816 = DEFINITIONAL_REPRESENTATION('',(#1817),#1821);
#1817 = LINE('',#1818,#1819);
#1818 = CARTESIAN_POINT('',(0.,0.));
#1819 = VECTOR('',#1820,1.);
#1820 = DIRECTION('',(1.,0.));
#1821 = ( GEOMETRIC_REPRESENTATION_CONTEXT(2) 
PARAMETRIC_REPRESENTATION_CONTEXT() REPRESENTATION_CONTEXT('2D SPACE',''
  ) );
#1822 = ORIENTED_EDGE('',*,*,#1823,.T.);
#1823 = EDGE_CURVE('',#1801,#1824,#1826,.T.);
#1824 = VERTEX_POINT('',#1825);
#1825 = CARTESIAN_POINT('',(25.6,-38.,5.));
#1826 = SURFACE_CURVE('',#1827,(#1831,#1838),.PCURVE_S1.);
#1827 = LINE('',#1828,#1829);
#1828 = CARTESIAN_POINT('',(20.,-38.,5.));
#1829 = VECTOR('',#1830,1.);
#1830 = DIRECTION('',(1.,0.,0.));
#1831 = PCURVE('',#428,#1832);
#1832 = DEFINITIONAL_REPRESENTATION('',(#1833),#1837);
#1833 = LINE('',#1834,#1835);
#1834 = CARTESIAN_POINT('',(58.,-38.));
#1835 = VECTOR('',#1836,1.);
#1836 = DIRECTION('',(1.,0.));
#1837 = ( GEOMETRIC_REPRESENTATION_CONTEXT(2) 
PARAMETRIC_REPRESENTATION_CONTEXT() REPRESENTATION_CONTEXT('2D SPACE',''
  ) );
#1838 = PCURVE('',#1839,#1844);
#1839 = PLANE('',#1840);
#1840 = AXIS2_PLACEMENT_3D('',#1841,#1842,#1843);
#1841 = CARTESIAN_POINT('',(20.,-38.,5.));
#1842 = DIRECTION('',(0.,1.,0.));
#1843 = DIRECTION('',(1.,0.,0.));
#1844 = DEFINITIONAL_REPRESENTATION('',(#1845),#1849);
#1845 = LINE('',#1846,#1847);
#1846 = CARTESIAN_POINT('',(0.,0.));
#1847 = VECTOR('',#1848,1.);
#1848 = DIRECTION('',(1.,0.));
#1849 = ( GEOMETRIC_REPRESENTATION_CONTEXT(2) 
PARAMETRIC_REPRESENTATION_CONTEXT() REPRESENTATION_CONTEXT('2D SPACE',''
  ) );
#1850 = ORIENTED_EDGE('',*,*,#1851,.T.);
#1851 = EDGE_CURVE('',#1824,#413,#1852,.T.);
#1852 = SURFACE_CURVE('',#1853,(#1857,#1864),.PCURVE_S1.);
#1853 = LINE('',#1854,#1855);
#1854 = CARTESIAN_POINT('',(25.6,-38.,5.));
#1855 = VECTOR('',#1856,1.);
#1856 = DIRECTION('',(0.,1.,0.));
#1857 = PCURVE('',#428,#1858);
#1858 = DEFINITIONAL_REPRESENTATION('',(#1859),#1863);
#1859 = LINE('',#1860,#1861);
#1860 = CARTESIAN_POINT('',(63.6,-38.));
#1861 = VECTOR('',#1862,1.);
#1862 = DIRECTION('',(0.,1.));
#1863 = ( GEOMETRIC_REPRESENTATION_CONTEXT(2) 
PARAMETRIC_REPRESENTATION_CONTEXT() REPRESENTATION_CONTEXT('2D SPACE',''
  ) );
#1864 = PCURVE('',#1865,#1870);
#1865 = PLANE('',#1866);
#1866 = AXIS2_PLACEMENT_3D('',#1867,#1868,#1869);
#1867 = CARTESIAN_POINT('',(25.6,-38.,5.));
#1868 = DIRECTION('',(-1.,0.,0.));
#1869 = DIRECTION('',(0.,1.,0.));
#1870 = DEFINITIONAL_REPRESENTATION('',(#1871),#1875);
#1871 = LINE('',#1872,#1873);
#1872 = CARTESIAN_POINT('',(0.,0.));
#1873 = VECTOR('',#1874,1.);
#1874 = DIRECTION('',(1.,0.));
#1875 = ( GEOMETRIC_REPRESENTATION_CONTEXT(2) 
PARAMETRIC_REPRESENTATION_CONTEXT() REPRESENTATION_CONTEXT('2D SPACE',''
  ) );
#1876 = ORIENTED_EDGE('',*,*,#412,.F.);
#1877 = ADVANCED_FACE('',(#1878),#456,.T.);
#1878 = FACE_BOUND('',#1879,.T.);
#1879 = EDGE_LOOP('',(#1880,#1881,#1902,#1903,#1931,#1959,#1987,#2015,
    #2043,#2071));
#1880 = ORIENTED_EDGE('',*,*,#864,.F.);
#1881 = ORIENTED_EDGE('',*,*,#1882,.F.);
#1882 = EDGE_CURVE('',#413,#837,#1883,.T.);
#1883 = SURFACE_CURVE('',#1884,(#1888,#1895),.PCURVE_S1.);
#1884 = LINE('',#1885,#1886);
#1885 = CARTESIAN_POINT('',(25.6,-38.,5.));
#1886 = VECTOR('',#1887,1.);
#1887 = DIRECTION('',(0.,1.,0.));
#1888 = PCURVE('',#456,#1889);
#1889 = DEFINITIONAL_REPRESENTATION('',(#1890),#1894);
#1890 = LINE('',#1891,#1892);
#1891 = CARTESIAN_POINT('',(73.1,-12.9));
#1892 = VECTOR('',#1893,1.);
#1893 = DIRECTION('',(0.,1.));
#1894 = ( GEOMETRIC_REPRESENTATION_CONTEXT(2) 
PARAMETRIC_REPRESENTATION_CONTEXT() REPRESENTATION_CONTEXT('2D SPACE',''
  ) );
#1895 = PCURVE('',#1865,#1896);
#1896 = DEFINITIONAL_REPRESENTATION('',(#1897),#1901);
#1897 = LINE('',#1898,#1899);
#1898 = CARTESIAN_POINT('',(0.,0.));
#1899 = VECTOR('',#1900,1.);
#1900 = DIRECTION('',(1.,0.));
#1901 = ( GEOMETRIC_REPRESENTATION_CONTEXT(2) 
PARAMETRIC_REPRESENTATION_CONTEXT() REPRESENTATION_CONTEXT('2D SPACE',''
  ) );
#1902 = ORIENTED_EDGE('',*,*,#440,.T.);
#1903 = ORIENTED_EDGE('',*,*,#1904,.F.);
#1904 = EDGE_CURVE('',#1905,#441,#1907,.T.);
#1905 = VERTEX_POINT('',#1906);
#1906 = CARTESIAN_POINT('',(35.2,-20.10722289127,5.));
#1907 = SURFACE_CURVE('',#1908,(#1912,#1919),.PCURVE_S1.);
#1908 = LINE('',#1909,#1910);
#1909 = CARTESIAN_POINT('',(35.2,38.,5.));
#1910 = VECTOR('',#1911,1.);
#1911 = DIRECTION('',(0.,-1.,0.));
#1912 = PCURVE('',#456,#1913);
#1913 = DEFINITIONAL_REPRESENTATION('',(#1914),#1918);
#1914 = LINE('',#1915,#1916);
#1915 = CARTESIAN_POINT('',(82.7,63.1));
#1916 = VECTOR('',#1917,1.);
#1917 = DIRECTION('',(0.,-1.));
#1918 = ( GEOMETRIC_REPRESENTATION_CONTEXT(2) 
PARAMETRIC_REPRESENTATION_CONTEXT() REPRESENTATION_CONTEXT('2D SPACE',''
  ) );
#1919 = PCURVE('',#1920,#1925);
#1920 = PLANE('',#1921);
#1921 = AXIS2_PLACEMENT_3D('',#1922,#1923,#1924);
#1922 = CARTESIAN_POINT('',(35.2,38.,5.));
#1923 = DIRECTION('',(1.,0.,-0.));
#1924 = DIRECTION('',(0.,-1.,0.));
#1925 = DEFINITIONAL_REPRESENTATION('',(#1926),#1930);
#1926 = LINE('',#1927,#1928);
#1927 = CARTESIAN_POINT('',(0.,0.));
#1928 = VECTOR('',#1929,1.);
#1929 = DIRECTION('',(1.,0.));
#1930 = ( GEOMETRIC_REPRESENTATION_CONTEXT(2) 
PARAMETRIC_REPRESENTATION_CONTEXT() REPRESENTATION_CONTEXT('2D SPACE',''
  ) );
#1931 = ORIENTED_EDGE('',*,*,#1932,.T.);
#1932 = EDGE_CURVE('',#1905,#1933,#1935,.T.);
#1933 = VERTEX_POINT('',#1934);
#1934 = CARTESIAN_POINT('',(30.05,-17.57,5.));
#1935 = SURFACE_CURVE('',#1936,(#1941,#1952),.PCURVE_S1.);
#1936 = CIRCLE('',#1937,3.2);
#1937 = AXIS2_PLACEMENT_3D('',#1938,#1939,#1940);
#1938 = CARTESIAN_POINT('',(33.25,-17.57,5.));
#1939 = DIRECTION('',(0.,0.,-1.));
#1940 = DIRECTION('',(-1.,0.,0.));
#1941 = PCURVE('',#456,#1942);
#1942 = DEFINITIONAL_REPRESENTATION('',(#1943),#1951);
#1943 = ( BOUNDED_CURVE() B_SPLINE_CURVE(2,(#1944,#1945,#1946,#1947,
#1948,#1949,#1950),.UNSPECIFIED.,.T.,.F.) B_SPLINE_CURVE_WITH_KNOTS((1,2
    ,2,2,2,1),(-2.094395102393,0.,2.094395102393,4.188790204786,
6.28318530718,8.377580409573),.UNSPECIFIED.) CURVE() 
GEOMETRIC_REPRESENTATION_ITEM() RATIONAL_B_SPLINE_CURVE((1.,0.5,1.,0.5,
1.,0.5,1.)) REPRESENTATION_ITEM('') );
#1944 = CARTESIAN_POINT('',(77.55,7.53));
#1945 = CARTESIAN_POINT('',(77.55,13.07256258422));
#1946 = CARTESIAN_POINT('',(82.35,10.30128129211));
#1947 = CARTESIAN_POINT('',(87.15,7.53));
#1948 = CARTESIAN_POINT('',(82.35,4.75871870789));
#1949 = CARTESIAN_POINT('',(77.55,1.98743741578));
#1950 = CARTESIAN_POINT('',(77.55,7.53));
#1951 = ( GEOMETRIC_REPRESENTATION_CONTEXT(2) 
PARAMETRIC_REPRESENTATION_CONTEXT() REPRESENTATION_CONTEXT('2D SPACE',''
  ) );
#1952 = PCURVE('',#1044,#1953);
#1953 = DEFINITIONAL_REPRESENTATION('',(#1954),#1958);
#1954 = LINE('',#1955,#1956);
#1955 = CARTESIAN_POINT('',(0.,8.5));
#1956 = VECTOR('',#1957,1.);
#1957 = DIRECTION('',(1.,0.));
#1958 = ( GEOMETRIC_REPRESENTATION_CONTEXT(2) 
PARAMETRIC_REPRESENTATION_CONTEXT() REPRESENTATION_CONTEXT('2D SPACE',''
  ) );
#1959 = ORIENTED_EDGE('',*,*,#1960,.T.);
#1960 = EDGE_CURVE('',#1933,#1961,#1963,.T.);
#1961 = VERTEX_POINT('',#1962);
#1962 = CARTESIAN_POINT('',(35.2,-15.03277710872,5.));
#1963 = SURFACE_CURVE('',#1964,(#1969,#1980),.PCURVE_S1.);
#1964 = CIRCLE('',#1965,3.2);
#1965 = AXIS2_PLACEMENT_3D('',#1966,#1967,#1968);
#1966 = CARTESIAN_POINT('',(33.25,-17.57,5.));
#1967 = DIRECTION('',(0.,0.,-1.));
#1968 = DIRECTION('',(-1.,0.,0.));
#1969 = PCURVE('',#456,#1970);
#1970 = DEFINITIONAL_REPRESENTATION('',(#1971),#1979);
#1971 = ( BOUNDED_CURVE() B_SPLINE_CURVE(2,(#1972,#1973,#1974,#1975,
#1976,#1977,#1978),.UNSPECIFIED.,.T.,.F.) B_SPLINE_CURVE_WITH_KNOTS((1,2
    ,2,2,2,1),(-2.094395102393,0.,2.094395102393,4.188790204786,
6.28318530718,8.377580409573),.UNSPECIFIED.) CURVE() 
GEOMETRIC_REPRESENTATION_ITEM() RATIONAL_B_SPLINE_CURVE((1.,0.5,1.,0.5,
1.,0.5,1.)) REPRESENTATION_ITEM('') );
#1972 = CARTESIAN_POINT('',(77.55,7.53));
#1973 = CARTESIAN_POINT('',(77.55,13.07256258422));
#1974 = CARTESIAN_POINT('',(82.35,10.30128129211));
#1975 = CARTESIAN_POINT('',(87.15,7.53));
#1976 = CARTESIAN_POINT('',(82.35,4.75871870789));
#1977 = CARTESIAN_POINT('',(77.55,1.98743741578));
#1978 = CARTESIAN_POINT('',(77.55,7.53));
#1979 = ( GEOMETRIC_REPRESENTATION_CONTEXT(2) 
PARAMETRIC_REPRESENTATION_CONTEXT() REPRESENTATION_CONTEXT('2D SPACE',''
  ) );
#1980 = PCURVE('',#1044,#1981);
#1981 = DEFINITIONAL_REPRESENTATION('',(#1982),#1986);
#1982 = LINE('',#1983,#1984);
#1983 = CARTESIAN_POINT('',(0.,8.5));
#1984 = VECTOR('',#1985,1.);
#1985 = DIRECTION('',(1.,0.));
#1986 = ( GEOMETRIC_REPRESENTATION_CONTEXT(2) 
PARAMETRIC_REPRESENTATION_CONTEXT() REPRESENTATION_CONTEXT('2D SPACE',''
  ) );
#1987 = ORIENTED_EDGE('',*,*,#1988,.F.);
#1988 = EDGE_CURVE('',#1989,#1961,#1991,.T.);
#1989 = VERTEX_POINT('',#1990);
#1990 = CARTESIAN_POINT('',(35.2,15.032777108727,5.));
#1991 = SURFACE_CURVE('',#1992,(#1996,#2003),.PCURVE_S1.);
#1992 = LINE('',#1993,#1994);
#1993 = CARTESIAN_POINT('',(35.2,38.,5.));
#1994 = VECTOR('',#1995,1.);
#1995 = DIRECTION('',(0.,-1.,0.));
#1996 = PCURVE('',#456,#1997);
#1997 = DEFINITIONAL_REPRESENTATION('',(#1998),#2002);
#1998 = LINE('',#1999,#2000);
#1999 = CARTESIAN_POINT('',(82.7,63.1));
#2000 = VECTOR('',#2001,1.);
#2001 = DIRECTION('',(0.,-1.));
#2002 = ( GEOMETRIC_REPRESENTATION_CONTEXT(2) 
PARAMETRIC_REPRESENTATION_CONTEXT() REPRESENTATION_CONTEXT('2D SPACE',''
  ) );
#2003 = PCURVE('',#2004,#2009);
#2004 = PLANE('',#2005);
#2005 = AXIS2_PLACEMENT_3D('',#2006,#2007,#2008);
#2006 = CARTESIAN_POINT('',(35.2,38.,5.));
#2007 = DIRECTION('',(1.,0.,-0.));
#2008 = DIRECTION('',(0.,-1.,0.));
#2009 = DEFINITIONAL_REPRESENTATION('',(#2010),#2014);
#2010 = LINE('',#2011,#2012);
#2011 = CARTESIAN_POINT('',(0.,0.));
#2012 = VECTOR('',#2013,1.);
#2013 = DIRECTION('',(1.,0.));
#2014 = ( GEOMETRIC_REPRESENTATION_CONTEXT(2) 
PARAMETRIC_REPRESENTATION_CONTEXT() REPRESENTATION_CONTEXT('2D SPACE',''
  ) );
#2015 = ORIENTED_EDGE('',*,*,#2016,.T.);
#2016 = EDGE_CURVE('',#1989,#2017,#2019,.T.);
#2017 = VERTEX_POINT('',#2018);
#2018 = CARTESIAN_POINT('',(30.05,17.57,5.));
#2019 = SURFACE_CURVE('',#2020,(#2025,#2036),.PCURVE_S1.);
#2020 = CIRCLE('',#2021,3.2);
#2021 = AXIS2_PLACEMENT_3D('',#2022,#2023,#2024);
#2022 = CARTESIAN_POINT('',(33.25,17.57,5.));
#2023 = DIRECTION('',(0.,0.,-1.));
#2024 = DIRECTION('',(-1.,0.,0.));
#2025 = PCURVE('',#456,#2026);
#2026 = DEFINITIONAL_REPRESENTATION('',(#2027),#2035);
#2027 = ( BOUNDED_CURVE() B_SPLINE_CURVE(2,(#2028,#2029,#2030,#2031,
#2032,#2033,#2034),.UNSPECIFIED.,.T.,.F.) B_SPLINE_CURVE_WITH_KNOTS((1,2
    ,2,2,2,1),(-2.094395102393,0.,2.094395102393,4.188790204786,
6.28318530718,8.377580409573),.UNSPECIFIED.) CURVE() 
GEOMETRIC_REPRESENTATION_ITEM() RATIONAL_B_SPLINE_CURVE((1.,0.5,1.,0.5,
1.,0.5,1.)) REPRESENTATION_ITEM('') );
#2028 = CARTESIAN_POINT('',(77.55,42.67));
#2029 = CARTESIAN_POINT('',(77.55,48.21256258422));
#2030 = CARTESIAN_POINT('',(82.35,45.44128129211));
#2031 = CARTESIAN_POINT('',(87.15,42.67));
#2032 = CARTESIAN_POINT('',(82.35,39.89871870789));
#2033 = CARTESIAN_POINT('',(77.55,37.12743741578));
#2034 = CARTESIAN_POINT('',(77.55,42.67));
#2035 = ( GEOMETRIC_REPRESENTATION_CONTEXT(2) 
PARAMETRIC_REPRESENTATION_CONTEXT() REPRESENTATION_CONTEXT('2D SPACE',''
  ) );
#2036 = PCURVE('',#1114,#2037);
#2037 = DEFINITIONAL_REPRESENTATION('',(#2038),#2042);
#2038 = LINE('',#2039,#2040);
#2039 = CARTESIAN_POINT('',(0.,8.5));
#2040 = VECTOR('',#2041,1.);
#2041 = DIRECTION('',(1.,0.));
#2042 = ( GEOMETRIC_REPRESENTATION_CONTEXT(2) 
PARAMETRIC_REPRESENTATION_CONTEXT() REPRESENTATION_CONTEXT('2D SPACE',''
  ) );
#2043 = ORIENTED_EDGE('',*,*,#2044,.T.);
#2044 = EDGE_CURVE('',#2017,#2045,#2047,.T.);
#2045 = VERTEX_POINT('',#2046);
#2046 = CARTESIAN_POINT('',(35.2,20.107222891273,5.));
#2047 = SURFACE_CURVE('',#2048,(#2053,#2064),.PCURVE_S1.);
#2048 = CIRCLE('',#2049,3.2);
#2049 = AXIS2_PLACEMENT_3D('',#2050,#2051,#2052);
#2050 = CARTESIAN_POINT('',(33.25,17.57,5.));
#2051 = DIRECTION('',(0.,0.,-1.));
#2052 = DIRECTION('',(-1.,0.,0.));
#2053 = PCURVE('',#456,#2054);
#2054 = DEFINITIONAL_REPRESENTATION('',(#2055),#2063);
#2055 = ( BOUNDED_CURVE() B_SPLINE_CURVE(2,(#2056,#2057,#2058,#2059,
#2060,#2061,#2062),.UNSPECIFIED.,.T.,.F.) B_SPLINE_CURVE_WITH_KNOTS((1,2
    ,2,2,2,1),(-2.094395102393,0.,2.094395102393,4.188790204786,
6.28318530718,8.377580409573),.UNSPECIFIED.) CURVE() 
GEOMETRIC_REPRESENTATION_ITEM() RATIONAL_B_SPLINE_CURVE((1.,0.5,1.,0.5,
1.,0.5,1.)) REPRESENTATION_ITEM('') );
#2056 = CARTESIAN_POINT('',(77.55,42.67));
#2057 = CARTESIAN_POINT('',(77.55,48.21256258422));
#2058 = CARTESIAN_POINT('',(82.35,45.44128129211));
#2059 = CARTESIAN_POINT('',(87.15,42.67));
#2060 = CARTESIAN_POINT('',(82.35,39.89871870789));
#2061 = CARTESIAN_POINT('',(77.55,37.12743741578));
#2062 = CARTESIAN_POINT('',(77.55,42.67));
#2063 = ( GEOMETRIC_REPRESENTATION_CONTEXT(2) 
PARAMETRIC_REPRESENTATION_CONTEXT() REPRESENTATION_CONTEXT('2D SPACE',''
  ) );
#2064 = PCURVE('',#1114,#2065);
#2065 = DEFINITIONAL_REPRESENTATION('',(#2066),#2070);
#2066 = LINE('',#2067,#2068);
#2067 = CARTESIAN_POINT('',(0.,8.5));
#2068 = VECTOR('',#2069,1.);
#2069 = DIRECTION('',(1.,0.));
#2070 = ( GEOMETRIC_REPRESENTATION_CONTEXT(2) 
PARAMETRIC_REPRESENTATION_CONTEXT() REPRESENTATION_CONTEXT('2D SPACE',''
  ) );
#2071 = ORIENTED_EDGE('',*,*,#2072,.F.);
#2072 = EDGE_CURVE('',#865,#2045,#2073,.T.);
#2073 = SURFACE_CURVE('',#2074,(#2078,#2085),.PCURVE_S1.);
#2074 = LINE('',#2075,#2076);
#2075 = CARTESIAN_POINT('',(35.2,38.,5.));
#2076 = VECTOR('',#2077,1.);
#2077 = DIRECTION('',(0.,-1.,0.));
#2078 = PCURVE('',#456,#2079);
#2079 = DEFINITIONAL_REPRESENTATION('',(#2080),#2084);
#2080 = LINE('',#2081,#2082);
#2081 = CARTESIAN_POINT('',(82.7,63.1));
#2082 = VECTOR('',#2083,1.);
#2083 = DIRECTION('',(0.,-1.));
#2084 = ( GEOMETRIC_REPRESENTATION_CONTEXT(2) 
PARAMETRIC_REPRESENTATION_CONTEXT() REPRESENTATION_CONTEXT('2D SPACE',''
  ) );
#2085 = PCURVE('',#2086,#2091);
#2086 = PLANE('',#2087);
#2087 = AXIS2_PLACEMENT_3D('',#2088,#2089,#2090);
#2088 = CARTESIAN_POINT('',(35.2,38.,5.));
#2089 = DIRECTION('',(1.,0.,-0.));
#2090 = DIRECTION('',(0.,-1.,0.));
#2091 = DEFINITIONAL_REPRESENTATION('',(#2092),#2096);
#2092 = LINE('',#2093,#2094);
#2093 = CARTESIAN_POINT('',(0.,0.));
#2094 = VECTOR('',#2095,1.);
#2095 = DIRECTION('',(1.,0.));
#2096 = ( GEOMETRIC_REPRESENTATION_CONTEXT(2) 
PARAMETRIC_REPRESENTATION_CONTEXT() REPRESENTATION_CONTEXT('2D SPACE',''
  ) );
#2097 = ADVANCED_FACE('',(#2098),#484,.F.);
#2098 = FACE_BOUND('',#2099,.F.);
#2099 = EDGE_LOOP('',(#2100,#2123,#2151,#2177));
#2100 = ORIENTED_EDGE('',*,*,#2101,.T.);
#2101 = EDGE_CURVE('',#441,#2102,#2104,.T.);
#2102 = VERTEX_POINT('',#2103);
#2103 = CARTESIAN_POINT('',(35.2,-38.,5.));
#2104 = SURFACE_CURVE('',#2105,(#2109,#2116),.PCURVE_S1.);
#2105 = LINE('',#2106,#2107);
#2106 = CARTESIAN_POINT('',(35.2,38.,5.));
#2107 = VECTOR('',#2108,1.);
#2108 = DIRECTION('',(0.,-1.,0.));
#2109 = PCURVE('',#484,#2110);
#2110 = DEFINITIONAL_REPRESENTATION('',(#2111),#2115);
#2111 = LINE('',#2112,#2113);
#2112 = CARTESIAN_POINT('',(73.2,38.));
#2113 = VECTOR('',#2114,1.);
#2114 = DIRECTION('',(0.,-1.));
#2115 = ( GEOMETRIC_REPRESENTATION_CONTEXT(2) 
PARAMETRIC_REPRESENTATION_CONTEXT() REPRESENTATION_CONTEXT('2D SPACE',''
  ) );
#2116 = PCURVE('',#1920,#2117);
#2117 = DEFINITIONAL_REPRESENTATION('',(#2118),#2122);
#2118 = LINE('',#2119,#2120);
#2119 = CARTESIAN_POINT('',(0.,0.));
#2120 = VECTOR('',#2121,1.);
#2121 = DIRECTION('',(1.,0.));
#2122 = ( GEOMETRIC_REPRESENTATION_CONTEXT(2) 
PARAMETRIC_REPRESENTATION_CONTEXT() REPRESENTATION_CONTEXT('2D SPACE',''
  ) );
#2123 = ORIENTED_EDGE('',*,*,#2124,.T.);
#2124 = EDGE_CURVE('',#2102,#2125,#2127,.T.);
#2125 = VERTEX_POINT('',#2126);
#2126 = CARTESIAN_POINT('',(40.8,-38.,5.));
#2127 = SURFACE_CURVE('',#2128,(#2132,#2139),.PCURVE_S1.);
#2128 = LINE('',#2129,#2130);
#2129 = CARTESIAN_POINT('',(35.2,-38.,5.));
#2130 = VECTOR('',#2131,1.);
#2131 = DIRECTION('',(1.,0.,0.));
#2132 = PCURVE('',#484,#2133);
#2133 = DEFINITIONAL_REPRESENTATION('',(#2134),#2138);
#2134 = LINE('',#2135,#2136);
#2135 = CARTESIAN_POINT('',(73.2,-38.));
#2136 = VECTOR('',#2137,1.);
#2137 = DIRECTION('',(1.,0.));
#2138 = ( GEOMETRIC_REPRESENTATION_CONTEXT(2) 
PARAMETRIC_REPRESENTATION_CONTEXT() REPRESENTATION_CONTEXT('2D SPACE',''
  ) );
#2139 = PCURVE('',#2140,#2145);
#2140 = PLANE('',#2141);
#2141 = AXIS2_PLACEMENT_3D('',#2142,#2143,#2144);
#2142 = CARTESIAN_POINT('',(35.2,-38.,5.));
#2143 = DIRECTION('',(0.,1.,0.));
#2144 = DIRECTION('',(1.,0.,0.));
#2145 = DEFINITIONAL_REPRESENTATION('',(#2146),#2150);
#2146 = LINE('',#2147,#2148);
#2147 = CARTESIAN_POINT('',(0.,0.));
#2148 = VECTOR('',#2149,1.);
#2149 = DIRECTION('',(1.,0.));
#2150 = ( GEOMETRIC_REPRESENTATION_CONTEXT(2) 
PARAMETRIC_REPRESENTATION_CONTEXT() REPRESENTATION_CONTEXT('2D SPACE',''
  ) );
#2151 = ORIENTED_EDGE('',*,*,#2152,.T.);
#2152 = EDGE_CURVE('',#2125,#469,#2153,.T.);
#2153 = SURFACE_CURVE('',#2154,(#2158,#2165),.PCURVE_S1.);
#2154 = LINE('',#2155,#2156);
#2155 = CARTESIAN_POINT('',(40.8,-38.,5.));
#2156 = VECTOR('',#2157,1.);
#2157 = DIRECTION('',(0.,1.,0.));
#2158 = PCURVE('',#484,#2159);
#2159 = DEFINITIONAL_REPRESENTATION('',(#2160),#2164);
#2160 = LINE('',#2161,#2162);
#2161 = CARTESIAN_POINT('',(78.8,-38.));
#2162 = VECTOR('',#2163,1.);
#2163 = DIRECTION('',(0.,1.));
#2164 = ( GEOMETRIC_REPRESENTATION_CONTEXT(2) 
PARAMETRIC_REPRESENTATION_CONTEXT() REPRESENTATION_CONTEXT('2D SPACE',''
  ) );
#2165 = PCURVE('',#2166,#2171);
#2166 = PLANE('',#2167);
#2167 = AXIS2_PLACEMENT_3D('',#2168,#2169,#2170);
#2168 = CARTESIAN_POINT('',(40.8,-38.,5.));
#2169 = DIRECTION('',(-1.,0.,0.));
#2170 = DIRECTION('',(0.,1.,0.));
#2171 = DEFINITIONAL_REPRESENTATION('',(#2172),#2176);
#2172 = LINE('',#2173,#2174);
#2173 = CARTESIAN_POINT('',(0.,0.));
#2174 = VECTOR('',#2175,1.);
#2175 = DIRECTION('',(1.,0.));
#2176 = ( GEOMETRIC_REPRESENTATION_CONTEXT(2) 
PARAMETRIC_REPRESENTATION_CONTEXT() REPRESENTATION_CONTEXT('2D SPACE',''
  ) );
#2177 = ORIENTED_EDGE('',*,*,#468,.F.);
#2178 = ADVANCED_FACE('',(#2179),#512,.T.);
#2179 = FACE_BOUND('',#2180,.T.);
#2180 = EDGE_LOOP('',(#2181,#2182,#2203,#2204));
#2181 = ORIENTED_EDGE('',*,*,#915,.F.);
#2182 = ORIENTED_EDGE('',*,*,#2183,.F.);
#2183 = EDGE_CURVE('',#469,#888,#2184,.T.);
#2184 = SURFACE_CURVE('',#2185,(#2189,#2196),.PCURVE_S1.);
#2185 = LINE('',#2186,#2187);
#2186 = CARTESIAN_POINT('',(40.8,-38.,5.));
#2187 = VECTOR('',#2188,1.);
#2188 = DIRECTION('',(0.,1.,0.));
#2189 = PCURVE('',#512,#2190);
#2190 = DEFINITIONAL_REPRESENTATION('',(#2191),#2195);
#2191 = LINE('',#2192,#2193);
#2192 = CARTESIAN_POINT('',(88.3,-12.9));
#2193 = VECTOR('',#2194,1.);
#2194 = DIRECTION('',(0.,1.));
#2195 = ( GEOMETRIC_REPRESENTATION_CONTEXT(2) 
PARAMETRIC_REPRESENTATION_CONTEXT() REPRESENTATION_CONTEXT('2D SPACE',''
  ) );
#2196 = PCURVE('',#2166,#2197);
#2197 = DEFINITIONAL_REPRESENTATION('',(#2198),#2202);
#2198 = LINE('',#2199,#2200);
#2199 = CARTESIAN_POINT('',(0.,0.));
#2200 = VECTOR('',#2201,1.);
#2201 = DIRECTION('',(1.,0.));
#2202 = ( GEOMETRIC_REPRESENTATION_CONTEXT(2) 
PARAMETRIC_REPRESENTATION_CONTEXT() REPRESENTATION_CONTEXT('2D SPACE',''
  ) );
#2203 = ORIENTED_EDGE('',*,*,#496,.T.);
#2204 = ORIENTED_EDGE('',*,*,#1132,.T.);
#2205 = ADVANCED_FACE('',(#2206),#592,.F.);
#2206 = FACE_BOUND('',#2207,.F.);
#2207 = EDGE_LOOP('',(#2208,#2238,#2266,#2287,#2288,#2289));
#2208 = ORIENTED_EDGE('',*,*,#2209,.T.);
#2209 = EDGE_CURVE('',#2210,#2212,#2214,.T.);
#2210 = VERTEX_POINT('',#2211);
#2211 = CARTESIAN_POINT('',(-40.8,38.,5.));
#2212 = VERTEX_POINT('',#2213);
#2213 = CARTESIAN_POINT('',(-40.8,38.,13.5));
#2214 = SURFACE_CURVE('',#2215,(#2219,#2226),.PCURVE_S1.);
#2215 = LINE('',#2216,#2217);
#2216 = CARTESIAN_POINT('',(-40.8,38.,5.));
#2217 = VECTOR('',#2218,1.);
#2218 = DIRECTION('',(0.,0.,1.));
#2219 = PCURVE('',#592,#2220);
#2220 = DEFINITIONAL_REPRESENTATION('',(#2221),#2225);
#2221 = LINE('',#2222,#2223);
#2222 = CARTESIAN_POINT('',(0.,0.));
#2223 = VECTOR('',#2224,1.);
#2224 = DIRECTION('',(0.,-1.));
#2225 = ( GEOMETRIC_REPRESENTATION_CONTEXT(2) 
PARAMETRIC_REPRESENTATION_CONTEXT() REPRESENTATION_CONTEXT('2D SPACE',''
  ) );
#2226 = PCURVE('',#2227,#2232);
#2227 = PLANE('',#2228);
#2228 = AXIS2_PLACEMENT_3D('',#2229,#2230,#2231);
#2229 = CARTESIAN_POINT('',(-35.2,38.,5.));
#2230 = DIRECTION('',(0.,-1.,0.));
#2231 = DIRECTION('',(-1.,0.,0.));
#2232 = DEFINITIONAL_REPRESENTATION('',(#2233),#2237);
#2233 = LINE('',#2234,#2235);
#2234 = CARTESIAN_POINT('',(5.6,0.));
#2235 = VECTOR('',#2236,1.);
#2236 = DIRECTION('',(0.,-1.));
#2237 = ( GEOMETRIC_REPRESENTATION_CONTEXT(2) 
PARAMETRIC_REPRESENTATION_CONTEXT() REPRESENTATION_CONTEXT('2D SPACE',''
  ) );
#2238 = ORIENTED_EDGE('',*,*,#2239,.T.);
#2239 = EDGE_CURVE('',#2212,#2240,#2242,.T.);
#2240 = VERTEX_POINT('',#2241);
#2241 = CARTESIAN_POINT('',(-40.8,-38.,13.5));
#2242 = SURFACE_CURVE('',#2243,(#2247,#2254),.PCURVE_S1.);
#2243 = LINE('',#2244,#2245);
#2244 = CARTESIAN_POINT('',(-40.8,38.,13.5));
#2245 = VECTOR('',#2246,1.);
#2246 = DIRECTION('',(0.,-1.,0.));
#2247 = PCURVE('',#592,#2248);
#2248 = DEFINITIONAL_REPRESENTATION('',(#2249),#2253);
#2249 = LINE('',#2250,#2251);
#2250 = CARTESIAN_POINT('',(0.,-8.5));
#2251 = VECTOR('',#2252,1.);
#2252 = DIRECTION('',(1.,0.));
#2253 = ( GEOMETRIC_REPRESENTATION_CONTEXT(2) 
PARAMETRIC_REPRESENTATION_CONTEXT() REPRESENTATION_CONTEXT('2D SPACE',''
  ) );
#2254 = PCURVE('',#2255,#2260);
#2255 = PLANE('',#2256);
#2256 = AXIS2_PLACEMENT_3D('',#2257,#2258,#2259);
#2257 = CARTESIAN_POINT('',(-38.,0.,13.5));
#2258 = DIRECTION('',(0.,0.,1.));
#2259 = DIRECTION('',(1.,0.,-0.));
#2260 = DEFINITIONAL_REPRESENTATION('',(#2261),#2265);
#2261 = LINE('',#2262,#2263);
#2262 = CARTESIAN_POINT('',(-2.8,38.));
#2263 = VECTOR('',#2264,1.);
#2264 = DIRECTION('',(0.,-1.));
#2265 = ( GEOMETRIC_REPRESENTATION_CONTEXT(2) 
PARAMETRIC_REPRESENTATION_CONTEXT() REPRESENTATION_CONTEXT('2D SPACE',''
  ) );
#2266 = ORIENTED_EDGE('',*,*,#2267,.F.);
#2267 = EDGE_CURVE('',#1157,#2240,#2268,.T.);
#2268 = SURFACE_CURVE('',#2269,(#2273,#2280),.PCURVE_S1.);
#2269 = LINE('',#2270,#2271);
#2270 = CARTESIAN_POINT('',(-40.8,-38.,5.));
#2271 = VECTOR('',#2272,1.);
#2272 = DIRECTION('',(0.,0.,1.));
#2273 = PCURVE('',#592,#2274);
#2274 = DEFINITIONAL_REPRESENTATION('',(#2275),#2279);
#2275 = LINE('',#2276,#2277);
#2276 = CARTESIAN_POINT('',(76.,0.));
#2277 = VECTOR('',#2278,1.);
#2278 = DIRECTION('',(0.,-1.));
#2279 = ( GEOMETRIC_REPRESENTATION_CONTEXT(2) 
PARAMETRIC_REPRESENTATION_CONTEXT() REPRESENTATION_CONTEXT('2D SPACE',''
  ) );
#2280 = PCURVE('',#1195,#2281);
#2281 = DEFINITIONAL_REPRESENTATION('',(#2282),#2286);
#2282 = LINE('',#2283,#2284);
#2283 = CARTESIAN_POINT('',(0.,0.));
#2284 = VECTOR('',#2285,1.);
#2285 = DIRECTION('',(0.,-1.));
#2286 = ( GEOMETRIC_REPRESENTATION_CONTEXT(2) 
PARAMETRIC_REPRESENTATION_CONTEXT() REPRESENTATION_CONTEXT('2D SPACE',''
  ) );
#2287 = ORIENTED_EDGE('',*,*,#1156,.F.);
#2288 = ORIENTED_EDGE('',*,*,#578,.F.);
#2289 = ORIENTED_EDGE('',*,*,#2290,.F.);
#2290 = EDGE_CURVE('',#2210,#554,#2291,.T.);
#2291 = SURFACE_CURVE('',#2292,(#2296,#2303),.PCURVE_S1.);
#2292 = LINE('',#2293,#2294);
#2293 = CARTESIAN_POINT('',(-40.8,38.,5.));
#2294 = VECTOR('',#2295,1.);
#2295 = DIRECTION('',(0.,-1.,0.));
#2296 = PCURVE('',#592,#2297);
#2297 = DEFINITIONAL_REPRESENTATION('',(#2298),#2302);
#2298 = LINE('',#2299,#2300);
#2299 = CARTESIAN_POINT('',(0.,0.));
#2300 = VECTOR('',#2301,1.);
#2301 = DIRECTION('',(1.,0.));
#2302 = ( GEOMETRIC_REPRESENTATION_CONTEXT(2) 
PARAMETRIC_REPRESENTATION_CONTEXT() REPRESENTATION_CONTEXT('2D SPACE',''
  ) );
#2303 = PCURVE('',#648,#2304);
#2304 = DEFINITIONAL_REPRESENTATION('',(#2305),#2309);
#2305 = LINE('',#2306,#2307);
#2306 = CARTESIAN_POINT('',(-2.8,38.));
#2307 = VECTOR('',#2308,1.);
#2308 = DIRECTION('',(0.,-1.));
#2309 = ( GEOMETRIC_REPRESENTATION_CONTEXT(2) 
PARAMETRIC_REPRESENTATION_CONTEXT() REPRESENTATION_CONTEXT('2D SPACE',''
  ) );
#2310 = ADVANCED_FACE('',(#2311),#648,.F.);
#2311 = FACE_BOUND('',#2312,.F.);
#2312 = EDGE_LOOP('',(#2313,#2314,#2315,#2338));
#2313 = ORIENTED_EDGE('',*,*,#2290,.T.);
#2314 = ORIENTED_EDGE('',*,*,#632,.T.);
#2315 = ORIENTED_EDGE('',*,*,#2316,.T.);
#2316 = EDGE_CURVE('',#633,#2317,#2319,.T.);
#2317 = VERTEX_POINT('',#2318);
#2318 = CARTESIAN_POINT('',(-35.2,38.,5.));
#2319 = SURFACE_CURVE('',#2320,(#2324,#2331),.PCURVE_S1.);
#2320 = LINE('',#2321,#2322);
#2321 = CARTESIAN_POINT('',(-35.2,-38.,5.));
#2322 = VECTOR('',#2323,1.);
#2323 = DIRECTION('',(0.,1.,0.));
#2324 = PCURVE('',#648,#2325);
#2325 = DEFINITIONAL_REPRESENTATION('',(#2326),#2330);
#2326 = LINE('',#2327,#2328);
#2327 = CARTESIAN_POINT('',(2.8,-38.));
#2328 = VECTOR('',#2329,1.);
#2329 = DIRECTION('',(0.,1.));
#2330 = ( GEOMETRIC_REPRESENTATION_CONTEXT(2) 
PARAMETRIC_REPRESENTATION_CONTEXT() REPRESENTATION_CONTEXT('2D SPACE',''
  ) );
#2331 = PCURVE('',#1254,#2332);
#2332 = DEFINITIONAL_REPRESENTATION('',(#2333),#2337);
#2333 = LINE('',#2334,#2335);
#2334 = CARTESIAN_POINT('',(0.,0.));
#2335 = VECTOR('',#2336,1.);
#2336 = DIRECTION('',(1.,0.));
#2337 = ( GEOMETRIC_REPRESENTATION_CONTEXT(2) 
PARAMETRIC_REPRESENTATION_CONTEXT() REPRESENTATION_CONTEXT('2D SPACE',''
  ) );
#2338 = ORIENTED_EDGE('',*,*,#2339,.T.);
#2339 = EDGE_CURVE('',#2317,#2210,#2340,.T.);
#2340 = SURFACE_CURVE('',#2341,(#2345,#2352),.PCURVE_S1.);
#2341 = LINE('',#2342,#2343);
#2342 = CARTESIAN_POINT('',(-35.2,38.,5.));
#2343 = VECTOR('',#2344,1.);
#2344 = DIRECTION('',(-1.,0.,0.));
#2345 = PCURVE('',#648,#2346);
#2346 = DEFINITIONAL_REPRESENTATION('',(#2347),#2351);
#2347 = LINE('',#2348,#2349);
#2348 = CARTESIAN_POINT('',(2.8,38.));
#2349 = VECTOR('',#2350,1.);
#2350 = DIRECTION('',(-1.,0.));
#2351 = ( GEOMETRIC_REPRESENTATION_CONTEXT(2) 
PARAMETRIC_REPRESENTATION_CONTEXT() REPRESENTATION_CONTEXT('2D SPACE',''
  ) );
#2352 = PCURVE('',#2227,#2353);
#2353 = DEFINITIONAL_REPRESENTATION('',(#2354),#2358);
#2354 = LINE('',#2355,#2356);
#2355 = CARTESIAN_POINT('',(0.,-0.));
#2356 = VECTOR('',#2357,1.);
#2357 = DIRECTION('',(1.,0.));
#2358 = ( GEOMETRIC_REPRESENTATION_CONTEXT(2) 
PARAMETRIC_REPRESENTATION_CONTEXT() REPRESENTATION_CONTEXT('2D SPACE',''
  ) );
#2359 = ADVANCED_FACE('',(#2360),#699,.F.);
#2360 = FACE_BOUND('',#2361,.F.);
#2361 = EDGE_LOOP('',(#2362,#2385,#2386,#2409));
#2362 = ORIENTED_EDGE('',*,*,#2363,.T.);
#2363 = EDGE_CURVE('',#2364,#661,#2366,.T.);
#2364 = VERTEX_POINT('',#2365);
#2365 = CARTESIAN_POINT('',(-25.6,38.,5.));
#2366 = SURFACE_CURVE('',#2367,(#2371,#2378),.PCURVE_S1.);
#2367 = LINE('',#2368,#2369);
#2368 = CARTESIAN_POINT('',(-25.6,38.,5.));
#2369 = VECTOR('',#2370,1.);
#2370 = DIRECTION('',(0.,-1.,0.));
#2371 = PCURVE('',#699,#2372);
#2372 = DEFINITIONAL_REPRESENTATION('',(#2373),#2377);
#2373 = LINE('',#2374,#2375);
#2374 = CARTESIAN_POINT('',(12.4,38.));
#2375 = VECTOR('',#2376,1.);
#2376 = DIRECTION('',(0.,-1.));
#2377 = ( GEOMETRIC_REPRESENTATION_CONTEXT(2) 
PARAMETRIC_REPRESENTATION_CONTEXT() REPRESENTATION_CONTEXT('2D SPACE',''
  ) );
#2378 = PCURVE('',#1386,#2379);
#2379 = DEFINITIONAL_REPRESENTATION('',(#2380),#2384);
#2380 = LINE('',#2381,#2382);
#2381 = CARTESIAN_POINT('',(0.,0.));
#2382 = VECTOR('',#2383,1.);
#2383 = DIRECTION('',(1.,0.));
#2384 = ( GEOMETRIC_REPRESENTATION_CONTEXT(2) 
PARAMETRIC_REPRESENTATION_CONTEXT() REPRESENTATION_CONTEXT('2D SPACE',''
  ) );
#2385 = ORIENTED_EDGE('',*,*,#683,.T.);
#2386 = ORIENTED_EDGE('',*,*,#2387,.T.);
#2387 = EDGE_CURVE('',#684,#2388,#2390,.T.);
#2388 = VERTEX_POINT('',#2389);
#2389 = CARTESIAN_POINT('',(-20.,38.,5.));
#2390 = SURFACE_CURVE('',#2391,(#2395,#2402),.PCURVE_S1.);
#2391 = LINE('',#2392,#2393);
#2392 = CARTESIAN_POINT('',(-20.,-38.,5.));
#2393 = VECTOR('',#2394,1.);
#2394 = DIRECTION('',(0.,1.,0.));
#2395 = PCURVE('',#699,#2396);
#2396 = DEFINITIONAL_REPRESENTATION('',(#2397),#2401);
#2397 = LINE('',#2398,#2399);
#2398 = CARTESIAN_POINT('',(18.,-38.));
#2399 = VECTOR('',#2400,1.);
#2400 = DIRECTION('',(0.,1.));
#2401 = ( GEOMETRIC_REPRESENTATION_CONTEXT(2) 
PARAMETRIC_REPRESENTATION_CONTEXT() REPRESENTATION_CONTEXT('2D SPACE',''
  ) );
#2402 = PCURVE('',#1466,#2403);
#2403 = DEFINITIONAL_REPRESENTATION('',(#2404),#2408);
#2404 = LINE('',#2405,#2406);
#2405 = CARTESIAN_POINT('',(0.,0.));
#2406 = VECTOR('',#2407,1.);
#2407 = DIRECTION('',(1.,0.));
#2408 = ( GEOMETRIC_REPRESENTATION_CONTEXT(2) 
PARAMETRIC_REPRESENTATION_CONTEXT() REPRESENTATION_CONTEXT('2D SPACE',''
  ) );
#2409 = ORIENTED_EDGE('',*,*,#2410,.T.);
#2410 = EDGE_CURVE('',#2388,#2364,#2411,.T.);
#2411 = SURFACE_CURVE('',#2412,(#2416,#2423),.PCURVE_S1.);
#2412 = LINE('',#2413,#2414);
#2413 = CARTESIAN_POINT('',(-20.,38.,5.));
#2414 = VECTOR('',#2415,1.);
#2415 = DIRECTION('',(-1.,0.,0.));
#2416 = PCURVE('',#699,#2417);
#2417 = DEFINITIONAL_REPRESENTATION('',(#2418),#2422);
#2418 = LINE('',#2419,#2420);
#2419 = CARTESIAN_POINT('',(18.,38.));
#2420 = VECTOR('',#2421,1.);
#2421 = DIRECTION('',(-1.,0.));
#2422 = ( GEOMETRIC_REPRESENTATION_CONTEXT(2) 
PARAMETRIC_REPRESENTATION_CONTEXT() REPRESENTATION_CONTEXT('2D SPACE',''
  ) );
#2423 = PCURVE('',#2424,#2429);
#2424 = PLANE('',#2425);
#2425 = AXIS2_PLACEMENT_3D('',#2426,#2427,#2428);
#2426 = CARTESIAN_POINT('',(-20.,38.,5.));
#2427 = DIRECTION('',(0.,-1.,0.));
#2428 = DIRECTION('',(-1.,0.,0.));
#2429 = DEFINITIONAL_REPRESENTATION('',(#2430),#2434);
#2430 = LINE('',#2431,#2432);
#2431 = CARTESIAN_POINT('',(0.,-0.));
#2432 = VECTOR('',#2433,1.);
#2433 = DIRECTION('',(1.,0.));
#2434 = ( GEOMETRIC_REPRESENTATION_CONTEXT(2) 
PARAMETRIC_REPRESENTATION_CONTEXT() REPRESENTATION_CONTEXT('2D SPACE',''
  ) );
#2435 = ADVANCED_FACE('',(#2436),#750,.F.);
#2436 = FACE_BOUND('',#2437,.F.);
#2437 = EDGE_LOOP('',(#2438,#2461,#2462,#2485));
#2438 = ORIENTED_EDGE('',*,*,#2439,.T.);
#2439 = EDGE_CURVE('',#2440,#712,#2442,.T.);
#2440 = VERTEX_POINT('',#2441);
#2441 = CARTESIAN_POINT('',(-10.4,38.,5.));
#2442 = SURFACE_CURVE('',#2443,(#2447,#2454),.PCURVE_S1.);
#2443 = LINE('',#2444,#2445);
#2444 = CARTESIAN_POINT('',(-10.4,38.,5.));
#2445 = VECTOR('',#2446,1.);
#2446 = DIRECTION('',(0.,-1.,0.));
#2447 = PCURVE('',#750,#2448);
#2448 = DEFINITIONAL_REPRESENTATION('',(#2449),#2453);
#2449 = LINE('',#2450,#2451);
#2450 = CARTESIAN_POINT('',(27.6,38.));
#2451 = VECTOR('',#2452,1.);
#2452 = DIRECTION('',(0.,-1.));
#2453 = ( GEOMETRIC_REPRESENTATION_CONTEXT(2) 
PARAMETRIC_REPRESENTATION_CONTEXT() REPRESENTATION_CONTEXT('2D SPACE',''
  ) );
#2454 = PCURVE('',#1519,#2455);
#2455 = DEFINITIONAL_REPRESENTATION('',(#2456),#2460);
#2456 = LINE('',#2457,#2458);
#2457 = CARTESIAN_POINT('',(0.,0.));
#2458 = VECTOR('',#2459,1.);
#2459 = DIRECTION('',(1.,0.));
#2460 = ( GEOMETRIC_REPRESENTATION_CONTEXT(2) 
PARAMETRIC_REPRESENTATION_CONTEXT() REPRESENTATION_CONTEXT('2D SPACE',''
  ) );
#2461 = ORIENTED_EDGE('',*,*,#734,.T.);
#2462 = ORIENTED_EDGE('',*,*,#2463,.T.);
#2463 = EDGE_CURVE('',#735,#2464,#2466,.T.);
#2464 = VERTEX_POINT('',#2465);
#2465 = CARTESIAN_POINT('',(-4.8,38.,5.));
#2466 = SURFACE_CURVE('',#2467,(#2471,#2478),.PCURVE_S1.);
#2467 = LINE('',#2468,#2469);
#2468 = CARTESIAN_POINT('',(-4.8,-38.,5.));
#2469 = VECTOR('',#2470,1.);
#2470 = DIRECTION('',(0.,1.,0.));
#2471 = PCURVE('',#750,#2472);
#2472 = DEFINITIONAL_REPRESENTATION('',(#2473),#2477);
#2473 = LINE('',#2474,#2475);
#2474 = CARTESIAN_POINT('',(33.2,-38.));
#2475 = VECTOR('',#2476,1.);
#2476 = DIRECTION('',(0.,1.));
#2477 = ( GEOMETRIC_REPRESENTATION_CONTEXT(2) 
PARAMETRIC_REPRESENTATION_CONTEXT() REPRESENTATION_CONTEXT('2D SPACE',''
  ) );
#2478 = PCURVE('',#1599,#2479);
#2479 = DEFINITIONAL_REPRESENTATION('',(#2480),#2484);
#2480 = LINE('',#2481,#2482);
#2481 = CARTESIAN_POINT('',(0.,0.));
#2482 = VECTOR('',#2483,1.);
#2483 = DIRECTION('',(1.,0.));
#2484 = ( GEOMETRIC_REPRESENTATION_CONTEXT(2) 
PARAMETRIC_REPRESENTATION_CONTEXT() REPRESENTATION_CONTEXT('2D SPACE',''
  ) );
#2485 = ORIENTED_EDGE('',*,*,#2486,.T.);
#2486 = EDGE_CURVE('',#2464,#2440,#2487,.T.);
#2487 = SURFACE_CURVE('',#2488,(#2492,#2499),.PCURVE_S1.);
#2488 = LINE('',#2489,#2490);
#2489 = CARTESIAN_POINT('',(-4.8,38.,5.));
#2490 = VECTOR('',#2491,1.);
#2491 = DIRECTION('',(-1.,0.,0.));
#2492 = PCURVE('',#750,#2493);
#2493 = DEFINITIONAL_REPRESENTATION('',(#2494),#2498);
#2494 = LINE('',#2495,#2496);
#2495 = CARTESIAN_POINT('',(33.2,38.));
#2496 = VECTOR('',#2497,1.);
#2497 = DIRECTION('',(-1.,0.));
#2498 = ( GEOMETRIC_REPRESENTATION_CONTEXT(2) 
PARAMETRIC_REPRESENTATION_CONTEXT() REPRESENTATION_CONTEXT('2D SPACE',''
  ) );
#2499 = PCURVE('',#2500,#2505);
#2500 = PLANE('',#2501);
#2501 = AXIS2_PLACEMENT_3D('',#2502,#2503,#2504);
#2502 = CARTESIAN_POINT('',(-4.8,38.,5.));
#2503 = DIRECTION('',(0.,-1.,0.));
#2504 = DIRECTION('',(-1.,0.,0.));
#2505 = DEFINITIONAL_REPRESENTATION('',(#2506),#2510);
#2506 = LINE('',#2507,#2508);
#2507 = CARTESIAN_POINT('',(0.,-0.));
#2508 = VECTOR('',#2509,1.);
#2509 = DIRECTION('',(1.,0.));
#2510 = ( GEOMETRIC_REPRESENTATION_CONTEXT(2) 
PARAMETRIC_REPRESENTATION_CONTEXT() REPRESENTATION_CONTEXT('2D SPACE',''
  ) );
#2511 = ADVANCED_FACE('',(#2512),#801,.F.);
#2512 = FACE_BOUND('',#2513,.F.);
#2513 = EDGE_LOOP('',(#2514,#2537,#2538,#2561));
#2514 = ORIENTED_EDGE('',*,*,#2515,.T.);
#2515 = EDGE_CURVE('',#2516,#763,#2518,.T.);
#2516 = VERTEX_POINT('',#2517);
#2517 = CARTESIAN_POINT('',(4.8,38.,5.));
#2518 = SURFACE_CURVE('',#2519,(#2523,#2530),.PCURVE_S1.);
#2519 = LINE('',#2520,#2521);
#2520 = CARTESIAN_POINT('',(4.8,38.,5.));
#2521 = VECTOR('',#2522,1.);
#2522 = DIRECTION('',(0.,-1.,0.));
#2523 = PCURVE('',#801,#2524);
#2524 = DEFINITIONAL_REPRESENTATION('',(#2525),#2529);
#2525 = LINE('',#2526,#2527);
#2526 = CARTESIAN_POINT('',(42.8,38.));
#2527 = VECTOR('',#2528,1.);
#2528 = DIRECTION('',(0.,-1.));
#2529 = ( GEOMETRIC_REPRESENTATION_CONTEXT(2) 
PARAMETRIC_REPRESENTATION_CONTEXT() REPRESENTATION_CONTEXT('2D SPACE',''
  ) );
#2530 = PCURVE('',#1652,#2531);
#2531 = DEFINITIONAL_REPRESENTATION('',(#2532),#2536);
#2532 = LINE('',#2533,#2534);
#2533 = CARTESIAN_POINT('',(0.,0.));
#2534 = VECTOR('',#2535,1.);
#2535 = DIRECTION('',(1.,0.));
#2536 = ( GEOMETRIC_REPRESENTATION_CONTEXT(2) 
PARAMETRIC_REPRESENTATION_CONTEXT() REPRESENTATION_CONTEXT('2D SPACE',''
  ) );
#2537 = ORIENTED_EDGE('',*,*,#785,.T.);
#2538 = ORIENTED_EDGE('',*,*,#2539,.T.);
#2539 = EDGE_CURVE('',#786,#2540,#2542,.T.);
#2540 = VERTEX_POINT('',#2541);
#2541 = CARTESIAN_POINT('',(10.4,38.,5.));
#2542 = SURFACE_CURVE('',#2543,(#2547,#2554),.PCURVE_S1.);
#2543 = LINE('',#2544,#2545);
#2544 = CARTESIAN_POINT('',(10.4,-38.,5.));
#2545 = VECTOR('',#2546,1.);
#2546 = DIRECTION('',(0.,1.,0.));
#2547 = PCURVE('',#801,#2548);
#2548 = DEFINITIONAL_REPRESENTATION('',(#2549),#2553);
#2549 = LINE('',#2550,#2551);
#2550 = CARTESIAN_POINT('',(48.4,-38.));
#2551 = VECTOR('',#2552,1.);
#2552 = DIRECTION('',(0.,1.));
#2553 = ( GEOMETRIC_REPRESENTATION_CONTEXT(2) 
PARAMETRIC_REPRESENTATION_CONTEXT() REPRESENTATION_CONTEXT('2D SPACE',''
  ) );
#2554 = PCURVE('',#1732,#2555);
#2555 = DEFINITIONAL_REPRESENTATION('',(#2556),#2560);
#2556 = LINE('',#2557,#2558);
#2557 = CARTESIAN_POINT('',(0.,0.));
#2558 = VECTOR('',#2559,1.);
#2559 = DIRECTION('',(1.,0.));
#2560 = ( GEOMETRIC_REPRESENTATION_CONTEXT(2) 
PARAMETRIC_REPRESENTATION_CONTEXT() REPRESENTATION_CONTEXT('2D SPACE',''
  ) );
#2561 = ORIENTED_EDGE('',*,*,#2562,.T.);
#2562 = EDGE_CURVE('',#2540,#2516,#2563,.T.);
#2563 = SURFACE_CURVE('',#2564,(#2568,#2575),.PCURVE_S1.);
#2564 = LINE('',#2565,#2566);
#2565 = CARTESIAN_POINT('',(10.4,38.,5.));
#2566 = VECTOR('',#2567,1.);
#2567 = DIRECTION('',(-1.,0.,0.));
#2568 = PCURVE('',#801,#2569);
#2569 = DEFINITIONAL_REPRESENTATION('',(#2570),#2574);
#2570 = LINE('',#2571,#2572);
#2571 = CARTESIAN_POINT('',(48.4,38.));
#2572 = VECTOR('',#2573,1.);
#2573 = DIRECTION('',(-1.,0.));
#2574 = ( GEOMETRIC_REPRESENTATION_CONTEXT(2) 
PARAMETRIC_REPRESENTATION_CONTEXT() REPRESENTATION_CONTEXT('2D SPACE',''
  ) );
#2575 = PCURVE('',#2576,#2581);
#2576 = PLANE('',#2577);
#2577 = AXIS2_PLACEMENT_3D('',#2578,#2579,#2580);
#2578 = CARTESIAN_POINT('',(10.4,38.,5.));
#2579 = DIRECTION('',(0.,-1.,0.));
#2580 = DIRECTION('',(-1.,0.,0.));
#2581 = DEFINITIONAL_REPRESENTATION('',(#2582),#2586);
#2582 = LINE('',#2583,#2584);
#2583 = CARTESIAN_POINT('',(0.,-0.));
#2584 = VECTOR('',#2585,1.);
#2585 = DIRECTION('',(1.,0.));
#2586 = ( GEOMETRIC_REPRESENTATION_CONTEXT(2) 
PARAMETRIC_REPRESENTATION_CONTEXT() REPRESENTATION_CONTEXT('2D SPACE',''
  ) );
#2587 = ADVANCED_FACE('',(#2588),#852,.F.);
#2588 = FACE_BOUND('',#2589,.F.);
#2589 = EDGE_LOOP('',(#2590,#2613,#2614,#2637));
#2590 = ORIENTED_EDGE('',*,*,#2591,.T.);
#2591 = EDGE_CURVE('',#2592,#814,#2594,.T.);
#2592 = VERTEX_POINT('',#2593);
#2593 = CARTESIAN_POINT('',(20.,38.,5.));
#2594 = SURFACE_CURVE('',#2595,(#2599,#2606),.PCURVE_S1.);
#2595 = LINE('',#2596,#2597);
#2596 = CARTESIAN_POINT('',(20.,38.,5.));
#2597 = VECTOR('',#2598,1.);
#2598 = DIRECTION('',(0.,-1.,0.));
#2599 = PCURVE('',#852,#2600);
#2600 = DEFINITIONAL_REPRESENTATION('',(#2601),#2605);
#2601 = LINE('',#2602,#2603);
#2602 = CARTESIAN_POINT('',(58.,38.));
#2603 = VECTOR('',#2604,1.);
#2604 = DIRECTION('',(0.,-1.));
#2605 = ( GEOMETRIC_REPRESENTATION_CONTEXT(2) 
PARAMETRIC_REPRESENTATION_CONTEXT() REPRESENTATION_CONTEXT('2D SPACE',''
  ) );
#2606 = PCURVE('',#1785,#2607);
#2607 = DEFINITIONAL_REPRESENTATION('',(#2608),#2612);
#2608 = LINE('',#2609,#2610);
#2609 = CARTESIAN_POINT('',(0.,0.));
#2610 = VECTOR('',#2611,1.);
#2611 = DIRECTION('',(1.,0.));
#2612 = ( GEOMETRIC_REPRESENTATION_CONTEXT(2) 
PARAMETRIC_REPRESENTATION_CONTEXT() REPRESENTATION_CONTEXT('2D SPACE',''
  ) );
#2613 = ORIENTED_EDGE('',*,*,#836,.T.);
#2614 = ORIENTED_EDGE('',*,*,#2615,.T.);
#2615 = EDGE_CURVE('',#837,#2616,#2618,.T.);
#2616 = VERTEX_POINT('',#2617);
#2617 = CARTESIAN_POINT('',(25.6,38.,5.));
#2618 = SURFACE_CURVE('',#2619,(#2623,#2630),.PCURVE_S1.);
#2619 = LINE('',#2620,#2621);
#2620 = CARTESIAN_POINT('',(25.6,-38.,5.));
#2621 = VECTOR('',#2622,1.);
#2622 = DIRECTION('',(0.,1.,0.));
#2623 = PCURVE('',#852,#2624);
#2624 = DEFINITIONAL_REPRESENTATION('',(#2625),#2629);
#2625 = LINE('',#2626,#2627);
#2626 = CARTESIAN_POINT('',(63.6,-38.));
#2627 = VECTOR('',#2628,1.);
#2628 = DIRECTION('',(0.,1.));
#2629 = ( GEOMETRIC_REPRESENTATION_CONTEXT(2) 
PARAMETRIC_REPRESENTATION_CONTEXT() REPRESENTATION_CONTEXT('2D SPACE',''
  ) );
#2630 = PCURVE('',#1865,#2631);
#2631 = DEFINITIONAL_REPRESENTATION('',(#2632),#2636);
#2632 = LINE('',#2633,#2634);
#2633 = CARTESIAN_POINT('',(0.,0.));
#2634 = VECTOR('',#2635,1.);
#2635 = DIRECTION('',(1.,0.));
#2636 = ( GEOMETRIC_REPRESENTATION_CONTEXT(2) 
PARAMETRIC_REPRESENTATION_CONTEXT() REPRESENTATION_CONTEXT('2D SPACE',''
  ) );
#2637 = ORIENTED_EDGE('',*,*,#2638,.T.);
#2638 = EDGE_CURVE('',#2616,#2592,#2639,.T.);
#2639 = SURFACE_CURVE('',#2640,(#2644,#2651),.PCURVE_S1.);
#2640 = LINE('',#2641,#2642);
#2641 = CARTESIAN_POINT('',(25.6,38.,5.));
#2642 = VECTOR('',#2643,1.);
#2643 = DIRECTION('',(-1.,0.,0.));
#2644 = PCURVE('',#852,#2645);
#2645 = DEFINITIONAL_REPRESENTATION('',(#2646),#2650);
#2646 = LINE('',#2647,#2648);
#2647 = CARTESIAN_POINT('',(63.6,38.));
#2648 = VECTOR('',#2649,1.);
#2649 = DIRECTION('',(-1.,0.));
#2650 = ( GEOMETRIC_REPRESENTATION_CONTEXT(2) 
PARAMETRIC_REPRESENTATION_CONTEXT() REPRESENTATION_CONTEXT('2D SPACE',''
  ) );
#2651 = PCURVE('',#2652,#2657);
#2652 = PLANE('',#2653);
#2653 = AXIS2_PLACEMENT_3D('',#2654,#2655,#2656);
#2654 = CARTESIAN_POINT('',(25.6,38.,5.));
#2655 = DIRECTION('',(0.,-1.,0.));
#2656 = DIRECTION('',(-1.,0.,0.));
#2657 = DEFINITIONAL_REPRESENTATION('',(#2658),#2662);
#2658 = LINE('',#2659,#2660);
#2659 = CARTESIAN_POINT('',(0.,-0.));
#2660 = VECTOR('',#2661,1.);
#2661 = DIRECTION('',(1.,0.));
#2662 = ( GEOMETRIC_REPRESENTATION_CONTEXT(2) 
PARAMETRIC_REPRESENTATION_CONTEXT() REPRESENTATION_CONTEXT('2D SPACE',''
  ) );
#2663 = ADVANCED_FACE('',(#2664),#903,.F.);
#2664 = FACE_BOUND('',#2665,.F.);
#2665 = EDGE_LOOP('',(#2666,#2689,#2690,#2713));
#2666 = ORIENTED_EDGE('',*,*,#2667,.T.);
#2667 = EDGE_CURVE('',#2668,#865,#2670,.T.);
#2668 = VERTEX_POINT('',#2669);
#2669 = CARTESIAN_POINT('',(35.2,38.,5.));
#2670 = SURFACE_CURVE('',#2671,(#2675,#2682),.PCURVE_S1.);
#2671 = LINE('',#2672,#2673);
#2672 = CARTESIAN_POINT('',(35.2,38.,5.));
#2673 = VECTOR('',#2674,1.);
#2674 = DIRECTION('',(0.,-1.,0.));
#2675 = PCURVE('',#903,#2676);
#2676 = DEFINITIONAL_REPRESENTATION('',(#2677),#2681);
#2677 = LINE('',#2678,#2679);
#2678 = CARTESIAN_POINT('',(73.2,38.));
#2679 = VECTOR('',#2680,1.);
#2680 = DIRECTION('',(0.,-1.));
#2681 = ( GEOMETRIC_REPRESENTATION_CONTEXT(2) 
PARAMETRIC_REPRESENTATION_CONTEXT() REPRESENTATION_CONTEXT('2D SPACE',''
  ) );
#2682 = PCURVE('',#2086,#2683);
#2683 = DEFINITIONAL_REPRESENTATION('',(#2684),#2688);
#2684 = LINE('',#2685,#2686);
#2685 = CARTESIAN_POINT('',(0.,0.));
#2686 = VECTOR('',#2687,1.);
#2687 = DIRECTION('',(1.,0.));
#2688 = ( GEOMETRIC_REPRESENTATION_CONTEXT(2) 
PARAMETRIC_REPRESENTATION_CONTEXT() REPRESENTATION_CONTEXT('2D SPACE',''
  ) );
#2689 = ORIENTED_EDGE('',*,*,#887,.T.);
#2690 = ORIENTED_EDGE('',*,*,#2691,.T.);
#2691 = EDGE_CURVE('',#888,#2692,#2694,.T.);
#2692 = VERTEX_POINT('',#2693);
#2693 = CARTESIAN_POINT('',(40.8,38.,5.));
#2694 = SURFACE_CURVE('',#2695,(#2699,#2706),.PCURVE_S1.);
#2695 = LINE('',#2696,#2697);
#2696 = CARTESIAN_POINT('',(40.8,-38.,5.));
#2697 = VECTOR('',#2698,1.);
#2698 = DIRECTION('',(0.,1.,0.));
#2699 = PCURVE('',#903,#2700);
#2700 = DEFINITIONAL_REPRESENTATION('',(#2701),#2705);
#2701 = LINE('',#2702,#2703);
#2702 = CARTESIAN_POINT('',(78.8,-38.));
#2703 = VECTOR('',#2704,1.);
#2704 = DIRECTION('',(0.,1.));
#2705 = ( GEOMETRIC_REPRESENTATION_CONTEXT(2) 
PARAMETRIC_REPRESENTATION_CONTEXT() REPRESENTATION_CONTEXT('2D SPACE',''
  ) );
#2706 = PCURVE('',#2166,#2707);
#2707 = DEFINITIONAL_REPRESENTATION('',(#2708),#2712);
#2708 = LINE('',#2709,#2710);
#2709 = CARTESIAN_POINT('',(0.,0.));
#2710 = VECTOR('',#2711,1.);
#2711 = DIRECTION('',(1.,0.));
#2712 = ( GEOMETRIC_REPRESENTATION_CONTEXT(2) 
PARAMETRIC_REPRESENTATION_CONTEXT() REPRESENTATION_CONTEXT('2D SPACE',''
  ) );
#2713 = ORIENTED_EDGE('',*,*,#2714,.T.);
#2714 = EDGE_CURVE('',#2692,#2668,#2715,.T.);
#2715 = SURFACE_CURVE('',#2716,(#2720,#2727),.PCURVE_S1.);
#2716 = LINE('',#2717,#2718);
#2717 = CARTESIAN_POINT('',(40.8,38.,5.));
#2718 = VECTOR('',#2719,1.);
#2719 = DIRECTION('',(-1.,0.,0.));
#2720 = PCURVE('',#903,#2721);
#2721 = DEFINITIONAL_REPRESENTATION('',(#2722),#2726);
#2722 = LINE('',#2723,#2724);
#2723 = CARTESIAN_POINT('',(78.8,38.));
#2724 = VECTOR('',#2725,1.);
#2725 = DIRECTION('',(-1.,0.));
#2726 = ( GEOMETRIC_REPRESENTATION_CONTEXT(2) 
PARAMETRIC_REPRESENTATION_CONTEXT() REPRESENTATION_CONTEXT('2D SPACE',''
  ) );
#2727 = PCURVE('',#2728,#2733);
#2728 = PLANE('',#2729);
#2729 = AXIS2_PLACEMENT_3D('',#2730,#2731,#2732);
#2730 = CARTESIAN_POINT('',(40.8,38.,5.));
#2731 = DIRECTION('',(0.,-1.,0.));
#2732 = DIRECTION('',(-1.,0.,0.));
#2733 = DEFINITIONAL_REPRESENTATION('',(#2734),#2738);
#2734 = LINE('',#2735,#2736);
#2735 = CARTESIAN_POINT('',(0.,-0.));
#2736 = VECTOR('',#2737,1.);
#2737 = DIRECTION('',(1.,0.));
#2738 = ( GEOMETRIC_REPRESENTATION_CONTEXT(2) 
PARAMETRIC_REPRESENTATION_CONTEXT() REPRESENTATION_CONTEXT('2D SPACE',''
  ) );
#2739 = ADVANCED_FACE('',(#2740),#1009,.F.);
#2740 = FACE_BOUND('',#2741,.F.);
#2741 = EDGE_LOOP('',(#2742,#2743,#2766,#2794,#2813,#2814,#2835,#2861));
#2742 = ORIENTED_EDGE('',*,*,#988,.F.);
#2743 = ORIENTED_EDGE('',*,*,#2744,.F.);
#2744 = EDGE_CURVE('',#2745,#989,#2747,.T.);
#2745 = VERTEX_POINT('',#2746);
#2746 = CARTESIAN_POINT('',(-36.45,-17.57,13.5));
#2747 = SEAM_CURVE('',#2748,(#2752,#2759),.PCURVE_S1.);
#2748 = LINE('',#2749,#2750);
#2749 = CARTESIAN_POINT('',(-36.45,-17.57,13.5));
#2750 = VECTOR('',#2751,1.);
#2751 = DIRECTION('',(0.,0.,-1.));
#2752 = PCURVE('',#1009,#2753);
#2753 = DEFINITIONAL_REPRESENTATION('',(#2754),#2758);
#2754 = LINE('',#2755,#2756);
#2755 = CARTESIAN_POINT('',(6.28318530718,-0.));
#2756 = VECTOR('',#2757,1.);
#2757 = DIRECTION('',(0.,1.));
#2758 = ( GEOMETRIC_REPRESENTATION_CONTEXT(2) 
PARAMETRIC_REPRESENTATION_CONTEXT() REPRESENTATION_CONTEXT('2D SPACE',''
  ) );
#2759 = PCURVE('',#1009,#2760);
#2760 = DEFINITIONAL_REPRESENTATION('',(#2761),#2765);
#2761 = LINE('',#2762,#2763);
#2762 = CARTESIAN_POINT('',(0.,-0.));
#2763 = VECTOR('',#2764,1.);
#2764 = DIRECTION('',(0.,1.));
#2765 = ( GEOMETRIC_REPRESENTATION_CONTEXT(2) 
PARAMETRIC_REPRESENTATION_CONTEXT() REPRESENTATION_CONTEXT('2D SPACE',''
  ) );
#2766 = ORIENTED_EDGE('',*,*,#2767,.T.);
#2767 = EDGE_CURVE('',#2745,#2768,#2770,.T.);
#2768 = VERTEX_POINT('',#2769);
#2769 = CARTESIAN_POINT('',(-35.2,-15.03277710872,13.5));
#2770 = SURFACE_CURVE('',#2771,(#2776,#2783),.PCURVE_S1.);
#2771 = CIRCLE('',#2772,3.2);
#2772 = AXIS2_PLACEMENT_3D('',#2773,#2774,#2775);
#2773 = CARTESIAN_POINT('',(-33.25,-17.57,13.5));
#2774 = DIRECTION('',(0.,0.,-1.));
#2775 = DIRECTION('',(-1.,0.,0.));
#2776 = PCURVE('',#1009,#2777);
#2777 = DEFINITIONAL_REPRESENTATION('',(#2778),#2782);
#2778 = LINE('',#2779,#2780);
#2779 = CARTESIAN_POINT('',(0.,0.));
#2780 = VECTOR('',#2781,1.);
#2781 = DIRECTION('',(1.,0.));
#2782 = ( GEOMETRIC_REPRESENTATION_CONTEXT(2) 
PARAMETRIC_REPRESENTATION_CONTEXT() REPRESENTATION_CONTEXT('2D SPACE',''
  ) );
#2783 = PCURVE('',#2255,#2784);
#2784 = DEFINITIONAL_REPRESENTATION('',(#2785),#2793);
#2785 = ( BOUNDED_CURVE() B_SPLINE_CURVE(2,(#2786,#2787,#2788,#2789,
#2790,#2791,#2792),.UNSPECIFIED.,.T.,.F.) B_SPLINE_CURVE_WITH_KNOTS((1,2
    ,2,2,2,1),(-2.094395102393,0.,2.094395102393,4.188790204786,
6.28318530718,8.377580409573),.UNSPECIFIED.) CURVE() 
GEOMETRIC_REPRESENTATION_ITEM() RATIONAL_B_SPLINE_CURVE((1.,0.5,1.,0.5,
1.,0.5,1.)) REPRESENTATION_ITEM('') );
#2786 = CARTESIAN_POINT('',(1.55,-17.57));
#2787 = CARTESIAN_POINT('',(1.55,-12.02743741578));
#2788 = CARTESIAN_POINT('',(6.35,-14.79871870789));
#2789 = CARTESIAN_POINT('',(11.15,-17.57));
#2790 = CARTESIAN_POINT('',(6.35,-20.34128129211));
#2791 = CARTESIAN_POINT('',(1.55,-23.11256258422));
#2792 = CARTESIAN_POINT('',(1.55,-17.57));
#2793 = ( GEOMETRIC_REPRESENTATION_CONTEXT(2) 
PARAMETRIC_REPRESENTATION_CONTEXT() REPRESENTATION_CONTEXT('2D SPACE',''
  ) );
#2794 = ORIENTED_EDGE('',*,*,#2795,.T.);
#2795 = EDGE_CURVE('',#2768,#1295,#2796,.T.);
#2796 = SURFACE_CURVE('',#2797,(#2801,#2807),.PCURVE_S1.);
#2797 = LINE('',#2798,#2799);
#2798 = CARTESIAN_POINT('',(-35.2,-15.03277710872,13.5));
#2799 = VECTOR('',#2800,1.);
#2800 = DIRECTION('',(0.,0.,-1.));
#2801 = PCURVE('',#1009,#2802);
#2802 = DEFINITIONAL_REPRESENTATION('',(#2803),#2806);
#2803 = B_SPLINE_CURVE_WITH_KNOTS('',1,(#2804,#2805),.UNSPECIFIED.,.F.,
  .F.,(2,2),(-5.999999999062E-07,9.35),.PIECEWISE_BEZIER_KNOTS.);
#2804 = CARTESIAN_POINT('',(0.915524238294,-5.999999999062E-07));
#2805 = CARTESIAN_POINT('',(0.915524238294,9.35));
#2806 = ( GEOMETRIC_REPRESENTATION_CONTEXT(2) 
PARAMETRIC_REPRESENTATION_CONTEXT() REPRESENTATION_CONTEXT('2D SPACE',''
  ) );
#2807 = PCURVE('',#1310,#2808);
#2808 = DEFINITIONAL_REPRESENTATION('',(#2809),#2812);
#2809 = B_SPLINE_CURVE_WITH_KNOTS('',1,(#2810,#2811),.UNSPECIFIED.,.F.,
  .F.,(2,2),(-5.999999999062E-07,9.35),.PIECEWISE_BEZIER_KNOTS.);
#2810 = CARTESIAN_POINT('',(22.967222891273,-8.5000006));
#2811 = CARTESIAN_POINT('',(22.967222891273,0.85));
#2812 = ( GEOMETRIC_REPRESENTATION_CONTEXT(2) 
PARAMETRIC_REPRESENTATION_CONTEXT() REPRESENTATION_CONTEXT('2D SPACE',''
  ) );
#2813 = ORIENTED_EDGE('',*,*,#1322,.T.);
#2814 = ORIENTED_EDGE('',*,*,#2815,.F.);
#2815 = EDGE_CURVE('',#2816,#1323,#2818,.T.);
#2816 = VERTEX_POINT('',#2817);
#2817 = CARTESIAN_POINT('',(-35.2,-20.10722289127,13.5));
#2818 = SURFACE_CURVE('',#2819,(#2823,#2829),.PCURVE_S1.);
#2819 = LINE('',#2820,#2821);
#2820 = CARTESIAN_POINT('',(-35.2,-20.10722289127,13.5));
#2821 = VECTOR('',#2822,1.);
#2822 = DIRECTION('',(0.,0.,-1.));
#2823 = PCURVE('',#1009,#2824);
#2824 = DEFINITIONAL_REPRESENTATION('',(#2825),#2828);
#2825 = B_SPLINE_CURVE_WITH_KNOTS('',1,(#2826,#2827),.UNSPECIFIED.,.F.,
  .F.,(2,2),(-5.999999999062E-07,9.35),.PIECEWISE_BEZIER_KNOTS.);
#2826 = CARTESIAN_POINT('',(5.367661068886,-5.999999999062E-07));
#2827 = CARTESIAN_POINT('',(5.367661068886,9.35));
#2828 = ( GEOMETRIC_REPRESENTATION_CONTEXT(2) 
PARAMETRIC_REPRESENTATION_CONTEXT() REPRESENTATION_CONTEXT('2D SPACE',''
  ) );
#2829 = PCURVE('',#1221,#2830);
#2830 = DEFINITIONAL_REPRESENTATION('',(#2831),#2834);
#2831 = B_SPLINE_CURVE_WITH_KNOTS('',1,(#2832,#2833),.UNSPECIFIED.,.F.,
  .F.,(2,2),(-5.999999999062E-07,9.35),.PIECEWISE_BEZIER_KNOTS.);
#2832 = CARTESIAN_POINT('',(17.892777108727,-8.5000006));
#2833 = CARTESIAN_POINT('',(17.892777108727,0.85));
#2834 = ( GEOMETRIC_REPRESENTATION_CONTEXT(2) 
PARAMETRIC_REPRESENTATION_CONTEXT() REPRESENTATION_CONTEXT('2D SPACE',''
  ) );
#2835 = ORIENTED_EDGE('',*,*,#2836,.T.);
#2836 = EDGE_CURVE('',#2816,#2745,#2837,.T.);
#2837 = SURFACE_CURVE('',#2838,(#2843,#2850),.PCURVE_S1.);
#2838 = CIRCLE('',#2839,3.2);
#2839 = AXIS2_PLACEMENT_3D('',#2840,#2841,#2842);
#2840 = CARTESIAN_POINT('',(-33.25,-17.57,13.5));
#2841 = DIRECTION('',(0.,0.,-1.));
#2842 = DIRECTION('',(-1.,0.,0.));
#2843 = PCURVE('',#1009,#2844);
#2844 = DEFINITIONAL_REPRESENTATION('',(#2845),#2849);
#2845 = LINE('',#2846,#2847);
#2846 = CARTESIAN_POINT('',(0.,0.));
#2847 = VECTOR('',#2848,1.);
#2848 = DIRECTION('',(1.,0.));
#2849 = ( GEOMETRIC_REPRESENTATION_CONTEXT(2) 
PARAMETRIC_REPRESENTATION_CONTEXT() REPRESENTATION_CONTEXT('2D SPACE',''
  ) );
#2850 = PCURVE('',#2255,#2851);
#2851 = DEFINITIONAL_REPRESENTATION('',(#2852),#2860);
#2852 = ( BOUNDED_CURVE() B_SPLINE_CURVE(2,(#2853,#2854,#2855,#2856,
#2857,#2858,#2859),.UNSPECIFIED.,.T.,.F.) B_SPLINE_CURVE_WITH_KNOTS((1,2
    ,2,2,2,1),(-2.094395102393,0.,2.094395102393,4.188790204786,
6.28318530718,8.377580409573),.UNSPECIFIED.) CURVE() 
GEOMETRIC_REPRESENTATION_ITEM() RATIONAL_B_SPLINE_CURVE((1.,0.5,1.,0.5,
1.,0.5,1.)) REPRESENTATION_ITEM('') );
#2853 = CARTESIAN_POINT('',(1.55,-17.57));
#2854 = CARTESIAN_POINT('',(1.55,-12.02743741578));
#2855 = CARTESIAN_POINT('',(6.35,-14.79871870789));
#2856 = CARTESIAN_POINT('',(11.15,-17.57));
#2857 = CARTESIAN_POINT('',(6.35,-20.34128129211));
#2858 = CARTESIAN_POINT('',(1.55,-23.11256258422));
#2859 = CARTESIAN_POINT('',(1.55,-17.57));
#2860 = ( GEOMETRIC_REPRESENTATION_CONTEXT(2) 
PARAMETRIC_REPRESENTATION_CONTEXT() REPRESENTATION_CONTEXT('2D SPACE',''
  ) );
#2861 = ORIENTED_EDGE('',*,*,#2744,.T.);
#2862 = ADVANCED_FACE('',(#2863),#1044,.F.);
#2863 = FACE_BOUND('',#2864,.F.);
#2864 = EDGE_LOOP('',(#2865,#2866,#2887,#2888,#2909,#2942,#2961,#2962));
#2865 = ORIENTED_EDGE('',*,*,#1023,.F.);
#2866 = ORIENTED_EDGE('',*,*,#2867,.F.);
#2867 = EDGE_CURVE('',#1933,#1024,#2868,.T.);
#2868 = SEAM_CURVE('',#2869,(#2873,#2880),.PCURVE_S1.);
#2869 = LINE('',#2870,#2871);
#2870 = CARTESIAN_POINT('',(30.05,-17.57,13.5));
#2871 = VECTOR('',#2872,1.);
#2872 = DIRECTION('',(0.,0.,-1.));
#2873 = PCURVE('',#1044,#2874);
#2874 = DEFINITIONAL_REPRESENTATION('',(#2875),#2879);
#2875 = LINE('',#2876,#2877);
#2876 = CARTESIAN_POINT('',(6.28318530718,-0.));
#2877 = VECTOR('',#2878,1.);
#2878 = DIRECTION('',(0.,1.));
#2879 = ( GEOMETRIC_REPRESENTATION_CONTEXT(2) 
PARAMETRIC_REPRESENTATION_CONTEXT() REPRESENTATION_CONTEXT('2D SPACE',''
  ) );
#2880 = PCURVE('',#1044,#2881);
#2881 = DEFINITIONAL_REPRESENTATION('',(#2882),#2886);
#2882 = LINE('',#2883,#2884);
#2883 = CARTESIAN_POINT('',(0.,-0.));
#2884 = VECTOR('',#2885,1.);
#2885 = DIRECTION('',(0.,1.));
#2886 = ( GEOMETRIC_REPRESENTATION_CONTEXT(2) 
PARAMETRIC_REPRESENTATION_CONTEXT() REPRESENTATION_CONTEXT('2D SPACE',''
  ) );
#2887 = ORIENTED_EDGE('',*,*,#1960,.T.);
#2888 = ORIENTED_EDGE('',*,*,#2889,.F.);
#2889 = EDGE_CURVE('',#2890,#1961,#2892,.T.);
#2890 = VERTEX_POINT('',#2891);
#2891 = CARTESIAN_POINT('',(35.2,-15.03277710872,13.5));
#2892 = SURFACE_CURVE('',#2893,(#2897,#2903),.PCURVE_S1.);
#2893 = LINE('',#2894,#2895);
#2894 = CARTESIAN_POINT('',(35.2,-15.03277710872,13.5));
#2895 = VECTOR('',#2896,1.);
#2896 = DIRECTION('',(0.,0.,-1.));
#2897 = PCURVE('',#1044,#2898);
#2898 = DEFINITIONAL_REPRESENTATION('',(#2899),#2902);
#2899 = B_SPLINE_CURVE_WITH_KNOTS('',1,(#2900,#2901),.UNSPECIFIED.,.F.,
  .F.,(2,2),(-5.999999999062E-07,9.35),.PIECEWISE_BEZIER_KNOTS.);
#2900 = CARTESIAN_POINT('',(2.226068415296,-5.999999999062E-07));
#2901 = CARTESIAN_POINT('',(2.226068415296,9.35));
#2902 = ( GEOMETRIC_REPRESENTATION_CONTEXT(2) 
PARAMETRIC_REPRESENTATION_CONTEXT() REPRESENTATION_CONTEXT('2D SPACE',''
  ) );
#2903 = PCURVE('',#2004,#2904);
#2904 = DEFINITIONAL_REPRESENTATION('',(#2905),#2908);
#2905 = B_SPLINE_CURVE_WITH_KNOTS('',1,(#2906,#2907),.UNSPECIFIED.,.F.,
  .F.,(2,2),(-5.999999999062E-07,9.35),.PIECEWISE_BEZIER_KNOTS.);
#2906 = CARTESIAN_POINT('',(53.032777108727,-8.5000006));
#2907 = CARTESIAN_POINT('',(53.032777108727,0.85));
#2908 = ( GEOMETRIC_REPRESENTATION_CONTEXT(2) 
PARAMETRIC_REPRESENTATION_CONTEXT() REPRESENTATION_CONTEXT('2D SPACE',''
  ) );
#2909 = ORIENTED_EDGE('',*,*,#2910,.T.);
#2910 = EDGE_CURVE('',#2890,#2911,#2913,.T.);
#2911 = VERTEX_POINT('',#2912);
#2912 = CARTESIAN_POINT('',(35.2,-20.10722289127,13.5));
#2913 = SURFACE_CURVE('',#2914,(#2919,#2926),.PCURVE_S1.);
#2914 = CIRCLE('',#2915,3.2);
#2915 = AXIS2_PLACEMENT_3D('',#2916,#2917,#2918);
#2916 = CARTESIAN_POINT('',(33.25,-17.57,13.5));
#2917 = DIRECTION('',(0.,0.,-1.));
#2918 = DIRECTION('',(-1.,0.,0.));
#2919 = PCURVE('',#1044,#2920);
#2920 = DEFINITIONAL_REPRESENTATION('',(#2921),#2925);
#2921 = LINE('',#2922,#2923);
#2922 = CARTESIAN_POINT('',(0.,0.));
#2923 = VECTOR('',#2924,1.);
#2924 = DIRECTION('',(1.,0.));
#2925 = ( GEOMETRIC_REPRESENTATION_CONTEXT(2) 
PARAMETRIC_REPRESENTATION_CONTEXT() REPRESENTATION_CONTEXT('2D SPACE',''
  ) );
#2926 = PCURVE('',#2927,#2932);
#2927 = PLANE('',#2928);
#2928 = AXIS2_PLACEMENT_3D('',#2929,#2930,#2931);
#2929 = CARTESIAN_POINT('',(-38.,0.,13.5));
#2930 = DIRECTION('',(0.,0.,1.));
#2931 = DIRECTION('',(1.,0.,-0.));
#2932 = DEFINITIONAL_REPRESENTATION('',(#2933),#2941);
#2933 = ( BOUNDED_CURVE() B_SPLINE_CURVE(2,(#2934,#2935,#2936,#2937,
#2938,#2939,#2940),.UNSPECIFIED.,.T.,.F.) B_SPLINE_CURVE_WITH_KNOTS((1,2
    ,2,2,2,1),(-2.094395102393,0.,2.094395102393,4.188790204786,
6.28318530718,8.377580409573),.UNSPECIFIED.) CURVE() 
GEOMETRIC_REPRESENTATION_ITEM() RATIONAL_B_SPLINE_CURVE((1.,0.5,1.,0.5,
1.,0.5,1.)) REPRESENTATION_ITEM('') );
#2934 = CARTESIAN_POINT('',(68.05,-17.57));
#2935 = CARTESIAN_POINT('',(68.05,-12.02743741578));
#2936 = CARTESIAN_POINT('',(72.85,-14.79871870789));
#2937 = CARTESIAN_POINT('',(77.65,-17.57));
#2938 = CARTESIAN_POINT('',(72.85,-20.34128129211));
#2939 = CARTESIAN_POINT('',(68.05,-23.11256258422));
#2940 = CARTESIAN_POINT('',(68.05,-17.57));
#2941 = ( GEOMETRIC_REPRESENTATION_CONTEXT(2) 
PARAMETRIC_REPRESENTATION_CONTEXT() REPRESENTATION_CONTEXT('2D SPACE',''
  ) );
#2942 = ORIENTED_EDGE('',*,*,#2943,.T.);
#2943 = EDGE_CURVE('',#2911,#1905,#2944,.T.);
#2944 = SURFACE_CURVE('',#2945,(#2949,#2955),.PCURVE_S1.);
#2945 = LINE('',#2946,#2947);
#2946 = CARTESIAN_POINT('',(35.2,-20.10722289127,13.5));
#2947 = VECTOR('',#2948,1.);
#2948 = DIRECTION('',(0.,0.,-1.));
#2949 = PCURVE('',#1044,#2950);
#2950 = DEFINITIONAL_REPRESENTATION('',(#2951),#2954);
#2951 = B_SPLINE_CURVE_WITH_KNOTS('',1,(#2952,#2953),.UNSPECIFIED.,.F.,
  .F.,(2,2),(-5.999999999062E-07,9.35),.PIECEWISE_BEZIER_KNOTS.);
#2952 = CARTESIAN_POINT('',(4.057116891884,-5.999999999062E-07));
#2953 = CARTESIAN_POINT('',(4.057116891884,9.35));
#2954 = ( GEOMETRIC_REPRESENTATION_CONTEXT(2) 
PARAMETRIC_REPRESENTATION_CONTEXT() REPRESENTATION_CONTEXT('2D SPACE',''
  ) );
#2955 = PCURVE('',#1920,#2956);
#2956 = DEFINITIONAL_REPRESENTATION('',(#2957),#2960);
#2957 = B_SPLINE_CURVE_WITH_KNOTS('',1,(#2958,#2959),.UNSPECIFIED.,.F.,
  .F.,(2,2),(-5.999999999062E-07,9.35),.PIECEWISE_BEZIER_KNOTS.);
#2958 = CARTESIAN_POINT('',(58.107222891273,-8.5000006));
#2959 = CARTESIAN_POINT('',(58.107222891273,0.85));
#2960 = ( GEOMETRIC_REPRESENTATION_CONTEXT(2) 
PARAMETRIC_REPRESENTATION_CONTEXT() REPRESENTATION_CONTEXT('2D SPACE',''
  ) );
#2961 = ORIENTED_EDGE('',*,*,#1932,.T.);
#2962 = ORIENTED_EDGE('',*,*,#2867,.T.);
#2963 = ADVANCED_FACE('',(#2964),#1079,.F.);
#2964 = FACE_BOUND('',#2965,.F.);
#2965 = EDGE_LOOP('',(#2966,#2967,#2990,#3018,#3037,#3038,#3059,#3085));
#2966 = ORIENTED_EDGE('',*,*,#1058,.F.);
#2967 = ORIENTED_EDGE('',*,*,#2968,.F.);
#2968 = EDGE_CURVE('',#2969,#1059,#2971,.T.);
#2969 = VERTEX_POINT('',#2970);
#2970 = CARTESIAN_POINT('',(-36.45,17.57,13.5));
#2971 = SEAM_CURVE('',#2972,(#2976,#2983),.PCURVE_S1.);
#2972 = LINE('',#2973,#2974);
#2973 = CARTESIAN_POINT('',(-36.45,17.57,13.5));
#2974 = VECTOR('',#2975,1.);
#2975 = DIRECTION('',(0.,0.,-1.));
#2976 = PCURVE('',#1079,#2977);
#2977 = DEFINITIONAL_REPRESENTATION('',(#2978),#2982);
#2978 = LINE('',#2979,#2980);
#2979 = CARTESIAN_POINT('',(6.28318530718,-0.));
#2980 = VECTOR('',#2981,1.);
#2981 = DIRECTION('',(0.,1.));
#2982 = ( GEOMETRIC_REPRESENTATION_CONTEXT(2) 
PARAMETRIC_REPRESENTATION_CONTEXT() REPRESENTATION_CONTEXT('2D SPACE',''
  ) );
#2983 = PCURVE('',#1079,#2984);
#2984 = DEFINITIONAL_REPRESENTATION('',(#2985),#2989);
#2985 = LINE('',#2986,#2987);
#2986 = CARTESIAN_POINT('',(0.,-0.));
#2987 = VECTOR('',#2988,1.);
#2988 = DIRECTION('',(0.,1.));
#2989 = ( GEOMETRIC_REPRESENTATION_CONTEXT(2) 
PARAMETRIC_REPRESENTATION_CONTEXT() REPRESENTATION_CONTEXT('2D SPACE',''
  ) );
#2990 = ORIENTED_EDGE('',*,*,#2991,.T.);
#2991 = EDGE_CURVE('',#2969,#2992,#2994,.T.);
#2992 = VERTEX_POINT('',#2993);
#2993 = CARTESIAN_POINT('',(-35.2,20.107222891273,13.5));
#2994 = SURFACE_CURVE('',#2995,(#3000,#3007),.PCURVE_S1.);
#2995 = CIRCLE('',#2996,3.2);
#2996 = AXIS2_PLACEMENT_3D('',#2997,#2998,#2999);
#2997 = CARTESIAN_POINT('',(-33.25,17.57,13.5));
#2998 = DIRECTION('',(0.,0.,-1.));
#2999 = DIRECTION('',(-1.,0.,0.));
#3000 = PCURVE('',#1079,#3001);
#3001 = DEFINITIONAL_REPRESENTATION('',(#3002),#3006);
#3002 = LINE('',#3003,#3004);
#3003 = CARTESIAN_POINT('',(0.,0.));
#3004 = VECTOR('',#3005,1.);
#3005 = DIRECTION('',(1.,0.));
#3006 = ( GEOMETRIC_REPRESENTATION_CONTEXT(2) 
PARAMETRIC_REPRESENTATION_CONTEXT() REPRESENTATION_CONTEXT('2D SPACE',''
  ) );
#3007 = PCURVE('',#2255,#3008);
#3008 = DEFINITIONAL_REPRESENTATION('',(#3009),#3017);
#3009 = ( BOUNDED_CURVE() B_SPLINE_CURVE(2,(#3010,#3011,#3012,#3013,
#3014,#3015,#3016),.UNSPECIFIED.,.T.,.F.) B_SPLINE_CURVE_WITH_KNOTS((1,2
    ,2,2,2,1),(-2.094395102393,0.,2.094395102393,4.188790204786,
6.28318530718,8.377580409573),.UNSPECIFIED.) CURVE() 
GEOMETRIC_REPRESENTATION_ITEM() RATIONAL_B_SPLINE_CURVE((1.,0.5,1.,0.5,
1.,0.5,1.)) REPRESENTATION_ITEM('') );
#3010 = CARTESIAN_POINT('',(1.55,17.57));
#3011 = CARTESIAN_POINT('',(1.55,23.11256258422));
#3012 = CARTESIAN_POINT('',(6.35,20.34128129211));
#3013 = CARTESIAN_POINT('',(11.15,17.57));
#3014 = CARTESIAN_POINT('',(6.35,14.79871870789));
#3015 = CARTESIAN_POINT('',(1.55,12.02743741578));
#3016 = CARTESIAN_POINT('',(1.55,17.57));
#3017 = ( GEOMETRIC_REPRESENTATION_CONTEXT(2) 
PARAMETRIC_REPRESENTATION_CONTEXT() REPRESENTATION_CONTEXT('2D SPACE',''
  ) );
#3018 = ORIENTED_EDGE('',*,*,#3019,.T.);
#3019 = EDGE_CURVE('',#2992,#1239,#3020,.T.);
#3020 = SURFACE_CURVE('',#3021,(#3025,#3031),.PCURVE_S1.);
#3021 = LINE('',#3022,#3023);
#3022 = CARTESIAN_POINT('',(-35.2,20.107222891273,13.5));
#3023 = VECTOR('',#3024,1.);
#3024 = DIRECTION('',(0.,0.,-1.));
#3025 = PCURVE('',#1079,#3026);
#3026 = DEFINITIONAL_REPRESENTATION('',(#3027),#3030);
#3027 = B_SPLINE_CURVE_WITH_KNOTS('',1,(#3028,#3029),.UNSPECIFIED.,.F.,
  .F.,(2,2),(-5.999999999062E-07,9.35),.PIECEWISE_BEZIER_KNOTS.);
#3028 = CARTESIAN_POINT('',(0.915524238294,-5.999999999062E-07));
#3029 = CARTESIAN_POINT('',(0.915524238294,9.35));
#3030 = ( GEOMETRIC_REPRESENTATION_CONTEXT(2) 
PARAMETRIC_REPRESENTATION_CONTEXT() REPRESENTATION_CONTEXT('2D SPACE',''
  ) );
#3031 = PCURVE('',#1254,#3032);
#3032 = DEFINITIONAL_REPRESENTATION('',(#3033),#3036);
#3033 = B_SPLINE_CURVE_WITH_KNOTS('',1,(#3034,#3035),.UNSPECIFIED.,.F.,
  .F.,(2,2),(-5.999999999062E-07,9.35),.PIECEWISE_BEZIER_KNOTS.);
#3034 = CARTESIAN_POINT('',(58.107222891273,-8.5000006));
#3035 = CARTESIAN_POINT('',(58.107222891273,0.85));
#3036 = ( GEOMETRIC_REPRESENTATION_CONTEXT(2) 
PARAMETRIC_REPRESENTATION_CONTEXT() REPRESENTATION_CONTEXT('2D SPACE',''
  ) );
#3037 = ORIENTED_EDGE('',*,*,#1266,.T.);
#3038 = ORIENTED_EDGE('',*,*,#3039,.F.);
#3039 = EDGE_CURVE('',#3040,#1267,#3042,.T.);
#3040 = VERTEX_POINT('',#3041);
#3041 = CARTESIAN_POINT('',(-35.2,15.032777108727,13.5));
#3042 = SURFACE_CURVE('',#3043,(#3047,#3053),.PCURVE_S1.);
#3043 = LINE('',#3044,#3045);
#3044 = CARTESIAN_POINT('',(-35.2,15.032777108727,13.5));
#3045 = VECTOR('',#3046,1.);
#3046 = DIRECTION('',(0.,0.,-1.));
#3047 = PCURVE('',#1079,#3048);
#3048 = DEFINITIONAL_REPRESENTATION('',(#3049),#3052);
#3049 = B_SPLINE_CURVE_WITH_KNOTS('',1,(#3050,#3051),.UNSPECIFIED.,.F.,
  .F.,(2,2),(-5.999999999062E-07,9.35),.PIECEWISE_BEZIER_KNOTS.);
#3050 = CARTESIAN_POINT('',(5.367661068886,-5.999999999062E-07));
#3051 = CARTESIAN_POINT('',(5.367661068886,9.35));
#3052 = ( GEOMETRIC_REPRESENTATION_CONTEXT(2) 
PARAMETRIC_REPRESENTATION_CONTEXT() REPRESENTATION_CONTEXT('2D SPACE',''
  ) );
#3053 = PCURVE('',#1310,#3054);
#3054 = DEFINITIONAL_REPRESENTATION('',(#3055),#3058);
#3055 = B_SPLINE_CURVE_WITH_KNOTS('',1,(#3056,#3057),.UNSPECIFIED.,.F.,
  .F.,(2,2),(-5.999999999062E-07,9.35),.PIECEWISE_BEZIER_KNOTS.);
#3056 = CARTESIAN_POINT('',(53.032777108727,-8.5000006));
#3057 = CARTESIAN_POINT('',(53.032777108727,0.85));
#3058 = ( GEOMETRIC_REPRESENTATION_CONTEXT(2) 
PARAMETRIC_REPRESENTATION_CONTEXT() REPRESENTATION_CONTEXT('2D SPACE',''
  ) );
#3059 = ORIENTED_EDGE('',*,*,#3060,.T.);
#3060 = EDGE_CURVE('',#3040,#2969,#3061,.T.);
#3061 = SURFACE_CURVE('',#3062,(#3067,#3074),.PCURVE_S1.);
#3062 = CIRCLE('',#3063,3.2);
#3063 = AXIS2_PLACEMENT_3D('',#3064,#3065,#3066);
#3064 = CARTESIAN_POINT('',(-33.25,17.57,13.5));
#3065 = DIRECTION('',(0.,0.,-1.));
#3066 = DIRECTION('',(-1.,0.,0.));
#3067 = PCURVE('',#1079,#3068);
#3068 = DEFINITIONAL_REPRESENTATION('',(#3069),#3073);
#3069 = LINE('',#3070,#3071);
#3070 = CARTESIAN_POINT('',(0.,0.));
#3071 = VECTOR('',#3072,1.);
#3072 = DIRECTION('',(1.,0.));
#3073 = ( GEOMETRIC_REPRESENTATION_CONTEXT(2) 
PARAMETRIC_REPRESENTATION_CONTEXT() REPRESENTATION_CONTEXT('2D SPACE',''
  ) );
#3074 = PCURVE('',#2255,#3075);
#3075 = DEFINITIONAL_REPRESENTATION('',(#3076),#3084);
#3076 = ( BOUNDED_CURVE() B_SPLINE_CURVE(2,(#3077,#3078,#3079,#3080,
#3081,#3082,#3083),.UNSPECIFIED.,.T.,.F.) B_SPLINE_CURVE_WITH_KNOTS((1,2
    ,2,2,2,1),(-2.094395102393,0.,2.094395102393,4.188790204786,
6.28318530718,8.377580409573),.UNSPECIFIED.) CURVE() 
GEOMETRIC_REPRESENTATION_ITEM() RATIONAL_B_SPLINE_CURVE((1.,0.5,1.,0.5,
1.,0.5,1.)) REPRESENTATION_ITEM('') );
#3077 = CARTESIAN_POINT('',(1.55,17.57));
#3078 = CARTESIAN_POINT('',(1.55,23.11256258422));
#3079 = CARTESIAN_POINT('',(6.35,20.34128129211));
#3080 = CARTESIAN_POINT('',(11.15,17.57));
#3081 = CARTESIAN_POINT('',(6.35,14.79871870789));
#3082 = CARTESIAN_POINT('',(1.55,12.02743741578));
#3083 = CARTESIAN_POINT('',(1.55,17.57));
#3084 = ( GEOMETRIC_REPRESENTATION_CONTEXT(2) 
PARAMETRIC_REPRESENTATION_CONTEXT() REPRESENTATION_CONTEXT('2D SPACE',''
  ) );
#3085 = ORIENTED_EDGE('',*,*,#2968,.T.);
#3086 = ADVANCED_FACE('',(#3087),#1114,.F.);
#3087 = FACE_BOUND('',#3088,.F.);
#3088 = EDGE_LOOP('',(#3089,#3090,#3111,#3112,#3133,#3161,#3180,#3181));
#3089 = ORIENTED_EDGE('',*,*,#1093,.F.);
#3090 = ORIENTED_EDGE('',*,*,#3091,.F.);
#3091 = EDGE_CURVE('',#2017,#1094,#3092,.T.);
#3092 = SEAM_CURVE('',#3093,(#3097,#3104),.PCURVE_S1.);
#3093 = LINE('',#3094,#3095);
#3094 = CARTESIAN_POINT('',(30.05,17.57,13.5));
#3095 = VECTOR('',#3096,1.);
#3096 = DIRECTION('',(0.,0.,-1.));
#3097 = PCURVE('',#1114,#3098);
#3098 = DEFINITIONAL_REPRESENTATION('',(#3099),#3103);
#3099 = LINE('',#3100,#3101);
#3100 = CARTESIAN_POINT('',(6.28318530718,-0.));
#3101 = VECTOR('',#3102,1.);
#3102 = DIRECTION('',(0.,1.));
#3103 = ( GEOMETRIC_REPRESENTATION_CONTEXT(2) 
PARAMETRIC_REPRESENTATION_CONTEXT() REPRESENTATION_CONTEXT('2D SPACE',''
  ) );
#3104 = PCURVE('',#1114,#3105);
#3105 = DEFINITIONAL_REPRESENTATION('',(#3106),#3110);
#3106 = LINE('',#3107,#3108);
#3107 = CARTESIAN_POINT('',(0.,-0.));
#3108 = VECTOR('',#3109,1.);
#3109 = DIRECTION('',(0.,1.));
#3110 = ( GEOMETRIC_REPRESENTATION_CONTEXT(2) 
PARAMETRIC_REPRESENTATION_CONTEXT() REPRESENTATION_CONTEXT('2D SPACE',''
  ) );
#3111 = ORIENTED_EDGE('',*,*,#2044,.T.);
#3112 = ORIENTED_EDGE('',*,*,#3113,.F.);
#3113 = EDGE_CURVE('',#3114,#2045,#3116,.T.);
#3114 = VERTEX_POINT('',#3115);
#3115 = CARTESIAN_POINT('',(35.2,20.107222891273,13.5));
#3116 = SURFACE_CURVE('',#3117,(#3121,#3127),.PCURVE_S1.);
#3117 = LINE('',#3118,#3119);
#3118 = CARTESIAN_POINT('',(35.2,20.107222891273,13.5));
#3119 = VECTOR('',#3120,1.);
#3120 = DIRECTION('',(0.,0.,-1.));
#3121 = PCURVE('',#1114,#3122);
#3122 = DEFINITIONAL_REPRESENTATION('',(#3123),#3126);
#3123 = B_SPLINE_CURVE_WITH_KNOTS('',1,(#3124,#3125),.UNSPECIFIED.,.F.,
  .F.,(2,2),(-5.999999999062E-07,9.35),.PIECEWISE_BEZIER_KNOTS.);
#3124 = CARTESIAN_POINT('',(2.226068415296,-5.999999999062E-07));
#3125 = CARTESIAN_POINT('',(2.226068415296,9.35));
#3126 = ( GEOMETRIC_REPRESENTATION_CONTEXT(2) 
PARAMETRIC_REPRESENTATION_CONTEXT() REPRESENTATION_CONTEXT('2D SPACE',''
  ) );
#3127 = PCURVE('',#2086,#3128);
#3128 = DEFINITIONAL_REPRESENTATION('',(#3129),#3132);
#3129 = B_SPLINE_CURVE_WITH_KNOTS('',1,(#3130,#3131),.UNSPECIFIED.,.F.,
  .F.,(2,2),(-5.999999999062E-07,9.35),.PIECEWISE_BEZIER_KNOTS.);
#3130 = CARTESIAN_POINT('',(17.892777108727,-8.5000006));
#3131 = CARTESIAN_POINT('',(17.892777108727,0.85));
#3132 = ( GEOMETRIC_REPRESENTATION_CONTEXT(2) 
PARAMETRIC_REPRESENTATION_CONTEXT() REPRESENTATION_CONTEXT('2D SPACE',''
  ) );
#3133 = ORIENTED_EDGE('',*,*,#3134,.T.);
#3134 = EDGE_CURVE('',#3114,#3135,#3137,.T.);
#3135 = VERTEX_POINT('',#3136);
#3136 = CARTESIAN_POINT('',(35.2,15.032777108727,13.5));
#3137 = SURFACE_CURVE('',#3138,(#3143,#3150),.PCURVE_S1.);
#3138 = CIRCLE('',#3139,3.2);
#3139 = AXIS2_PLACEMENT_3D('',#3140,#3141,#3142);
#3140 = CARTESIAN_POINT('',(33.25,17.57,13.5));
#3141 = DIRECTION('',(0.,0.,-1.));
#3142 = DIRECTION('',(-1.,0.,0.));
#3143 = PCURVE('',#1114,#3144);
#3144 = DEFINITIONAL_REPRESENTATION('',(#3145),#3149);
#3145 = LINE('',#3146,#3147);
#3146 = CARTESIAN_POINT('',(0.,0.));
#3147 = VECTOR('',#3148,1.);
#3148 = DIRECTION('',(1.,0.));
#3149 = ( GEOMETRIC_REPRESENTATION_CONTEXT(2) 
PARAMETRIC_REPRESENTATION_CONTEXT() REPRESENTATION_CONTEXT('2D SPACE',''
  ) );
#3150 = PCURVE('',#2927,#3151);
#3151 = DEFINITIONAL_REPRESENTATION('',(#3152),#3160);
#3152 = ( BOUNDED_CURVE() B_SPLINE_CURVE(2,(#3153,#3154,#3155,#3156,
#3157,#3158,#3159),.UNSPECIFIED.,.T.,.F.) B_SPLINE_CURVE_WITH_KNOTS((1,2
    ,2,2,2,1),(-2.094395102393,0.,2.094395102393,4.188790204786,
6.28318530718,8.377580409573),.UNSPECIFIED.) CURVE() 
GEOMETRIC_REPRESENTATION_ITEM() RATIONAL_B_SPLINE_CURVE((1.,0.5,1.,0.5,
1.,0.5,1.)) REPRESENTATION_ITEM('') );
#3153 = CARTESIAN_POINT('',(68.05,17.57));
#3154 = CARTESIAN_POINT('',(68.05,23.11256258422));
#3155 = CARTESIAN_POINT('',(72.85,20.34128129211));
#3156 = CARTESIAN_POINT('',(77.65,17.57));
#3157 = CARTESIAN_POINT('',(72.85,14.79871870789));
#3158 = CARTESIAN_POINT('',(68.05,12.02743741578));
#3159 = CARTESIAN_POINT('',(68.05,17.57));
#3160 = ( GEOMETRIC_REPRESENTATION_CONTEXT(2) 
PARAMETRIC_REPRESENTATION_CONTEXT() REPRESENTATION_CONTEXT('2D SPACE',''
  ) );
#3161 = ORIENTED_EDGE('',*,*,#3162,.T.);
#3162 = EDGE_CURVE('',#3135,#1989,#3163,.T.);
#3163 = SURFACE_CURVE('',#3164,(#3168,#3174),.PCURVE_S1.);
#3164 = LINE('',#3165,#3166);
#3165 = CARTESIAN_POINT('',(35.2,15.032777108727,13.5));
#3166 = VECTOR('',#3167,1.);
#3167 = DIRECTION('',(0.,0.,-1.));
#3168 = PCURVE('',#1114,#3169);
#3169 = DEFINITIONAL_REPRESENTATION('',(#3170),#3173);
#3170 = B_SPLINE_CURVE_WITH_KNOTS('',1,(#3171,#3172),.UNSPECIFIED.,.F.,
  .F.,(2,2),(-5.999999999062E-07,9.35),.PIECEWISE_BEZIER_KNOTS.);
#3171 = CARTESIAN_POINT('',(4.057116891884,-5.999999999062E-07));
#3172 = CARTESIAN_POINT('',(4.057116891884,9.35));
#3173 = ( GEOMETRIC_REPRESENTATION_CONTEXT(2) 
PARAMETRIC_REPRESENTATION_CONTEXT() REPRESENTATION_CONTEXT('2D SPACE',''
  ) );
#3174 = PCURVE('',#2004,#3175);
#3175 = DEFINITIONAL_REPRESENTATION('',(#3176),#3179);
#3176 = B_SPLINE_CURVE_WITH_KNOTS('',1,(#3177,#3178),.UNSPECIFIED.,.F.,
  .F.,(2,2),(-5.999999999062E-07,9.35),.PIECEWISE_BEZIER_KNOTS.);
#3177 = CARTESIAN_POINT('',(22.967222891273,-8.5000006));
#3178 = CARTESIAN_POINT('',(22.967222891273,0.85));
#3179 = ( GEOMETRIC_REPRESENTATION_CONTEXT(2) 
PARAMETRIC_REPRESENTATION_CONTEXT() REPRESENTATION_CONTEXT('2D SPACE',''
  ) );
#3180 = ORIENTED_EDGE('',*,*,#2016,.T.);
#3181 = ORIENTED_EDGE('',*,*,#3091,.T.);
#3182 = ADVANCED_FACE('',(#3183),#1221,.F.);
#3183 = FACE_BOUND('',#3184,.F.);
#3184 = EDGE_LOOP('',(#3185,#3186,#3209,#3230,#3231));
#3185 = ORIENTED_EDGE('',*,*,#1207,.F.);
#3186 = ORIENTED_EDGE('',*,*,#3187,.T.);
#3187 = EDGE_CURVE('',#1180,#3188,#3190,.T.);
#3188 = VERTEX_POINT('',#3189);
#3189 = CARTESIAN_POINT('',(-35.2,-38.,13.5));
#3190 = SURFACE_CURVE('',#3191,(#3195,#3202),.PCURVE_S1.);
#3191 = LINE('',#3192,#3193);
#3192 = CARTESIAN_POINT('',(-35.2,-38.,5.));
#3193 = VECTOR('',#3194,1.);
#3194 = DIRECTION('',(0.,0.,1.));
#3195 = PCURVE('',#1221,#3196);
#3196 = DEFINITIONAL_REPRESENTATION('',(#3197),#3201);
#3197 = LINE('',#3198,#3199);
#3198 = CARTESIAN_POINT('',(0.,0.));
#3199 = VECTOR('',#3200,1.);
#3200 = DIRECTION('',(0.,-1.));
#3201 = ( GEOMETRIC_REPRESENTATION_CONTEXT(2) 
PARAMETRIC_REPRESENTATION_CONTEXT() REPRESENTATION_CONTEXT('2D SPACE',''
  ) );
#3202 = PCURVE('',#1195,#3203);
#3203 = DEFINITIONAL_REPRESENTATION('',(#3204),#3208);
#3204 = LINE('',#3205,#3206);
#3205 = CARTESIAN_POINT('',(5.6,0.));
#3206 = VECTOR('',#3207,1.);
#3207 = DIRECTION('',(0.,-1.));
#3208 = ( GEOMETRIC_REPRESENTATION_CONTEXT(2) 
PARAMETRIC_REPRESENTATION_CONTEXT() REPRESENTATION_CONTEXT('2D SPACE',''
  ) );
#3209 = ORIENTED_EDGE('',*,*,#3210,.T.);
#3210 = EDGE_CURVE('',#3188,#2816,#3211,.T.);
#3211 = SURFACE_CURVE('',#3212,(#3216,#3223),.PCURVE_S1.);
#3212 = LINE('',#3213,#3214);
#3213 = CARTESIAN_POINT('',(-35.2,-38.,13.5));
#3214 = VECTOR('',#3215,1.);
#3215 = DIRECTION('',(0.,1.,0.));
#3216 = PCURVE('',#1221,#3217);
#3217 = DEFINITIONAL_REPRESENTATION('',(#3218),#3222);
#3218 = LINE('',#3219,#3220);
#3219 = CARTESIAN_POINT('',(0.,-8.5));
#3220 = VECTOR('',#3221,1.);
#3221 = DIRECTION('',(1.,0.));
#3222 = ( GEOMETRIC_REPRESENTATION_CONTEXT(2) 
PARAMETRIC_REPRESENTATION_CONTEXT() REPRESENTATION_CONTEXT('2D SPACE',''
  ) );
#3223 = PCURVE('',#2255,#3224);
#3224 = DEFINITIONAL_REPRESENTATION('',(#3225),#3229);
#3225 = LINE('',#3226,#3227);
#3226 = CARTESIAN_POINT('',(2.8,-38.));
#3227 = VECTOR('',#3228,1.);
#3228 = DIRECTION('',(0.,1.));
#3229 = ( GEOMETRIC_REPRESENTATION_CONTEXT(2) 
PARAMETRIC_REPRESENTATION_CONTEXT() REPRESENTATION_CONTEXT('2D SPACE',''
  ) );
#3230 = ORIENTED_EDGE('',*,*,#2815,.T.);
#3231 = ORIENTED_EDGE('',*,*,#1350,.F.);
#3232 = ADVANCED_FACE('',(#3233),#1195,.F.);
#3233 = FACE_BOUND('',#3234,.F.);
#3234 = EDGE_LOOP('',(#3235,#3236,#3257,#3258));
#3235 = ORIENTED_EDGE('',*,*,#2267,.T.);
#3236 = ORIENTED_EDGE('',*,*,#3237,.T.);
#3237 = EDGE_CURVE('',#2240,#3188,#3238,.T.);
#3238 = SURFACE_CURVE('',#3239,(#3243,#3250),.PCURVE_S1.);
#3239 = LINE('',#3240,#3241);
#3240 = CARTESIAN_POINT('',(-40.8,-38.,13.5));
#3241 = VECTOR('',#3242,1.);
#3242 = DIRECTION('',(1.,0.,0.));
#3243 = PCURVE('',#1195,#3244);
#3244 = DEFINITIONAL_REPRESENTATION('',(#3245),#3249);
#3245 = LINE('',#3246,#3247);
#3246 = CARTESIAN_POINT('',(0.,-8.5));
#3247 = VECTOR('',#3248,1.);
#3248 = DIRECTION('',(1.,0.));
#3249 = ( GEOMETRIC_REPRESENTATION_CONTEXT(2) 
PARAMETRIC_REPRESENTATION_CONTEXT() REPRESENTATION_CONTEXT('2D SPACE',''
  ) );
#3250 = PCURVE('',#2255,#3251);
#3251 = DEFINITIONAL_REPRESENTATION('',(#3252),#3256);
#3252 = LINE('',#3253,#3254);
#3253 = CARTESIAN_POINT('',(-2.8,-38.));
#3254 = VECTOR('',#3255,1.);
#3255 = DIRECTION('',(1.,0.));
#3256 = ( GEOMETRIC_REPRESENTATION_CONTEXT(2) 
PARAMETRIC_REPRESENTATION_CONTEXT() REPRESENTATION_CONTEXT('2D SPACE',''
  ) );
#3257 = ORIENTED_EDGE('',*,*,#3187,.F.);
#3258 = ORIENTED_EDGE('',*,*,#1179,.F.);
#3259 = ADVANCED_FACE('',(#3260),#1386,.F.);
#3260 = FACE_BOUND('',#3261,.F.);
#3261 = EDGE_LOOP('',(#3262,#3285,#3313,#3334,#3335,#3336));
#3262 = ORIENTED_EDGE('',*,*,#3263,.T.);
#3263 = EDGE_CURVE('',#2364,#3264,#3266,.T.);
#3264 = VERTEX_POINT('',#3265);
#3265 = CARTESIAN_POINT('',(-25.6,38.,13.5));
#3266 = SURFACE_CURVE('',#3267,(#3271,#3278),.PCURVE_S1.);
#3267 = LINE('',#3268,#3269);
#3268 = CARTESIAN_POINT('',(-25.6,38.,5.));
#3269 = VECTOR('',#3270,1.);
#3270 = DIRECTION('',(0.,0.,1.));
#3271 = PCURVE('',#1386,#3272);
#3272 = DEFINITIONAL_REPRESENTATION('',(#3273),#3277);
#3273 = LINE('',#3274,#3275);
#3274 = CARTESIAN_POINT('',(0.,0.));
#3275 = VECTOR('',#3276,1.);
#3276 = DIRECTION('',(0.,-1.));
#3277 = ( GEOMETRIC_REPRESENTATION_CONTEXT(2) 
PARAMETRIC_REPRESENTATION_CONTEXT() REPRESENTATION_CONTEXT('2D SPACE',''
  ) );
#3278 = PCURVE('',#2424,#3279);
#3279 = DEFINITIONAL_REPRESENTATION('',(#3280),#3284);
#3280 = LINE('',#3281,#3282);
#3281 = CARTESIAN_POINT('',(5.6,0.));
#3282 = VECTOR('',#3283,1.);
#3283 = DIRECTION('',(0.,-1.));
#3284 = ( GEOMETRIC_REPRESENTATION_CONTEXT(2) 
PARAMETRIC_REPRESENTATION_CONTEXT() REPRESENTATION_CONTEXT('2D SPACE',''
  ) );
#3285 = ORIENTED_EDGE('',*,*,#3286,.T.);
#3286 = EDGE_CURVE('',#3264,#3287,#3289,.T.);
#3287 = VERTEX_POINT('',#3288);
#3288 = CARTESIAN_POINT('',(-25.6,-38.,13.5));
#3289 = SURFACE_CURVE('',#3290,(#3294,#3301),.PCURVE_S1.);
#3290 = LINE('',#3291,#3292);
#3291 = CARTESIAN_POINT('',(-25.6,38.,13.5));
#3292 = VECTOR('',#3293,1.);
#3293 = DIRECTION('',(0.,-1.,0.));
#3294 = PCURVE('',#1386,#3295);
#3295 = DEFINITIONAL_REPRESENTATION('',(#3296),#3300);
#3296 = LINE('',#3297,#3298);
#3297 = CARTESIAN_POINT('',(0.,-8.5));
#3298 = VECTOR('',#3299,1.);
#3299 = DIRECTION('',(1.,0.));
#3300 = ( GEOMETRIC_REPRESENTATION_CONTEXT(2) 
PARAMETRIC_REPRESENTATION_CONTEXT() REPRESENTATION_CONTEXT('2D SPACE',''
  ) );
#3301 = PCURVE('',#3302,#3307);
#3302 = PLANE('',#3303);
#3303 = AXIS2_PLACEMENT_3D('',#3304,#3305,#3306);
#3304 = CARTESIAN_POINT('',(-38.,0.,13.5));
#3305 = DIRECTION('',(0.,0.,1.));
#3306 = DIRECTION('',(1.,0.,-0.));
#3307 = DEFINITIONAL_REPRESENTATION('',(#3308),#3312);
#3308 = LINE('',#3309,#3310);
#3309 = CARTESIAN_POINT('',(12.4,38.));
#3310 = VECTOR('',#3311,1.);
#3311 = DIRECTION('',(0.,-1.));
#3312 = ( GEOMETRIC_REPRESENTATION_CONTEXT(2) 
PARAMETRIC_REPRESENTATION_CONTEXT() REPRESENTATION_CONTEXT('2D SPACE',''
  ) );
#3313 = ORIENTED_EDGE('',*,*,#3314,.F.);
#3314 = EDGE_CURVE('',#1402,#3287,#3315,.T.);
#3315 = SURFACE_CURVE('',#3316,(#3320,#3327),.PCURVE_S1.);
#3316 = LINE('',#3317,#3318);
#3317 = CARTESIAN_POINT('',(-25.6,-38.,5.));
#3318 = VECTOR('',#3319,1.);
#3319 = DIRECTION('',(0.,0.,1.));
#3320 = PCURVE('',#1386,#3321);
#3321 = DEFINITIONAL_REPRESENTATION('',(#3322),#3326);
#3322 = LINE('',#3323,#3324);
#3323 = CARTESIAN_POINT('',(76.,0.));
#3324 = VECTOR('',#3325,1.);
#3325 = DIRECTION('',(0.,-1.));
#3326 = ( GEOMETRIC_REPRESENTATION_CONTEXT(2) 
PARAMETRIC_REPRESENTATION_CONTEXT() REPRESENTATION_CONTEXT('2D SPACE',''
  ) );
#3327 = PCURVE('',#1440,#3328);
#3328 = DEFINITIONAL_REPRESENTATION('',(#3329),#3333);
#3329 = LINE('',#3330,#3331);
#3330 = CARTESIAN_POINT('',(0.,0.));
#3331 = VECTOR('',#3332,1.);
#3332 = DIRECTION('',(0.,-1.));
#3333 = ( GEOMETRIC_REPRESENTATION_CONTEXT(2) 
PARAMETRIC_REPRESENTATION_CONTEXT() REPRESENTATION_CONTEXT('2D SPACE',''
  ) );
#3334 = ORIENTED_EDGE('',*,*,#1401,.F.);
#3335 = ORIENTED_EDGE('',*,*,#1372,.F.);
#3336 = ORIENTED_EDGE('',*,*,#2363,.F.);
#3337 = ADVANCED_FACE('',(#3338),#1310,.F.);
#3338 = FACE_BOUND('',#3339,.F.);
#3339 = EDGE_LOOP('',(#3340,#3341,#3362,#3363));
#3340 = ORIENTED_EDGE('',*,*,#2795,.F.);
#3341 = ORIENTED_EDGE('',*,*,#3342,.T.);
#3342 = EDGE_CURVE('',#2768,#3040,#3343,.T.);
#3343 = SURFACE_CURVE('',#3344,(#3348,#3355),.PCURVE_S1.);
#3344 = LINE('',#3345,#3346);
#3345 = CARTESIAN_POINT('',(-35.2,-38.,13.5));
#3346 = VECTOR('',#3347,1.);
#3347 = DIRECTION('',(0.,1.,0.));
#3348 = PCURVE('',#1310,#3349);
#3349 = DEFINITIONAL_REPRESENTATION('',(#3350),#3354);
#3350 = LINE('',#3351,#3352);
#3351 = CARTESIAN_POINT('',(0.,-8.5));
#3352 = VECTOR('',#3353,1.);
#3353 = DIRECTION('',(1.,0.));
#3354 = ( GEOMETRIC_REPRESENTATION_CONTEXT(2) 
PARAMETRIC_REPRESENTATION_CONTEXT() REPRESENTATION_CONTEXT('2D SPACE',''
  ) );
#3355 = PCURVE('',#2255,#3356);
#3356 = DEFINITIONAL_REPRESENTATION('',(#3357),#3361);
#3357 = LINE('',#3358,#3359);
#3358 = CARTESIAN_POINT('',(2.8,-38.));
#3359 = VECTOR('',#3360,1.);
#3360 = DIRECTION('',(0.,1.));
#3361 = ( GEOMETRIC_REPRESENTATION_CONTEXT(2) 
PARAMETRIC_REPRESENTATION_CONTEXT() REPRESENTATION_CONTEXT('2D SPACE',''
  ) );
#3362 = ORIENTED_EDGE('',*,*,#3039,.T.);
#3363 = ORIENTED_EDGE('',*,*,#1294,.F.);
#3364 = ADVANCED_FACE('',(#3365),#1254,.F.);
#3365 = FACE_BOUND('',#3366,.F.);
#3366 = EDGE_LOOP('',(#3367,#3368,#3391,#3412,#3413));
#3367 = ORIENTED_EDGE('',*,*,#3019,.F.);
#3368 = ORIENTED_EDGE('',*,*,#3369,.T.);
#3369 = EDGE_CURVE('',#2992,#3370,#3372,.T.);
#3370 = VERTEX_POINT('',#3371);
#3371 = CARTESIAN_POINT('',(-35.2,38.,13.5));
#3372 = SURFACE_CURVE('',#3373,(#3377,#3384),.PCURVE_S1.);
#3373 = LINE('',#3374,#3375);
#3374 = CARTESIAN_POINT('',(-35.2,-38.,13.5));
#3375 = VECTOR('',#3376,1.);
#3376 = DIRECTION('',(0.,1.,0.));
#3377 = PCURVE('',#1254,#3378);
#3378 = DEFINITIONAL_REPRESENTATION('',(#3379),#3383);
#3379 = LINE('',#3380,#3381);
#3380 = CARTESIAN_POINT('',(0.,-8.5));
#3381 = VECTOR('',#3382,1.);
#3382 = DIRECTION('',(1.,0.));
#3383 = ( GEOMETRIC_REPRESENTATION_CONTEXT(2) 
PARAMETRIC_REPRESENTATION_CONTEXT() REPRESENTATION_CONTEXT('2D SPACE',''
  ) );
#3384 = PCURVE('',#2255,#3385);
#3385 = DEFINITIONAL_REPRESENTATION('',(#3386),#3390);
#3386 = LINE('',#3387,#3388);
#3387 = CARTESIAN_POINT('',(2.8,-38.));
#3388 = VECTOR('',#3389,1.);
#3389 = DIRECTION('',(0.,1.));
#3390 = ( GEOMETRIC_REPRESENTATION_CONTEXT(2) 
PARAMETRIC_REPRESENTATION_CONTEXT() REPRESENTATION_CONTEXT('2D SPACE',''
  ) );
#3391 = ORIENTED_EDGE('',*,*,#3392,.F.);
#3392 = EDGE_CURVE('',#2317,#3370,#3393,.T.);
#3393 = SURFACE_CURVE('',#3394,(#3398,#3405),.PCURVE_S1.);
#3394 = LINE('',#3395,#3396);
#3395 = CARTESIAN_POINT('',(-35.2,38.,5.));
#3396 = VECTOR('',#3397,1.);
#3397 = DIRECTION('',(0.,0.,1.));
#3398 = PCURVE('',#1254,#3399);
#3399 = DEFINITIONAL_REPRESENTATION('',(#3400),#3404);
#3400 = LINE('',#3401,#3402);
#3401 = CARTESIAN_POINT('',(76.,0.));
#3402 = VECTOR('',#3403,1.);
#3403 = DIRECTION('',(0.,-1.));
#3404 = ( GEOMETRIC_REPRESENTATION_CONTEXT(2) 
PARAMETRIC_REPRESENTATION_CONTEXT() REPRESENTATION_CONTEXT('2D SPACE',''
  ) );
#3405 = PCURVE('',#2227,#3406);
#3406 = DEFINITIONAL_REPRESENTATION('',(#3407),#3411);
#3407 = LINE('',#3408,#3409);
#3408 = CARTESIAN_POINT('',(0.,-0.));
#3409 = VECTOR('',#3410,1.);
#3410 = DIRECTION('',(0.,-1.));
#3411 = ( GEOMETRIC_REPRESENTATION_CONTEXT(2) 
PARAMETRIC_REPRESENTATION_CONTEXT() REPRESENTATION_CONTEXT('2D SPACE',''
  ) );
#3412 = ORIENTED_EDGE('',*,*,#2316,.F.);
#3413 = ORIENTED_EDGE('',*,*,#1238,.F.);
#3414 = ADVANCED_FACE('',(#3415),#1466,.F.);
#3415 = FACE_BOUND('',#3416,.F.);
#3416 = EDGE_LOOP('',(#3417,#3440,#3463,#3484,#3485,#3486));
#3417 = ORIENTED_EDGE('',*,*,#3418,.T.);
#3418 = EDGE_CURVE('',#1425,#3419,#3421,.T.);
#3419 = VERTEX_POINT('',#3420);
#3420 = CARTESIAN_POINT('',(-20.,-38.,13.5));
#3421 = SURFACE_CURVE('',#3422,(#3426,#3433),.PCURVE_S1.);
#3422 = LINE('',#3423,#3424);
#3423 = CARTESIAN_POINT('',(-20.,-38.,5.));
#3424 = VECTOR('',#3425,1.);
#3425 = DIRECTION('',(0.,0.,1.));
#3426 = PCURVE('',#1466,#3427);
#3427 = DEFINITIONAL_REPRESENTATION('',(#3428),#3432);
#3428 = LINE('',#3429,#3430);
#3429 = CARTESIAN_POINT('',(0.,0.));
#3430 = VECTOR('',#3431,1.);
#3431 = DIRECTION('',(0.,-1.));
#3432 = ( GEOMETRIC_REPRESENTATION_CONTEXT(2) 
PARAMETRIC_REPRESENTATION_CONTEXT() REPRESENTATION_CONTEXT('2D SPACE',''
  ) );
#3433 = PCURVE('',#1440,#3434);
#3434 = DEFINITIONAL_REPRESENTATION('',(#3435),#3439);
#3435 = LINE('',#3436,#3437);
#3436 = CARTESIAN_POINT('',(5.6,0.));
#3437 = VECTOR('',#3438,1.);
#3438 = DIRECTION('',(0.,-1.));
#3439 = ( GEOMETRIC_REPRESENTATION_CONTEXT(2) 
PARAMETRIC_REPRESENTATION_CONTEXT() REPRESENTATION_CONTEXT('2D SPACE',''
  ) );
#3440 = ORIENTED_EDGE('',*,*,#3441,.T.);
#3441 = EDGE_CURVE('',#3419,#3442,#3444,.T.);
#3442 = VERTEX_POINT('',#3443);
#3443 = CARTESIAN_POINT('',(-20.,38.,13.5));
#3444 = SURFACE_CURVE('',#3445,(#3449,#3456),.PCURVE_S1.);
#3445 = LINE('',#3446,#3447);
#3446 = CARTESIAN_POINT('',(-20.,-38.,13.5));
#3447 = VECTOR('',#3448,1.);
#3448 = DIRECTION('',(0.,1.,0.));
#3449 = PCURVE('',#1466,#3450);
#3450 = DEFINITIONAL_REPRESENTATION('',(#3451),#3455);
#3451 = LINE('',#3452,#3453);
#3452 = CARTESIAN_POINT('',(0.,-8.5));
#3453 = VECTOR('',#3454,1.);
#3454 = DIRECTION('',(1.,0.));
#3455 = ( GEOMETRIC_REPRESENTATION_CONTEXT(2) 
PARAMETRIC_REPRESENTATION_CONTEXT() REPRESENTATION_CONTEXT('2D SPACE',''
  ) );
#3456 = PCURVE('',#3302,#3457);
#3457 = DEFINITIONAL_REPRESENTATION('',(#3458),#3462);
#3458 = LINE('',#3459,#3460);
#3459 = CARTESIAN_POINT('',(18.,-38.));
#3460 = VECTOR('',#3461,1.);
#3461 = DIRECTION('',(0.,1.));
#3462 = ( GEOMETRIC_REPRESENTATION_CONTEXT(2) 
PARAMETRIC_REPRESENTATION_CONTEXT() REPRESENTATION_CONTEXT('2D SPACE',''
  ) );
#3463 = ORIENTED_EDGE('',*,*,#3464,.F.);
#3464 = EDGE_CURVE('',#2388,#3442,#3465,.T.);
#3465 = SURFACE_CURVE('',#3466,(#3470,#3477),.PCURVE_S1.);
#3466 = LINE('',#3467,#3468);
#3467 = CARTESIAN_POINT('',(-20.,38.,5.));
#3468 = VECTOR('',#3469,1.);
#3469 = DIRECTION('',(0.,0.,1.));
#3470 = PCURVE('',#1466,#3471);
#3471 = DEFINITIONAL_REPRESENTATION('',(#3472),#3476);
#3472 = LINE('',#3473,#3474);
#3473 = CARTESIAN_POINT('',(76.,0.));
#3474 = VECTOR('',#3475,1.);
#3475 = DIRECTION('',(0.,-1.));
#3476 = ( GEOMETRIC_REPRESENTATION_CONTEXT(2) 
PARAMETRIC_REPRESENTATION_CONTEXT() REPRESENTATION_CONTEXT('2D SPACE',''
  ) );
#3477 = PCURVE('',#2424,#3478);
#3478 = DEFINITIONAL_REPRESENTATION('',(#3479),#3483);
#3479 = LINE('',#3480,#3481);
#3480 = CARTESIAN_POINT('',(0.,-0.));
#3481 = VECTOR('',#3482,1.);
#3482 = DIRECTION('',(0.,-1.));
#3483 = ( GEOMETRIC_REPRESENTATION_CONTEXT(2) 
PARAMETRIC_REPRESENTATION_CONTEXT() REPRESENTATION_CONTEXT('2D SPACE',''
  ) );
#3484 = ORIENTED_EDGE('',*,*,#2387,.F.);
#3485 = ORIENTED_EDGE('',*,*,#1483,.F.);
#3486 = ORIENTED_EDGE('',*,*,#1452,.F.);
#3487 = ADVANCED_FACE('',(#3488),#1440,.F.);
#3488 = FACE_BOUND('',#3489,.F.);
#3489 = EDGE_LOOP('',(#3490,#3491,#3512,#3513));
#3490 = ORIENTED_EDGE('',*,*,#3314,.T.);
#3491 = ORIENTED_EDGE('',*,*,#3492,.T.);
#3492 = EDGE_CURVE('',#3287,#3419,#3493,.T.);
#3493 = SURFACE_CURVE('',#3494,(#3498,#3505),.PCURVE_S1.);
#3494 = LINE('',#3495,#3496);
#3495 = CARTESIAN_POINT('',(-25.6,-38.,13.5));
#3496 = VECTOR('',#3497,1.);
#3497 = DIRECTION('',(1.,0.,0.));
#3498 = PCURVE('',#1440,#3499);
#3499 = DEFINITIONAL_REPRESENTATION('',(#3500),#3504);
#3500 = LINE('',#3501,#3502);
#3501 = CARTESIAN_POINT('',(0.,-8.5));
#3502 = VECTOR('',#3503,1.);
#3503 = DIRECTION('',(1.,0.));
#3504 = ( GEOMETRIC_REPRESENTATION_CONTEXT(2) 
PARAMETRIC_REPRESENTATION_CONTEXT() REPRESENTATION_CONTEXT('2D SPACE',''
  ) );
#3505 = PCURVE('',#3302,#3506);
#3506 = DEFINITIONAL_REPRESENTATION('',(#3507),#3511);
#3507 = LINE('',#3508,#3509);
#3508 = CARTESIAN_POINT('',(12.4,-38.));
#3509 = VECTOR('',#3510,1.);
#3510 = DIRECTION('',(1.,0.));
#3511 = ( GEOMETRIC_REPRESENTATION_CONTEXT(2) 
PARAMETRIC_REPRESENTATION_CONTEXT() REPRESENTATION_CONTEXT('2D SPACE',''
  ) );
#3512 = ORIENTED_EDGE('',*,*,#3418,.F.);
#3513 = ORIENTED_EDGE('',*,*,#1424,.F.);
#3514 = ADVANCED_FACE('',(#3515),#1519,.F.);
#3515 = FACE_BOUND('',#3516,.F.);
#3516 = EDGE_LOOP('',(#3517,#3540,#3568,#3589,#3590,#3591));
#3517 = ORIENTED_EDGE('',*,*,#3518,.T.);
#3518 = EDGE_CURVE('',#2440,#3519,#3521,.T.);
#3519 = VERTEX_POINT('',#3520);
#3520 = CARTESIAN_POINT('',(-10.4,38.,13.5));
#3521 = SURFACE_CURVE('',#3522,(#3526,#3533),.PCURVE_S1.);
#3522 = LINE('',#3523,#3524);
#3523 = CARTESIAN_POINT('',(-10.4,38.,5.));
#3524 = VECTOR('',#3525,1.);
#3525 = DIRECTION('',(0.,0.,1.));
#3526 = PCURVE('',#1519,#3527);
#3527 = DEFINITIONAL_REPRESENTATION('',(#3528),#3532);
#3528 = LINE('',#3529,#3530);
#3529 = CARTESIAN_POINT('',(0.,0.));
#3530 = VECTOR('',#3531,1.);
#3531 = DIRECTION('',(0.,-1.));
#3532 = ( GEOMETRIC_REPRESENTATION_CONTEXT(2) 
PARAMETRIC_REPRESENTATION_CONTEXT() REPRESENTATION_CONTEXT('2D SPACE',''
  ) );
#3533 = PCURVE('',#2500,#3534);
#3534 = DEFINITIONAL_REPRESENTATION('',(#3535),#3539);
#3535 = LINE('',#3536,#3537);
#3536 = CARTESIAN_POINT('',(5.6,0.));
#3537 = VECTOR('',#3538,1.);
#3538 = DIRECTION('',(0.,-1.));
#3539 = ( GEOMETRIC_REPRESENTATION_CONTEXT(2) 
PARAMETRIC_REPRESENTATION_CONTEXT() REPRESENTATION_CONTEXT('2D SPACE',''
  ) );
#3540 = ORIENTED_EDGE('',*,*,#3541,.T.);
#3541 = EDGE_CURVE('',#3519,#3542,#3544,.T.);
#3542 = VERTEX_POINT('',#3543);
#3543 = CARTESIAN_POINT('',(-10.4,-38.,13.5));
#3544 = SURFACE_CURVE('',#3545,(#3549,#3556),.PCURVE_S1.);
#3545 = LINE('',#3546,#3547);
#3546 = CARTESIAN_POINT('',(-10.4,38.,13.5));
#3547 = VECTOR('',#3548,1.);
#3548 = DIRECTION('',(0.,-1.,0.));
#3549 = PCURVE('',#1519,#3550);
#3550 = DEFINITIONAL_REPRESENTATION('',(#3551),#3555);
#3551 = LINE('',#3552,#3553);
#3552 = CARTESIAN_POINT('',(0.,-8.5));
#3553 = VECTOR('',#3554,1.);
#3554 = DIRECTION('',(1.,0.));
#3555 = ( GEOMETRIC_REPRESENTATION_CONTEXT(2) 
PARAMETRIC_REPRESENTATION_CONTEXT() REPRESENTATION_CONTEXT('2D SPACE',''
  ) );
#3556 = PCURVE('',#3557,#3562);
#3557 = PLANE('',#3558);
#3558 = AXIS2_PLACEMENT_3D('',#3559,#3560,#3561);
#3559 = CARTESIAN_POINT('',(-38.,0.,13.5));
#3560 = DIRECTION('',(0.,0.,1.));
#3561 = DIRECTION('',(1.,0.,-0.));
#3562 = DEFINITIONAL_REPRESENTATION('',(#3563),#3567);
#3563 = LINE('',#3564,#3565);
#3564 = CARTESIAN_POINT('',(27.6,38.));
#3565 = VECTOR('',#3566,1.);
#3566 = DIRECTION('',(0.,-1.));
#3567 = ( GEOMETRIC_REPRESENTATION_CONTEXT(2) 
PARAMETRIC_REPRESENTATION_CONTEXT() REPRESENTATION_CONTEXT('2D SPACE',''
  ) );
#3568 = ORIENTED_EDGE('',*,*,#3569,.F.);
#3569 = EDGE_CURVE('',#1535,#3542,#3570,.T.);
#3570 = SURFACE_CURVE('',#3571,(#3575,#3582),.PCURVE_S1.);
#3571 = LINE('',#3572,#3573);
#3572 = CARTESIAN_POINT('',(-10.4,-38.,5.));
#3573 = VECTOR('',#3574,1.);
#3574 = DIRECTION('',(0.,0.,1.));
#3575 = PCURVE('',#1519,#3576);
#3576 = DEFINITIONAL_REPRESENTATION('',(#3577),#3581);
#3577 = LINE('',#3578,#3579);
#3578 = CARTESIAN_POINT('',(76.,0.));
#3579 = VECTOR('',#3580,1.);
#3580 = DIRECTION('',(0.,-1.));
#3581 = ( GEOMETRIC_REPRESENTATION_CONTEXT(2) 
PARAMETRIC_REPRESENTATION_CONTEXT() REPRESENTATION_CONTEXT('2D SPACE',''
  ) );
#3582 = PCURVE('',#1573,#3583);
#3583 = DEFINITIONAL_REPRESENTATION('',(#3584),#3588);
#3584 = LINE('',#3585,#3586);
#3585 = CARTESIAN_POINT('',(0.,0.));
#3586 = VECTOR('',#3587,1.);
#3587 = DIRECTION('',(0.,-1.));
#3588 = ( GEOMETRIC_REPRESENTATION_CONTEXT(2) 
PARAMETRIC_REPRESENTATION_CONTEXT() REPRESENTATION_CONTEXT('2D SPACE',''
  ) );
#3589 = ORIENTED_EDGE('',*,*,#1534,.F.);
#3590 = ORIENTED_EDGE('',*,*,#1505,.F.);
#3591 = ORIENTED_EDGE('',*,*,#2439,.F.);
#3592 = ADVANCED_FACE('',(#3593),#1599,.F.);
#3593 = FACE_BOUND('',#3594,.F.);
#3594 = EDGE_LOOP('',(#3595,#3618,#3641,#3662,#3663,#3664));
#3595 = ORIENTED_EDGE('',*,*,#3596,.T.);
#3596 = EDGE_CURVE('',#1558,#3597,#3599,.T.);
#3597 = VERTEX_POINT('',#3598);
#3598 = CARTESIAN_POINT('',(-4.8,-38.,13.5));
#3599 = SURFACE_CURVE('',#3600,(#3604,#3611),.PCURVE_S1.);
#3600 = LINE('',#3601,#3602);
#3601 = CARTESIAN_POINT('',(-4.8,-38.,5.));
#3602 = VECTOR('',#3603,1.);
#3603 = DIRECTION('',(0.,0.,1.));
#3604 = PCURVE('',#1599,#3605);
#3605 = DEFINITIONAL_REPRESENTATION('',(#3606),#3610);
#3606 = LINE('',#3607,#3608);
#3607 = CARTESIAN_POINT('',(0.,0.));
#3608 = VECTOR('',#3609,1.);
#3609 = DIRECTION('',(0.,-1.));
#3610 = ( GEOMETRIC_REPRESENTATION_CONTEXT(2) 
PARAMETRIC_REPRESENTATION_CONTEXT() REPRESENTATION_CONTEXT('2D SPACE',''
  ) );
#3611 = PCURVE('',#1573,#3612);
#3612 = DEFINITIONAL_REPRESENTATION('',(#3613),#3617);
#3613 = LINE('',#3614,#3615);
#3614 = CARTESIAN_POINT('',(5.6,0.));
#3615 = VECTOR('',#3616,1.);
#3616 = DIRECTION('',(0.,-1.));
#3617 = ( GEOMETRIC_REPRESENTATION_CONTEXT(2) 
PARAMETRIC_REPRESENTATION_CONTEXT() REPRESENTATION_CONTEXT('2D SPACE',''
  ) );
#3618 = ORIENTED_EDGE('',*,*,#3619,.T.);
#3619 = EDGE_CURVE('',#3597,#3620,#3622,.T.);
#3620 = VERTEX_POINT('',#3621);
#3621 = CARTESIAN_POINT('',(-4.8,38.,13.5));
#3622 = SURFACE_CURVE('',#3623,(#3627,#3634),.PCURVE_S1.);
#3623 = LINE('',#3624,#3625);
#3624 = CARTESIAN_POINT('',(-4.8,-38.,13.5));
#3625 = VECTOR('',#3626,1.);
#3626 = DIRECTION('',(0.,1.,0.));
#3627 = PCURVE('',#1599,#3628);
#3628 = DEFINITIONAL_REPRESENTATION('',(#3629),#3633);
#3629 = LINE('',#3630,#3631);
#3630 = CARTESIAN_POINT('',(0.,-8.5));
#3631 = VECTOR('',#3632,1.);
#3632 = DIRECTION('',(1.,0.));
#3633 = ( GEOMETRIC_REPRESENTATION_CONTEXT(2) 
PARAMETRIC_REPRESENTATION_CONTEXT() REPRESENTATION_CONTEXT('2D SPACE',''
  ) );
#3634 = PCURVE('',#3557,#3635);
#3635 = DEFINITIONAL_REPRESENTATION('',(#3636),#3640);
#3636 = LINE('',#3637,#3638);
#3637 = CARTESIAN_POINT('',(33.2,-38.));
#3638 = VECTOR('',#3639,1.);
#3639 = DIRECTION('',(0.,1.));
#3640 = ( GEOMETRIC_REPRESENTATION_CONTEXT(2) 
PARAMETRIC_REPRESENTATION_CONTEXT() REPRESENTATION_CONTEXT('2D SPACE',''
  ) );
#3641 = ORIENTED_EDGE('',*,*,#3642,.F.);
#3642 = EDGE_CURVE('',#2464,#3620,#3643,.T.);
#3643 = SURFACE_CURVE('',#3644,(#3648,#3655),.PCURVE_S1.);
#3644 = LINE('',#3645,#3646);
#3645 = CARTESIAN_POINT('',(-4.8,38.,5.));
#3646 = VECTOR('',#3647,1.);
#3647 = DIRECTION('',(0.,0.,1.));
#3648 = PCURVE('',#1599,#3649);
#3649 = DEFINITIONAL_REPRESENTATION('',(#3650),#3654);
#3650 = LINE('',#3651,#3652);
#3651 = CARTESIAN_POINT('',(76.,0.));
#3652 = VECTOR('',#3653,1.);
#3653 = DIRECTION('',(0.,-1.));
#3654 = ( GEOMETRIC_REPRESENTATION_CONTEXT(2) 
PARAMETRIC_REPRESENTATION_CONTEXT() REPRESENTATION_CONTEXT('2D SPACE',''
  ) );
#3655 = PCURVE('',#2500,#3656);
#3656 = DEFINITIONAL_REPRESENTATION('',(#3657),#3661);
#3657 = LINE('',#3658,#3659);
#3658 = CARTESIAN_POINT('',(0.,-0.));
#3659 = VECTOR('',#3660,1.);
#3660 = DIRECTION('',(0.,-1.));
#3661 = ( GEOMETRIC_REPRESENTATION_CONTEXT(2) 
PARAMETRIC_REPRESENTATION_CONTEXT() REPRESENTATION_CONTEXT('2D SPACE',''
  ) );
#3662 = ORIENTED_EDGE('',*,*,#2463,.F.);
#3663 = ORIENTED_EDGE('',*,*,#1616,.F.);
#3664 = ORIENTED_EDGE('',*,*,#1585,.F.);
#3665 = ADVANCED_FACE('',(#3666),#1573,.F.);
#3666 = FACE_BOUND('',#3667,.F.);
#3667 = EDGE_LOOP('',(#3668,#3669,#3690,#3691));
#3668 = ORIENTED_EDGE('',*,*,#3569,.T.);
#3669 = ORIENTED_EDGE('',*,*,#3670,.T.);
#3670 = EDGE_CURVE('',#3542,#3597,#3671,.T.);
#3671 = SURFACE_CURVE('',#3672,(#3676,#3683),.PCURVE_S1.);
#3672 = LINE('',#3673,#3674);
#3673 = CARTESIAN_POINT('',(-10.4,-38.,13.5));
#3674 = VECTOR('',#3675,1.);
#3675 = DIRECTION('',(1.,0.,0.));
#3676 = PCURVE('',#1573,#3677);
#3677 = DEFINITIONAL_REPRESENTATION('',(#3678),#3682);
#3678 = LINE('',#3679,#3680);
#3679 = CARTESIAN_POINT('',(0.,-8.5));
#3680 = VECTOR('',#3681,1.);
#3681 = DIRECTION('',(1.,0.));
#3682 = ( GEOMETRIC_REPRESENTATION_CONTEXT(2) 
PARAMETRIC_REPRESENTATION_CONTEXT() REPRESENTATION_CONTEXT('2D SPACE',''
  ) );
#3683 = PCURVE('',#3557,#3684);
#3684 = DEFINITIONAL_REPRESENTATION('',(#3685),#3689);
#3685 = LINE('',#3686,#3687);
#3686 = CARTESIAN_POINT('',(27.6,-38.));
#3687 = VECTOR('',#3688,1.);
#3688 = DIRECTION('',(1.,0.));
#3689 = ( GEOMETRIC_REPRESENTATION_CONTEXT(2) 
PARAMETRIC_REPRESENTATION_CONTEXT() REPRESENTATION_CONTEXT('2D SPACE',''
  ) );
#3690 = ORIENTED_EDGE('',*,*,#3596,.F.);
#3691 = ORIENTED_EDGE('',*,*,#1557,.F.);
#3692 = ADVANCED_FACE('',(#3693),#1652,.F.);
#3693 = FACE_BOUND('',#3694,.F.);
#3694 = EDGE_LOOP('',(#3695,#3718,#3746,#3767,#3768,#3769));
#3695 = ORIENTED_EDGE('',*,*,#3696,.T.);
#3696 = EDGE_CURVE('',#2516,#3697,#3699,.T.);
#3697 = VERTEX_POINT('',#3698);
#3698 = CARTESIAN_POINT('',(4.8,38.,13.5));
#3699 = SURFACE_CURVE('',#3700,(#3704,#3711),.PCURVE_S1.);
#3700 = LINE('',#3701,#3702);
#3701 = CARTESIAN_POINT('',(4.8,38.,5.));
#3702 = VECTOR('',#3703,1.);
#3703 = DIRECTION('',(0.,0.,1.));
#3704 = PCURVE('',#1652,#3705);
#3705 = DEFINITIONAL_REPRESENTATION('',(#3706),#3710);
#3706 = LINE('',#3707,#3708);
#3707 = CARTESIAN_POINT('',(0.,0.));
#3708 = VECTOR('',#3709,1.);
#3709 = DIRECTION('',(0.,-1.));
#3710 = ( GEOMETRIC_REPRESENTATION_CONTEXT(2) 
PARAMETRIC_REPRESENTATION_CONTEXT() REPRESENTATION_CONTEXT('2D SPACE',''
  ) );
#3711 = PCURVE('',#2576,#3712);
#3712 = DEFINITIONAL_REPRESENTATION('',(#3713),#3717);
#3713 = LINE('',#3714,#3715);
#3714 = CARTESIAN_POINT('',(5.6,0.));
#3715 = VECTOR('',#3716,1.);
#3716 = DIRECTION('',(0.,-1.));
#3717 = ( GEOMETRIC_REPRESENTATION_CONTEXT(2) 
PARAMETRIC_REPRESENTATION_CONTEXT() REPRESENTATION_CONTEXT('2D SPACE',''
  ) );
#3718 = ORIENTED_EDGE('',*,*,#3719,.T.);
#3719 = EDGE_CURVE('',#3697,#3720,#3722,.T.);
#3720 = VERTEX_POINT('',#3721);
#3721 = CARTESIAN_POINT('',(4.8,-38.,13.5));
#3722 = SURFACE_CURVE('',#3723,(#3727,#3734),.PCURVE_S1.);
#3723 = LINE('',#3724,#3725);
#3724 = CARTESIAN_POINT('',(4.8,38.,13.5));
#3725 = VECTOR('',#3726,1.);
#3726 = DIRECTION('',(0.,-1.,0.));
#3727 = PCURVE('',#1652,#3728);
#3728 = DEFINITIONAL_REPRESENTATION('',(#3729),#3733);
#3729 = LINE('',#3730,#3731);
#3730 = CARTESIAN_POINT('',(0.,-8.5));
#3731 = VECTOR('',#3732,1.);
#3732 = DIRECTION('',(1.,0.));
#3733 = ( GEOMETRIC_REPRESENTATION_CONTEXT(2) 
PARAMETRIC_REPRESENTATION_CONTEXT() REPRESENTATION_CONTEXT('2D SPACE',''
  ) );
#3734 = PCURVE('',#3735,#3740);
#3735 = PLANE('',#3736);
#3736 = AXIS2_PLACEMENT_3D('',#3737,#3738,#3739);
#3737 = CARTESIAN_POINT('',(-38.,0.,13.5));
#3738 = DIRECTION('',(0.,0.,1.));
#3739 = DIRECTION('',(1.,0.,-0.));
#3740 = DEFINITIONAL_REPRESENTATION('',(#3741),#3745);
#3741 = LINE('',#3742,#3743);
#3742 = CARTESIAN_POINT('',(42.8,38.));
#3743 = VECTOR('',#3744,1.);
#3744 = DIRECTION('',(0.,-1.));
#3745 = ( GEOMETRIC_REPRESENTATION_CONTEXT(2) 
PARAMETRIC_REPRESENTATION_CONTEXT() REPRESENTATION_CONTEXT('2D SPACE',''
  ) );
#3746 = ORIENTED_EDGE('',*,*,#3747,.F.);
#3747 = EDGE_CURVE('',#1668,#3720,#3748,.T.);
#3748 = SURFACE_CURVE('',#3749,(#3753,#3760),.PCURVE_S1.);
#3749 = LINE('',#3750,#3751);
#3750 = CARTESIAN_POINT('',(4.8,-38.,5.));
#3751 = VECTOR('',#3752,1.);
#3752 = DIRECTION('',(0.,0.,1.));
#3753 = PCURVE('',#1652,#3754);
#3754 = DEFINITIONAL_REPRESENTATION('',(#3755),#3759);
#3755 = LINE('',#3756,#3757);
#3756 = CARTESIAN_POINT('',(76.,0.));
#3757 = VECTOR('',#3758,1.);
#3758 = DIRECTION('',(0.,-1.));
#3759 = ( GEOMETRIC_REPRESENTATION_CONTEXT(2) 
PARAMETRIC_REPRESENTATION_CONTEXT() REPRESENTATION_CONTEXT('2D SPACE',''
  ) );
#3760 = PCURVE('',#1706,#3761);
#3761 = DEFINITIONAL_REPRESENTATION('',(#3762),#3766);
#3762 = LINE('',#3763,#3764);
#3763 = CARTESIAN_POINT('',(0.,0.));
#3764 = VECTOR('',#3765,1.);
#3765 = DIRECTION('',(0.,-1.));
#3766 = ( GEOMETRIC_REPRESENTATION_CONTEXT(2) 
PARAMETRIC_REPRESENTATION_CONTEXT() REPRESENTATION_CONTEXT('2D SPACE',''
  ) );
#3767 = ORIENTED_EDGE('',*,*,#1667,.F.);
#3768 = ORIENTED_EDGE('',*,*,#1638,.F.);
#3769 = ORIENTED_EDGE('',*,*,#2515,.F.);
#3770 = ADVANCED_FACE('',(#3771),#1732,.F.);
#3771 = FACE_BOUND('',#3772,.F.);
#3772 = EDGE_LOOP('',(#3773,#3796,#3819,#3840,#3841,#3842));
#3773 = ORIENTED_EDGE('',*,*,#3774,.T.);
#3774 = EDGE_CURVE('',#1691,#3775,#3777,.T.);
#3775 = VERTEX_POINT('',#3776);
#3776 = CARTESIAN_POINT('',(10.4,-38.,13.5));
#3777 = SURFACE_CURVE('',#3778,(#3782,#3789),.PCURVE_S1.);
#3778 = LINE('',#3779,#3780);
#3779 = CARTESIAN_POINT('',(10.4,-38.,5.));
#3780 = VECTOR('',#3781,1.);
#3781 = DIRECTION('',(0.,0.,1.));
#3782 = PCURVE('',#1732,#3783);
#3783 = DEFINITIONAL_REPRESENTATION('',(#3784),#3788);
#3784 = LINE('',#3785,#3786);
#3785 = CARTESIAN_POINT('',(0.,0.));
#3786 = VECTOR('',#3787,1.);
#3787 = DIRECTION('',(0.,-1.));
#3788 = ( GEOMETRIC_REPRESENTATION_CONTEXT(2) 
PARAMETRIC_REPRESENTATION_CONTEXT() REPRESENTATION_CONTEXT('2D SPACE',''
  ) );
#3789 = PCURVE('',#1706,#3790);
#3790 = DEFINITIONAL_REPRESENTATION('',(#3791),#3795);
#3791 = LINE('',#3792,#3793);
#3792 = CARTESIAN_POINT('',(5.6,0.));
#3793 = VECTOR('',#3794,1.);
#3794 = DIRECTION('',(0.,-1.));
#3795 = ( GEOMETRIC_REPRESENTATION_CONTEXT(2) 
PARAMETRIC_REPRESENTATION_CONTEXT() REPRESENTATION_CONTEXT('2D SPACE',''
  ) );
#3796 = ORIENTED_EDGE('',*,*,#3797,.T.);
#3797 = EDGE_CURVE('',#3775,#3798,#3800,.T.);
#3798 = VERTEX_POINT('',#3799);
#3799 = CARTESIAN_POINT('',(10.4,38.,13.5));
#3800 = SURFACE_CURVE('',#3801,(#3805,#3812),.PCURVE_S1.);
#3801 = LINE('',#3802,#3803);
#3802 = CARTESIAN_POINT('',(10.4,-38.,13.5));
#3803 = VECTOR('',#3804,1.);
#3804 = DIRECTION('',(0.,1.,0.));
#3805 = PCURVE('',#1732,#3806);
#3806 = DEFINITIONAL_REPRESENTATION('',(#3807),#3811);
#3807 = LINE('',#3808,#3809);
#3808 = CARTESIAN_POINT('',(0.,-8.5));
#3809 = VECTOR('',#3810,1.);
#3810 = DIRECTION('',(1.,0.));
#3811 = ( GEOMETRIC_REPRESENTATION_CONTEXT(2) 
PARAMETRIC_REPRESENTATION_CONTEXT() REPRESENTATION_CONTEXT('2D SPACE',''
  ) );
#3812 = PCURVE('',#3735,#3813);
#3813 = DEFINITIONAL_REPRESENTATION('',(#3814),#3818);
#3814 = LINE('',#3815,#3816);
#3815 = CARTESIAN_POINT('',(48.4,-38.));
#3816 = VECTOR('',#3817,1.);
#3817 = DIRECTION('',(0.,1.));
#3818 = ( GEOMETRIC_REPRESENTATION_CONTEXT(2) 
PARAMETRIC_REPRESENTATION_CONTEXT() REPRESENTATION_CONTEXT('2D SPACE',''
  ) );
#3819 = ORIENTED_EDGE('',*,*,#3820,.F.);
#3820 = EDGE_CURVE('',#2540,#3798,#3821,.T.);
#3821 = SURFACE_CURVE('',#3822,(#3826,#3833),.PCURVE_S1.);
#3822 = LINE('',#3823,#3824);
#3823 = CARTESIAN_POINT('',(10.4,38.,5.));
#3824 = VECTOR('',#3825,1.);
#3825 = DIRECTION('',(0.,0.,1.));
#3826 = PCURVE('',#1732,#3827);
#3827 = DEFINITIONAL_REPRESENTATION('',(#3828),#3832);
#3828 = LINE('',#3829,#3830);
#3829 = CARTESIAN_POINT('',(76.,0.));
#3830 = VECTOR('',#3831,1.);
#3831 = DIRECTION('',(0.,-1.));
#3832 = ( GEOMETRIC_REPRESENTATION_CONTEXT(2) 
PARAMETRIC_REPRESENTATION_CONTEXT() REPRESENTATION_CONTEXT('2D SPACE',''
  ) );
#3833 = PCURVE('',#2576,#3834);
#3834 = DEFINITIONAL_REPRESENTATION('',(#3835),#3839);
#3835 = LINE('',#3836,#3837);
#3836 = CARTESIAN_POINT('',(0.,-0.));
#3837 = VECTOR('',#3838,1.);
#3838 = DIRECTION('',(0.,-1.));
#3839 = ( GEOMETRIC_REPRESENTATION_CONTEXT(2) 
PARAMETRIC_REPRESENTATION_CONTEXT() REPRESENTATION_CONTEXT('2D SPACE',''
  ) );
#3840 = ORIENTED_EDGE('',*,*,#2539,.F.);
#3841 = ORIENTED_EDGE('',*,*,#1749,.F.);
#3842 = ORIENTED_EDGE('',*,*,#1718,.F.);
#3843 = ADVANCED_FACE('',(#3844),#1706,.F.);
#3844 = FACE_BOUND('',#3845,.F.);
#3845 = EDGE_LOOP('',(#3846,#3847,#3868,#3869));
#3846 = ORIENTED_EDGE('',*,*,#3747,.T.);
#3847 = ORIENTED_EDGE('',*,*,#3848,.T.);
#3848 = EDGE_CURVE('',#3720,#3775,#3849,.T.);
#3849 = SURFACE_CURVE('',#3850,(#3854,#3861),.PCURVE_S1.);
#3850 = LINE('',#3851,#3852);
#3851 = CARTESIAN_POINT('',(4.8,-38.,13.5));
#3852 = VECTOR('',#3853,1.);
#3853 = DIRECTION('',(1.,0.,0.));
#3854 = PCURVE('',#1706,#3855);
#3855 = DEFINITIONAL_REPRESENTATION('',(#3856),#3860);
#3856 = LINE('',#3857,#3858);
#3857 = CARTESIAN_POINT('',(0.,-8.5));
#3858 = VECTOR('',#3859,1.);
#3859 = DIRECTION('',(1.,0.));
#3860 = ( GEOMETRIC_REPRESENTATION_CONTEXT(2) 
PARAMETRIC_REPRESENTATION_CONTEXT() REPRESENTATION_CONTEXT('2D SPACE',''
  ) );
#3861 = PCURVE('',#3735,#3862);
#3862 = DEFINITIONAL_REPRESENTATION('',(#3863),#3867);
#3863 = LINE('',#3864,#3865);
#3864 = CARTESIAN_POINT('',(42.8,-38.));
#3865 = VECTOR('',#3866,1.);
#3866 = DIRECTION('',(1.,0.));
#3867 = ( GEOMETRIC_REPRESENTATION_CONTEXT(2) 
PARAMETRIC_REPRESENTATION_CONTEXT() REPRESENTATION_CONTEXT('2D SPACE',''
  ) );
#3868 = ORIENTED_EDGE('',*,*,#3774,.F.);
#3869 = ORIENTED_EDGE('',*,*,#1690,.F.);
#3870 = ADVANCED_FACE('',(#3871),#1785,.F.);
#3871 = FACE_BOUND('',#3872,.F.);
#3872 = EDGE_LOOP('',(#3873,#3896,#3924,#3945,#3946,#3947));
#3873 = ORIENTED_EDGE('',*,*,#3874,.T.);
#3874 = EDGE_CURVE('',#2592,#3875,#3877,.T.);
#3875 = VERTEX_POINT('',#3876);
#3876 = CARTESIAN_POINT('',(20.,38.,13.5));
#3877 = SURFACE_CURVE('',#3878,(#3882,#3889),.PCURVE_S1.);
#3878 = LINE('',#3879,#3880);
#3879 = CARTESIAN_POINT('',(20.,38.,5.));
#3880 = VECTOR('',#3881,1.);
#3881 = DIRECTION('',(0.,0.,1.));
#3882 = PCURVE('',#1785,#3883);
#3883 = DEFINITIONAL_REPRESENTATION('',(#3884),#3888);
#3884 = LINE('',#3885,#3886);
#3885 = CARTESIAN_POINT('',(0.,0.));
#3886 = VECTOR('',#3887,1.);
#3887 = DIRECTION('',(0.,-1.));
#3888 = ( GEOMETRIC_REPRESENTATION_CONTEXT(2) 
PARAMETRIC_REPRESENTATION_CONTEXT() REPRESENTATION_CONTEXT('2D SPACE',''
  ) );
#3889 = PCURVE('',#2652,#3890);
#3890 = DEFINITIONAL_REPRESENTATION('',(#3891),#3895);
#3891 = LINE('',#3892,#3893);
#3892 = CARTESIAN_POINT('',(5.6,0.));
#3893 = VECTOR('',#3894,1.);
#3894 = DIRECTION('',(0.,-1.));
#3895 = ( GEOMETRIC_REPRESENTATION_CONTEXT(2) 
PARAMETRIC_REPRESENTATION_CONTEXT() REPRESENTATION_CONTEXT('2D SPACE',''
  ) );
#3896 = ORIENTED_EDGE('',*,*,#3897,.T.);
#3897 = EDGE_CURVE('',#3875,#3898,#3900,.T.);
#3898 = VERTEX_POINT('',#3899);
#3899 = CARTESIAN_POINT('',(20.,-38.,13.5));
#3900 = SURFACE_CURVE('',#3901,(#3905,#3912),.PCURVE_S1.);
#3901 = LINE('',#3902,#3903);
#3902 = CARTESIAN_POINT('',(20.,38.,13.5));
#3903 = VECTOR('',#3904,1.);
#3904 = DIRECTION('',(0.,-1.,0.));
#3905 = PCURVE('',#1785,#3906);
#3906 = DEFINITIONAL_REPRESENTATION('',(#3907),#3911);
#3907 = LINE('',#3908,#3909);
#3908 = CARTESIAN_POINT('',(0.,-8.5));
#3909 = VECTOR('',#3910,1.);
#3910 = DIRECTION('',(1.,0.));
#3911 = ( GEOMETRIC_REPRESENTATION_CONTEXT(2) 
PARAMETRIC_REPRESENTATION_CONTEXT() REPRESENTATION_CONTEXT('2D SPACE',''
  ) );
#3912 = PCURVE('',#3913,#3918);
#3913 = PLANE('',#3914);
#3914 = AXIS2_PLACEMENT_3D('',#3915,#3916,#3917);
#3915 = CARTESIAN_POINT('',(-38.,0.,13.5));
#3916 = DIRECTION('',(0.,0.,1.));
#3917 = DIRECTION('',(1.,0.,-0.));
#3918 = DEFINITIONAL_REPRESENTATION('',(#3919),#3923);
#3919 = LINE('',#3920,#3921);
#3920 = CARTESIAN_POINT('',(58.,38.));
#3921 = VECTOR('',#3922,1.);
#3922 = DIRECTION('',(0.,-1.));
#3923 = ( GEOMETRIC_REPRESENTATION_CONTEXT(2) 
PARAMETRIC_REPRESENTATION_CONTEXT() REPRESENTATION_CONTEXT('2D SPACE',''
  ) );
#3924 = ORIENTED_EDGE('',*,*,#3925,.F.);
#3925 = EDGE_CURVE('',#1801,#3898,#3926,.T.);
#3926 = SURFACE_CURVE('',#3927,(#3931,#3938),.PCURVE_S1.);
#3927 = LINE('',#3928,#3929);
#3928 = CARTESIAN_POINT('',(20.,-38.,5.));
#3929 = VECTOR('',#3930,1.);
#3930 = DIRECTION('',(0.,0.,1.));
#3931 = PCURVE('',#1785,#3932);
#3932 = DEFINITIONAL_REPRESENTATION('',(#3933),#3937);
#3933 = LINE('',#3934,#3935);
#3934 = CARTESIAN_POINT('',(76.,0.));
#3935 = VECTOR('',#3936,1.);
#3936 = DIRECTION('',(0.,-1.));
#3937 = ( GEOMETRIC_REPRESENTATION_CONTEXT(2) 
PARAMETRIC_REPRESENTATION_CONTEXT() REPRESENTATION_CONTEXT('2D SPACE',''
  ) );
#3938 = PCURVE('',#1839,#3939);
#3939 = DEFINITIONAL_REPRESENTATION('',(#3940),#3944);
#3940 = LINE('',#3941,#3942);
#3941 = CARTESIAN_POINT('',(0.,0.));
#3942 = VECTOR('',#3943,1.);
#3943 = DIRECTION('',(0.,-1.));
#3944 = ( GEOMETRIC_REPRESENTATION_CONTEXT(2) 
PARAMETRIC_REPRESENTATION_CONTEXT() REPRESENTATION_CONTEXT('2D SPACE',''
  ) );
#3945 = ORIENTED_EDGE('',*,*,#1800,.F.);
#3946 = ORIENTED_EDGE('',*,*,#1771,.F.);
#3947 = ORIENTED_EDGE('',*,*,#2591,.F.);
#3948 = ADVANCED_FACE('',(#3949),#1865,.F.);
#3949 = FACE_BOUND('',#3950,.F.);
#3950 = EDGE_LOOP('',(#3951,#3974,#3997,#4018,#4019,#4020));
#3951 = ORIENTED_EDGE('',*,*,#3952,.T.);
#3952 = EDGE_CURVE('',#1824,#3953,#3955,.T.);
#3953 = VERTEX_POINT('',#3954);
#3954 = CARTESIAN_POINT('',(25.6,-38.,13.5));
#3955 = SURFACE_CURVE('',#3956,(#3960,#3967),.PCURVE_S1.);
#3956 = LINE('',#3957,#3958);
#3957 = CARTESIAN_POINT('',(25.6,-38.,5.));
#3958 = VECTOR('',#3959,1.);
#3959 = DIRECTION('',(0.,0.,1.));
#3960 = PCURVE('',#1865,#3961);
#3961 = DEFINITIONAL_REPRESENTATION('',(#3962),#3966);
#3962 = LINE('',#3963,#3964);
#3963 = CARTESIAN_POINT('',(0.,0.));
#3964 = VECTOR('',#3965,1.);
#3965 = DIRECTION('',(0.,-1.));
#3966 = ( GEOMETRIC_REPRESENTATION_CONTEXT(2) 
PARAMETRIC_REPRESENTATION_CONTEXT() REPRESENTATION_CONTEXT('2D SPACE',''
  ) );
#3967 = PCURVE('',#1839,#3968);
#3968 = DEFINITIONAL_REPRESENTATION('',(#3969),#3973);
#3969 = LINE('',#3970,#3971);
#3970 = CARTESIAN_POINT('',(5.6,0.));
#3971 = VECTOR('',#3972,1.);
#3972 = DIRECTION('',(0.,-1.));
#3973 = ( GEOMETRIC_REPRESENTATION_CONTEXT(2) 
PARAMETRIC_REPRESENTATION_CONTEXT() REPRESENTATION_CONTEXT('2D SPACE',''
  ) );
#3974 = ORIENTED_EDGE('',*,*,#3975,.T.);
#3975 = EDGE_CURVE('',#3953,#3976,#3978,.T.);
#3976 = VERTEX_POINT('',#3977);
#3977 = CARTESIAN_POINT('',(25.6,38.,13.5));
#3978 = SURFACE_CURVE('',#3979,(#3983,#3990),.PCURVE_S1.);
#3979 = LINE('',#3980,#3981);
#3980 = CARTESIAN_POINT('',(25.6,-38.,13.5));
#3981 = VECTOR('',#3982,1.);
#3982 = DIRECTION('',(0.,1.,0.));
#3983 = PCURVE('',#1865,#3984);
#3984 = DEFINITIONAL_REPRESENTATION('',(#3985),#3989);
#3985 = LINE('',#3986,#3987);
#3986 = CARTESIAN_POINT('',(0.,-8.5));
#3987 = VECTOR('',#3988,1.);
#3988 = DIRECTION('',(1.,0.));
#3989 = ( GEOMETRIC_REPRESENTATION_CONTEXT(2) 
PARAMETRIC_REPRESENTATION_CONTEXT() REPRESENTATION_CONTEXT('2D SPACE',''
  ) );
#3990 = PCURVE('',#3913,#3991);
#3991 = DEFINITIONAL_REPRESENTATION('',(#3992),#3996);
#3992 = LINE('',#3993,#3994);
#3993 = CARTESIAN_POINT('',(63.6,-38.));
#3994 = VECTOR('',#3995,1.);
#3995 = DIRECTION('',(0.,1.));
#3996 = ( GEOMETRIC_REPRESENTATION_CONTEXT(2) 
PARAMETRIC_REPRESENTATION_CONTEXT() REPRESENTATION_CONTEXT('2D SPACE',''
  ) );
#3997 = ORIENTED_EDGE('',*,*,#3998,.F.);
#3998 = EDGE_CURVE('',#2616,#3976,#3999,.T.);
#3999 = SURFACE_CURVE('',#4000,(#4004,#4011),.PCURVE_S1.);
#4000 = LINE('',#4001,#4002);
#4001 = CARTESIAN_POINT('',(25.6,38.,5.));
#4002 = VECTOR('',#4003,1.);
#4003 = DIRECTION('',(0.,0.,1.));
#4004 = PCURVE('',#1865,#4005);
#4005 = DEFINITIONAL_REPRESENTATION('',(#4006),#4010);
#4006 = LINE('',#4007,#4008);
#4007 = CARTESIAN_POINT('',(76.,0.));
#4008 = VECTOR('',#4009,1.);
#4009 = DIRECTION('',(0.,-1.));
#4010 = ( GEOMETRIC_REPRESENTATION_CONTEXT(2) 
PARAMETRIC_REPRESENTATION_CONTEXT() REPRESENTATION_CONTEXT('2D SPACE',''
  ) );
#4011 = PCURVE('',#2652,#4012);
#4012 = DEFINITIONAL_REPRESENTATION('',(#4013),#4017);
#4013 = LINE('',#4014,#4015);
#4014 = CARTESIAN_POINT('',(0.,-0.));
#4015 = VECTOR('',#4016,1.);
#4016 = DIRECTION('',(0.,-1.));
#4017 = ( GEOMETRIC_REPRESENTATION_CONTEXT(2) 
PARAMETRIC_REPRESENTATION_CONTEXT() REPRESENTATION_CONTEXT('2D SPACE',''
  ) );
#4018 = ORIENTED_EDGE('',*,*,#2615,.F.);
#4019 = ORIENTED_EDGE('',*,*,#1882,.F.);
#4020 = ORIENTED_EDGE('',*,*,#1851,.F.);
#4021 = ADVANCED_FACE('',(#4022),#1839,.F.);
#4022 = FACE_BOUND('',#4023,.F.);
#4023 = EDGE_LOOP('',(#4024,#4025,#4046,#4047));
#4024 = ORIENTED_EDGE('',*,*,#3925,.T.);
#4025 = ORIENTED_EDGE('',*,*,#4026,.T.);
#4026 = EDGE_CURVE('',#3898,#3953,#4027,.T.);
#4027 = SURFACE_CURVE('',#4028,(#4032,#4039),.PCURVE_S1.);
#4028 = LINE('',#4029,#4030);
#4029 = CARTESIAN_POINT('',(20.,-38.,13.5));
#4030 = VECTOR('',#4031,1.);
#4031 = DIRECTION('',(1.,0.,0.));
#4032 = PCURVE('',#1839,#4033);
#4033 = DEFINITIONAL_REPRESENTATION('',(#4034),#4038);
#4034 = LINE('',#4035,#4036);
#4035 = CARTESIAN_POINT('',(0.,-8.5));
#4036 = VECTOR('',#4037,1.);
#4037 = DIRECTION('',(1.,0.));
#4038 = ( GEOMETRIC_REPRESENTATION_CONTEXT(2) 
PARAMETRIC_REPRESENTATION_CONTEXT() REPRESENTATION_CONTEXT('2D SPACE',''
  ) );
#4039 = PCURVE('',#3913,#4040);
#4040 = DEFINITIONAL_REPRESENTATION('',(#4041),#4045);
#4041 = LINE('',#4042,#4043);
#4042 = CARTESIAN_POINT('',(58.,-38.));
#4043 = VECTOR('',#4044,1.);
#4044 = DIRECTION('',(1.,0.));
#4045 = ( GEOMETRIC_REPRESENTATION_CONTEXT(2) 
PARAMETRIC_REPRESENTATION_CONTEXT() REPRESENTATION_CONTEXT('2D SPACE',''
  ) );
#4046 = ORIENTED_EDGE('',*,*,#3952,.F.);
#4047 = ORIENTED_EDGE('',*,*,#1823,.F.);
#4048 = ADVANCED_FACE('',(#4049),#2086,.F.);
#4049 = FACE_BOUND('',#4050,.F.);
#4050 = EDGE_LOOP('',(#4051,#4052,#4075,#4096,#4097));
#4051 = ORIENTED_EDGE('',*,*,#2667,.F.);
#4052 = ORIENTED_EDGE('',*,*,#4053,.T.);
#4053 = EDGE_CURVE('',#2668,#4054,#4056,.T.);
#4054 = VERTEX_POINT('',#4055);
#4055 = CARTESIAN_POINT('',(35.2,38.,13.5));
#4056 = SURFACE_CURVE('',#4057,(#4061,#4068),.PCURVE_S1.);
#4057 = LINE('',#4058,#4059);
#4058 = CARTESIAN_POINT('',(35.2,38.,5.));
#4059 = VECTOR('',#4060,1.);
#4060 = DIRECTION('',(0.,0.,1.));
#4061 = PCURVE('',#2086,#4062);
#4062 = DEFINITIONAL_REPRESENTATION('',(#4063),#4067);
#4063 = LINE('',#4064,#4065);
#4064 = CARTESIAN_POINT('',(0.,0.));
#4065 = VECTOR('',#4066,1.);
#4066 = DIRECTION('',(0.,-1.));
#4067 = ( GEOMETRIC_REPRESENTATION_CONTEXT(2) 
PARAMETRIC_REPRESENTATION_CONTEXT() REPRESENTATION_CONTEXT('2D SPACE',''
  ) );
#4068 = PCURVE('',#2728,#4069);
#4069 = DEFINITIONAL_REPRESENTATION('',(#4070),#4074);
#4070 = LINE('',#4071,#4072);
#4071 = CARTESIAN_POINT('',(5.6,0.));
#4072 = VECTOR('',#4073,1.);
#4073 = DIRECTION('',(0.,-1.));
#4074 = ( GEOMETRIC_REPRESENTATION_CONTEXT(2) 
PARAMETRIC_REPRESENTATION_CONTEXT() REPRESENTATION_CONTEXT('2D SPACE',''
  ) );
#4075 = ORIENTED_EDGE('',*,*,#4076,.T.);
#4076 = EDGE_CURVE('',#4054,#3114,#4077,.T.);
#4077 = SURFACE_CURVE('',#4078,(#4082,#4089),.PCURVE_S1.);
#4078 = LINE('',#4079,#4080);
#4079 = CARTESIAN_POINT('',(35.2,38.,13.5));
#4080 = VECTOR('',#4081,1.);
#4081 = DIRECTION('',(0.,-1.,0.));
#4082 = PCURVE('',#2086,#4083);
#4083 = DEFINITIONAL_REPRESENTATION('',(#4084),#4088);
#4084 = LINE('',#4085,#4086);
#4085 = CARTESIAN_POINT('',(0.,-8.5));
#4086 = VECTOR('',#4087,1.);
#4087 = DIRECTION('',(1.,0.));
#4088 = ( GEOMETRIC_REPRESENTATION_CONTEXT(2) 
PARAMETRIC_REPRESENTATION_CONTEXT() REPRESENTATION_CONTEXT('2D SPACE',''
  ) );
#4089 = PCURVE('',#2927,#4090);
#4090 = DEFINITIONAL_REPRESENTATION('',(#4091),#4095);
#4091 = LINE('',#4092,#4093);
#4092 = CARTESIAN_POINT('',(73.2,38.));
#4093 = VECTOR('',#4094,1.);
#4094 = DIRECTION('',(0.,-1.));
#4095 = ( GEOMETRIC_REPRESENTATION_CONTEXT(2) 
PARAMETRIC_REPRESENTATION_CONTEXT() REPRESENTATION_CONTEXT('2D SPACE',''
  ) );
#4096 = ORIENTED_EDGE('',*,*,#3113,.T.);
#4097 = ORIENTED_EDGE('',*,*,#2072,.F.);
#4098 = ADVANCED_FACE('',(#4099),#2004,.F.);
#4099 = FACE_BOUND('',#4100,.F.);
#4100 = EDGE_LOOP('',(#4101,#4102,#4123,#4124));
#4101 = ORIENTED_EDGE('',*,*,#3162,.F.);
#4102 = ORIENTED_EDGE('',*,*,#4103,.T.);
#4103 = EDGE_CURVE('',#3135,#2890,#4104,.T.);
#4104 = SURFACE_CURVE('',#4105,(#4109,#4116),.PCURVE_S1.);
#4105 = LINE('',#4106,#4107);
#4106 = CARTESIAN_POINT('',(35.2,38.,13.5));
#4107 = VECTOR('',#4108,1.);
#4108 = DIRECTION('',(0.,-1.,0.));
#4109 = PCURVE('',#2004,#4110);
#4110 = DEFINITIONAL_REPRESENTATION('',(#4111),#4115);
#4111 = LINE('',#4112,#4113);
#4112 = CARTESIAN_POINT('',(0.,-8.5));
#4113 = VECTOR('',#4114,1.);
#4114 = DIRECTION('',(1.,0.));
#4115 = ( GEOMETRIC_REPRESENTATION_CONTEXT(2) 
PARAMETRIC_REPRESENTATION_CONTEXT() REPRESENTATION_CONTEXT('2D SPACE',''
  ) );
#4116 = PCURVE('',#2927,#4117);
#4117 = DEFINITIONAL_REPRESENTATION('',(#4118),#4122);
#4118 = LINE('',#4119,#4120);
#4119 = CARTESIAN_POINT('',(73.2,38.));
#4120 = VECTOR('',#4121,1.);
#4121 = DIRECTION('',(0.,-1.));
#4122 = ( GEOMETRIC_REPRESENTATION_CONTEXT(2) 
PARAMETRIC_REPRESENTATION_CONTEXT() REPRESENTATION_CONTEXT('2D SPACE',''
  ) );
#4123 = ORIENTED_EDGE('',*,*,#2889,.T.);
#4124 = ORIENTED_EDGE('',*,*,#1988,.F.);
#4125 = ADVANCED_FACE('',(#4126),#1920,.F.);
#4126 = FACE_BOUND('',#4127,.F.);
#4127 = EDGE_LOOP('',(#4128,#4129,#4152,#4173,#4174));
#4128 = ORIENTED_EDGE('',*,*,#2943,.F.);
#4129 = ORIENTED_EDGE('',*,*,#4130,.T.);
#4130 = EDGE_CURVE('',#2911,#4131,#4133,.T.);
#4131 = VERTEX_POINT('',#4132);
#4132 = CARTESIAN_POINT('',(35.2,-38.,13.5));
#4133 = SURFACE_CURVE('',#4134,(#4138,#4145),.PCURVE_S1.);
#4134 = LINE('',#4135,#4136);
#4135 = CARTESIAN_POINT('',(35.2,38.,13.5));
#4136 = VECTOR('',#4137,1.);
#4137 = DIRECTION('',(0.,-1.,0.));
#4138 = PCURVE('',#1920,#4139);
#4139 = DEFINITIONAL_REPRESENTATION('',(#4140),#4144);
#4140 = LINE('',#4141,#4142);
#4141 = CARTESIAN_POINT('',(0.,-8.5));
#4142 = VECTOR('',#4143,1.);
#4143 = DIRECTION('',(1.,0.));
#4144 = ( GEOMETRIC_REPRESENTATION_CONTEXT(2) 
PARAMETRIC_REPRESENTATION_CONTEXT() REPRESENTATION_CONTEXT('2D SPACE',''
  ) );
#4145 = PCURVE('',#2927,#4146);
#4146 = DEFINITIONAL_REPRESENTATION('',(#4147),#4151);
#4147 = LINE('',#4148,#4149);
#4148 = CARTESIAN_POINT('',(73.2,38.));
#4149 = VECTOR('',#4150,1.);
#4150 = DIRECTION('',(0.,-1.));
#4151 = ( GEOMETRIC_REPRESENTATION_CONTEXT(2) 
PARAMETRIC_REPRESENTATION_CONTEXT() REPRESENTATION_CONTEXT('2D SPACE',''
  ) );
#4152 = ORIENTED_EDGE('',*,*,#4153,.F.);
#4153 = EDGE_CURVE('',#2102,#4131,#4154,.T.);
#4154 = SURFACE_CURVE('',#4155,(#4159,#4166),.PCURVE_S1.);
#4155 = LINE('',#4156,#4157);
#4156 = CARTESIAN_POINT('',(35.2,-38.,5.));
#4157 = VECTOR('',#4158,1.);
#4158 = DIRECTION('',(0.,0.,1.));
#4159 = PCURVE('',#1920,#4160);
#4160 = DEFINITIONAL_REPRESENTATION('',(#4161),#4165);
#4161 = LINE('',#4162,#4163);
#4162 = CARTESIAN_POINT('',(76.,0.));
#4163 = VECTOR('',#4164,1.);
#4164 = DIRECTION('',(0.,-1.));
#4165 = ( GEOMETRIC_REPRESENTATION_CONTEXT(2) 
PARAMETRIC_REPRESENTATION_CONTEXT() REPRESENTATION_CONTEXT('2D SPACE',''
  ) );
#4166 = PCURVE('',#2140,#4167);
#4167 = DEFINITIONAL_REPRESENTATION('',(#4168),#4172);
#4168 = LINE('',#4169,#4170);
#4169 = CARTESIAN_POINT('',(0.,0.));
#4170 = VECTOR('',#4171,1.);
#4171 = DIRECTION('',(0.,-1.));
#4172 = ( GEOMETRIC_REPRESENTATION_CONTEXT(2) 
PARAMETRIC_REPRESENTATION_CONTEXT() REPRESENTATION_CONTEXT('2D SPACE',''
  ) );
#4173 = ORIENTED_EDGE('',*,*,#2101,.F.);
#4174 = ORIENTED_EDGE('',*,*,#1904,.F.);
#4175 = ADVANCED_FACE('',(#4176),#2166,.F.);
#4176 = FACE_BOUND('',#4177,.F.);
#4177 = EDGE_LOOP('',(#4178,#4201,#4224,#4245,#4246,#4247));
#4178 = ORIENTED_EDGE('',*,*,#4179,.T.);
#4179 = EDGE_CURVE('',#2125,#4180,#4182,.T.);
#4180 = VERTEX_POINT('',#4181);
#4181 = CARTESIAN_POINT('',(40.8,-38.,13.5));
#4182 = SURFACE_CURVE('',#4183,(#4187,#4194),.PCURVE_S1.);
#4183 = LINE('',#4184,#4185);
#4184 = CARTESIAN_POINT('',(40.8,-38.,5.));
#4185 = VECTOR('',#4186,1.);
#4186 = DIRECTION('',(0.,0.,1.));
#4187 = PCURVE('',#2166,#4188);
#4188 = DEFINITIONAL_REPRESENTATION('',(#4189),#4193);
#4189 = LINE('',#4190,#4191);
#4190 = CARTESIAN_POINT('',(0.,0.));
#4191 = VECTOR('',#4192,1.);
#4192 = DIRECTION('',(0.,-1.));
#4193 = ( GEOMETRIC_REPRESENTATION_CONTEXT(2) 
PARAMETRIC_REPRESENTATION_CONTEXT() REPRESENTATION_CONTEXT('2D SPACE',''
  ) );
#4194 = PCURVE('',#2140,#4195);
#4195 = DEFINITIONAL_REPRESENTATION('',(#4196),#4200);
#4196 = LINE('',#4197,#4198);
#4197 = CARTESIAN_POINT('',(5.6,0.));
#4198 = VECTOR('',#4199,1.);
#4199 = DIRECTION('',(0.,-1.));
#4200 = ( GEOMETRIC_REPRESENTATION_CONTEXT(2) 
PARAMETRIC_REPRESENTATION_CONTEXT() REPRESENTATION_CONTEXT('2D SPACE',''
  ) );
#4201 = ORIENTED_EDGE('',*,*,#4202,.T.);
#4202 = EDGE_CURVE('',#4180,#4203,#4205,.T.);
#4203 = VERTEX_POINT('',#4204);
#4204 = CARTESIAN_POINT('',(40.8,38.,13.5));
#4205 = SURFACE_CURVE('',#4206,(#4210,#4217),.PCURVE_S1.);
#4206 = LINE('',#4207,#4208);
#4207 = CARTESIAN_POINT('',(40.8,-38.,13.5));
#4208 = VECTOR('',#4209,1.);
#4209 = DIRECTION('',(0.,1.,0.));
#4210 = PCURVE('',#2166,#4211);
#4211 = DEFINITIONAL_REPRESENTATION('',(#4212),#4216);
#4212 = LINE('',#4213,#4214);
#4213 = CARTESIAN_POINT('',(0.,-8.5));
#4214 = VECTOR('',#4215,1.);
#4215 = DIRECTION('',(1.,0.));
#4216 = ( GEOMETRIC_REPRESENTATION_CONTEXT(2) 
PARAMETRIC_REPRESENTATION_CONTEXT() REPRESENTATION_CONTEXT('2D SPACE',''
  ) );
#4217 = PCURVE('',#2927,#4218);
#4218 = DEFINITIONAL_REPRESENTATION('',(#4219),#4223);
#4219 = LINE('',#4220,#4221);
#4220 = CARTESIAN_POINT('',(78.8,-38.));
#4221 = VECTOR('',#4222,1.);
#4222 = DIRECTION('',(0.,1.));
#4223 = ( GEOMETRIC_REPRESENTATION_CONTEXT(2) 
PARAMETRIC_REPRESENTATION_CONTEXT() REPRESENTATION_CONTEXT('2D SPACE',''
  ) );
#4224 = ORIENTED_EDGE('',*,*,#4225,.F.);
#4225 = EDGE_CURVE('',#2692,#4203,#4226,.T.);
#4226 = SURFACE_CURVE('',#4227,(#4231,#4238),.PCURVE_S1.);
#4227 = LINE('',#4228,#4229);
#4228 = CARTESIAN_POINT('',(40.8,38.,5.));
#4229 = VECTOR('',#4230,1.);
#4230 = DIRECTION('',(0.,0.,1.));
#4231 = PCURVE('',#2166,#4232);
#4232 = DEFINITIONAL_REPRESENTATION('',(#4233),#4237);
#4233 = LINE('',#4234,#4235);
#4234 = CARTESIAN_POINT('',(76.,0.));
#4235 = VECTOR('',#4236,1.);
#4236 = DIRECTION('',(0.,-1.));
#4237 = ( GEOMETRIC_REPRESENTATION_CONTEXT(2) 
PARAMETRIC_REPRESENTATION_CONTEXT() REPRESENTATION_CONTEXT('2D SPACE',''
  ) );
#4238 = PCURVE('',#2728,#4239);
#4239 = DEFINITIONAL_REPRESENTATION('',(#4240),#4244);
#4240 = LINE('',#4241,#4242);
#4241 = CARTESIAN_POINT('',(0.,-0.));
#4242 = VECTOR('',#4243,1.);
#4243 = DIRECTION('',(0.,-1.));
#4244 = ( GEOMETRIC_REPRESENTATION_CONTEXT(2) 
PARAMETRIC_REPRESENTATION_CONTEXT() REPRESENTATION_CONTEXT('2D SPACE',''
  ) );
#4245 = ORIENTED_EDGE('',*,*,#2691,.F.);
#4246 = ORIENTED_EDGE('',*,*,#2183,.F.);
#4247 = ORIENTED_EDGE('',*,*,#2152,.F.);
#4248 = ADVANCED_FACE('',(#4249),#2140,.F.);
#4249 = FACE_BOUND('',#4250,.F.);
#4250 = EDGE_LOOP('',(#4251,#4252,#4273,#4274));
#4251 = ORIENTED_EDGE('',*,*,#4153,.T.);
#4252 = ORIENTED_EDGE('',*,*,#4253,.T.);
#4253 = EDGE_CURVE('',#4131,#4180,#4254,.T.);
#4254 = SURFACE_CURVE('',#4255,(#4259,#4266),.PCURVE_S1.);
#4255 = LINE('',#4256,#4257);
#4256 = CARTESIAN_POINT('',(35.2,-38.,13.5));
#4257 = VECTOR('',#4258,1.);
#4258 = DIRECTION('',(1.,0.,0.));
#4259 = PCURVE('',#2140,#4260);
#4260 = DEFINITIONAL_REPRESENTATION('',(#4261),#4265);
#4261 = LINE('',#4262,#4263);
#4262 = CARTESIAN_POINT('',(0.,-8.5));
#4263 = VECTOR('',#4264,1.);
#4264 = DIRECTION('',(1.,0.));
#4265 = ( GEOMETRIC_REPRESENTATION_CONTEXT(2) 
PARAMETRIC_REPRESENTATION_CONTEXT() REPRESENTATION_CONTEXT('2D SPACE',''
  ) );
#4266 = PCURVE('',#2927,#4267);
#4267 = DEFINITIONAL_REPRESENTATION('',(#4268),#4272);
#4268 = LINE('',#4269,#4270);
#4269 = CARTESIAN_POINT('',(73.2,-38.));
#4270 = VECTOR('',#4271,1.);
#4271 = DIRECTION('',(1.,0.));
#4272 = ( GEOMETRIC_REPRESENTATION_CONTEXT(2) 
PARAMETRIC_REPRESENTATION_CONTEXT() REPRESENTATION_CONTEXT('2D SPACE',''
  ) );
#4273 = ORIENTED_EDGE('',*,*,#4179,.F.);
#4274 = ORIENTED_EDGE('',*,*,#2124,.F.);
#4275 = ADVANCED_FACE('',(#4276),#2227,.F.);
#4276 = FACE_BOUND('',#4277,.F.);
#4277 = EDGE_LOOP('',(#4278,#4279,#4300,#4301));
#4278 = ORIENTED_EDGE('',*,*,#3392,.T.);
#4279 = ORIENTED_EDGE('',*,*,#4280,.T.);
#4280 = EDGE_CURVE('',#3370,#2212,#4281,.T.);
#4281 = SURFACE_CURVE('',#4282,(#4286,#4293),.PCURVE_S1.);
#4282 = LINE('',#4283,#4284);
#4283 = CARTESIAN_POINT('',(-35.2,38.,13.5));
#4284 = VECTOR('',#4285,1.);
#4285 = DIRECTION('',(-1.,0.,0.));
#4286 = PCURVE('',#2227,#4287);
#4287 = DEFINITIONAL_REPRESENTATION('',(#4288),#4292);
#4288 = LINE('',#4289,#4290);
#4289 = CARTESIAN_POINT('',(0.,-8.5));
#4290 = VECTOR('',#4291,1.);
#4291 = DIRECTION('',(1.,0.));
#4292 = ( GEOMETRIC_REPRESENTATION_CONTEXT(2) 
PARAMETRIC_REPRESENTATION_CONTEXT() REPRESENTATION_CONTEXT('2D SPACE',''
  ) );
#4293 = PCURVE('',#2255,#4294);
#4294 = DEFINITIONAL_REPRESENTATION('',(#4295),#4299);
#4295 = LINE('',#4296,#4297);
#4296 = CARTESIAN_POINT('',(2.8,38.));
#4297 = VECTOR('',#4298,1.);
#4298 = DIRECTION('',(-1.,0.));
#4299 = ( GEOMETRIC_REPRESENTATION_CONTEXT(2) 
PARAMETRIC_REPRESENTATION_CONTEXT() REPRESENTATION_CONTEXT('2D SPACE',''
  ) );
#4300 = ORIENTED_EDGE('',*,*,#2209,.F.);
#4301 = ORIENTED_EDGE('',*,*,#2339,.F.);
#4302 = ADVANCED_FACE('',(#4303),#2255,.T.);
#4303 = FACE_BOUND('',#4304,.T.);
#4304 = EDGE_LOOP('',(#4305,#4306,#4307,#4308,#4309,#4310,#4311,#4312,
    #4313,#4314));
#4305 = ORIENTED_EDGE('',*,*,#2239,.T.);
#4306 = ORIENTED_EDGE('',*,*,#3237,.T.);
#4307 = ORIENTED_EDGE('',*,*,#3210,.T.);
#4308 = ORIENTED_EDGE('',*,*,#2836,.T.);
#4309 = ORIENTED_EDGE('',*,*,#2767,.T.);
#4310 = ORIENTED_EDGE('',*,*,#3342,.T.);
#4311 = ORIENTED_EDGE('',*,*,#3060,.T.);
#4312 = ORIENTED_EDGE('',*,*,#2991,.T.);
#4313 = ORIENTED_EDGE('',*,*,#3369,.T.);
#4314 = ORIENTED_EDGE('',*,*,#4280,.T.);
#4315 = ADVANCED_FACE('',(#4316),#2424,.F.);
#4316 = FACE_BOUND('',#4317,.F.);
#4317 = EDGE_LOOP('',(#4318,#4319,#4340,#4341));
#4318 = ORIENTED_EDGE('',*,*,#3464,.T.);
#4319 = ORIENTED_EDGE('',*,*,#4320,.T.);
#4320 = EDGE_CURVE('',#3442,#3264,#4321,.T.);
#4321 = SURFACE_CURVE('',#4322,(#4326,#4333),.PCURVE_S1.);
#4322 = LINE('',#4323,#4324);
#4323 = CARTESIAN_POINT('',(-20.,38.,13.5));
#4324 = VECTOR('',#4325,1.);
#4325 = DIRECTION('',(-1.,0.,0.));
#4326 = PCURVE('',#2424,#4327);
#4327 = DEFINITIONAL_REPRESENTATION('',(#4328),#4332);
#4328 = LINE('',#4329,#4330);
#4329 = CARTESIAN_POINT('',(0.,-8.5));
#4330 = VECTOR('',#4331,1.);
#4331 = DIRECTION('',(1.,0.));
#4332 = ( GEOMETRIC_REPRESENTATION_CONTEXT(2) 
PARAMETRIC_REPRESENTATION_CONTEXT() REPRESENTATION_CONTEXT('2D SPACE',''
  ) );
#4333 = PCURVE('',#3302,#4334);
#4334 = DEFINITIONAL_REPRESENTATION('',(#4335),#4339);
#4335 = LINE('',#4336,#4337);
#4336 = CARTESIAN_POINT('',(18.,38.));
#4337 = VECTOR('',#4338,1.);
#4338 = DIRECTION('',(-1.,0.));
#4339 = ( GEOMETRIC_REPRESENTATION_CONTEXT(2) 
PARAMETRIC_REPRESENTATION_CONTEXT() REPRESENTATION_CONTEXT('2D SPACE',''
  ) );
#4340 = ORIENTED_EDGE('',*,*,#3263,.F.);
#4341 = ORIENTED_EDGE('',*,*,#2410,.F.);
#4342 = ADVANCED_FACE('',(#4343),#2500,.F.);
#4343 = FACE_BOUND('',#4344,.F.);
#4344 = EDGE_LOOP('',(#4345,#4346,#4367,#4368));
#4345 = ORIENTED_EDGE('',*,*,#3642,.T.);
#4346 = ORIENTED_EDGE('',*,*,#4347,.T.);
#4347 = EDGE_CURVE('',#3620,#3519,#4348,.T.);
#4348 = SURFACE_CURVE('',#4349,(#4353,#4360),.PCURVE_S1.);
#4349 = LINE('',#4350,#4351);
#4350 = CARTESIAN_POINT('',(-4.8,38.,13.5));
#4351 = VECTOR('',#4352,1.);
#4352 = DIRECTION('',(-1.,0.,0.));
#4353 = PCURVE('',#2500,#4354);
#4354 = DEFINITIONAL_REPRESENTATION('',(#4355),#4359);
#4355 = LINE('',#4356,#4357);
#4356 = CARTESIAN_POINT('',(0.,-8.5));
#4357 = VECTOR('',#4358,1.);
#4358 = DIRECTION('',(1.,0.));
#4359 = ( GEOMETRIC_REPRESENTATION_CONTEXT(2) 
PARAMETRIC_REPRESENTATION_CONTEXT() REPRESENTATION_CONTEXT('2D SPACE',''
  ) );
#4360 = PCURVE('',#3557,#4361);
#4361 = DEFINITIONAL_REPRESENTATION('',(#4362),#4366);
#4362 = LINE('',#4363,#4364);
#4363 = CARTESIAN_POINT('',(33.2,38.));
#4364 = VECTOR('',#4365,1.);
#4365 = DIRECTION('',(-1.,0.));
#4366 = ( GEOMETRIC_REPRESENTATION_CONTEXT(2) 
PARAMETRIC_REPRESENTATION_CONTEXT() REPRESENTATION_CONTEXT('2D SPACE',''
  ) );
#4367 = ORIENTED_EDGE('',*,*,#3518,.F.);
#4368 = ORIENTED_EDGE('',*,*,#2486,.F.);
#4369 = ADVANCED_FACE('',(#4370),#2576,.F.);
#4370 = FACE_BOUND('',#4371,.F.);
#4371 = EDGE_LOOP('',(#4372,#4373,#4394,#4395));
#4372 = ORIENTED_EDGE('',*,*,#3820,.T.);
#4373 = ORIENTED_EDGE('',*,*,#4374,.T.);
#4374 = EDGE_CURVE('',#3798,#3697,#4375,.T.);
#4375 = SURFACE_CURVE('',#4376,(#4380,#4387),.PCURVE_S1.);
#4376 = LINE('',#4377,#4378);
#4377 = CARTESIAN_POINT('',(10.4,38.,13.5));
#4378 = VECTOR('',#4379,1.);
#4379 = DIRECTION('',(-1.,0.,0.));
#4380 = PCURVE('',#2576,#4381);
#4381 = DEFINITIONAL_REPRESENTATION('',(#4382),#4386);
#4382 = LINE('',#4383,#4384);
#4383 = CARTESIAN_POINT('',(0.,-8.5));
#4384 = VECTOR('',#4385,1.);
#4385 = DIRECTION('',(1.,0.));
#4386 = ( GEOMETRIC_REPRESENTATION_CONTEXT(2) 
PARAMETRIC_REPRESENTATION_CONTEXT() REPRESENTATION_CONTEXT('2D SPACE',''
  ) );
#4387 = PCURVE('',#3735,#4388);
#4388 = DEFINITIONAL_REPRESENTATION('',(#4389),#4393);
#4389 = LINE('',#4390,#4391);
#4390 = CARTESIAN_POINT('',(48.4,38.));
#4391 = VECTOR('',#4392,1.);
#4392 = DIRECTION('',(-1.,0.));
#4393 = ( GEOMETRIC_REPRESENTATION_CONTEXT(2) 
PARAMETRIC_REPRESENTATION_CONTEXT() REPRESENTATION_CONTEXT('2D SPACE',''
  ) );
#4394 = ORIENTED_EDGE('',*,*,#3696,.F.);
#4395 = ORIENTED_EDGE('',*,*,#2562,.F.);
#4396 = ADVANCED_FACE('',(#4397),#2652,.F.);
#4397 = FACE_BOUND('',#4398,.F.);
#4398 = EDGE_LOOP('',(#4399,#4400,#4421,#4422));
#4399 = ORIENTED_EDGE('',*,*,#3998,.T.);
#4400 = ORIENTED_EDGE('',*,*,#4401,.T.);
#4401 = EDGE_CURVE('',#3976,#3875,#4402,.T.);
#4402 = SURFACE_CURVE('',#4403,(#4407,#4414),.PCURVE_S1.);
#4403 = LINE('',#4404,#4405);
#4404 = CARTESIAN_POINT('',(25.6,38.,13.5));
#4405 = VECTOR('',#4406,1.);
#4406 = DIRECTION('',(-1.,0.,0.));
#4407 = PCURVE('',#2652,#4408);
#4408 = DEFINITIONAL_REPRESENTATION('',(#4409),#4413);
#4409 = LINE('',#4410,#4411);
#4410 = CARTESIAN_POINT('',(0.,-8.5));
#4411 = VECTOR('',#4412,1.);
#4412 = DIRECTION('',(1.,0.));
#4413 = ( GEOMETRIC_REPRESENTATION_CONTEXT(2) 
PARAMETRIC_REPRESENTATION_CONTEXT() REPRESENTATION_CONTEXT('2D SPACE',''
  ) );
#4414 = PCURVE('',#3913,#4415);
#4415 = DEFINITIONAL_REPRESENTATION('',(#4416),#4420);
#4416 = LINE('',#4417,#4418);
#4417 = CARTESIAN_POINT('',(63.6,38.));
#4418 = VECTOR('',#4419,1.);
#4419 = DIRECTION('',(-1.,0.));
#4420 = ( GEOMETRIC_REPRESENTATION_CONTEXT(2) 
PARAMETRIC_REPRESENTATION_CONTEXT() REPRESENTATION_CONTEXT('2D SPACE',''
  ) );
#4421 = ORIENTED_EDGE('',*,*,#3874,.F.);
#4422 = ORIENTED_EDGE('',*,*,#2638,.F.);
#4423 = ADVANCED_FACE('',(#4424),#2728,.F.);
#4424 = FACE_BOUND('',#4425,.F.);
#4425 = EDGE_LOOP('',(#4426,#4427,#4448,#4449));
#4426 = ORIENTED_EDGE('',*,*,#4225,.T.);
#4427 = ORIENTED_EDGE('',*,*,#4428,.T.);
#4428 = EDGE_CURVE('',#4203,#4054,#4429,.T.);
#4429 = SURFACE_CURVE('',#4430,(#4434,#4441),.PCURVE_S1.);
#4430 = LINE('',#4431,#4432);
#4431 = CARTESIAN_POINT('',(40.8,38.,13.5));
#4432 = VECTOR('',#4433,1.);
#4433 = DIRECTION('',(-1.,0.,0.));
#4434 = PCURVE('',#2728,#4435);
#4435 = DEFINITIONAL_REPRESENTATION('',(#4436),#4440);
#4436 = LINE('',#4437,#4438);
#4437 = CARTESIAN_POINT('',(0.,-8.5));
#4438 = VECTOR('',#4439,1.);
#4439 = DIRECTION('',(1.,0.));
#4440 = ( GEOMETRIC_REPRESENTATION_CONTEXT(2) 
PARAMETRIC_REPRESENTATION_CONTEXT() REPRESENTATION_CONTEXT('2D SPACE',''
  ) );
#4441 = PCURVE('',#2927,#4442);
#4442 = DEFINITIONAL_REPRESENTATION('',(#4443),#4447);
#4443 = LINE('',#4444,#4445);
#4444 = CARTESIAN_POINT('',(78.8,38.));
#4445 = VECTOR('',#4446,1.);
#4446 = DIRECTION('',(-1.,0.));
#4447 = ( GEOMETRIC_REPRESENTATION_CONTEXT(2) 
PARAMETRIC_REPRESENTATION_CONTEXT() REPRESENTATION_CONTEXT('2D SPACE',''
  ) );
#4448 = ORIENTED_EDGE('',*,*,#4053,.F.);
#4449 = ORIENTED_EDGE('',*,*,#2714,.F.);
#4450 = ADVANCED_FACE('',(#4451),#2927,.T.);
#4451 = FACE_BOUND('',#4452,.T.);
#4452 = EDGE_LOOP('',(#4453,#4454,#4455,#4456,#4457,#4458,#4459,#4460));
#4453 = ORIENTED_EDGE('',*,*,#4130,.T.);
#4454 = ORIENTED_EDGE('',*,*,#4253,.T.);
#4455 = ORIENTED_EDGE('',*,*,#4202,.T.);
#4456 = ORIENTED_EDGE('',*,*,#4428,.T.);
#4457 = ORIENTED_EDGE('',*,*,#4076,.T.);
#4458 = ORIENTED_EDGE('',*,*,#3134,.T.);
#4459 = ORIENTED_EDGE('',*,*,#4103,.T.);
#4460 = ORIENTED_EDGE('',*,*,#2910,.T.);
#4461 = ADVANCED_FACE('',(#4462),#3302,.T.);
#4462 = FACE_BOUND('',#4463,.T.);
#4463 = EDGE_LOOP('',(#4464,#4465,#4466,#4467));
#4464 = ORIENTED_EDGE('',*,*,#3492,.T.);
#4465 = ORIENTED_EDGE('',*,*,#3441,.T.);
#4466 = ORIENTED_EDGE('',*,*,#4320,.T.);
#4467 = ORIENTED_EDGE('',*,*,#3286,.T.);
#4468 = ADVANCED_FACE('',(#4469),#3557,.T.);
#4469 = FACE_BOUND('',#4470,.T.);
#4470 = EDGE_LOOP('',(#4471,#4472,#4473,#4474));
#4471 = ORIENTED_EDGE('',*,*,#3670,.T.);
#4472 = ORIENTED_EDGE('',*,*,#3619,.T.);
#4473 = ORIENTED_EDGE('',*,*,#4347,.T.);
#4474 = ORIENTED_EDGE('',*,*,#3541,.T.);
#4475 = ADVANCED_FACE('',(#4476),#3735,.T.);
#4476 = FACE_BOUND('',#4477,.T.);
#4477 = EDGE_LOOP('',(#4478,#4479,#4480,#4481));
#4478 = ORIENTED_EDGE('',*,*,#3848,.T.);
#4479 = ORIENTED_EDGE('',*,*,#3797,.T.);
#4480 = ORIENTED_EDGE('',*,*,#4374,.T.);
#4481 = ORIENTED_EDGE('',*,*,#3719,.T.);
#4482 = ADVANCED_FACE('',(#4483),#3913,.T.);
#4483 = FACE_BOUND('',#4484,.T.);
#4484 = EDGE_LOOP('',(#4485,#4486,#4487,#4488));
#4485 = ORIENTED_EDGE('',*,*,#4026,.T.);
#4486 = ORIENTED_EDGE('',*,*,#3975,.T.);
#4487 = ORIENTED_EDGE('',*,*,#4401,.T.);
#4488 = ORIENTED_EDGE('',*,*,#3897,.T.);
#4489 = ( GEOMETRIC_REPRESENTATION_CONTEXT(3) 
GLOBAL_UNCERTAINTY_ASSIGNED_CONTEXT((#4493)) 
GLOBAL_UNIT_ASSIGNED_CONTEXT((#4490,#4491,#4492)) REPRESENTATION_CONTEXT
('Context #1','3D Context with UNIT and UNCERTAINTY') );
#4490 = ( LENGTH_UNIT() NAMED_UNIT(*) SI_UNIT(.MILLI.,.METRE.) );
#4491 = ( NAMED_UNIT(*) PLANE_ANGLE_UNIT() SI_UNIT($,.RADIAN.) );
#4492 = ( NAMED_UNIT(*) SI_UNIT($,.STERADIAN.) SOLID_ANGLE_UNIT() );
#4493 = UNCERTAINTY_MEASURE_WITH_UNIT(LENGTH_MEASURE(1.E-07),#4490,
  'distance_accuracy_value','confusion accuracy');
#4494 = PRODUCT_RELATED_PRODUCT_CATEGORY('part',$,(#7));
ENDSEC;
END-ISO-10303-21;
